lr,n_estimators,tau_lo,tau_hi,min_samples_leaf,max_depth,subsample,q_hat,base_w_te,val_PICP,val_MPIW,test_PICP,test_MPIW
0.02,400,0.15,0.85,15,4,0.8,5.32667,15.8179,0.892157,26.074384,0.882927,26.471223
0.02,400,0.15,0.85,15,4,0.9,5.474286,15.94,0.892157,26.434441,0.882927,26.888544
0.02,400,0.15,0.85,15,4,1.0,5.496565,16.0011,0.892157,26.573401,0.887805,26.994241
0.02,400,0.15,0.85,15,5,0.8,6.061254,15.1725,0.887255,26.856888,0.887805,27.295008
0.02,400,0.15,0.85,15,5,0.9,5.331225,15.1439,0.882353,25.298369,0.873171,25.806303
0.02,400,0.15,0.85,15,5,1.0,5.701975,15.2758,0.897059,26.317771,0.892683,26.679758
0.02,400,0.15,0.85,18,4,0.8,5.131909,15.7025,0.882353,25.57194,0.868293,25.966276
0.02,400,0.15,0.85,18,4,0.9,5.136139,15.768,0.887255,25.654992,0.878049,26.040248
0.02,400,0.15,0.85,18,4,1.0,5.528951,15.9614,0.887255,26.51395,0.882927,27.01927
0.02,400,0.15,0.85,18,5,0.8,5.578076,15.1958,0.882353,26.018503,0.878049,26.351908
0.02,400,0.15,0.85,18,5,0.9,5.398454,15.1927,0.892157,25.52943,0.868293,25.989642
0.02,400,0.15,0.85,18,5,1.0,5.155523,14.9995,0.892157,25.009839,0.868293,25.310525
0.02,400,0.15,0.85,20,4,0.8,5.259525,15.6599,0.887255,25.725175,0.892683,26.178909
0.02,400,0.15,0.85,20,4,0.9,5.160019,15.7897,0.887255,25.707356,0.868293,26.109698
0.02,400,0.15,0.85,20,4,1.0,5.468616,15.9876,0.892157,26.427664,0.882927,26.924826
0.02,400,0.15,0.85,20,5,0.8,5.927957,15.0942,0.906863,26.489084,0.892683,26.950155
0.02,400,0.15,0.85,20,5,0.9,6.061164,15.0686,0.897059,26.892645,0.902439,27.190918
0.02,400,0.15,0.85,20,5,1.0,5.117768,14.948,0.887255,24.875925,0.878049,25.183573
0.02,400,0.15,0.85,22,4,0.8,4.891978,15.6444,0.882353,24.972265,0.868293,25.428359
0.02,400,0.15,0.85,22,4,0.9,5.1311,15.7298,0.887255,25.59201,0.873171,25.991992
0.02,400,0.15,0.85,22,4,1.0,5.61337,15.7316,0.901961,26.551916,0.897561,26.958377
0.02,400,0.15,0.85,22,5,0.8,5.634793,15.0157,0.887255,25.906369,0.882927,26.285293
0.02,400,0.15,0.85,22,5,0.9,5.657809,15.119,0.882353,26.075484,0.892683,26.434625
0.02,400,0.15,0.85,22,5,1.0,5.492273,14.9358,0.892157,25.545507,0.878049,25.920316
0.02,400,0.15,0.85,25,4,0.8,5.69003,15.8021,0.887255,26.650009,0.887805,27.182119
0.02,400,0.15,0.85,25,4,0.9,5.056083,15.9061,0.892157,25.583639,0.873171,26.018257
0.02,400,0.15,0.85,25,4,1.0,4.986772,15.8176,0.877451,25.389804,0.882927,25.791164
0.02,400,0.15,0.85,25,5,0.8,5.247862,15.1017,0.882353,25.142656,0.873171,25.597397
0.02,400,0.15,0.85,25,5,0.9,5.549599,15.1941,0.887255,25.885681,0.873171,26.293324
0.02,400,0.15,0.85,25,5,1.0,6.232415,15.0442,0.892157,27.104578,0.902439,27.509075
0.02,400,0.15,0.85,30,4,0.8,4.835277,15.88,0.887255,25.00335,0.853659,25.550591
0.02,400,0.15,0.85,30,4,0.9,5.23303,15.926,0.887255,25.839901,0.882927,26.392085
0.02,400,0.15,0.85,30,4,1.0,5.507638,15.7861,0.892157,26.313451,0.892683,26.801402
0.02,400,0.15,0.85,30,5,0.8,5.057221,15.2402,0.892157,24.854861,0.858537,25.354606
0.02,400,0.15,0.85,30,5,0.9,5.503142,15.0723,0.892157,25.591378,0.863415,26.078597
0.02,400,0.15,0.85,30,5,1.0,6.161061,14.887,0.901961,26.74921,0.887805,27.209162
0.02,400,0.2,0.8,15,4,0.8,6.721896,13.0902,0.877451,25.908392,0.878049,26.53399
0.02,400,0.2,0.8,15,4,0.9,6.520994,13.1688,0.877451,25.601623,0.887805,26.210818
0.02,400,0.2,0.8,15,4,1.0,6.760828,13.1184,0.887255,25.949673,0.882927,26.640046
0.02,400,0.2,0.8,15,5,0.8,7.068671,12.4396,0.877451,26.113598,0.878049,26.576902
0.02,400,0.2,0.8,15,5,0.9,7.216282,12.6818,0.882353,26.479134,0.892683,27.114343
0.02,400,0.2,0.8,15,5,1.0,6.836066,12.9791,0.877451,25.9006,0.882927,26.651272
0.02,400,0.2,0.8,18,4,0.8,6.265609,13.0695,0.872549,25.049253,0.868293,25.600763
0.02,400,0.2,0.8,18,4,0.9,7.017766,13.1672,0.877451,26.563005,0.892683,27.202778
0.02,400,0.2,0.8,18,4,1.0,7.158669,13.2278,0.892157,26.857693,0.892683,27.545109
0.02,400,0.2,0.8,18,5,0.8,6.976694,12.4925,0.872549,25.992533,0.887805,26.445926
0.02,400,0.2,0.8,18,5,0.9,6.897948,12.6406,0.872549,25.818272,0.882927,26.436455
0.02,400,0.2,0.8,18,5,1.0,7.118241,12.7856,0.872549,26.454303,0.878049,27.022104
0.02,400,0.2,0.8,20,4,0.8,6.686149,13.088,0.872549,25.958607,0.878049,26.460337
0.02,400,0.2,0.8,20,4,0.9,6.949232,13.1835,0.877451,26.390846,0.887805,27.082009
0.02,400,0.2,0.8,20,4,1.0,6.957904,13.2985,0.882353,26.518422,0.892683,27.214277
0.02,400,0.2,0.8,20,5,0.8,7.190679,12.3272,0.877451,26.240223,0.887805,26.708527
0.02,400,0.2,0.8,20,5,0.9,7.489274,12.6008,0.897059,27.018901,0.897561,27.579317
0.02,400,0.2,0.8,20,5,1.0,7.229371,13.0498,0.892157,26.934481,0.882927,27.508575
0.02,400,0.2,0.8,22,4,0.8,6.227705,12.9469,0.872549,24.894374,0.868293,25.402301
0.02,400,0.2,0.8,22,4,0.9,6.794988,13.1902,0.872549,26.245798,0.897561,26.780188
0.02,400,0.2,0.8,22,4,1.0,7.690712,13.2133,0.892157,27.935796,0.907317,28.594675
0.02,400,0.2,0.8,22,5,0.8,7.176703,12.359,0.872549,26.191914,0.892683,26.712438
0.02,400,0.2,0.8,22,5,0.9,7.599871,12.5976,0.892157,27.321744,0.902439,27.79738
0.02,400,0.2,0.8,22,5,1.0,7.445015,12.8534,0.887255,27.089031,0.892683,27.743414
0.02,400,0.2,0.8,25,4,0.8,6.644337,12.9917,0.882353,25.84712,0.882927,26.280339
0.02,400,0.2,0.8,25,4,0.9,6.611398,13.123,0.872549,25.767033,0.878049,26.345819
0.02,400,0.2,0.8,25,4,1.0,6.880856,13.4203,0.877451,26.384609,0.892683,27.182061
0.02,400,0.2,0.8,25,5,0.8,7.353391,12.4966,0.887255,26.664083,0.892683,27.203333
0.02,400,0.2,0.8,25,5,0.9,7.087981,12.4772,0.882353,26.215406,0.892683,26.653209
0.02,400,0.2,0.8,25,5,1.0,7.012569,12.8295,0.877451,26.293835,0.897561,26.854654
0.02,400,0.2,0.8,30,4,0.8,6.470949,12.9175,0.882353,25.340035,0.868293,25.859372
0.02,400,0.2,0.8,30,4,0.9,6.940013,12.9928,0.897059,26.308916,0.892683,26.872779
0.02,400,0.2,0.8,30,4,1.0,7.25511,13.4229,0.892157,27.213934,0.902439,27.933072
0.02,400,0.2,0.8,30,5,0.8,6.98247,12.4981,0.887255,25.96371,0.882927,26.463046
0.02,400,0.2,0.8,30,5,0.9,7.20487,12.7424,0.892157,26.540411,0.892683,27.152149
0.02,400,0.2,0.8,30,5,1.0,6.652653,12.7651,0.882353,25.467516,0.858537,26.070454
0.02,450,0.15,0.85,15,4,0.8,5.399515,15.6427,0.892157,26.05853,0.882927,26.441696
0.02,450,0.15,0.85,15,4,0.9,5.329844,15.811,0.892157,26.003927,0.882927,26.470671
0.02,450,0.15,0.85,15,4,1.0,5.626608,15.858,0.892157,26.687054,0.887805,27.111254
0.02,450,0.15,0.85,15,5,0.8,6.137892,14.952,0.892157,26.79396,0.887805,27.227829
0.02,450,0.15,0.85,15,5,0.9,5.407932,14.9669,0.877451,25.29297,0.873171,25.782789
0.02,450,0.15,0.85,15,5,1.0,5.658982,15.0859,0.892157,26.038472,0.892683,26.403893
0.02,450,0.15,0.85,18,4,0.8,5.211929,15.5504,0.882353,25.563518,0.868293,25.974213
0.02,450,0.15,0.85,18,4,0.9,5.319346,15.6652,0.887255,25.903266,0.878049,26.303934
0.02,450,0.15,0.85,18,4,1.0,5.588647,15.7796,0.887255,26.419274,0.878049,26.9569
0.02,450,0.15,0.85,18,5,0.8,5.653478,14.9938,0.882353,25.980144,0.868293,26.300709
0.02,450,0.15,0.85,18,5,0.9,5.618008,15.0674,0.897059,25.864655,0.878049,26.303392
0.02,450,0.15,0.85,18,5,1.0,5.247476,14.8758,0.887255,25.099909,0.868293,25.370704
0.02,450,0.15,0.85,20,4,0.8,5.272524,15.5116,0.887255,25.603568,0.892683,26.056639
0.02,450,0.15,0.85,20,4,0.9,5.43433,15.5608,0.887255,26.027998,0.878049,26.429492
0.02,450,0.15,0.85,20,4,1.0,5.776892,15.6542,0.901961,26.758152,0.887805,27.207999
0.02,450,0.15,0.85,20,5,0.8,5.8217,14.9193,0.901961,26.102238,0.882927,26.562675
0.02,450,0.15,0.85,20,5,0.9,6.132151,14.9085,0.892157,26.868938,0.902439,27.172808
0.02,450,0.15,0.85,20,5,1.0,5.067883,14.7417,0.882353,24.576207,0.873171,24.877482
0.02,450,0.15,0.85,22,4,0.8,5.180613,15.4918,0.882353,25.410941,0.873171,25.853036
0.02,450,0.15,0.85,22,4,0.9,5.172385,15.5737,0.882353,25.513079,0.873171,25.918421
0.02,450,0.15,0.85,22,4,1.0,5.780761,15.5582,0.901961,26.730049,0.902439,27.119723
0.02,450,0.15,0.85,22,5,0.8,5.787997,14.8375,0.887255,26.03171,0.887805,26.413448
0.02,450,0.15,0.85,22,5,0.9,5.847842,14.9099,0.882353,26.256722,0.897561,26.605596
0.02,450,0.15,0.85,22,5,1.0,5.528351,14.7723,0.887255,25.453439,0.878049,25.829009
0.02,450,0.15,0.85,25,4,0.8,5.682777,15.5699,0.887255,26.431503,0.887805,26.935475
0.02,450,0.15,0.85,25,4,0.9,5.273497,15.7077,0.892157,25.798206,0.873171,26.254653
0.02,450,0.15,0.85,25,4,1.0,5.160639,15.6228,0.872549,25.54537,0.892683,25.944102
0.02,450,0.15,0.85,25,5,0.8,5.406063,14.9463,0.887255,25.322358,0.873171,25.758396
0.02,450,0.15,0.85,25,5,0.9,5.619757,15.0061,0.887255,25.847443,0.878049,26.245616
0.02,450,0.15,0.85,25,5,1.0,6.269246,14.9301,0.887255,27.057921,0.902439,27.468631
0.02,450,0.15,0.85,30,4,0.8,5.109444,15.6598,0.887255,25.348974,0.858537,25.878649
0.02,450,0.15,0.85,30,4,0.9,5.20675,15.716,0.887255,25.577768,0.882927,26.129511
0.02,450,0.15,0.85,30,4,1.0,5.551176,15.5979,0.892157,26.21542,0.887805,26.700285
0.02,450,0.15,0.85,30,5,0.8,5.315744,15.0815,0.892157,25.214805,0.873171,25.712945
0.02,450,0.15,0.85,30,5,0.9,5.547409,14.8968,0.892157,25.517347,0.863415,25.991586
0.02,450,0.15,0.85,30,5,1.0,6.185456,14.7939,0.901961,26.689461,0.887805,27.164802
0.02,450,0.2,0.8,15,4,0.8,6.831088,12.9533,0.877451,25.99371,0.878049,26.6155
0.02,450,0.2,0.8,15,4,0.9,6.675566,13.0386,0.877451,25.799259,0.897561,26.389761
0.02,450,0.2,0.8,15,4,1.0,6.851193,13.0377,0.887255,26.073923,0.878049,26.740126
0.02,450,0.2,0.8,15,5,0.8,7.163093,12.2724,0.872549,26.136234,0.878049,26.598556
0.02,450,0.2,0.8,15,5,0.9,7.253103,12.5413,0.882353,26.4334,0.887805,27.047552
0.02,450,0.2,0.8,15,5,1.0,7.10862,12.8927,0.882353,26.351836,0.882927,27.109912
0.02,450,0.2,0.8,18,4,0.8,6.883527,12.9011,0.887255,26.130225,0.878049,26.668151
0.02,450,0.2,0.8,18,4,0.9,7.050412,13.0277,0.877451,26.503789,0.887805,27.128505
0.02,450,0.2,0.8,18,4,1.0,7.135987,13.1447,0.892157,26.740295,0.892683,27.416665
0.02,450,0.2,0.8,18,5,0.8,7.124878,12.365,0.877451,26.183615,0.892683,26.614745
0.02,450,0.2,0.8,18,5,0.9,6.860615,12.5004,0.867647,25.629371,0.878049,26.221655
0.02,450,0.2,0.8,18,5,1.0,7.129324,12.6588,0.867647,26.372279,0.873171,26.917406
0.02,450,0.2,0.8,20,4,0.8,7.327743,12.9031,0.882353,27.096481,0.897561,27.558565
0.02,450,0.2,0.8,20,4,0.9,7.000804,12.9562,0.877451,26.290872,0.887805,26.957813
0.02,450,0.2,0.8,20,4,1.0,6.88902,13.2128,0.887255,26.312856,0.882927,26.990812
0.02,450,0.2,0.8,20,5,0.8,7.329513,12.171,0.882353,26.396936,0.887805,26.830049
0.02,450,0.2,0.8,20,5,0.9,7.757413,12.4769,0.897059,27.436841,0.907317,27.991691
0.02,450,0.2,0.8,20,5,1.0,7.385813,12.9514,0.892157,27.169497,0.882927,27.723008
0.02,450,0.2,0.8,22,4,0.8,6.423452,12.8263,0.872549,25.160702,0.873171,25.673204
0.02,450,0.2,0.8,22,4,0.9,7.338139,13.0471,0.882353,27.20707,0.902439,27.723363
0.02,450,0.2,0.8,22,4,1.0,7.50001,13.1154,0.877451,27.490488,0.902439,28.115384
0.02,450,0.2,0.8,22,5,0.8,7.127774,12.2152,0.867647,25.9392,0.887805,26.470792
0.02,450,0.2,0.8,22,5,0.9,7.723379,12.4638,0.887255,27.446558,0.902439,27.910527
0.02,450,0.2,0.8,22,5,1.0,7.459671,12.7111,0.887255,27.009205,0.897561,27.630491
0.02,450,0.2,0.8,25,4,0.8,6.888525,12.8831,0.877451,26.220479,0.892683,26.660119
0.02,450,0.2,0.8,25,4,0.9,6.550143,13.0099,0.867647,25.528204,0.878049,26.110163
0.02,450,0.2,0.8,25,4,1.0,6.961947,13.3377,0.882353,26.475527,0.897561,27.261561
0.02,450,0.2,0.8,25,5,0.8,7.348635,12.3729,0.882353,26.528177,0.892683,27.070144
0.02,450,0.2,0.8,25,5,0.9,7.323399,12.3101,0.877451,26.533444,0.897561,26.956908
0.02,450,0.2,0.8,25,5,1.0,7.454227,12.6959,0.887255,27.087509,0.902439,27.604366
0.02,450,0.2,0.8,30,4,0.8,6.610426,12.7814,0.892157,25.509286,0.873171,26.002202
0.02,450,0.2,0.8,30,4,0.9,7.013637,12.877,0.897059,26.357741,0.892683,26.904276
0.02,450,0.2,0.8,30,4,1.0,7.074893,13.3531,0.887255,26.792469,0.897561,27.50285
0.02,450,0.2,0.8,30,5,0.8,7.065232,12.3487,0.887255,25.975585,0.882927,26.479181
0.02,450,0.2,0.8,30,5,0.9,7.206349,12.5852,0.887255,26.390453,0.892683,26.997938
0.02,450,0.2,0.8,30,5,1.0,6.825347,12.6303,0.882353,25.668824,0.868293,26.281004
0.02,500,0.15,0.85,15,4,0.8,5.395206,15.4943,0.887255,25.918633,0.868293,26.284669
0.02,500,0.15,0.85,15,4,0.9,5.479805,15.6698,0.892157,26.161367,0.878049,26.629418
0.02,500,0.15,0.85,15,4,1.0,5.633808,15.7326,0.892157,26.582693,0.892683,27.000166
0.02,500,0.15,0.85,15,5,0.8,6.161144,14.795,0.887255,26.678835,0.887805,27.117286
0.02,500,0.15,0.85,15,5,0.9,5.418191,14.8042,0.877451,25.166967,0.868293,25.640578
0.02,500,0.15,0.85,15,5,1.0,5.651654,15.0071,0.887255,25.916037,0.892683,26.310399
0.02,500,0.15,0.85,18,4,0.8,5.338049,15.3692,0.887255,25.657649,0.868293,26.045317
0.02,500,0.15,0.85,18,4,0.9,5.590026,15.4881,0.892157,26.268141,0.882927,26.668138
0.02,500,0.15,0.85,18,4,1.0,5.612254,15.5332,0.887255,26.21338,0.878049,26.757668
0.02,500,0.15,0.85,18,5,0.8,5.60891,14.8663,0.882353,25.750125,0.868293,26.084148
0.02,500,0.15,0.85,18,5,0.9,5.658676,14.9623,0.887255,25.829559,0.873171,26.279617
0.02,500,0.15,0.85,18,5,1.0,5.228882,14.746,0.887255,24.942303,0.868293,25.203722
0.02,500,0.15,0.85,20,4,0.8,5.343504,15.3778,0.887255,25.623139,0.887805,26.064828
0.02,500,0.15,0.85,20,4,0.9,5.589728,15.399,0.887255,26.182674,0.882927,26.57845
0.02,500,0.15,0.85,20,4,1.0,5.870992,15.4951,0.901961,26.796607,0.887805,27.23706
0.02,500,0.15,0.85,20,5,0.8,5.851624,14.7284,0.901961,26.018136,0.878049,26.431682
0.02,500,0.15,0.85,20,5,0.9,6.27763,14.7955,0.892157,27.040165,0.902439,27.350789
0.02,500,0.15,0.85,20,5,1.0,5.09009,14.5844,0.877451,24.44162,0.868293,24.764575
0.02,500,0.15,0.85,22,4,0.8,5.310382,15.3833,0.882353,25.542394,0.863415,26.004089
0.02,500,0.15,0.85,22,4,0.9,5.30585,15.4321,0.882353,25.637193,0.868293,26.043758
0.02,500,0.15,0.85,22,4,1.0,5.647617,15.4321,0.897059,26.334412,0.902439,26.72732
0.02,500,0.15,0.85,22,5,0.8,5.981271,14.6766,0.887255,26.263417,0.887805,26.63917
0.02,500,0.15,0.85,22,5,0.9,5.944458,14.7199,0.882353,26.269222,0.897561,26.60884
0.02,500,0.15,0.85,22,5,1.0,5.547236,14.6836,0.887255,25.410183,0.878049,25.778064
0.02,500,0.15,0.85,25,4,0.8,5.645501,15.4545,0.887255,26.244828,0.868293,26.745513
0.02,500,0.15,0.85,25,4,0.9,5.343385,15.5626,0.892157,25.798552,0.873171,26.249367
0.02,500,0.15,0.85,25,4,1.0,5.248088,15.5341,0.872549,25.621484,0.897561,26.030252
0.02,500,0.15,0.85,25,5,0.8,5.512535,14.7959,0.887255,25.402325,0.868293,25.820923
0.02,500,0.15,0.85,25,5,0.9,5.604794,14.8666,0.882353,25.678947,0.873171,26.076155
0.02,500,0.15,0.85,25,5,1.0,6.306804,14.8289,0.892157,27.02459,0.902439,27.442544
0.02,500,0.15,0.85,30,4,0.8,5.377113,15.4555,0.892157,25.6864,0.868293,26.209738
0.02,500,0.15,0.85,30,4,0.9,5.239689,15.5903,0.887255,25.515695,0.878049,26.0697
0.02,500,0.15,0.85,30,4,1.0,5.633508,15.3537,0.892157,26.131148,0.887805,26.620686
0.02,500,0.15,0.85,30,5,0.8,5.303682,14.9394,0.892157,25.061995,0.868293,25.546802
0.02,500,0.15,0.85,30,5,0.9,5.716195,14.7543,0.892157,25.705149,0.868293,26.18672
0.02,500,0.15,0.85,30,5,1.0,6.216724,14.7143,0.897059,26.670327,0.892683,27.147797
0.02,500,0.2,0.8,15,4,0.8,6.814392,12.8269,0.877451,25.859333,0.878049,26.455639
0.02,500,0.2,0.8,15,4,0.9,6.712468,12.8989,0.877451,25.730966,0.897561,26.323829
0.02,500,0.2,0.8,15,4,1.0,6.864362,12.9831,0.887255,26.063372,0.887805,26.711786
0.02,500,0.2,0.8,15,5,0.8,7.333534,12.1292,0.867647,26.336383,0.878049,26.796303
0.02,500,0.2,0.8,15,5,0.9,7.235269,12.4437,0.882353,26.297125,0.887805,26.914192
0.02,500,0.2,0.8,15,5,1.0,7.026557,12.7523,0.877451,26.067779,0.882927,26.805455
0.02,500,0.2,0.8,18,4,0.8,6.94846,12.7785,0.887255,26.142632,0.878049,26.675383
0.02,500,0.2,0.8,18,4,0.9,7.171592,12.9023,0.877451,26.63328,0.887805,27.24547
0.02,500,0.2,0.8,18,4,1.0,7.292306,13.0275,0.892157,26.948121,0.892683,27.612122
0.02,500,0.2,0.8,18,5,0.8,7.392106,12.2585,0.877451,26.586971,0.892683,27.042717
0.02,500,0.2,0.8,18,5,0.9,6.992323,12.3862,0.872549,25.799366,0.873171,26.370853
0.02,500,0.2,0.8,18,5,1.0,7.203296,12.6025,0.872549,26.454187,0.878049,27.009057
0.02,500,0.2,0.8,20,4,0.8,7.177038,12.7466,0.882353,26.659941,0.892683,27.100664
0.02,500,0.2,0.8,20,4,0.9,6.999617,12.8005,0.867647,26.145332,0.887805,26.799778
0.02,500,0.2,0.8,20,4,1.0,7.292289,13.1013,0.897059,27.028136,0.892683,27.68585
0.02,500,0.2,0.8,20,5,0.8,7.589358,12.0281,0.882353,26.759259,0.887805,27.206862
0.02,500,0.2,0.8,20,5,0.9,7.827979,12.3675,0.892157,27.47443,0.902439,28.023411
0.02,500,0.2,0.8,20,5,1.0,7.528227,12.7752,0.892157,27.313759,0.882927,27.831672
0.02,500,0.2,0.8,22,4,0.8,6.566121,12.7107,0.877451,25.347094,0.868293,25.842953
0.02,500,0.2,0.8,22,4,0.9,7.277115,12.9471,0.877451,27.005676,0.902439,27.501348
0.02,500,0.2,0.8,22,4,1.0,7.532998,13.0156,0.882353,27.467232,0.902439,28.081628
0.02,500,0.2,0.8,22,5,0.8,7.333234,12.0994,0.867647,26.243349,0.887805,26.765913
0.02,500,0.2,0.8,22,5,0.9,7.744147,12.3613,0.887255,27.384266,0.902439,27.849566
0.02,500,0.2,0.8,22,5,1.0,7.590315,12.5865,0.887255,27.138456,0.897561,27.767096
0.02,500,0.2,0.8,25,4,0.8,7.151499,12.7439,0.887255,26.604086,0.897561,27.046941
0.02,500,0.2,0.8,25,4,0.9,6.560823,12.9067,0.862745,25.449842,0.878049,26.028348
0.02,500,0.2,0.8,25,4,1.0,7.109554,13.2776,0.892157,26.729595,0.897561,27.496714
0.02,500,0.2,0.8,25,5,0.8,7.428071,12.2244,0.882353,26.55872,0.887805,27.080585
0.02,500,0.2,0.8,25,5,0.9,7.765156,12.1893,0.887255,27.308506,0.902439,27.719624
0.02,500,0.2,0.8,25,5,1.0,7.434809,12.6193,0.882353,26.971948,0.892683,27.488885
0.02,500,0.2,0.8,30,4,0.8,6.769633,12.6992,0.887255,25.744869,0.873171,26.238438
0.02,500,0.2,0.8,30,4,0.9,7.102426,12.7556,0.897059,26.440442,0.892683,26.960453
0.02,500,0.2,0.8,30,4,1.0,7.161036,13.2799,0.882353,26.851835,0.892683,27.601979
0.02,500,0.2,0.8,30,5,0.8,7.19133,12.2227,0.887255,26.114558,0.882927,26.605342
0.02,500,0.2,0.8,30,5,0.9,7.154531,12.4144,0.887255,26.130829,0.878049,26.723475
0.02,500,0.2,0.8,30,5,1.0,6.895808,12.5035,0.877451,25.668154,0.863415,26.295161
0.02,550,0.15,0.85,15,4,0.8,5.52219,15.3499,0.887255,26.036336,0.873171,26.394277
0.02,550,0.15,0.85,15,4,0.9,5.502095,15.4849,0.892157,26.021752,0.878049,26.489081
0.02,550,0.15,0.85,15,4,1.0,5.676107,15.57,0.892157,26.49322,0.887805,26.92225
0.02,550,0.15,0.85,15,5,0.8,6.289531,14.617,0.892157,26.766522,0.887805,27.196048
0.02,550,0.15,0.85,15,5,0.9,5.548809,14.6632,0.877451,25.312202,0.863415,25.760787
0.02,550,0.15,0.85,15,5,1.0,5.649903,14.8234,0.887255,25.730444,0.887805,26.123238
0.02,550,0.15,0.85,18,4,0.8,5.394973,15.2369,0.887255,25.643953,0.868293,26.026875
0.02,550,0.15,0.85,18,4,0.9,5.609612,15.3189,0.892157,26.129158,0.882927,26.538145
0.02,550,0.15,0.85,18,4,1.0,5.792629,15.407,0.887255,26.424568,0.882927,26.992234
0.02,550,0.15,0.85,18,5,0.8,5.845628,14.7128,0.882353,26.097231,0.873171,26.404082
0.02,550,0.15,0.85,18,5,0.9,5.764977,14.8545,0.887255,25.943008,0.873171,26.384457
0.02,550,0.15,0.85,18,5,1.0,5.364089,14.6386,0.887255,25.11456,0.868293,25.366779
0.02,550,0.15,0.85,20,4,0.8,5.556205,15.2253,0.892157,25.900072,0.892683,26.337732
0.02,550,0.15,0.85,20,4,0.9,5.765324,15.2495,0.892157,26.385677,0.882927,26.78011
0.02,550,0.15,0.85,20,4,1.0,5.851261,15.3672,0.887255,26.630908,0.887805,27.069739
0.02,550,0.15,0.85,20,5,0.8,5.877451,14.5687,0.897059,25.911544,0.878049,26.323588
0.02,550,0.15,0.85,20,5,0.9,6.08603,14.6501,0.887255,26.514661,0.887805,26.822207
0.02,550,0.15,0.85,20,5,1.0,5.119532,14.44,0.872549,24.348628,0.858537,24.679062
0.02,550,0.15,0.85,22,4,0.8,5.385036,15.2585,0.882353,25.561193,0.868293,26.028535
0.02,550,0.15,0.85,22,4,0.9,5.403276,15.2972,0.882353,25.683667,0.868293,26.103798
0.02,550,0.15,0.85,22,4,1.0,5.445412,15.3451,0.897059,25.81978,0.878049,26.235916
0.02,550,0.15,0.85,22,5,0.8,6.101461,14.5389,0.892157,26.376355,0.892683,26.741774
0.02,550,0.15,0.85,22,5,0.9,5.946395,14.5683,0.882353,26.124771,0.887805,26.461088
0.02,550,0.15,0.85,22,5,1.0,5.556473,14.5841,0.887255,25.339283,0.873171,25.697082
0.02,550,0.15,0.85,25,4,0.8,5.706133,15.2929,0.887255,26.212113,0.873171,26.705162
0.02,550,0.15,0.85,25,4,0.9,5.44517,15.4184,0.892157,25.856702,0.882927,26.308701
0.02,550,0.15,0.85,25,4,1.0,5.676694,15.409,0.882353,26.348599,0.902439,26.762394
0.02,550,0.15,0.85,25,5,0.8,5.710682,14.6567,0.892157,25.656509,0.868293,26.078079
0.02,550,0.15,0.85,25,5,0.9,5.72443,14.7129,0.882353,25.78158,0.873171,26.161735
0.02,550,0.15,0.85,25,5,1.0,6.228149,14.7372,0.882353,26.787063,0.902439,27.193452
0.02,550,0.15,0.85,30,4,0.8,5.546541,15.2856,0.892157,25.877688,0.873171,26.378693
0.02,550,0.15,0.85,30,4,0.9,5.328127,15.4228,0.887255,25.527367,0.878049,26.079091
0.02,550,0.15,0.85,30,4,1.0,5.690731,15.2676,0.892157,26.151616,0.887805,26.649079
0.02,550,0.15,0.85,30,5,0.8,5.476319,14.8201,0.892157,25.304874,0.873171,25.77277
0.02,550,0.15,0.85,30,5,0.9,5.784714,14.634,0.892157,25.725141,0.863415,26.203397
0.02,550,0.15,0.85,30,5,1.0,6.281425,14.5943,0.887255,26.693583,0.892683,27.157159
0.02,550,0.2,0.8,15,4,0.8,6.9418,12.7411,0.877451,26.009614,0.882927,26.62471
0.02,550,0.2,0.8,15,4,0.9,6.917825,12.6908,0.882353,25.943061,0.892683,26.52643
0.02,550,0.2,0.8,15,4,1.0,6.811096,12.9086,0.887255,25.890749,0.878049,26.530743
0.02,550,0.2,0.8,15,5,0.8,7.497223,11.988,0.872549,26.545039,0.878049,26.982424
0.02,550,0.2,0.8,15,5,0.9,7.303791,12.3141,0.882353,26.323253,0.878049,26.921656
0.02,550,0.2,0.8,15,5,1.0,7.059326,12.6866,0.877451,26.071568,0.882927,26.805209
0.02,550,0.2,0.8,18,4,0.8,6.96191,12.69,0.882353,26.07915,0.873171,26.613789
0.02,550,0.2,0.8,18,4,0.9,7.238474,12.769,0.877451,26.633154,0.887805,27.245901
0.02,550,0.2,0.8,18,4,1.0,7.33881,12.9809,0.892157,27.003016,0.892683,27.658499
0.02,550,0.2,0.8,18,5,0.8,7.507886,12.0519,0.877451,26.647092,0.887805,27.067696
0.02,550,0.2,0.8,18,5,0.9,7.091191,12.2741,0.872549,25.8684,0.878049,26.456479
0.02,550,0.2,0.8,18,5,1.0,7.320671,12.4784,0.872549,26.585835,0.878049,27.119751
0.02,550,0.2,0.8,20,4,0.8,7.288662,12.6327,0.882353,26.778329,0.892683,27.210052
0.02,550,0.2,0.8,20,4,0.9,7.002441,12.6648,0.867647,26.027464,0.882927,26.669714
0.02,550,0.2,0.8,20,4,1.0,7.238108,13.014,0.887255,26.853793,0.892683,27.490221
0.02,550,0.2,0.8,20,5,0.8,7.538061,11.9154,0.877451,26.533784,0.878049,26.991497
0.02,550,0.2,0.8,20,5,0.9,7.837974,12.1878,0.892157,27.344026,0.902439,27.863796
0.02,550,0.2,0.8,20,5,1.0,7.481478,12.7084,0.892157,27.167243,0.882927,27.671325
0.02,550,0.2,0.8,22,4,0.8,6.650685,12.6144,0.877451,25.426982,0.868293,25.915722
0.02,550,0.2,0.8,22,4,0.9,7.265506,12.8434,0.882353,26.881615,0.902439,27.374457
0.02,550,0.2,0.8,22,4,1.0,7.578663,12.9089,0.882353,27.468449,0.907317,28.066249
0.02,550,0.2,0.8,22,5,0.8,7.498578,11.9321,0.867647,26.435506,0.892683,26.929294
0.02,550,0.2,0.8,22,5,0.9,7.842636,12.2242,0.887255,27.464779,0.902439,27.90947
0.02,550,0.2,0.8,22,5,1.0,7.780635,12.4618,0.887255,27.394706,0.902439,28.023076
0.02,550,0.2,0.8,25,4,0.8,7.055304,12.6361,0.872549,26.2895,0.882927,26.746685
0.02,550,0.2,0.8,25,4,0.9,6.637672,12.7689,0.862745,25.469592,0.873171,26.044217
0.02,550,0.2,0.8,25,4,1.0,7.433458,13.1669,0.897059,27.288153,0.907317,28.033861
0.02,550,0.2,0.8,25,5,0.8,7.516614,12.0728,0.877451,26.6035,0.892683,27.106045
0.02,550,0.2,0.8,25,5,0.9,7.866128,12.0649,0.887255,27.406322,0.897561,27.797113
0.02,550,0.2,0.8,25,5,1.0,7.671186,12.5079,0.882353,27.342651,0.902439,27.850224
0.02,550,0.2,0.8,30,4,0.8,6.928262,12.6101,0.892157,25.974272,0.878049,26.466641
0.02,550,0.2,0.8,30,4,0.9,7.168634,12.6209,0.892157,26.425518,0.892683,26.958127
0.02,550,0.2,0.8,30,4,1.0,7.410355,13.1222,0.887255,27.209224,0.902439,27.942876
0.02,550,0.2,0.8,30,5,0.8,7.270677,12.0826,0.887255,26.152121,0.882927,26.623989
0.02,550,0.2,0.8,30,5,0.9,7.260538,12.2658,0.887255,26.217722,0.882927,26.786877
0.02,550,0.2,0.8,30,5,1.0,6.876065,12.4499,0.877451,25.584441,0.863415,26.202048
0.02,600,0.15,0.85,15,4,0.8,5.609963,15.2486,0.887255,26.113676,0.873171,26.46855
0.02,600,0.15,0.85,15,4,0.9,5.472609,15.3006,0.892157,25.800748,0.878049,26.245823
0.02,600,0.15,0.85,15,4,1.0,5.741131,15.4537,0.887255,26.489398,0.887805,26.935925
0.02,600,0.15,0.85,15,5,0.8,6.361504,14.4843,0.887255,26.800149,0.878049,27.207355
0.02,600,0.15,0.85,15,5,0.9,5.709876,14.4967,0.877451,25.482625,0.868293,25.916485
0.02,600,0.15,0.85,15,5,1.0,5.666261,14.737,0.887255,25.659982,0.887805,26.06957
0.02,600,0.15,0.85,18,4,0.8,5.464369,15.1579,0.887255,25.711137,0.868293,26.08661
0.02,600,0.15,0.85,18,4,0.9,5.620754,15.1756,0.887255,26.008848,0.882927,26.417064
0.02,600,0.15,0.85,18,4,1.0,5.786164,15.3194,0.887255,26.315886,0.878049,26.891718
0.02,600,0.15,0.85,18,5,0.8,6.042074,14.5814,0.882353,26.370019,0.882927,26.665501
0.02,600,0.15,0.85,18,5,0.9,5.800403,14.7304,0.882353,25.892076,0.873171,26.331203
0.02,600,0.15,0.85,18,5,1.0,5.401288,14.5643,0.877451,25.110511,0.868293,25.366883
0.02,600,0.15,0.85,20,4,0.8,5.766714,15.1077,0.892157,26.207118,0.892683,26.641121
0.02,600,0.15,0.85,20,4,0.9,5.853602,15.1235,0.892157,26.458326,0.878049,26.830728
0.02,600,0.15,0.85,20,4,1.0,5.859014,15.2754,0.887255,26.552351,0.887805,26.993418
0.02,600,0.15,0.85,20,5,0.8,5.888747,14.4224,0.887255,25.799802,0.873171,26.199866
0.02,600,0.15,0.85,20,5,0.9,6.156117,14.5363,0.887255,26.527527,0.887805,26.848571
0.02,600,0.15,0.85,20,5,1.0,5.116743,14.3356,0.872549,24.266391,0.853659,24.569115
0.02,600,0.15,0.85,22,4,0.8,5.388135,15.1244,0.882353,25.422364,0.863415,25.900633
0.02,600,0.15,0.85,22,4,0.9,5.418125,15.1581,0.882353,25.590859,0.868293,25.994365
0.02,600,0.15,0.85,22,4,1.0,5.68942,15.2869,0.897059,26.255125,0.892683,26.665739
0.02,600,0.15,0.85,22,5,0.8,5.929919,14.4307,0.887255,25.933636,0.882927,26.290554
0.02,600,0.15,0.85,22,5,0.9,6.07156,14.4526,0.882353,26.27087,0.897561,26.595741
0.02,600,0.15,0.85,22,5,1.0,5.63656,14.5176,0.887255,25.42308,0.873171,25.790734
0.02,600,0.15,0.85,25,4,0.8,6.170249,15.1425,0.897059,27.011469,0.897561,27.482956
0.02,600,0.15,0.85,25,4,0.9,5.651071,15.2718,0.892157,26.132916,0.882927,26.573923
0.02,600,0.15,0.85,25,4,1.0,6.095415,15.2768,0.892157,27.045234,0.902439,27.467644
0.02,600,0.15,0.85,25,5,0.8,5.931791,14.5718,0.892157,26.007247,0.868293,26.435391
0.02,600,0.15,0.85,25,5,0.9,5.75255,14.5849,0.882353,25.721859,0.868293,26.08997
0.02,600,0.15,0.85,25,5,1.0,6.187583,14.6315,0.872549,26.605237,0.897561,27.006643
0.02,600,0.15,0.85,30,4,0.8,5.607,15.153,0.897059,25.869012,0.868293,26.36699
0.02,600,0.15,0.85,30,4,0.9,5.401236,15.3041,0.892157,25.577257,0.878049,26.106538
0.02,600,0.15,0.85,30,4,1.0,5.705179,15.1647,0.892157,26.095581,0.887805,26.575022
0.02,600,0.15,0.85,30,5,0.8,5.454937,14.6682,0.892157,25.115343,0.868293,25.578108
0.02,600,0.15,0.85,30,5,0.9,5.965172,14.4959,0.892157,25.956635,0.882927,26.426253
0.02,600,0.15,0.85,30,5,1.0,6.249468,14.5355,0.887255,26.56103,0.892683,27.034387
0.02,600,0.2,0.8,15,4,0.8,7.021578,12.6373,0.877451,26.074016,0.882927,26.68047
0.02,600,0.2,0.8,15,4,0.9,6.908166,12.5778,0.882353,25.832734,0.892683,26.394172
0.02,600,0.2,0.8,15,4,1.0,6.779046,12.8793,0.887255,25.800021,0.878049,26.437368
0.02,600,0.2,0.8,15,5,0.8,7.594569,11.9016,0.882353,26.653963,0.882927,27.090752
0.02,600,0.2,0.8,15,5,0.9,7.324797,12.1677,0.877451,26.252106,0.882927,26.817278
0.02,600,0.2,0.8,15,5,1.0,7.13627,12.6302,0.882353,26.172479,0.887805,26.902745
0.02,600,0.2,0.8,18,4,0.8,6.859484,12.5887,0.872549,25.789015,0.873171,26.307679
0.02,600,0.2,0.8,18,4,0.9,7.334568,12.6973,0.877451,26.728309,0.892683,27.366433
0.02,600,0.2,0.8,18,4,1.0,7.37659,12.9132,0.892157,27.017692,0.892683,27.66637
0.02,600,0.2,0.8,18,5,0.8,7.46432,11.9437,0.872549,26.480391,0.887805,26.872367
0.02,600,0.2,0.8,18,5,0.9,7.185512,12.2049,0.872549,26.001369,0.878049,26.575893
0.02,600,0.2,0.8,18,5,1.0,7.519759,12.4052,0.872549,26.915789,0.882927,27.444749
0.02,600,0.2,0.8,20,4,0.8,7.313983,12.5196,0.882353,26.734706,0.892683,27.147604
0.02,600,0.2,0.8,20,4,0.9,7.168598,12.5828,0.867647,26.27069,0.887805,26.920003
0.02,600,0.2,0.8,20,4,1.0,7.235978,12.9162,0.882353,26.753761,0.892683,27.388156
0.02,600,0.2,0.8,20,5,0.8,7.560976,11.7969,0.877451,26.468048,0.878049,26.918832
0.02,600,0.2,0.8,20,5,0.9,7.954001,12.0605,0.892157,27.473114,0.902439,27.968513
0.02,600,0.2,0.8,20,5,1.0,7.452499,12.6608,0.892157,27.06423,0.873171,27.565789
0.02,600,0.2,0.8,22,4,0.8,6.837839,12.5551,0.882353,25.744314,0.868293,26.230733
0.02,600,0.2,0.8,22,4,0.9,7.541458,12.7463,0.887255,27.321707,0.902439,27.829248
0.02,600,0.2,0.8,22,4,1.0,7.626756,12.7968,0.877451,27.475907,0.907317,28.050323
0.02,600,0.2,0.8,22,5,0.8,7.65889,11.7989,0.867647,26.652992,0.892683,27.116694
0.02,600,0.2,0.8,22,5,0.9,7.823762,12.1234,0.882353,27.328266,0.902439,27.770892
0.02,600,0.2,0.8,22,5,1.0,7.800844,12.4191,0.887255,27.394347,0.902439,28.020752
0.02,600,0.2,0.8,25,4,0.8,6.83002,12.5572,0.867647,25.777829,0.873171,26.217222
0.02,600,0.2,0.8,25,4,0.9,6.733973,12.686,0.857843,25.572554,0.878049,26.153956
0.02,600,0.2,0.8,25,4,1.0,7.721879,13.1082,0.901961,27.813852,0.907317,28.551963
0.02,600,0.2,0.8,25,5,0.8,7.549559,11.9889,0.872549,26.59842,0.892683,27.088035
0.02,600,0.2,0.8,25,5,0.9,7.798512,11.9568,0.887255,27.16254,0.897561,27.553831
0.02,600,0.2,0.8,25,5,1.0,7.66245,12.3475,0.882353,27.166537,0.892683,27.672436
0.02,600,0.2,0.8,30,4,0.8,6.987947,12.5452,0.887255,26.024795,0.873171,26.521066
0.02,600,0.2,0.8,30,4,0.9,7.151262,12.5057,0.882353,26.272086,0.887805,26.80825
0.02,600,0.2,0.8,30,4,1.0,7.369738,13.0655,0.887255,27.056516,0.897561,27.804968
0.02,600,0.2,0.8,30,5,0.8,7.465337,11.9526,0.887255,26.411664,0.887805,26.883252
0.02,600,0.2,0.8,30,5,0.9,7.399215,12.1458,0.877451,26.384223,0.887805,26.944236
0.02,600,0.2,0.8,30,5,1.0,6.874692,12.4104,0.877451,25.544602,0.863415,26.159745
0.02,700,0.15,0.85,15,4,0.8,5.788952,15.0105,0.892157,26.245331,0.882927,26.588368
0.02,700,0.15,0.85,15,4,0.9,5.689148,15.0902,0.887255,26.017283,0.882927,26.468527
0.02,700,0.15,0.85,15,4,1.0,5.629437,15.2573,0.887255,26.023721,0.873171,26.51615
0.02,700,0.15,0.85,15,5,0.8,6.420373,14.266,0.887255,26.712984,0.878049,27.106792
0.02,700,0.15,0.85,15,5,0.9,5.747634,14.2898,0.877451,25.356858,0.858537,25.785031
0.02,700,0.15,0.85,15,5,1.0,5.726419,14.6081,0.887255,25.645402,0.887805,26.060967
0.02,700,0.15,0.85,18,4,0.8,5.581983,15.0203,0.887255,25.820751,0.873171,26.184301
0.02,700,0.15,0.85,18,4,0.9,5.649109,14.9416,0.877451,25.839963,0.878049,26.239794
0.02,700,0.15,0.85,18,4,1.0,5.778757,15.1805,0.882353,26.141691,0.878049,26.738024
0.02,700,0.15,0.85,18,5,0.8,6.232305,14.3504,0.882353,26.510205,0.882927,26.814979
0.02,700,0.15,0.85,18,5,0.9,5.950955,14.4997,0.877451,25.957251,0.873171,26.401639
0.02,700,0.15,0.85,18,5,1.0,5.597774,14.4393,0.882353,25.388275,0.868293,25.634885
0.02,700,0.15,0.85,20,4,0.8,5.890365,14.9589,0.892157,26.289426,0.897561,26.739589
0.02,700,0.15,0.85,20,4,0.9,6.041285,14.995,0.882353,26.699746,0.878049,27.077522
0.02,700,0.15,0.85,20,4,1.0,5.941467,15.0697,0.882353,26.509995,0.882927,26.952655
0.02,700,0.15,0.85,20,5,0.8,6.109126,14.1902,0.882353,26.027921,0.873171,26.40842
0.02,700,0.15,0.85,20,5,0.9,6.582315,14.3594,0.892157,27.195141,0.907317,27.524019
0.02,700,0.15,0.85,20,5,1.0,5.159607,14.1687,0.872549,24.168192,0.853659,24.487872
0.02,700,0.15,0.85,22,4,0.8,5.551675,14.8841,0.877451,25.506638,0.868293,25.987439
0.02,700,0.15,0.85,22,4,0.9,5.671142,14.9482,0.887255,25.883221,0.873171,26.290516
0.02,700,0.15,0.85,22,4,1.0,5.642737,15.2123,0.892157,26.07566,0.887805,26.497775
0.02,700,0.15,0.85,22,5,0.8,5.885044,14.2252,0.882353,25.654025,0.868293,25.99532
0.02,700,0.15,0.85,22,5,0.9,6.266832,14.2547,0.872549,26.467593,0.897561,26.788406
0.02,700,0.15,0.85,22,5,1.0,5.785681,14.3791,0.882353,25.566088,0.873171,25.950421
0.02,700,0.15,0.85,25,4,0.8,6.094946,14.9501,0.897059,26.688521,0.882927,27.14002
0.02,700,0.15,0.85,25,4,0.9,5.735741,15.0569,0.892157,26.100364,0.882927,26.528419
0.02,700,0.15,0.85,25,4,1.0,6.127489,15.0863,0.887255,26.88633,0.902439,27.341267
0.02,700,0.15,0.85,25,5,0.8,6.214101,14.3576,0.892157,26.3768,0.882927,26.785754
0.02,700,0.15,0.85,25,5,0.9,6.302948,14.3346,0.892157,26.585106,0.892683,26.940519
0.02,700,0.15,0.85,25,5,1.0,6.079337,14.4988,0.872549,26.252197,0.897561,26.657427
0.02,700,0.15,0.85,30,4,0.8,5.788098,14.928,0.897059,26.016204,0.873171,26.504237
0.02,700,0.15,0.85,30,4,0.9,5.4509,15.061,0.892157,25.438949,0.868293,25.962818
0.02,700,0.15,0.85,30,4,1.0,5.843491,15.0454,0.887255,26.257846,0.887805,26.732422
0.02,700,0.15,0.85,30,5,0.8,5.789282,14.4375,0.892157,25.562785,0.882927,26.016103
0.02,700,0.15,0.85,30,5,0.9,6.06217,14.3003,0.887255,25.983211,0.878049,26.424641
0.02,700,0.15,0.85,30,5,1.0,6.107542,14.3891,0.882353,26.136307,0.887805,26.604171
0.02,700,0.2,0.8,15,4,0.8,6.886137,12.473,0.872549,25.636352,0.858537,26.245299
0.02,700,0.2,0.8,15,4,0.9,6.896765,12.4474,0.867647,25.676205,0.882927,26.240883
0.02,700,0.2,0.8,15,4,1.0,7.287156,12.8064,0.897059,26.723573,0.897561,27.380741
0.02,700,0.2,0.8,15,5,0.8,7.828263,11.6612,0.882353,26.866943,0.873171,27.317766
0.02,700,0.2,0.8,15,5,0.9,7.369607,11.9285,0.877451,26.150093,0.868293,26.667714
0.02,700,0.2,0.8,15,5,1.0,7.135379,12.5016,0.882353,26.051326,0.887805,26.772333
0.02,700,0.2,0.8,18,4,0.8,6.923006,12.4125,0.872549,25.749007,0.868293,26.25849
0.02,700,0.2,0.8,18,4,0.9,7.464722,12.5622,0.877451,26.867124,0.897561,27.491666
0.02,700,0.2,0.8,18,4,1.0,7.394445,12.7519,0.882353,26.921829,0.892683,27.540773
0.02,700,0.2,0.8,18,5,0.8,7.547757,11.7051,0.872549,26.432598,0.887805,26.800604
0.02,700,0.2,0.8,18,5,0.9,7.284845,12.0095,0.872549,26.027989,0.873171,26.579165
0.02,700,0.2,0.8,18,5,1.0,7.791273,12.2862,0.872549,27.365037,0.882927,27.86874
0.02,700,0.2,0.8,20,4,0.8,7.30267,12.4028,0.872549,26.593569,0.887805,27.008121
0.02,700,0.2,0.8,20,4,0.9,7.418364,12.4147,0.867647,26.610781,0.887805,27.251474
0.02,700,0.2,0.8,20,4,1.0,7.187169,12.7891,0.872549,26.557027,0.887805,27.163444
0.02,700,0.2,0.8,20,5,0.8,7.805222,11.5792,0.872549,26.782483,0.878049,27.189676
0.02,700,0.2,0.8,20,5,0.9,8.050829,11.8448,0.892157,27.484001,0.902439,27.946447
0.02,700,0.2,0.8,20,5,1.0,7.547572,12.4148,0.887255,27.061868,0.873171,27.509974
0.02,700,0.2,0.8,22,4,0.8,7.058743,12.3975,0.872549,26.046988,0.873171,26.514995
0.02,700,0.2,0.8,22,4,0.9,7.593498,12.6017,0.877451,27.295208,0.902439,27.788715
0.02,700,0.2,0.8,22,4,1.0,7.733695,12.6473,0.877451,27.560854,0.902439,28.114715
0.02,700,0.2,0.8,22,5,0.8,7.979798,11.5709,0.877451,27.108084,0.892683,27.530493
0.02,700,0.2,0.8,22,5,0.9,7.748731,11.9598,0.877451,27.03175,0.897561,27.45725
0.02,700,0.2,0.8,22,5,1.0,7.767795,12.3318,0.887255,27.25498,0.897561,27.867386
0.02,700,0.2,0.8,25,4,0.8,6.826437,12.4087,0.862745,25.613727,0.873171,26.061587
0.02,700,0.2,0.8,25,4,0.9,6.834787,12.5162,0.857843,25.597713,0.878049,26.185807
0.02,700,0.2,0.8,25,4,1.0,7.936024,12.9012,0.897059,28.064362,0.902439,28.773223
0.02,700,0.2,0.8,25,5,0.8,7.710962,11.8132,0.872549,26.732646,0.892683,27.23515
0.02,700,0.2,0.8,25,5,0.9,7.634967,11.8015,0.882353,26.693133,0.887805,27.071423
0.02,700,0.2,0.8,25,5,1.0,7.606234,12.2556,0.887255,26.957919,0.887805,27.468061
0.02,700,0.2,0.8,30,4,0.8,7.150867,12.4149,0.887255,26.242082,0.873171,26.716609
0.02,700,0.2,0.8,30,4,0.9,7.232907,12.3741,0.882353,26.317353,0.887805,26.839884
0.02,700,0.2,0.8,30,4,1.0,7.307802,12.966,0.882353,26.861446,0.887805,27.581628
0.02,700,0.2,0.8,30,5,0.8,7.589945,11.7294,0.877451,26.458758,0.892683,26.909269
0.02,700,0.2,0.8,30,5,0.9,7.649128,11.9715,0.877451,26.72239,0.887805,27.269798
0.02,700,0.2,0.8,30,5,1.0,7.048735,12.3007,0.877451,25.751182,0.863415,26.398209
0.02,800,0.15,0.85,15,4,0.8,5.999583,14.8131,0.892157,26.476384,0.878049,26.812289
0.02,800,0.15,0.85,15,4,0.9,5.847803,14.8955,0.882353,26.131671,0.882927,26.591087
0.02,800,0.15,0.85,15,4,1.0,5.660082,14.9595,0.882353,25.786869,0.873171,26.279711
0.02,800,0.15,0.85,15,5,0.8,6.32287,13.9687,0.887255,26.250474,0.873171,26.614431
0.02,800,0.15,0.85,15,5,0.9,5.908602,14.0772,0.877451,25.488517,0.858537,25.894437
0.02,800,0.15,0.85,15,5,1.0,5.765188,14.459,0.887255,25.567675,0.882927,25.989329
0.02,800,0.15,0.85,18,4,0.8,5.903822,14.8062,0.887255,26.246674,0.878049,26.61389
0.02,800,0.15,0.85,18,4,0.9,5.777221,14.816,0.877451,25.969673,0.878049,26.370476
0.02,800,0.15,0.85,18,4,1.0,5.791297,15.0698,0.882353,26.055939,0.878049,26.652358
0.02,800,0.15,0.85,18,5,0.8,6.480042,14.132,0.882353,26.794228,0.882927,27.092131
0.02,800,0.15,0.85,18,5,0.9,6.10373,14.4029,0.882353,26.167685,0.873171,26.61038
0.02,800,0.15,0.85,18,5,1.0,5.724583,14.2745,0.882353,25.498687,0.868293,25.723703
0.02,800,0.15,0.85,20,4,0.8,5.801198,14.775,0.882353,25.928174,0.882927,26.377426
0.02,800,0.15,0.85,20,4,0.9,5.93778,14.7885,0.882353,26.281108,0.878049,26.664079
0.02,800,0.15,0.85,20,4,1.0,5.808144,14.9976,0.882353,26.154275,0.882927,26.613866
0.02,800,0.15,0.85,20,5,0.8,6.293336,14.0375,0.892157,26.242478,0.878049,26.624138
0.02,800,0.15,0.85,20,5,0.9,6.551066,14.1361,0.887255,26.914061,0.902439,27.23825
0.02,800,0.15,0.85,20,5,1.0,5.683018,14.026,0.877451,25.073091,0.873171,25.392066
0.02,800,0.15,0.85,22,4,0.8,5.755405,14.7164,0.877451,25.75223,0.868293,26.227182
0.02,800,0.15,0.85,22,4,0.9,5.715846,14.7653,0.872549,25.77843,0.873171,26.196996
0.02,800,0.15,0.85,22,4,1.0,5.876026,15.092,0.892157,26.453658,0.887805,26.844065
0.02,800,0.15,0.85,22,5,0.8,5.907334,14.0553,0.877451,25.518814,0.863415,25.869974
0.02,800,0.15,0.85,22,5,0.9,6.338153,14.119,0.872549,26.482017,0.897561,26.795347
0.02,800,0.15,0.85,22,5,1.0,5.926459,14.228,0.882353,25.691744,0.878049,26.080903
0.02,800,0.15,0.85,25,4,0.8,6.248063,14.7661,0.897059,26.831438,0.882927,27.262224
0.02,800,0.15,0.85,25,4,0.9,5.823561,14.8919,0.887255,26.106359,0.878049,26.53906
0.02,800,0.15,0.85,25,4,1.0,5.971924,14.9993,0.882353,26.474526,0.902439,26.943149
0.02,800,0.15,0.85,25,5,0.8,6.525008,14.1806,0.892157,26.812854,0.887805,27.230645
0.02,800,0.15,0.85,25,5,0.9,6.391167,14.1149,0.882353,26.552154,0.892683,26.897195
0.02,800,0.15,0.85,25,5,1.0,5.9891,14.3885,0.872549,25.974824,0.878049,26.366719
0.02,800,0.15,0.85,30,4,0.8,5.872634,14.7784,0.897059,26.039688,0.873171,26.523681
0.02,800,0.15,0.85,30,4,0.9,5.730453,14.8977,0.892157,25.836249,0.882927,26.358589
0.02,800,0.15,0.85,30,4,1.0,5.895198,14.9269,0.882353,26.256934,0.892683,26.717305
0.02,800,0.15,0.85,30,5,0.8,6.311283,14.2056,0.892157,26.403948,0.887805,26.828195
0.02,800,0.15,0.85,30,5,0.9,6.109833,14.1227,0.887255,25.885114,0.873171,26.342353
0.02,800,0.15,0.85,30,5,1.0,6.175795,14.2583,0.877451,26.145527,0.882927,26.609863
0.02,800,0.2,0.8,15,4,0.8,7.172311,12.3201,0.877451,26.051417,0.878049,26.664748
0.02,800,0.2,0.8,15,4,0.9,6.8651,12.3021,0.867647,25.472007,0.878049,26.032314
0.02,800,0.2,0.8,15,4,1.0,7.170848,12.7287,0.892157,26.410665,0.897561,27.070375
0.02,800,0.2,0.8,15,5,0.8,7.834372,11.4885,0.877451,26.708315,0.868293,27.157197
0.02,800,0.2,0.8,15,5,0.9,7.467425,11.7529,0.872549,26.149577,0.868293,26.687722
0.02,800,0.2,0.8,15,5,1.0,7.313083,12.3795,0.882353,26.286209,0.887805,27.005691
0.02,800,0.2,0.8,18,4,0.8,7.134277,12.2789,0.867647,26.061256,0.863415,26.547454
0.02,800,0.2,0.8,18,4,0.9,7.669149,12.4033,0.887255,27.121856,0.892683,27.741596
0.02,800,0.2,0.8,18,4,1.0,7.434378,12.6629,0.882353,26.905941,0.892683,27.531681
0.02,800,0.2,0.8,18,5,0.8,7.703039,11.5367,0.867647,26.57683,0.882927,26.942749
0.02,800,0.2,0.8,18,5,0.9,7.58317,11.8617,0.882353,26.484415,0.878049,27.028077
0.02,800,0.2,0.8,18,5,1.0,7.668828,12.1592,0.872549,26.981274,0.882927,27.496841
0.02,800,0.2,0.8,20,4,0.8,7.200819,12.2778,0.872549,26.276941,0.882927,26.679437
0.02,800,0.2,0.8,20,4,0.9,7.467596,12.3158,0.867647,26.627384,0.892683,27.251005
0.02,800,0.2,0.8,20,4,1.0,7.266283,12.7148,0.877451,26.649743,0.887805,27.247395
0.02,800,0.2,0.8,20,5,0.8,7.986418,11.4127,0.877451,27.005451,0.882927,27.385541
0.02,800,0.2,0.8,20,5,0.9,8.209357,11.6765,0.892157,27.630927,0.902439,28.095247
0.02,800,0.2,0.8,20,5,1.0,7.691367,12.2467,0.882353,27.204616,0.878049,27.629438
0.02,800,0.2,0.8,22,4,0.8,6.817421,12.2917,0.872549,25.454821,0.873171,25.926523
0.02,800,0.2,0.8,22,4,0.9,7.769314,12.4643,0.882353,27.502358,0.897561,28.002949
0.02,800,0.2,0.8,22,4,1.0,7.610497,12.5936,0.877451,27.253407,0.902439,27.814631
0.02,800,0.2,0.8,22,5,0.8,8.149489,11.4268,0.872549,27.306548,0.892683,27.725804
0.02,800,0.2,0.8,22,5,0.9,8.017228,11.7887,0.882353,27.382846,0.892683,27.823131
0.02,800,0.2,0.8,22,5,1.0,7.695152,12.1682,0.887255,26.995477,0.897561,27.558502
0.02,800,0.2,0.8,25,4,0.8,6.993672,12.2955,0.867647,25.83822,0.878049,26.282805
0.02,800,0.2,0.8,25,4,0.9,6.972078,12.3782,0.862745,25.72993,0.873171,26.322335
0.02,800,0.2,0.8,25,4,1.0,8.071282,12.8014,0.897059,28.26004,0.907317,28.943961
0.02,800,0.2,0.8,25,5,0.8,7.802157,11.6001,0.872549,26.732503,0.882927,27.204376
0.02,800,0.2,0.8,25,5,0.9,7.701744,11.6103,0.882353,26.672524,0.887805,27.013837
0.02,800,0.2,0.8,25,5,1.0,7.518429,12.1673,0.887255,26.722452,0.887805,27.204157
0.02,800,0.2,0.8,30,4,0.8,7.212006,12.268,0.892157,26.232044,0.873171,26.692055
0.02,800,0.2,0.8,30,4,0.9,7.269875,12.2777,0.877451,26.311456,0.878049,26.817491
0.02,800,0.2,0.8,30,4,1.0,7.256306,12.8504,0.877451,26.656061,0.878049,27.363004
0.02,800,0.2,0.8,30,5,0.8,7.775518,11.5644,0.877451,26.675114,0.897561,27.115469
0.02,800,0.2,0.8,30,5,0.9,8.054263,11.7601,0.892157,27.375661,0.897561,27.868654
0.02,800,0.2,0.8,30,5,1.0,7.204788,12.1336,0.877451,25.912866,0.868293,26.543134
0.025,400,0.15,0.85,15,4,0.8,5.742687,15.5838,0.887255,26.62123,0.887805,27.069222
0.025,400,0.15,0.85,15,4,0.9,5.125054,15.5483,0.892157,25.312053,0.868293,25.798442
0.025,400,0.15,0.85,15,4,1.0,5.607004,15.7998,0.892157,26.510398,0.887805,27.013759
0.025,400,0.15,0.85,15,5,0.8,5.458386,14.7131,0.887255,25.257181,0.858537,25.629919
0.025,400,0.15,0.85,15,5,0.9,5.826427,14.7252,0.892157,26.06577,0.878049,26.378012
0.025,400,0.15,0.85,15,5,1.0,6.325401,14.682,0.897059,26.973644,0.907317,27.332833
0.025,400,0.15,0.85,18,4,0.8,5.620567,15.6061,0.882353,26.358265,0.897561,26.847247
0.025,400,0.15,0.85,18,4,0.9,5.776802,15.6757,0.892157,26.751778,0.887805,27.229299
0.025,400,0.15,0.85,18,4,1.0,5.63264,15.9921,0.892157,26.764241,0.882927,27.257409
0.025,400,0.15,0.85,18,5,0.8,5.584594,14.8506,0.887255,25.702983,0.858537,26.019824
0.025,400,0.15,0.85,18,5,0.9,5.665037,14.8439,0.877451,25.811668,0.878049,26.173942
0.025,400,0.15,0.85,18,5,1.0,5.304891,14.9325,0.882353,25.329446,0.878049,25.542304
0.025,400,0.15,0.85,20,4,0.8,5.388784,15.5042,0.897059,25.829128,0.873171,26.281719
0.025,400,0.15,0.85,20,4,0.9,5.820392,15.4588,0.897059,26.686072,0.897561,27.09959
0.025,400,0.15,0.85,20,4,1.0,5.653226,15.5414,0.887255,26.502193,0.887805,26.847901
0.025,400,0.15,0.85,20,5,0.8,5.808832,14.7218,0.892157,25.947458,0.868293,26.339435
0.025,400,0.15,0.85,20,5,0.9,5.830906,14.9215,0.887255,26.013783,0.873171,26.583295
0.025,400,0.15,0.85,20,5,1.0,5.483874,14.6427,0.887255,25.401642,0.873171,25.610468
0.025,400,0.15,0.85,22,4,0.8,5.462072,15.4328,0.887255,25.937197,0.878049,26.356975
0.025,400,0.15,0.85,22,4,0.9,5.477274,15.5597,0.892157,25.922444,0.878049,26.514277
0.025,400,0.15,0.85,22,4,1.0,5.636593,15.5219,0.892157,26.378018,0.887805,26.795124
0.025,400,0.15,0.85,22,5,0.8,5.61706,14.7764,0.882353,25.713425,0.868293,26.010486
0.025,400,0.15,0.85,22,5,0.9,6.610205,14.7394,0.897059,27.486011,0.907317,27.95981
0.025,400,0.15,0.85,22,5,1.0,5.549195,15.0604,0.882353,25.633796,0.873171,26.158818
0.025,400,0.15,0.85,25,4,0.8,5.692919,15.4182,0.897059,26.331627,0.897561,26.80402
0.025,400,0.15,0.85,25,4,0.9,5.407463,15.4608,0.887255,25.877695,0.873171,26.27576
0.025,400,0.15,0.85,25,4,1.0,5.84425,15.4163,0.892157,26.612149,0.902439,27.104791
0.025,400,0.15,0.85,25,5,0.8,5.628598,14.6845,0.887255,25.483057,0.863415,25.941693
0.025,400,0.15,0.85,25,5,0.9,5.651485,14.838,0.882353,25.662949,0.868293,26.140997
0.025,400,0.15,0.85,25,5,1.0,6.072912,14.7839,0.892157,26.486137,0.892683,26.929725
0.025,400,0.15,0.85,30,4,0.8,5.585545,15.5175,0.892157,26.248824,0.878049,26.6886
0.025,400,0.15,0.85,30,4,0.9,5.410787,15.6583,0.887255,25.899008,0.868293,26.479852
0.025,400,0.15,0.85,30,4,1.0,5.401751,15.4799,0.892157,25.729472,0.892683,26.283384
0.025,400,0.15,0.85,30,5,0.8,5.799602,15.0422,0.897059,26.09095,0.873171,26.641423
0.025,400,0.15,0.85,30,5,0.9,5.684696,14.9219,0.887255,25.746494,0.873171,26.291264
0.025,400,0.15,0.85,30,5,1.0,5.644249,14.639,0.882353,25.600321,0.873171,25.92751
0.025,400,0.2,0.8,15,4,0.8,7.098015,12.6947,0.882353,26.504241,0.882927,26.890732
0.025,400,0.2,0.8,15,4,0.9,6.659859,12.8084,0.867647,25.705303,0.863415,26.128141
0.025,400,0.2,0.8,15,4,1.0,6.875587,13.1353,0.882353,26.073121,0.878049,26.886447
0.025,400,0.2,0.8,15,5,0.8,6.705187,12.2814,0.862745,25.274907,0.84878,25.691807
0.025,400,0.2,0.8,15,5,0.9,6.787712,12.4142,0.867647,25.370003,0.863415,25.989592
0.025,400,0.2,0.8,15,5,1.0,7.571983,12.6006,0.892157,27.078711,0.897561,27.744534
0.025,400,0.2,0.8,18,4,0.8,6.741169,12.78,0.872549,25.877508,0.878049,26.26234
0.025,400,0.2,0.8,18,4,0.9,7.280573,12.7829,0.887255,26.89162,0.892683,27.344066
0.025,400,0.2,0.8,18,4,1.0,7.493612,13.2022,0.892157,27.458319,0.902439,28.189447
0.025,400,0.2,0.8,18,5,0.8,7.823422,12.2215,0.892157,27.299779,0.902439,27.868333
0.025,400,0.2,0.8,18,5,0.9,7.286168,12.3372,0.872549,26.465526,0.882927,26.909486
0.025,400,0.2,0.8,18,5,1.0,7.386583,12.7174,0.872549,26.900954,0.892683,27.490614
0.025,400,0.2,0.8,20,4,0.8,7.384596,12.7419,0.882353,27.051505,0.897561,27.511118
0.025,400,0.2,0.8,20,4,0.9,7.458467,12.732,0.887255,27.284379,0.892683,27.648965
0.025,400,0.2,0.8,20,4,1.0,7.397737,13.0642,0.877451,27.196042,0.907317,27.859675
0.025,400,0.2,0.8,20,5,0.8,7.952929,12.2954,0.897059,27.721486,0.902439,28.201251
0.025,400,0.2,0.8,20,5,0.9,7.043311,12.332,0.882353,25.96377,0.873171,26.418636
0.025,400,0.2,0.8,20,5,1.0,7.238858,12.4789,0.877451,26.509207,0.878049,26.95663
0.025,400,0.2,0.8,22,4,0.8,6.933292,12.9579,0.872549,26.330289,0.878049,26.824502
0.025,400,0.2,0.8,22,4,0.9,7.015785,12.7722,0.887255,26.360506,0.887805,26.803729
0.025,400,0.2,0.8,22,4,1.0,7.024833,13.2416,0.892157,26.637146,0.892683,27.291313
0.025,400,0.2,0.8,22,5,0.8,7.517206,12.247,0.887255,26.849005,0.892683,27.281433
0.025,400,0.2,0.8,22,5,0.9,7.237123,12.4176,0.882353,26.412504,0.892683,26.891869
0.025,400,0.2,0.8,22,5,1.0,7.554842,12.5439,0.892157,27.173414,0.897561,27.653555
0.025,400,0.2,0.8,25,4,0.8,7.27593,12.834,0.897059,26.971924,0.892683,27.38588
0.025,400,0.2,0.8,25,4,0.9,7.190003,12.8902,0.882353,26.754126,0.892683,27.270221
0.025,400,0.2,0.8,25,4,1.0,7.064983,13.1892,0.887255,26.520472,0.897561,27.319183
0.025,400,0.2,0.8,25,5,0.8,7.336197,12.2167,0.887255,26.439158,0.878049,26.889057
0.025,400,0.2,0.8,25,5,0.9,7.868594,12.2694,0.887255,27.621237,0.897561,28.006602
0.025,400,0.2,0.8,25,5,1.0,7.305315,12.2572,0.882353,26.527328,0.882927,26.867833
0.025,400,0.2,0.8,30,4,0.8,7.002932,12.8089,0.892157,26.22194,0.868293,26.814718
0.025,400,0.2,0.8,30,4,0.9,7.02449,12.8008,0.892157,26.293215,0.887805,26.849743
0.025,400,0.2,0.8,30,4,1.0,6.800001,13.1555,0.882353,26.04109,0.882927,26.755543
0.025,400,0.2,0.8,30,5,0.8,7.32525,12.3247,0.882353,26.45006,0.882927,26.975163
0.025,400,0.2,0.8,30,5,0.9,7.506978,12.4278,0.887255,26.932622,0.878049,27.441773
0.025,400,0.2,0.8,30,5,1.0,6.879333,12.8322,0.877451,25.790778,0.882927,26.590846
0.025,450,0.15,0.85,15,4,0.8,5.960433,15.4418,0.887255,26.912063,0.892683,27.362644
0.025,450,0.15,0.85,15,4,0.9,5.299077,15.3658,0.887255,25.501778,0.858537,25.963935
0.025,450,0.15,0.85,15,4,1.0,5.730762,15.5921,0.897059,26.554851,0.887805,27.053586
0.025,450,0.15,0.85,15,5,0.8,5.745983,14.5268,0.887255,25.667781,0.873171,26.01873
0.025,450,0.15,0.85,15,5,0.9,5.972533,14.4897,0.887255,26.1327,0.878049,26.434781
0.025,450,0.15,0.85,15,5,1.0,6.285482,14.5179,0.897059,26.709932,0.892683,27.088848
0.025,450,0.15,0.85,18,4,0.8,5.757436,15.4538,0.882353,26.499155,0.897561,26.968623
0.025,450,0.15,0.85,18,4,0.9,5.840224,15.4909,0.892157,26.716607,0.892683,27.17137
0.025,450,0.15,0.85,18,4,1.0,5.650381,15.8027,0.887255,26.631796,0.878049,27.103414
0.025,450,0.15,0.85,18,5,0.8,5.650717,14.7077,0.887255,25.673993,0.853659,26.009143
0.025,450,0.15,0.85,18,5,0.9,5.802117,14.657,0.877451,25.933319,0.878049,26.261251
0.025,450,0.15,0.85,18,5,1.0,5.305199,14.8472,0.882353,25.256433,0.878049,25.457575
0.025,450,0.15,0.85,20,4,0.8,5.598615,15.3929,0.892157,26.109446,0.892683,26.590118
0.025,450,0.15,0.85,20,4,0.9,5.840381,15.2576,0.897059,26.53602,0.897561,26.938364
0.025,450,0.15,0.85,20,4,1.0,5.707862,15.3572,0.882353,26.438725,0.882927,26.772958
0.025,450,0.15,0.85,20,5,0.8,5.704057,14.5399,0.877451,25.568773,0.863415,25.947976
0.025,450,0.15,0.85,20,5,0.9,5.898978,14.724,0.882353,25.972981,0.873171,26.521975
0.025,450,0.15,0.85,20,5,1.0,5.560196,14.4241,0.882353,25.359974,0.882927,25.544466
0.025,450,0.15,0.85,22,4,0.8,5.463766,15.2626,0.882353,25.778893,0.878049,26.190153
0.025,450,0.15,0.85,22,4,0.9,5.524464,15.4335,0.892157,25.883474,0.878049,26.482454
0.025,450,0.15,0.85,22,4,1.0,5.67735,15.4061,0.892157,26.349447,0.887805,26.760779
0.025,450,0.15,0.85,22,5,0.8,5.704496,14.6092,0.882353,25.736308,0.863415,26.018166
0.025,450,0.15,0.85,22,5,0.9,6.588672,14.6005,0.887255,27.294781,0.897561,27.777872
0.025,450,0.15,0.85,22,5,1.0,5.695553,14.8884,0.877451,25.762727,0.873171,26.2795
0.025,450,0.15,0.85,25,4,0.8,5.76753,15.2298,0.897059,26.281412,0.897561,26.764819
0.025,450,0.15,0.85,25,4,0.9,5.582248,15.301,0.887255,26.03716,0.882927,26.465469
0.025,450,0.15,0.85,25,4,1.0,5.79484,15.2688,0.892157,26.368126,0.902439,26.858467
0.025,450,0.15,0.85,25,5,0.8,5.556174,14.5275,0.882353,25.207775,0.853659,25.63985
0.025,450,0.15,0.85,25,5,0.9,5.744992,14.6598,0.882353,25.675079,0.863415,26.149784
0.025,450,0.15,0.85,25,5,1.0,5.760841,14.6619,0.887255,25.747831,0.887805,26.183608
0.025,450,0.15,0.85,30,4,0.8,5.659113,15.3645,0.892157,26.267071,0.873171,26.682728
0.025,450,0.15,0.85,30,4,0.9,5.577741,15.4555,0.892157,26.050977,0.873171,26.611021
0.025,450,0.15,0.85,30,4,1.0,5.513539,15.3427,0.892157,25.831992,0.887805,26.369801
0.025,450,0.15,0.85,30,5,0.8,5.924322,14.8536,0.892157,26.165533,0.873171,26.702206
0.025,450,0.15,0.85,30,5,0.9,5.881781,14.7524,0.887255,25.969661,0.878049,26.515989
0.025,450,0.15,0.85,30,5,1.0,5.729433,14.4866,0.877451,25.61159,0.873171,25.945465
0.025,450,0.2,0.8,15,4,0.8,7.244786,12.5629,0.882353,26.657042,0.887805,27.052474
0.025,450,0.2,0.8,15,4,0.9,6.775321,12.7049,0.867647,25.85644,0.868293,26.255513
0.025,450,0.2,0.8,15,4,1.0,6.879937,13.0457,0.882353,26.015923,0.878049,26.805574
0.025,450,0.2,0.8,15,5,0.8,6.899242,12.1411,0.862745,25.546271,0.853659,25.939601
0.025,450,0.2,0.8,15,5,0.9,6.805155,12.256,0.867647,25.250925,0.863415,25.866306
0.025,450,0.2,0.8,15,5,1.0,7.75895,12.5363,0.892157,27.407723,0.897561,28.054153
0.025,450,0.2,0.8,18,4,0.8,6.875673,12.6518,0.872549,26.017148,0.878049,26.403192
0.025,450,0.2,0.8,18,4,0.9,7.32752,12.6401,0.887255,26.83506,0.887805,27.295096
0.025,450,0.2,0.8,18,4,1.0,7.336588,13.0572,0.882353,26.994036,0.892683,27.730378
0.025,450,0.2,0.8,18,5,0.8,7.36655,12.0833,0.877451,26.26858,0.882927,26.816423
0.025,450,0.2,0.8,18,5,0.9,7.352019,12.1664,0.872549,26.470558,0.882927,26.870476
0.025,450,0.2,0.8,18,5,1.0,7.569169,12.6328,0.877451,27.174762,0.897561,27.771088
0.025,450,0.2,0.8,20,4,0.8,7.290682,12.5996,0.882353,26.702105,0.897561,27.181005
0.025,450,0.2,0.8,20,4,0.9,7.614227,12.5904,0.887255,27.467199,0.897561,27.818831
0.025,450,0.2,0.8,20,4,1.0,7.392624,12.9203,0.877451,27.05875,0.897561,27.705538
0.025,450,0.2,0.8,20,5,0.8,7.934479,12.1272,0.882353,27.552775,0.907317,27.996201
0.025,450,0.2,0.8,20,5,0.9,7.163741,12.1662,0.882353,26.058445,0.878049,26.493727
0.025,450,0.2,0.8,20,5,1.0,7.276001,12.3945,0.877451,26.502611,0.873171,26.946547
0.025,450,0.2,0.8,22,4,0.8,7.197098,12.8136,0.877451,26.729219,0.892683,27.207759
0.025,450,0.2,0.8,22,4,0.9,7.042548,12.6523,0.882353,26.294616,0.887805,26.737431
0.025,450,0.2,0.8,22,4,1.0,7.169609,13.1947,0.892157,26.902362,0.892683,27.533871
0.025,450,0.2,0.8,22,5,0.8,7.76468,12.124,0.887255,27.211612,0.887805,27.653368
0.025,450,0.2,0.8,22,5,0.9,7.148427,12.2582,0.877451,26.080854,0.882927,26.555018
0.025,450,0.2,0.8,22,5,1.0,7.317035,12.4403,0.882353,26.600954,0.887805,27.074386
0.025,450,0.2,0.8,25,4,0.8,7.54947,12.6808,0.901961,27.379414,0.892683,27.779761
0.025,450,0.2,0.8,25,4,0.9,7.326969,12.7716,0.882353,26.911216,0.892683,27.425516
0.025,450,0.2,0.8,25,4,1.0,6.996821,13.0968,0.882353,26.322604,0.882927,27.090486
0.025,450,0.2,0.8,25,5,0.8,7.634814,12.0426,0.887255,26.909378,0.882927,27.312267
0.025,450,0.2,0.8,25,5,0.9,7.762497,12.1418,0.887255,27.272498,0.892683,27.666805
0.025,450,0.2,0.8,25,5,1.0,7.184979,12.1872,0.882353,26.219857,0.873171,26.557196
0.025,450,0.2,0.8,30,4,0.8,7.121538,12.6853,0.892157,26.357905,0.868293,26.928393
0.025,450,0.2,0.8,30,4,0.9,7.220609,12.6639,0.892157,26.540582,0.887805,27.105151
0.025,450,0.2,0.8,30,4,1.0,7.130059,13.0111,0.887255,26.581271,0.897561,27.271254
0.025,450,0.2,0.8,30,5,0.8,7.458482,12.1122,0.882353,26.529022,0.882927,27.029164
0.025,450,0.2,0.8,30,5,0.9,7.459116,12.2951,0.882353,26.721995,0.873171,27.213381
0.025,450,0.2,0.8,30,5,1.0,7.186361,12.7072,0.882353,26.299212,0.882927,27.079882
0.025,500,0.15,0.85,15,4,0.8,5.964152,15.246,0.887255,26.724371,0.882927,27.17435
0.025,500,0.15,0.85,15,4,0.9,5.459297,15.188,0.887255,25.668987,0.858537,26.106587
0.025,500,0.15,0.85,15,4,1.0,5.693128,15.4903,0.892157,26.358314,0.882927,26.876605
0.025,500,0.15,0.85,15,5,0.8,5.731055,14.3924,0.887255,25.520215,0.868293,25.854536
0.025,500,0.15,0.85,15,5,0.9,6.032928,14.3844,0.887255,26.129436,0.882927,26.450295
0.025,500,0.15,0.85,15,5,1.0,6.349904,14.4307,0.887255,26.717008,0.897561,27.130464
0.025,500,0.15,0.85,18,4,0.8,5.85421,15.2901,0.882353,26.526714,0.892683,26.998512
0.025,500,0.15,0.85,18,4,0.9,5.844374,15.3696,0.887255,26.593045,0.887805,27.058318
0.025,500,0.15,0.85,18,4,1.0,5.753731,15.4763,0.887255,26.525482,0.878049,26.983732
0.025,500,0.15,0.85,18,5,0.8,5.744108,14.5665,0.882353,25.717426,0.853659,26.054691
0.025,500,0.15,0.85,18,5,0.9,5.915609,14.5094,0.882353,26.012995,0.873171,26.340629
0.025,500,0.15,0.85,18,5,1.0,5.67629,14.7657,0.882353,25.891092,0.878049,26.118232
0.025,500,0.15,0.85,20,4,0.8,5.714313,15.2297,0.897059,26.170954,0.887805,26.658329
0.025,500,0.15,0.85,20,4,0.9,5.870355,15.1259,0.897059,26.468878,0.892683,26.866604
0.025,500,0.15,0.85,20,4,1.0,5.695801,15.2302,0.882353,26.307984,0.882927,26.621784
0.025,500,0.15,0.85,20,5,0.8,5.794994,14.4061,0.877451,25.610823,0.863415,25.996042
0.025,500,0.15,0.85,20,5,0.9,6.120894,14.5297,0.882353,26.220952,0.873171,26.771492
0.025,500,0.15,0.85,20,5,1.0,5.650684,14.3428,0.882353,25.444566,0.882927,25.644167
0.025,500,0.15,0.85,22,4,0.8,5.427046,15.1029,0.882353,25.560149,0.863415,25.956989
0.025,500,0.15,0.85,22,4,0.9,5.5155,15.2763,0.882353,25.730155,0.878049,26.307255
0.025,500,0.15,0.85,22,4,1.0,5.554002,15.2494,0.887255,25.940174,0.887805,26.357454
0.025,500,0.15,0.85,22,5,0.8,5.737058,14.4183,0.872549,25.634873,0.863415,25.89237
0.025,500,0.15,0.85,22,5,0.9,6.857436,14.4366,0.882353,27.672467,0.897561,28.151426
0.025,500,0.15,0.85,22,5,1.0,5.636064,14.7741,0.877451,25.540132,0.873171,26.046222
0.025,500,0.15,0.85,25,4,0.8,6.101299,15.1192,0.897059,26.81401,0.907317,27.321779
0.025,500,0.15,0.85,25,4,0.9,5.612633,15.1481,0.887255,25.955843,0.878049,26.373336
0.025,500,0.15,0.85,25,4,1.0,5.927436,15.1492,0.892157,26.501684,0.902439,27.004077
0.025,500,0.15,0.85,25,5,0.8,5.584412,14.3892,0.887255,25.126874,0.84878,25.557998
0.025,500,0.15,0.85,25,5,0.9,5.777747,14.5076,0.877451,25.591369,0.863415,26.063102
0.025,500,0.15,0.85,25,5,1.0,5.94347,14.5341,0.887255,26.001192,0.887805,26.421038
0.025,500,0.15,0.85,30,4,0.8,5.679853,15.2023,0.892157,26.151222,0.868293,26.561978
0.025,500,0.15,0.85,30,4,0.9,5.626285,15.2805,0.892157,25.982851,0.878049,26.53304
0.025,500,0.15,0.85,30,4,1.0,5.832323,15.2144,0.892157,26.33431,0.902439,26.879011
0.025,500,0.15,0.85,30,5,0.8,6.113824,14.7084,0.892157,26.4083,0.868293,26.936071
0.025,500,0.15,0.85,30,5,0.9,5.945658,14.6413,0.887255,25.998176,0.878049,26.532615
0.025,500,0.15,0.85,30,5,1.0,5.648394,14.4089,0.877451,25.377865,0.868293,25.705686
0.025,500,0.2,0.8,15,4,0.8,7.131151,12.4852,0.882353,26.366335,0.882927,26.747526
0.025,500,0.2,0.8,15,4,0.9,6.937546,12.6061,0.867647,26.104821,0.868293,26.481215
0.025,500,0.2,0.8,15,4,1.0,6.850838,12.9372,0.887255,25.872499,0.873171,26.638877
0.025,500,0.2,0.8,15,5,0.8,7.150733,12.0007,0.862745,25.915718,0.868293,26.302136
0.025,500,0.2,0.8,15,5,0.9,6.929766,12.0947,0.867647,25.3234,0.868293,25.954199
0.025,500,0.2,0.8,15,5,1.0,7.885813,12.4859,0.892157,27.608995,0.897561,28.257482
0.025,500,0.2,0.8,18,4,0.8,7.142214,12.5277,0.882353,26.431725,0.882927,26.812079
0.025,500,0.2,0.8,18,4,0.9,7.408887,12.5346,0.882353,26.903619,0.892683,27.352365
0.025,500,0.2,0.8,18,4,1.0,7.30877,12.9559,0.872549,26.807494,0.892683,27.57341
0.025,500,0.2,0.8,18,5,0.8,7.543932,11.9585,0.877451,26.497271,0.892683,27.04641
0.025,500,0.2,0.8,18,5,0.9,7.325959,12.0318,0.872549,26.312255,0.882927,26.683739
0.025,500,0.2,0.8,18,5,1.0,7.642234,12.5148,0.882353,27.212723,0.897561,27.799303
0.025,500,0.2,0.8,20,4,0.8,7.268419,12.5111,0.867647,26.553129,0.892683,27.047984
0.025,500,0.2,0.8,20,4,0.9,7.608163,12.4608,0.877451,27.317464,0.892683,27.677143
0.025,500,0.2,0.8,20,4,1.0,7.298045,12.8196,0.877451,26.780686,0.897561,27.415732
0.025,500,0.2,0.8,20,5,0.8,7.972179,11.9347,0.877451,27.442847,0.897561,27.879051
0.025,500,0.2,0.8,20,5,0.9,7.392655,12.0361,0.882353,26.399813,0.878049,26.821411
0.025,500,0.2,0.8,20,5,1.0,7.272196,12.3016,0.877451,26.421462,0.868293,26.845962
0.025,500,0.2,0.8,22,4,0.8,7.188295,12.6989,0.872549,26.615284,0.887805,27.075498
0.025,500,0.2,0.8,22,4,0.9,7.454062,12.5757,0.882353,27.026337,0.897561,27.483845
0.025,500,0.2,0.8,22,4,1.0,7.405042,13.0424,0.892157,27.269978,0.892683,27.852509
0.025,500,0.2,0.8,22,5,0.8,7.971318,11.9736,0.882353,27.479724,0.882927,27.916267
0.025,500,0.2,0.8,22,5,0.9,7.18496,12.1398,0.882353,26.049217,0.878049,26.509752
0.025,500,0.2,0.8,22,5,1.0,7.617542,12.3516,0.882353,27.116628,0.892683,27.586645
0.025,500,0.2,0.8,25,4,0.8,7.671501,12.533,0.901961,27.486097,0.887805,27.876014
0.025,500,0.2,0.8,25,4,0.9,7.366445,12.6911,0.882353,26.910471,0.892683,27.424027
0.025,500,0.2,0.8,25,4,1.0,7.166765,12.9665,0.892157,26.555212,0.887805,27.30008
0.025,500,0.2,0.8,25,5,0.8,7.711905,11.892,0.882353,26.935175,0.882927,27.315814
0.025,500,0.2,0.8,25,5,0.9,7.669797,12.0745,0.882353,27.028849,0.887805,27.414053
0.025,500,0.2,0.8,25,5,1.0,7.294866,12.1131,0.882353,26.36928,0.882927,26.702879
0.025,500,0.2,0.8,30,4,0.8,7.122599,12.5872,0.887255,26.263521,0.868293,26.832405
0.025,500,0.2,0.8,30,4,0.9,7.113437,12.5564,0.892157,26.216856,0.887805,26.783234
0.025,500,0.2,0.8,30,4,1.0,7.581257,12.9299,0.892157,27.394551,0.897561,28.092411
0.025,500,0.2,0.8,30,5,0.8,7.542519,11.9344,0.877451,26.550215,0.882927,27.019431
0.025,500,0.2,0.8,30,5,0.9,7.310838,12.1548,0.877451,26.299028,0.873171,26.776445
0.025,500,0.2,0.8,30,5,1.0,7.230347,12.6425,0.882353,26.332526,0.882927,27.103224
0.025,550,0.15,0.85,15,4,0.8,6.059706,15.1294,0.882353,26.805633,0.887805,27.248829
0.025,550,0.15,0.85,15,4,0.9,5.479133,15.0688,0.882353,25.595066,0.853659,26.027034
0.025,550,0.15,0.85,15,4,1.0,5.628637,15.3574,0.892157,26.090543,0.878049,26.61464
0.025,550,0.15,0.85,15,5,0.8,5.775031,14.2649,0.887255,25.49764,0.858537,25.815012
0.025,550,0.15,0.85,15,5,0.9,6.029534,14.2538,0.882353,25.997974,0.878049,26.312895
0.025,550,0.15,0.85,15,5,1.0,6.586346,14.2966,0.892157,27.059554,0.897561,27.469309
0.025,550,0.15,0.85,18,4,0.8,6.039645,15.1155,0.882353,26.715997,0.892683,27.194801
0.025,550,0.15,0.85,18,4,0.9,5.981109,15.0958,0.892157,26.602819,0.887805,27.057993
0.025,550,0.15,0.85,18,4,1.0,5.776497,15.4033,0.887255,26.498499,0.878049,26.956302
0.025,550,0.15,0.85,18,5,0.8,5.834844,14.4175,0.882353,25.768127,0.863415,26.087152
0.025,550,0.15,0.85,18,5,0.9,5.969509,14.3299,0.882353,25.932961,0.873171,26.268958
0.025,550,0.15,0.85,18,5,1.0,5.768831,14.6321,0.882353,25.944493,0.878049,26.169748
0.025,550,0.15,0.85,20,4,0.8,5.777929,15.0715,0.897059,26.144589,0.882927,26.627381
0.025,550,0.15,0.85,20,4,0.9,5.83781,15.0188,0.887255,26.301635,0.882927,26.694408
0.025,550,0.15,0.85,20,4,1.0,5.797109,15.0932,0.882353,26.394979,0.887805,26.687446
0.025,550,0.15,0.85,20,5,0.8,5.905639,14.2531,0.882353,25.695684,0.863415,26.064332
0.025,550,0.15,0.85,20,5,0.9,6.271311,14.4311,0.877451,26.418357,0.878049,26.973726
0.025,550,0.15,0.85,20,5,1.0,5.86989,14.2121,0.887255,25.773792,0.882927,25.951923
0.025,550,0.15,0.85,22,4,0.8,5.493451,14.996,0.882353,25.580025,0.868293,25.982945
0.025,550,0.15,0.85,22,4,0.9,5.592723,15.0859,0.882353,25.704073,0.878049,26.271359
0.025,550,0.15,0.85,22,4,1.0,5.546642,15.2047,0.887255,25.867977,0.887805,26.297952
0.025,550,0.15,0.85,22,5,0.8,5.796715,14.2955,0.872549,25.623142,0.863415,25.888959
0.025,550,0.15,0.85,22,5,0.9,6.81599,14.311,0.877451,27.470171,0.892683,27.94299
0.025,550,0.15,0.85,22,5,1.0,5.546305,14.6707,0.877451,25.270069,0.868293,25.763317
0.025,550,0.15,0.85,25,4,0.8,6.25332,15.0061,0.901961,26.998878,0.912195,27.512789
0.025,550,0.15,0.85,25,4,0.9,5.709391,14.965,0.887255,25.971598,0.873171,26.383831
0.025,550,0.15,0.85,25,4,1.0,6.279848,15.0153,0.901961,27.0656,0.902439,27.575029
0.025,550,0.15,0.85,25,5,0.8,5.517198,14.2473,0.877451,24.88422,0.84878,25.281672
0.025,550,0.15,0.85,25,5,0.9,5.798385,14.3825,0.877451,25.50507,0.863415,25.979281
0.025,550,0.15,0.85,25,5,1.0,6.22049,14.4333,0.887255,26.478349,0.897561,26.874304
0.025,550,0.15,0.85,30,4,0.8,5.895376,15.0859,0.897059,26.472365,0.873171,26.876636
0.025,550,0.15,0.85,30,4,0.9,5.767548,15.1767,0.892157,26.179752,0.882927,26.711819
0.025,550,0.15,0.85,30,4,1.0,5.832276,15.0575,0.887255,26.188367,0.902439,26.72205
0.025,550,0.15,0.85,30,5,0.8,6.294652,14.5751,0.892157,26.63467,0.868293,27.164403
0.025,550,0.15,0.85,30,5,0.9,6.054956,14.49,0.887255,26.084891,0.873171,26.599899
0.025,550,0.15,0.85,30,5,1.0,5.679595,14.3428,0.872549,25.381184,0.863415,25.702006
0.025,550,0.2,0.8,15,4,0.8,7.103356,12.3802,0.877451,26.217431,0.878049,26.58688
0.025,550,0.2,0.8,15,4,0.9,7.143613,12.4512,0.872549,26.384811,0.878049,26.738405
0.025,550,0.2,0.8,15,4,1.0,6.866563,12.8925,0.887255,25.867759,0.873171,26.625642
0.025,550,0.2,0.8,15,5,0.8,7.245426,11.8569,0.862745,25.959203,0.863415,26.347757
0.025,550,0.2,0.8,15,5,0.9,7.033043,11.9347,0.872549,25.402439,0.868293,26.000751
0.025,550,0.2,0.8,15,5,1.0,7.927683,12.4325,0.892157,27.638964,0.897561,28.287867
0.025,550,0.2,0.8,18,4,0.8,7.472658,12.4332,0.887255,26.987041,0.892683,27.378495
0.025,550,0.2,0.8,18,4,0.9,7.511426,12.4149,0.882353,26.984844,0.892683,27.437794
0.025,550,0.2,0.8,18,4,1.0,7.300215,12.906,0.872549,26.716218,0.892683,27.506452
0.025,550,0.2,0.8,18,5,0.8,7.492684,11.8311,0.872549,26.281629,0.873171,26.816441
0.025,550,0.2,0.8,18,5,0.9,7.368529,11.9027,0.872549,26.273618,0.873171,26.639776
0.025,550,0.2,0.8,18,5,1.0,7.77549,12.3439,0.877451,27.327007,0.897561,27.894842
0.025,550,0.2,0.8,20,4,0.8,7.314827,12.3997,0.867647,26.545164,0.892683,27.029378
0.025,550,0.2,0.8,20,4,0.9,7.429988,12.3443,0.872549,26.862282,0.887805,27.204275
0.025,550,0.2,0.8,20,4,1.0,7.322278,12.7268,0.877451,26.74888,0.897561,27.371352
0.025,550,0.2,0.8,20,5,0.8,8.039821,11.7971,0.872549,27.449507,0.897561,27.876709
0.025,550,0.2,0.8,20,5,0.9,7.365269,11.9275,0.882353,26.241802,0.878049,26.658037
0.025,550,0.2,0.8,20,5,1.0,7.275869,12.2528,0.877451,26.376278,0.873171,26.80457
0.025,550,0.2,0.8,22,4,0.8,7.191744,12.5689,0.867647,26.51065,0.882927,26.952354
0.025,550,0.2,0.8,22,4,0.9,7.478169,12.4775,0.882353,26.981294,0.897561,27.433859
0.025,550,0.2,0.8,22,4,1.0,7.771153,12.7633,0.892157,27.786663,0.902439,28.305565
0.025,550,0.2,0.8,22,5,0.8,8.190778,11.8487,0.882353,27.806637,0.897561,28.230275
0.025,550,0.2,0.8,22,5,0.9,7.285388,12.0221,0.877451,26.142191,0.878049,26.592848
0.025,550,0.2,0.8,22,5,1.0,7.687383,12.3035,0.882353,27.226816,0.892683,27.678315
0.025,550,0.2,0.8,25,4,0.8,7.732123,12.4489,0.901961,27.524435,0.887805,27.913103
0.025,550,0.2,0.8,25,4,0.9,7.40845,12.5969,0.882353,26.903585,0.892683,27.413773
0.025,550,0.2,0.8,25,4,1.0,7.188219,12.8723,0.887255,26.484613,0.882927,27.248737
0.025,550,0.2,0.8,25,5,0.8,7.889931,11.7657,0.882353,27.182959,0.887805,27.545526
0.025,550,0.2,0.8,25,5,0.9,7.751231,11.9418,0.877451,27.061108,0.878049,27.44425
0.025,550,0.2,0.8,25,5,1.0,7.314226,12.031,0.887255,26.3469,0.878049,26.659444
0.025,550,0.2,0.8,30,4,0.8,7.258392,12.5328,0.892157,26.495185,0.868293,27.049633
0.025,550,0.2,0.8,30,4,0.9,7.042833,12.397,0.882353,25.936626,0.878049,26.482685
0.025,550,0.2,0.8,30,4,1.0,7.578181,12.8619,0.892157,27.313022,0.897561,28.018234
0.025,550,0.2,0.8,30,5,0.8,7.578093,11.7944,0.872549,26.494093,0.882927,26.950609
0.025,550,0.2,0.8,30,5,0.9,7.353004,12.0371,0.877451,26.275952,0.873171,26.743143
0.025,550,0.2,0.8,30,5,1.0,7.042549,12.5293,0.877451,25.853256,0.868293,26.614385
0.025,600,0.15,0.85,15,4,0.8,6.164638,14.9888,0.882353,26.88306,0.887805,27.31812
0.025,600,0.15,0.85,15,4,0.9,5.557725,14.958,0.877451,25.628445,0.853659,26.07345
0.025,600,0.15,0.85,15,4,1.0,5.600543,15.1984,0.887255,25.872266,0.878049,26.399474
0.025,600,0.15,0.85,15,5,0.8,5.740456,14.1457,0.887255,25.317143,0.853659,25.626613
0.025,600,0.15,0.85,15,5,0.9,6.2879,14.1608,0.882353,26.432019,0.887805,26.736603
0.025,600,0.15,0.85,15,5,1.0,6.645226,14.1634,0.892157,27.062148,0.897561,27.453891
0.025,600,0.15,0.85,18,4,0.8,6.037598,15.0155,0.887255,26.618196,0.882927,27.090652
0.025,600,0.15,0.85,18,4,0.9,5.943871,15.0112,0.882353,26.435174,0.887805,26.898934
0.025,600,0.15,0.85,18,4,1.0,5.821067,15.3172,0.887255,26.496045,0.878049,26.959368
0.025,600,0.15,0.85,18,5,0.8,5.952406,14.3273,0.882353,25.915662,0.863415,26.232081
0.025,600,0.15,0.85,18,5,0.9,6.001254,14.2291,0.882353,25.888269,0.873171,26.231592
0.025,600,0.15,0.85,18,5,1.0,5.859008,14.5148,0.882353,26.02967,0.882927,26.23282
0.025,600,0.15,0.85,20,4,0.8,5.711035,14.9754,0.892157,25.912086,0.873171,26.397431
0.025,600,0.15,0.85,20,4,0.9,5.831015,14.9104,0.882353,26.184561,0.878049,26.572429
0.025,600,0.15,0.85,20,4,1.0,5.81864,15.0228,0.882353,26.364558,0.882927,26.660061
0.025,600,0.15,0.85,20,5,0.8,6.190061,14.1182,0.882353,26.144537,0.868293,26.498324
0.025,600,0.15,0.85,20,5,0.9,6.442537,14.2765,0.882353,26.623784,0.882927,27.161604
0.025,600,0.15,0.85,20,5,1.0,5.986254,14.1295,0.887255,25.915737,0.882927,26.102042
0.025,600,0.15,0.85,22,4,0.8,5.457498,14.8794,0.882353,25.410918,0.863415,25.794442
0.025,600,0.15,0.85,22,4,0.9,5.821635,14.9669,0.882353,26.045802,0.882927,26.610198
0.025,600,0.15,0.85,22,4,1.0,5.617694,15.1206,0.887255,25.944854,0.882927,26.356012
0.025,600,0.15,0.85,22,5,0.8,5.780429,14.1836,0.872549,25.492033,0.858537,25.74447
0.025,600,0.15,0.85,22,5,0.9,6.843818,14.205,0.877451,27.441682,0.892683,27.892602
0.025,600,0.15,0.85,22,5,1.0,5.693138,14.5742,0.877451,25.477861,0.873171,25.960432
0.025,600,0.15,0.85,25,4,0.8,6.353799,14.8759,0.901961,27.064059,0.907317,27.583457
0.025,600,0.15,0.85,25,4,0.9,5.765641,14.884,0.892157,25.995875,0.873171,26.415279
0.025,600,0.15,0.85,25,4,1.0,6.318136,14.9761,0.901961,27.109909,0.902439,27.612419
0.025,600,0.15,0.85,25,5,0.8,5.598919,14.1385,0.877451,24.952375,0.84878,25.336292
0.025,600,0.15,0.85,25,5,0.9,5.857404,14.262,0.877451,25.514691,0.863415,25.976822
0.025,600,0.15,0.85,25,5,1.0,6.425822,14.3545,0.887255,26.821922,0.897561,27.20612
0.025,600,0.15,0.85,30,4,0.8,6.135627,14.9806,0.901961,26.8587,0.882927,27.251817
0.025,600,0.15,0.85,30,4,0.9,5.775043,15.0182,0.892157,26.05713,0.878049,26.568259
0.025,600,0.15,0.85,30,4,1.0,5.876615,14.9421,0.887255,26.173509,0.897561,26.695332
0.025,600,0.15,0.85,30,5,0.8,6.380338,14.4455,0.892157,26.6948,0.878049,27.20614
0.025,600,0.15,0.85,30,5,0.9,6.334844,14.4087,0.892157,26.581168,0.887805,27.078345
0.025,600,0.15,0.85,30,5,1.0,5.756246,14.2665,0.872549,25.459381,0.863415,25.779032
0.025,600,0.2,0.8,15,4,0.8,7.18331,12.2831,0.877451,26.297737,0.878049,26.649742
0.025,600,0.2,0.8,15,4,0.9,7.127253,12.3728,0.867647,26.272354,0.873171,26.627301
0.025,600,0.2,0.8,15,4,1.0,6.847427,12.8728,0.882353,25.82038,0.873171,26.567698
0.025,600,0.2,0.8,15,5,0.8,7.364025,11.7076,0.867647,26.061965,0.868293,26.435636
0.025,600,0.2,0.8,15,5,0.9,7.339079,11.7868,0.877451,25.879488,0.863415,26.464987
0.025,600,0.2,0.8,15,5,1.0,7.936926,12.3893,0.892157,27.6144,0.897561,28.263119
0.025,600,0.2,0.8,18,4,0.8,7.379395,12.3678,0.887255,26.727459,0.887805,27.126545
0.025,600,0.2,0.8,18,4,0.9,7.544114,12.3343,0.882353,26.980025,0.892683,27.422529
0.025,600,0.2,0.8,18,4,1.0,7.80622,12.853,0.882353,27.657993,0.902439,28.465481
0.025,600,0.2,0.8,18,5,0.8,7.596902,11.7309,0.872549,26.379701,0.878049,26.924659
0.025,600,0.2,0.8,18,5,0.9,7.496258,11.7633,0.877451,26.409672,0.873171,26.755845
0.025,600,0.2,0.8,18,5,1.0,7.893962,12.2076,0.877451,27.441702,0.897561,27.995477
0.025,600,0.2,0.8,20,4,0.8,7.178529,12.3501,0.862745,26.226978,0.887805,26.707193
0.025,600,0.2,0.8,20,4,0.9,7.347497,12.2536,0.872549,26.601025,0.887805,26.948574
0.025,600,0.2,0.8,20,4,1.0,7.329802,12.6693,0.877451,26.719665,0.897561,27.328949
0.025,600,0.2,0.8,20,5,0.8,8.216221,11.6687,0.872549,27.683387,0.902439,28.101137
0.025,600,0.2,0.8,20,5,0.9,7.487689,11.8428,0.877451,26.410282,0.878049,26.818154
0.025,600,0.2,0.8,20,5,1.0,7.290844,12.1276,0.877451,26.288924,0.873171,26.709251
0.025,600,0.2,0.8,22,4,0.8,7.278225,12.4694,0.872549,26.590895,0.873171,27.025895
0.025,600,0.2,0.8,22,4,0.9,7.631186,12.3698,0.882353,27.192402,0.897561,27.632201
0.025,600,0.2,0.8,22,4,1.0,7.908455,12.6381,0.897059,27.957645,0.902439,28.454975
0.025,600,0.2,0.8,22,5,0.8,8.268129,11.7151,0.882353,27.864322,0.897561,28.251311
0.025,600,0.2,0.8,22,5,0.9,7.478464,11.9005,0.877451,26.418062,0.878049,26.857448
0.025,600,0.2,0.8,22,5,1.0,7.952797,12.2318,0.892157,27.684611,0.902439,28.137401
0.025,600,0.2,0.8,25,4,0.8,7.762793,12.3463,0.897059,27.469325,0.887805,27.871933
0.025,600,0.2,0.8,25,4,0.9,7.491424,12.4954,0.877451,26.990403,0.887805,27.478222
0.025,600,0.2,0.8,25,4,1.0,7.260285,12.831,0.887255,26.572675,0.887805,27.351557
0.025,600,0.2,0.8,25,5,0.8,8.029948,11.6804,0.882353,27.399976,0.887805,27.740325
0.025,600,0.2,0.8,25,5,0.9,7.846196,11.8392,0.877451,27.154272,0.882927,27.531565
0.025,600,0.2,0.8,25,5,1.0,7.33927,11.9741,0.887255,26.344389,0.878049,26.652683
0.025,600,0.2,0.8,30,4,0.8,7.455988,12.4369,0.892157,26.801141,0.873171,27.34892
0.025,600,0.2,0.8,30,4,0.9,7.067313,12.3294,0.882353,25.91256,0.878049,26.464001
0.025,600,0.2,0.8,30,4,1.0,7.497499,12.7968,0.892157,27.091298,0.897561,27.791812
0.025,600,0.2,0.8,30,5,0.8,7.764908,11.6902,0.877451,26.779277,0.878049,27.22
0.025,600,0.2,0.8,30,5,0.9,7.497999,11.9083,0.877451,26.46142,0.873171,26.90426
0.025,600,0.2,0.8,30,5,1.0,7.098406,12.4133,0.877451,25.855866,0.868293,26.610086
0.025,700,0.15,0.85,15,4,0.8,6.202418,14.7935,0.877451,26.749704,0.887805,27.198294
0.025,700,0.15,0.85,15,4,0.9,5.737476,14.7567,0.882353,25.767103,0.858537,26.231684
0.025,700,0.15,0.85,15,4,1.0,5.65112,14.9605,0.887255,25.725782,0.868293,26.262744
0.025,700,0.15,0.85,15,5,0.8,5.904742,13.9347,0.882353,25.43567,0.853659,25.744152
0.025,700,0.15,0.85,15,5,0.9,6.267721,13.9111,0.877451,26.159073,0.882927,26.446493
0.025,700,0.15,0.85,15,5,1.0,6.58889,14.0191,0.882353,26.823145,0.897561,27.196906
0.025,700,0.15,0.85,18,4,0.8,6.12627,14.8525,0.887255,26.642458,0.878049,27.10506
0.025,700,0.15,0.85,18,4,0.9,5.967768,14.8225,0.882353,26.283413,0.882927,26.758031
0.025,700,0.15,0.85,18,4,1.0,6.18989,15.0685,0.882353,26.963942,0.892683,27.448325
0.025,700,0.15,0.85,18,5,0.8,6.251513,14.1542,0.882353,26.348676,0.868293,26.657271
0.025,700,0.15,0.85,18,5,0.9,6.441025,14.0421,0.887255,26.591212,0.882927,26.92419
0.025,700,0.15,0.85,18,5,1.0,5.988993,14.3258,0.877451,26.093121,0.887805,26.303765
0.025,700,0.15,0.85,20,4,0.8,5.60977,14.758,0.882353,25.511436,0.868293,25.977586
0.025,700,0.15,0.85,20,4,0.9,5.718541,14.6625,0.877451,25.738637,0.878049,26.099591
0.025,700,0.15,0.85,20,4,1.0,5.899469,14.8895,0.887255,26.384627,0.887805,26.688392
0.025,700,0.15,0.85,20,5,0.8,6.281725,13.9065,0.877451,26.1413,0.863415,26.46996
0.025,700,0.15,0.85,20,5,0.9,6.511754,14.0682,0.882353,26.55038,0.878049,27.091693
0.025,700,0.15,0.85,20,5,1.0,5.953217,13.9086,0.882353,25.62478,0.882927,25.815017
0.025,700,0.15,0.85,22,4,0.8,5.455415,14.7137,0.882353,25.237308,0.853659,25.624525
0.025,700,0.15,0.85,22,4,0.9,5.945149,14.7889,0.877451,26.103487,0.882927,26.679215
0.025,700,0.15,0.85,22,4,1.0,5.765466,15.014,0.887255,26.135916,0.887805,26.544896
0.025,700,0.15,0.85,22,5,0.8,6.167014,13.9781,0.877451,26.065912,0.868293,26.312079
0.025,700,0.15,0.85,22,5,0.9,6.881904,14.0497,0.877451,27.365574,0.887805,27.813523
0.025,700,0.15,0.85,22,5,1.0,6.096674,14.4398,0.882353,26.157508,0.878049,26.633127
0.025,700,0.15,0.85,25,4,0.8,6.371358,14.6595,0.897059,26.904416,0.897561,27.402181
0.025,700,0.15,0.85,25,4,0.9,5.891914,14.6781,0.892157,26.047843,0.873171,26.461904
0.025,700,0.15,0.85,25,4,1.0,6.47177,14.8575,0.892157,27.3149,0.902439,27.801045
0.025,700,0.15,0.85,25,5,0.8,5.558292,13.9836,0.867647,24.735156,0.839024,25.100227
0.025,700,0.15,0.85,25,5,0.9,6.020278,14.0641,0.877451,25.650416,0.863415,26.104624
0.025,700,0.15,0.85,25,5,1.0,6.484694,14.2365,0.882353,26.830553,0.897561,27.205926
0.025,700,0.15,0.85,30,4,0.8,6.185362,14.815,0.897059,26.792553,0.868293,27.185768
0.025,700,0.15,0.85,30,4,0.9,5.999357,14.8459,0.892157,26.338139,0.887805,26.844626
0.025,700,0.15,0.85,30,4,1.0,5.807244,14.7717,0.882353,25.910978,0.887805,26.38619
0.025,700,0.15,0.85,30,5,0.8,6.629523,14.1935,0.892157,26.97242,0.873171,27.452499
0.025,700,0.15,0.85,30,5,0.9,6.742877,14.1844,0.892157,27.192178,0.897561,27.670141
0.025,700,0.15,0.85,30,5,1.0,6.019069,14.1578,0.877451,25.874741,0.868293,26.195975
0.025,700,0.2,0.8,15,4,0.8,7.191058,12.1257,0.877451,26.158212,0.858537,26.50777
0.025,700,0.2,0.8,15,4,0.9,7.194978,12.2447,0.867647,26.288886,0.863415,26.634634
0.025,700,0.2,0.8,15,4,1.0,6.822728,12.7587,0.877451,25.679039,0.868293,26.404139
0.025,700,0.2,0.8,15,5,0.8,7.632511,11.4756,0.872549,26.371324,0.868293,26.74059
0.025,700,0.2,0.8,15,5,0.9,7.54565,11.5625,0.872549,26.077921,0.863415,26.653758
0.025,700,0.2,0.8,15,5,1.0,8.056745,12.2108,0.882353,27.689486,0.897561,28.32429
0.025,700,0.2,0.8,18,4,0.8,7.286337,12.2365,0.877451,26.42404,0.873171,26.809197
0.025,700,0.2,0.8,18,4,0.9,7.645316,12.2309,0.877451,27.057929,0.892683,27.521507
0.025,700,0.2,0.8,18,4,1.0,7.809765,12.679,0.882353,27.517277,0.897561,28.298571
0.025,700,0.2,0.8,18,5,0.8,7.851595,11.5172,0.872549,26.681643,0.887805,27.220356
0.025,700,0.2,0.8,18,5,0.9,7.849659,11.4909,0.877451,26.869043,0.882927,27.190262
0.025,700,0.2,0.8,18,5,1.0,8.005426,12.0853,0.882353,27.548696,0.902439,28.096182
0.025,700,0.2,0.8,20,4,0.8,7.250541,12.1995,0.867647,26.219477,0.882927,26.700549
0.025,700,0.2,0.8,20,4,0.9,7.644087,12.0544,0.872549,27.01167,0.882927,27.34258
0.025,700,0.2,0.8,20,4,1.0,7.307933,12.5885,0.877451,26.611681,0.902439,27.204362
0.025,700,0.2,0.8,20,5,0.8,8.454704,11.4338,0.877451,27.945628,0.902439,28.343174
0.025,700,0.2,0.8,20,5,0.9,7.73825,11.6465,0.877451,26.720201,0.887805,27.122984
0.025,700,0.2,0.8,20,5,1.0,7.27153,11.962,0.877451,26.095873,0.863415,26.505105
0.025,700,0.2,0.8,22,4,0.8,7.319749,12.3206,0.877451,26.527742,0.878049,26.960118
0.025,700,0.2,0.8,22,4,0.9,7.610259,12.2562,0.877451,27.041361,0.897561,27.476699
0.025,700,0.2,0.8,22,4,1.0,7.852342,12.4166,0.897059,27.638696,0.902439,28.121305
0.025,700,0.2,0.8,22,5,0.8,8.309232,11.4492,0.882353,27.677657,0.882927,28.067694
0.025,700,0.2,0.8,22,5,0.9,7.551162,11.7202,0.872549,26.396521,0.882927,26.822493
0.025,700,0.2,0.8,22,5,1.0,7.921621,12.1131,0.887255,27.515415,0.882927,27.956293
0.025,700,0.2,0.8,25,4,0.8,7.975682,12.1518,0.892157,27.707504,0.887805,28.103186
0.025,700,0.2,0.8,25,4,0.9,7.806961,12.344,0.882353,27.477243,0.897561,27.957903
0.025,700,0.2,0.8,25,4,1.0,7.347336,12.7686,0.892157,26.659465,0.887805,27.463236
0.025,700,0.2,0.8,25,5,0.8,8.271576,11.4631,0.882353,27.726054,0.887805,28.006216
0.025,700,0.2,0.8,25,5,0.9,8.01739,11.6513,0.877451,27.316055,0.887805,27.686101
0.025,700,0.2,0.8,25,5,1.0,7.258284,11.7953,0.882353,26.053044,0.878049,26.311864
0.025,700,0.2,0.8,30,4,0.8,7.550455,12.323,0.887255,26.866641,0.873171,27.423949
0.025,700,0.2,0.8,30,4,0.9,7.23608,12.1917,0.882353,26.103355,0.882927,26.663823
0.025,700,0.2,0.8,30,4,1.0,8.209844,12.6259,0.892157,28.33433,0.897561,29.045571
0.025,700,0.2,0.8,30,5,0.8,7.961497,11.493,0.877451,27.016953,0.878049,27.416031
0.025,700,0.2,0.8,30,5,0.9,7.675345,11.7307,0.872549,26.643384,0.882927,27.081403
0.025,700,0.2,0.8,30,5,1.0,7.026972,12.3299,0.872549,25.641581,0.863415,26.383822
0.025,800,0.15,0.85,15,4,0.8,6.323813,14.6437,0.872549,26.829692,0.882927,27.291365
0.025,800,0.15,0.85,15,4,0.9,5.628519,14.5849,0.877451,25.341294,0.853659,25.841919
0.025,800,0.15,0.85,15,4,1.0,5.623484,14.8428,0.887255,25.537897,0.868293,26.089817
0.025,800,0.15,0.85,15,5,0.8,6.069753,13.7318,0.872549,25.585131,0.858537,25.871308
0.025,800,0.15,0.85,15,5,0.9,6.355294,13.7553,0.882353,26.17261,0.882927,26.465899
0.025,800,0.15,0.85,15,5,1.0,6.467844,13.8286,0.882353,26.379428,0.882927,26.764309
0.025,800,0.15,0.85,18,4,0.8,6.105668,14.7295,0.877451,26.478686,0.878049,26.940877
0.025,800,0.15,0.85,18,4,0.9,5.828006,14.6781,0.872549,25.857709,0.878049,26.334071
0.025,800,0.15,0.85,18,4,1.0,6.199217,14.9402,0.882353,26.854002,0.892683,27.338654
0.025,800,0.15,0.85,18,5,0.8,6.47067,13.9486,0.877451,26.604818,0.878049,26.889921
0.025,800,0.15,0.85,18,5,0.9,6.605897,13.883,0.887255,26.781809,0.882927,27.094771
0.025,800,0.15,0.85,18,5,1.0,6.038688,14.1634,0.877451,26.035719,0.882927,26.240791
0.025,800,0.15,0.85,20,4,0.8,5.762116,14.5919,0.872549,25.637772,0.868293,26.116152
0.025,800,0.15,0.85,20,4,0.9,5.808456,14.5305,0.877451,25.765617,0.873171,26.1474
0.025,800,0.15,0.85,20,4,1.0,5.931703,14.7954,0.887255,26.356804,0.882927,26.658842
0.025,800,0.15,0.85,20,5,0.8,6.384196,13.7151,0.877451,26.172522,0.873171,26.483474
0.025,800,0.15,0.85,20,5,0.9,6.526967,13.8963,0.877451,26.410052,0.873171,26.950191
0.025,800,0.15,0.85,20,5,1.0,6.077156,13.7845,0.887255,25.752352,0.878049,25.938797
0.025,800,0.15,0.85,22,4,0.8,5.72489,14.5302,0.877451,25.588897,0.873171,25.979978
0.025,800,0.15,0.85,22,4,0.9,5.984106,14.6059,0.882353,26.002912,0.882927,26.574123
0.025,800,0.15,0.85,22,4,1.0,5.816602,14.9065,0.892157,26.144221,0.882927,26.539671
0.025,800,0.15,0.85,22,5,0.8,6.389731,13.781,0.877451,26.321661,0.873171,26.560505
0.025,800,0.15,0.85,22,5,0.9,6.869782,13.8934,0.882353,27.187118,0.887805,27.63295
0.025,800,0.15,0.85,22,5,1.0,6.141354,14.2964,0.882353,26.120859,0.878049,26.579091
0.025,800,0.15,0.85,25,4,0.8,6.272787,14.5306,0.892157,26.567598,0.887805,27.076197
0.025,800,0.15,0.85,25,4,0.9,6.013861,14.5248,0.887255,26.147279,0.873171,26.552549
0.025,800,0.15,0.85,25,4,1.0,6.593779,14.7561,0.892157,27.463537,0.897561,27.943658
0.025,800,0.15,0.85,25,5,0.8,5.847331,13.8212,0.872549,25.156566,0.84878,25.515883
0.025,800,0.15,0.85,25,5,0.9,6.162985,13.9134,0.877451,25.799407,0.863415,26.239406
0.025,800,0.15,0.85,25,5,1.0,6.535377,14.1089,0.882353,26.81822,0.897561,27.179693
0.025,800,0.15,0.85,30,4,0.8,6.357919,14.6367,0.901961,26.968259,0.868293,27.352546
0.025,800,0.15,0.85,30,4,0.9,6.087903,14.7021,0.887255,26.385116,0.878049,26.877891
0.025,800,0.15,0.85,30,4,1.0,5.943422,14.6782,0.887255,26.10288,0.892683,26.565058
0.025,800,0.15,0.85,30,5,0.8,6.661383,13.9855,0.892157,26.870783,0.878049,27.308263
0.025,800,0.15,0.85,30,5,0.9,6.601694,13.9739,0.892157,26.734747,0.878049,27.177287
0.025,800,0.15,0.85,30,5,1.0,6.100518,14.0504,0.872549,25.928065,0.868293,26.251396
0.025,800,0.2,0.8,15,4,0.8,7.373497,11.9753,0.872549,26.376884,0.868293,26.722299
0.025,800,0.2,0.8,15,4,0.9,7.101249,12.1191,0.862745,25.962898,0.858537,26.321626
0.025,800,0.2,0.8,15,4,1.0,6.861894,12.6758,0.877451,25.648208,0.868293,26.399624
0.025,800,0.2,0.8,15,5,0.8,7.644042,11.2824,0.872549,26.222649,0.868293,26.570447
0.025,800,0.2,0.8,15,5,0.9,7.574467,11.4073,0.872549,25.995218,0.863415,26.556221
0.025,800,0.2,0.8,15,5,1.0,8.183894,12.081,0.882353,27.802776,0.897561,28.448803
0.025,800,0.2,0.8,18,4,0.8,7.611906,12.0813,0.882353,26.930602,0.878049,27.305086
0.025,800,0.2,0.8,18,4,0.9,7.736082,12.1048,0.877451,27.115172,0.887805,27.57701
0.025,800,0.2,0.8,18,4,1.0,7.589583,12.5425,0.882353,26.932554,0.892683,27.72163
0.025,800,0.2,0.8,18,5,0.8,7.947664,11.3251,0.872549,26.691914,0.887805,27.220449
0.025,800,0.2,0.8,18,5,0.9,7.896135,11.2826,0.877451,26.7597,0.878049,27.074899
0.025,800,0.2,0.8,18,5,1.0,8.00815,11.9769,0.877451,27.435917,0.902439,27.993243
0.025,800,0.2,0.8,20,4,0.8,7.261223,12.0298,0.867647,26.093244,0.882927,26.552263
0.025,800,0.2,0.8,20,4,0.9,7.960902,11.9454,0.877451,27.563472,0.902439,27.867235
0.025,800,0.2,0.8,20,4,1.0,7.4032,12.4714,0.877451,26.714588,0.897561,27.277783
0.025,800,0.2,0.8,20,5,0.8,8.641768,11.3073,0.877451,28.19606,0.907317,28.590869
0.025,800,0.2,0.8,20,5,0.9,7.739229,11.4851,0.877451,26.567191,0.878049,26.963532
0.025,800,0.2,0.8,20,5,1.0,7.358232,11.876,0.877451,26.177601,0.863415,26.592445
0.025,800,0.2,0.8,22,4,0.8,7.440427,12.1793,0.872549,26.6473,0.878049,27.060124
0.025,800,0.2,0.8,22,4,0.9,7.747749,12.1228,0.877451,27.187666,0.897561,27.618318
0.025,800,0.2,0.8,22,4,1.0,8.012628,12.2282,0.892157,27.777228,0.902439,28.253487
0.025,800,0.2,0.8,22,5,0.8,8.538413,11.2657,0.882353,27.961816,0.892683,28.342522
0.025,800,0.2,0.8,22,5,0.9,7.661584,11.5671,0.872549,26.470516,0.873171,26.89024
0.025,800,0.2,0.8,22,5,1.0,7.928209,12.0351,0.887255,27.452902,0.882927,27.891526
0.025,800,0.2,0.8,25,4,0.8,8.214675,12.0185,0.892157,28.05817,0.897561,28.447889
0.025,800,0.2,0.8,25,4,0.9,7.850952,12.2191,0.877451,27.46056,0.897561,27.920956
0.025,800,0.2,0.8,25,4,1.0,7.340761,12.7068,0.892157,26.597641,0.887805,27.388317
0.025,800,0.2,0.8,25,5,0.8,8.53062,11.2333,0.882353,28.056532,0.897561,28.294576
0.025,800,0.2,0.8,25,5,0.9,7.977689,11.4709,0.872549,27.082326,0.882927,27.426256
0.025,800,0.2,0.8,25,5,1.0,7.440599,11.6645,0.877451,26.299477,0.873171,26.5457
0.025,800,0.2,0.8,30,4,0.8,7.752686,12.1877,0.892157,27.157217,0.878049,27.693038
0.025,800,0.2,0.8,30,4,0.9,7.488667,12.0808,0.882353,26.517358,0.897561,27.058158
0.025,800,0.2,0.8,30,4,1.0,8.301744,12.5003,0.892157,28.423069,0.897561,29.103814
0.025,800,0.2,0.8,30,5,0.8,8.2003,11.3266,0.887255,27.356203,0.878049,27.727203
0.025,800,0.2,0.8,30,5,0.9,7.677176,11.6066,0.877451,26.530842,0.878049,26.960941
0.025,800,0.2,0.8,30,5,1.0,7.043115,12.2027,0.867647,25.549862,0.863415,26.28897
0.028,400,0.15,0.85,15,4,0.8,6.18169,15.492,0.901961,27.384986,0.902439,27.855404
0.028,400,0.15,0.85,15,4,0.9,5.546248,15.6208,0.882353,26.200155,0.887805,26.713266
0.028,400,0.15,0.85,15,4,1.0,5.507371,15.7892,0.892157,26.187662,0.882927,26.803905
0.028,400,0.15,0.85,15,5,0.8,5.969268,14.8392,0.887255,26.36001,0.868293,26.777722
0.028,400,0.15,0.85,15,5,0.9,5.424651,14.5891,0.882353,25.118875,0.853659,25.438353
0.028,400,0.15,0.85,15,5,1.0,5.827464,14.8607,0.892157,25.976165,0.882927,26.515672
0.028,400,0.15,0.85,18,4,0.8,5.756096,15.3482,0.887255,26.39482,0.878049,26.860377
0.028,400,0.15,0.85,18,4,0.9,5.639286,15.4387,0.892157,26.243498,0.892683,26.7173
0.028,400,0.15,0.85,18,4,1.0,5.809613,15.4895,0.892157,26.600186,0.887805,27.108739
0.028,400,0.15,0.85,18,5,0.8,6.208413,14.6864,0.887255,26.723713,0.897561,27.10318
0.028,400,0.15,0.85,18,5,0.9,5.575949,14.7861,0.882353,25.607173,0.853659,25.938005
0.028,400,0.15,0.85,18,5,1.0,5.966064,15.0334,0.892157,26.513331,0.892683,26.96556
0.028,400,0.15,0.85,20,4,0.8,5.750422,15.2645,0.882353,26.358759,0.878049,26.765342
0.028,400,0.15,0.85,20,4,0.9,5.62129,15.4167,0.887255,26.192515,0.892683,26.659294
0.028,400,0.15,0.85,20,4,1.0,5.508611,15.4147,0.887255,26.010519,0.882927,26.431925
0.028,400,0.15,0.85,20,5,0.8,5.644269,14.4485,0.882353,25.439721,0.863415,25.737028
0.028,400,0.15,0.85,20,5,0.9,5.576428,14.8209,0.877451,25.580967,0.858537,25.973781
0.028,400,0.15,0.85,20,5,1.0,6.069695,14.4678,0.897059,26.453986,0.882927,26.607208
0.028,400,0.15,0.85,22,4,0.8,5.38107,15.3387,0.882353,25.640184,0.873171,26.100824
0.028,400,0.15,0.85,22,4,0.9,5.360243,15.2502,0.887255,25.52866,0.873171,25.970658
0.028,400,0.15,0.85,22,4,1.0,5.784494,15.6399,0.906863,26.640871,0.902439,27.208924
0.028,400,0.15,0.85,22,5,0.8,6.182949,14.6539,0.892157,26.684435,0.887805,27.019752
0.028,400,0.15,0.85,22,5,0.9,6.157046,14.6625,0.887255,26.573833,0.897561,26.97662
0.028,400,0.15,0.85,22,5,1.0,5.139073,14.637,0.867647,24.495097,0.887805,24.9151
0.028,400,0.15,0.85,25,4,0.8,5.464722,15.2818,0.887255,25.824521,0.878049,26.211275
0.028,400,0.15,0.85,25,4,0.9,5.760518,15.1689,0.897059,26.297297,0.887805,26.689895
0.028,400,0.15,0.85,25,4,1.0,5.870683,15.3652,0.892157,26.597136,0.902439,27.106586
0.028,400,0.15,0.85,25,5,0.8,5.629256,14.7397,0.887255,25.522192,0.863415,25.998182
0.028,400,0.15,0.85,25,5,0.9,5.737561,14.6186,0.887255,25.695938,0.873171,26.093705
0.028,400,0.15,0.85,25,5,1.0,5.258341,14.6658,0.882353,24.808711,0.863415,25.182459
0.028,400,0.15,0.85,30,4,0.8,5.301275,15.2505,0.892157,25.323546,0.868293,25.853051
0.028,400,0.15,0.85,30,4,0.9,5.331124,15.4664,0.882353,25.545316,0.878049,26.128654
0.028,400,0.15,0.85,30,4,1.0,5.78047,15.1705,0.887255,26.136682,0.892683,26.731448
0.028,400,0.15,0.85,30,5,0.8,5.767043,14.6612,0.887255,25.800107,0.863415,26.195295
0.028,400,0.15,0.85,30,5,0.9,5.734409,14.7109,0.897059,25.664426,0.873171,26.179757
0.028,400,0.15,0.85,30,5,1.0,5.573149,14.6667,0.887255,25.441609,0.868293,25.81303
0.028,400,0.2,0.8,15,4,0.8,7.238306,12.7353,0.877451,26.677153,0.887805,27.211926
0.028,400,0.2,0.8,15,4,0.9,6.942723,12.5677,0.882353,25.940808,0.882927,26.453172
0.028,400,0.2,0.8,15,4,1.0,7.037609,12.9277,0.887255,26.305314,0.887805,27.002962
0.028,400,0.2,0.8,15,5,0.8,7.623184,12.1637,0.862745,26.907721,0.878049,27.410084
0.028,400,0.2,0.8,15,5,0.9,7.040808,12.1719,0.872549,25.813443,0.873171,26.253502
0.028,400,0.2,0.8,15,5,1.0,7.765913,12.6727,0.887255,27.506956,0.907317,28.204483
0.028,400,0.2,0.8,18,4,0.8,7.353977,12.5671,0.892157,26.911322,0.892683,27.27508
0.028,400,0.2,0.8,18,4,0.9,7.017852,12.7724,0.872549,26.340537,0.878049,26.808053
0.028,400,0.2,0.8,18,4,1.0,7.360416,13.0067,0.877451,26.973184,0.892683,27.727499
0.028,400,0.2,0.8,18,5,0.8,7.253705,12.0422,0.867647,26.171418,0.878049,26.549587
0.028,400,0.2,0.8,18,5,0.9,8.001069,12.2676,0.897059,27.882188,0.897561,28.269694
0.028,400,0.2,0.8,18,5,1.0,7.804127,12.5697,0.872549,27.651484,0.887805,28.177913
0.028,400,0.2,0.8,20,4,0.8,7.028427,12.6136,0.872549,26.293252,0.882927,26.670413
0.028,400,0.2,0.8,20,4,0.9,7.18237,12.8418,0.897059,26.719945,0.882927,27.206515
0.028,400,0.2,0.8,20,4,1.0,6.561553,12.8975,0.867647,25.344243,0.873171,26.020642
0.028,400,0.2,0.8,20,5,0.8,7.476039,11.8964,0.862745,26.431451,0.878049,26.848431
0.028,400,0.2,0.8,20,5,0.9,7.786339,12.1845,0.887255,27.337119,0.882927,27.757192
0.028,400,0.2,0.8,20,5,1.0,7.261226,12.4481,0.877451,26.544382,0.892683,26.97059
0.028,400,0.2,0.8,22,4,0.8,6.792106,12.7122,0.882353,25.908812,0.878049,26.296385
0.028,400,0.2,0.8,22,4,0.9,7.399019,12.8602,0.887255,27.08201,0.892683,27.658192
0.028,400,0.2,0.8,22,4,1.0,7.292908,12.883,0.897059,26.792717,0.902439,27.4688
0.028,400,0.2,0.8,22,5,0.8,7.573435,11.9461,0.887255,26.692346,0.878049,27.092996
0.028,400,0.2,0.8,22,5,0.9,7.541457,12.0328,0.872549,26.776351,0.897561,27.115701
0.028,400,0.2,0.8,22,5,1.0,7.298117,12.6556,0.892157,26.657613,0.887805,27.251812
0.028,400,0.2,0.8,25,4,0.8,6.965807,12.5655,0.887255,26.089066,0.873171,26.497079
0.028,400,0.2,0.8,25,4,0.9,7.433638,12.7246,0.892157,27.07398,0.897561,27.591887
0.028,400,0.2,0.8,25,4,1.0,7.379228,13.0695,0.882353,27.041238,0.907317,27.827915
0.028,400,0.2,0.8,25,5,0.8,7.115431,12.0317,0.872549,25.820687,0.868293,26.26255
0.028,400,0.2,0.8,25,5,0.9,7.615433,12.0703,0.882353,26.863888,0.882927,27.301127
0.028,400,0.2,0.8,25,5,1.0,7.555943,12.3886,0.887255,26.952758,0.892683,27.500511
0.028,400,0.2,0.8,30,4,0.8,6.8979,12.6963,0.887255,26.018533,0.878049,26.492101
0.028,400,0.2,0.8,30,4,0.9,7.944799,12.5867,0.901961,27.977462,0.897561,28.476259
0.028,400,0.2,0.8,30,4,1.0,6.910772,12.7535,0.877451,25.891717,0.902439,26.575014
0.028,400,0.2,0.8,30,5,0.8,7.471297,12.0266,0.882353,26.580439,0.887805,26.969151
0.028,400,0.2,0.8,30,5,0.9,7.135093,12.25,0.877451,26.028886,0.873171,26.520209
0.028,400,0.2,0.8,30,5,1.0,7.269467,12.4803,0.877451,26.284461,0.882927,27.019255
0.028,450,0.15,0.85,15,4,0.8,6.199531,15.2397,0.897059,27.190517,0.902439,27.638791
0.028,450,0.15,0.85,15,4,0.9,5.736997,15.4715,0.882353,26.426869,0.878049,26.945504
0.028,450,0.15,0.85,15,4,1.0,5.716955,15.5071,0.892157,26.329255,0.887805,26.940976
0.028,450,0.15,0.85,15,5,0.8,5.83502,14.5935,0.882353,25.896626,0.868293,26.263493
0.028,450,0.15,0.85,15,5,0.9,5.448822,14.3853,0.877451,24.985872,0.853659,25.282928
0.028,450,0.15,0.85,15,5,1.0,6.175567,14.6695,0.892157,26.467925,0.892683,27.020608
0.028,450,0.15,0.85,18,4,0.8,5.760629,15.1704,0.882353,26.219813,0.868293,26.69164
0.028,450,0.15,0.85,18,4,0.9,5.601903,15.2612,0.882353,26.008127,0.882927,26.464995
0.028,450,0.15,0.85,18,4,1.0,5.945838,15.3166,0.887255,26.717927,0.887805,27.208315
0.028,450,0.15,0.85,18,5,0.8,6.142315,14.5275,0.887255,26.421911,0.887805,26.812166
0.028,450,0.15,0.85,18,5,0.9,5.623589,14.6561,0.882353,25.582399,0.853659,25.90329
0.028,450,0.15,0.85,18,5,1.0,5.979077,14.8635,0.887255,26.394472,0.892683,26.821614
0.028,450,0.15,0.85,20,4,0.8,5.721915,15.0981,0.882353,26.122771,0.878049,26.541975
0.028,450,0.15,0.85,20,4,0.9,5.638997,15.2697,0.882353,26.067067,0.887805,26.547683
0.028,450,0.15,0.85,20,4,1.0,5.718715,15.1997,0.887255,26.223114,0.887805,26.637103
0.028,450,0.15,0.85,20,5,0.8,5.755836,14.295,0.877451,25.542034,0.868293,25.806661
0.028,450,0.15,0.85,20,5,0.9,5.710952,14.608,0.877451,25.628026,0.863415,26.029886
0.028,450,0.15,0.85,20,5,1.0,5.922099,14.36,0.892157,26.062077,0.878049,26.204184
0.028,450,0.15,0.85,22,4,0.8,5.486331,15.1858,0.882353,25.67662,0.873171,26.158434
0.028,450,0.15,0.85,22,4,0.9,5.454124,15.069,0.887255,25.510713,0.878049,25.977273
0.028,450,0.15,0.85,22,4,1.0,5.78559,15.3728,0.892157,26.39006,0.902439,26.943939
0.028,450,0.15,0.85,22,5,0.8,6.303444,14.4805,0.887255,26.752073,0.887805,27.087435
0.028,450,0.15,0.85,22,5,0.9,6.393628,14.4997,0.892157,26.911081,0.897561,27.286963
0.028,450,0.15,0.85,22,5,1.0,5.295239,14.482,0.867647,24.661787,0.887805,25.072473
0.028,450,0.15,0.85,25,4,0.8,5.658997,15.1189,0.887255,26.037299,0.882927,26.436865
0.028,450,0.15,0.85,25,4,0.9,5.67175,15.0183,0.897059,25.959932,0.868293,26.361837
0.028,450,0.15,0.85,25,4,1.0,5.906539,15.2446,0.892157,26.55727,0.902439,27.057637
0.028,450,0.15,0.85,25,5,0.8,5.811441,14.5549,0.887255,25.696198,0.873171,26.177769
0.028,450,0.15,0.85,25,5,0.9,5.65421,14.4608,0.882353,25.377961,0.868293,25.769238
0.028,450,0.15,0.85,25,5,1.0,5.436819,14.5393,0.877451,25.03487,0.868293,25.412927
0.028,450,0.15,0.85,30,4,0.8,5.543668,15.0819,0.892157,25.649062,0.882927,26.16926
0.028,450,0.15,0.85,30,4,0.9,5.704658,15.3085,0.887255,26.133943,0.887805,26.717823
0.028,450,0.15,0.85,30,4,1.0,5.808538,15.0838,0.887255,26.10102,0.892683,26.70085
0.028,450,0.15,0.85,30,5,0.8,5.769498,14.5198,0.887255,25.661084,0.853659,26.058843
0.028,450,0.15,0.85,30,5,0.9,5.881803,14.5856,0.897059,25.840936,0.882927,26.349169
0.028,450,0.15,0.85,30,5,1.0,5.677483,14.5612,0.887255,25.558942,0.878049,25.916201
0.028,450,0.2,0.8,15,4,0.8,7.490889,12.5807,0.882353,27.047074,0.892683,27.562468
0.028,450,0.2,0.8,15,4,0.9,7.028158,12.4758,0.877451,26.013461,0.878049,26.532141
0.028,450,0.2,0.8,15,4,1.0,7.047124,12.8027,0.882353,26.2145,0.892683,26.896977
0.028,450,0.2,0.8,15,5,0.8,7.719976,11.9583,0.862745,26.89392,0.878049,27.398277
0.028,450,0.2,0.8,15,5,0.9,7.085479,12.0053,0.872549,25.77081,0.868293,26.176265
0.028,450,0.2,0.8,15,5,1.0,7.740102,12.5178,0.887255,27.332945,0.902439,27.997988
0.028,450,0.2,0.8,18,4,0.8,7.393304,12.4309,0.882353,26.835657,0.892683,27.217464
0.028,450,0.2,0.8,18,4,0.9,7.124499,12.6085,0.872549,26.413274,0.873171,26.857489
0.028,450,0.2,0.8,18,4,1.0,7.329257,12.9305,0.877451,26.824314,0.892683,27.589056
0.028,450,0.2,0.8,18,5,0.8,7.485201,11.871,0.867647,26.510689,0.878049,26.841399
0.028,450,0.2,0.8,18,5,0.9,8.071341,12.0886,0.892157,27.863696,0.897561,28.231288
0.028,450,0.2,0.8,18,5,1.0,7.77927,12.4131,0.867647,27.458252,0.887805,27.971612
0.028,450,0.2,0.8,20,4,0.8,7.008652,12.4806,0.872549,26.138777,0.878049,26.497893
0.028,450,0.2,0.8,20,4,0.9,7.444763,12.6741,0.897059,27.082446,0.882927,27.563675
0.028,450,0.2,0.8,20,4,1.0,6.741882,12.7862,0.867647,25.624288,0.873171,26.269927
0.028,450,0.2,0.8,20,5,0.8,7.6124,11.6987,0.872549,26.544684,0.882927,26.923462
0.028,450,0.2,0.8,20,5,0.9,7.823226,12.0678,0.887255,27.29573,0.882927,27.714299
0.028,450,0.2,0.8,20,5,1.0,7.379468,12.3595,0.877451,26.665119,0.892683,27.118455
0.028,450,0.2,0.8,22,4,0.8,6.989064,12.5662,0.882353,26.182954,0.882927,26.544363
0.028,450,0.2,0.8,22,4,0.9,7.551279,12.7719,0.892157,27.298577,0.892683,27.874501
0.028,450,0.2,0.8,22,4,1.0,7.385473,12.8089,0.897059,26.912538,0.902439,27.579826
0.028,450,0.2,0.8,22,5,0.8,7.62456,11.7509,0.887255,26.610859,0.878049,27.000041
0.028,450,0.2,0.8,22,5,0.9,7.569352,11.9236,0.872549,26.726014,0.887805,27.062305
0.028,450,0.2,0.8,22,5,1.0,7.187686,12.5422,0.887255,26.348708,0.873171,26.917593
0.028,450,0.2,0.8,25,4,0.8,7.205473,12.448,0.882353,26.45642,0.878049,26.85894
0.028,450,0.2,0.8,25,4,0.9,7.344728,12.6108,0.887255,26.786829,0.892683,27.30028
0.028,450,0.2,0.8,25,4,1.0,7.258979,13.001,0.882353,26.790884,0.907317,27.518955
0.028,450,0.2,0.8,25,5,0.8,7.25883,11.8927,0.877451,25.984333,0.878049,26.410361
0.028,450,0.2,0.8,25,5,0.9,7.557251,11.9368,0.877451,26.630319,0.868293,27.05127
0.028,450,0.2,0.8,25,5,1.0,7.619652,12.3224,0.887255,27.012521,0.892683,27.561727
0.028,450,0.2,0.8,30,4,0.8,7.040203,12.5577,0.887255,26.178218,0.878049,26.638145
0.028,450,0.2,0.8,30,4,0.9,7.817616,12.4341,0.901961,27.584866,0.897561,28.069361
0.028,450,0.2,0.8,30,4,1.0,7.187956,12.602,0.877451,26.320227,0.902439,26.977924
0.028,450,0.2,0.8,30,5,0.8,7.640559,11.8373,0.882353,26.756514,0.887805,27.118435
0.028,450,0.2,0.8,30,5,0.9,7.168093,12.0889,0.872549,25.936017,0.868293,26.425102
0.028,450,0.2,0.8,30,5,1.0,7.294997,12.3319,0.877451,26.174801,0.882927,26.921897
0.028,500,0.15,0.85,15,4,0.8,6.296817,15.068,0.901961,27.244569,0.892683,27.661682
0.028,500,0.15,0.85,15,4,0.9,5.666198,15.2712,0.877451,26.084166,0.873171,26.603586
0.028,500,0.15,0.85,15,4,1.0,5.727506,15.3803,0.892157,26.198489,0.887805,26.835338
0.028,500,0.15,0.85,15,5,0.8,6.011539,14.4163,0.882353,26.090547,0.868293,26.439397
0.028,500,0.15,0.85,15,5,0.9,5.781169,14.2401,0.872549,25.500558,0.863415,25.80244
0.028,500,0.15,0.85,15,5,1.0,6.1402,14.5171,0.892157,26.238251,0.887805,26.797528
0.028,500,0.15,0.85,18,4,0.8,5.866132,15.0656,0.882353,26.308017,0.858537,26.797827
0.028,500,0.15,0.85,18,4,0.9,5.734905,15.1219,0.877451,26.127838,0.878049,26.5917
0.028,500,0.15,0.85,18,4,1.0,6.140203,15.0693,0.897059,26.859188,0.882927,27.349703
0.028,500,0.15,0.85,18,5,0.8,6.138209,14.4195,0.882353,26.29717,0.882927,26.695878
0.028,500,0.15,0.85,18,5,0.9,5.613865,14.4589,0.877451,25.403455,0.843902,25.686656
0.028,500,0.15,0.85,18,5,1.0,5.972138,14.7734,0.887255,26.298594,0.892683,26.717693
0.028,500,0.15,0.85,20,4,0.8,5.799321,14.9594,0.882353,26.152352,0.873171,26.558042
0.028,500,0.15,0.85,20,4,0.9,5.700922,15.168,0.882353,26.077215,0.882927,26.569802
0.028,500,0.15,0.85,20,4,1.0,5.656,15.0479,0.887255,25.959124,0.882927,26.359899
0.028,500,0.15,0.85,20,5,0.8,6.067088,14.1463,0.877451,26.023697,0.868293,26.280435
0.028,500,0.15,0.85,20,5,0.9,5.928385,14.4948,0.877451,25.961172,0.878049,26.351537
0.028,500,0.15,0.85,20,5,1.0,5.887474,14.2179,0.887255,25.842869,0.873171,25.992897
0.028,500,0.15,0.85,22,4,0.8,5.50299,15.0668,0.882353,25.563603,0.873171,26.072731
0.028,500,0.15,0.85,22,4,0.9,5.444316,14.9269,0.887255,25.376299,0.863415,25.81558
0.028,500,0.15,0.85,22,4,1.0,5.886991,15.2648,0.906863,26.495622,0.897561,27.038737
0.028,500,0.15,0.85,22,5,0.8,6.485571,14.3111,0.877451,26.965085,0.887805,27.282245
0.028,500,0.15,0.85,22,5,0.9,6.259187,14.3395,0.882353,26.504355,0.887805,26.857861
0.028,500,0.15,0.85,22,5,1.0,5.351761,14.2803,0.862745,24.605987,0.882927,24.983811
0.028,500,0.15,0.85,25,4,0.8,5.755164,14.9608,0.887255,26.073859,0.882927,26.471118
0.028,500,0.15,0.85,25,4,0.9,5.417687,14.8882,0.882353,25.301634,0.863415,25.72359
0.028,500,0.15,0.85,25,4,1.0,5.952403,15.125,0.892157,26.53019,0.902439,27.029842
0.028,500,0.15,0.85,25,5,0.8,5.894369,14.4368,0.892157,25.741432,0.873171,26.225491
0.028,500,0.15,0.85,25,5,0.9,5.60191,14.3232,0.882353,25.146015,0.868293,25.526992
0.028,500,0.15,0.85,25,5,1.0,5.413266,14.4257,0.877451,24.882911,0.863415,25.25228
0.028,500,0.15,0.85,30,4,0.8,5.584441,14.8955,0.892157,25.551152,0.878049,26.064391
0.028,500,0.15,0.85,30,4,0.9,5.804293,15.2122,0.887255,26.245658,0.887805,26.820789
0.028,500,0.15,0.85,30,4,1.0,5.833626,14.9606,0.887255,26.047228,0.892683,26.627821
0.028,500,0.15,0.85,30,5,0.8,5.866345,14.3904,0.882353,25.739414,0.858537,26.123124
0.028,500,0.15,0.85,30,5,0.9,5.862858,14.416,0.892157,25.664151,0.863415,26.141738
0.028,500,0.15,0.85,30,5,1.0,5.766658,14.4503,0.892157,25.629516,0.878049,25.983626
0.028,500,0.2,0.8,15,4,0.8,7.538988,12.4218,0.882353,26.972176,0.887805,27.499812
0.028,500,0.2,0.8,15,4,0.9,7.183236,12.4081,0.877451,26.265677,0.878049,26.774617
0.028,500,0.2,0.8,15,4,1.0,6.958976,12.7499,0.882353,25.972901,0.892683,26.667828
0.028,500,0.2,0.8,15,5,0.8,7.707013,11.8304,0.862745,26.754767,0.878049,27.244382
0.028,500,0.2,0.8,15,5,0.9,7.335889,11.8062,0.872549,26.087889,0.868293,26.477986
0.028,500,0.2,0.8,15,5,1.0,7.744447,12.4164,0.887255,27.260167,0.902439,27.905247
0.028,500,0.2,0.8,18,4,0.8,7.555608,12.3245,0.882353,27.069937,0.892683,27.435681
0.028,500,0.2,0.8,18,4,0.9,7.235991,12.4587,0.872549,26.501814,0.873171,26.930654
0.028,500,0.2,0.8,18,4,1.0,7.405845,12.8642,0.877451,26.922164,0.892683,27.675885
0.028,500,0.2,0.8,18,5,0.8,7.71446,11.7385,0.867647,26.832073,0.882927,27.16739
0.028,500,0.2,0.8,18,5,0.9,8.009728,11.9152,0.887255,27.588289,0.882927,27.934608
0.028,500,0.2,0.8,18,5,1.0,7.835092,12.3032,0.867647,27.490257,0.892683,27.973367
0.028,500,0.2,0.8,20,4,0.8,7.083293,12.3677,0.867647,26.16479,0.873171,26.534302
0.028,500,0.2,0.8,20,4,0.9,7.417084,12.4994,0.892157,26.857237,0.882927,27.333597
0.028,500,0.2,0.8,20,4,1.0,6.776616,12.7414,0.867647,25.651782,0.878049,26.294672
0.028,500,0.2,0.8,20,5,0.8,7.658272,11.5463,0.867647,26.507787,0.878049,26.86282
0.028,500,0.2,0.8,20,5,0.9,7.787465,11.9719,0.887255,27.151038,0.882927,27.546796
0.028,500,0.2,0.8,20,5,1.0,7.308531,12.2871,0.877451,26.452397,0.882927,26.904133
0.028,500,0.2,0.8,22,4,0.8,7.075958,12.3804,0.872549,26.168617,0.887805,26.532346
0.028,500,0.2,0.8,22,4,0.9,7.654923,12.6755,0.892157,27.418983,0.897561,27.985335
0.028,500,0.2,0.8,22,4,1.0,7.456069,12.7037,0.897059,26.975074,0.897561,27.615888
0.028,500,0.2,0.8,22,5,0.8,7.584276,11.6521,0.887255,26.455229,0.868293,26.820656
0.028,500,0.2,0.8,22,5,0.9,7.676583,11.8014,0.872549,26.850008,0.887805,27.154548
0.028,500,0.2,0.8,22,5,1.0,7.098038,12.4353,0.882353,26.078004,0.868293,26.631336
0.028,500,0.2,0.8,25,4,0.8,7.102075,12.3067,0.882353,26.122227,0.873171,26.51084
0.028,500,0.2,0.8,25,4,0.9,7.537568,12.502,0.887255,27.089088,0.897561,27.57711
0.028,500,0.2,0.8,25,4,1.0,7.30294,12.9429,0.877451,26.833402,0.907317,27.548768
0.028,500,0.2,0.8,25,5,0.8,7.411957,11.7627,0.877451,26.181759,0.878049,26.586566
0.028,500,0.2,0.8,25,5,0.9,7.592055,11.8688,0.877451,26.640613,0.868293,27.052925
0.028,500,0.2,0.8,25,5,1.0,7.724247,12.2008,0.892157,27.10192,0.892683,27.649273
0.028,500,0.2,0.8,30,4,0.8,7.135133,12.4119,0.882353,26.224379,0.873171,26.682203
0.028,500,0.2,0.8,30,4,0.9,7.911461,12.3471,0.901961,27.691415,0.892683,28.170041
0.028,500,0.2,0.8,30,4,1.0,6.99255,12.5511,0.872549,25.868749,0.902439,26.536214
0.028,500,0.2,0.8,30,5,0.8,7.752909,11.7027,0.882353,26.860501,0.887805,27.208536
0.028,500,0.2,0.8,30,5,0.9,7.254537,11.9702,0.872549,26.01252,0.868293,26.479232
0.028,500,0.2,0.8,30,5,1.0,7.372697,12.234,0.877451,26.245407,0.878049,26.979361
0.028,550,0.15,0.85,15,4,0.8,6.372003,14.9315,0.901961,27.261636,0.892683,27.675459
0.028,550,0.15,0.85,15,4,0.9,6.005317,15.0704,0.877451,26.581686,0.882927,27.080991
0.028,550,0.15,0.85,15,4,1.0,5.761382,15.247,0.892157,26.141627,0.887805,26.769758
0.028,550,0.15,0.85,15,5,0.8,6.060056,14.2134,0.882353,25.984557,0.868293,26.333528
0.028,550,0.15,0.85,15,5,0.9,5.788936,14.1305,0.872549,25.39636,0.863415,25.708368
0.028,550,0.15,0.85,15,5,1.0,6.139496,14.4484,0.892157,26.15504,0.882927,26.727368
0.028,550,0.15,0.85,18,4,0.8,5.814675,14.9656,0.882353,26.079763,0.858537,26.594928
0.028,550,0.15,0.85,18,4,0.9,5.884076,15.0012,0.877451,26.300448,0.882927,26.769336
0.028,550,0.15,0.85,18,4,1.0,6.20988,14.9123,0.897059,26.852038,0.882927,27.332086
0.028,550,0.15,0.85,18,5,0.8,6.095324,14.3059,0.877451,26.090539,0.878049,26.496571
0.028,550,0.15,0.85,18,5,0.9,5.734735,14.3214,0.877451,25.503492,0.84878,25.790842
0.028,550,0.15,0.85,18,5,1.0,5.981798,14.6515,0.887255,26.213599,0.892683,26.615112
0.028,550,0.15,0.85,20,4,0.8,5.796887,14.8595,0.882353,26.012841,0.873171,26.453256
0.028,550,0.15,0.85,20,4,0.9,5.678157,15.017,0.877451,25.89042,0.868293,26.373276
0.028,550,0.15,0.85,20,4,1.0,5.600698,14.9178,0.882353,25.732761,0.882927,26.119223
0.028,550,0.15,0.85,20,5,0.8,5.980612,14.0474,0.872549,25.73257,0.868293,26.00859
0.028,550,0.15,0.85,20,5,0.9,6.099329,14.3696,0.877451,26.19283,0.878049,26.568247
0.028,550,0.15,0.85,20,5,1.0,5.900123,14.1592,0.887255,25.79816,0.868293,25.95943
0.028,550,0.15,0.85,22,4,0.8,5.56735,14.9699,0.882353,25.610881,0.868293,26.104588
0.028,550,0.15,0.85,22,4,0.9,5.549932,14.7883,0.887255,25.446592,0.868293,25.888126
0.028,550,0.15,0.85,22,4,1.0,5.892757,15.1824,0.901961,26.432758,0.897561,26.967942
0.028,550,0.15,0.85,22,5,0.8,6.698493,14.205,0.882353,27.283103,0.887805,27.60201
0.028,550,0.15,0.85,22,5,0.9,6.108361,14.1812,0.877451,26.032659,0.878049,26.397957
0.028,550,0.15,0.85,22,5,1.0,5.442416,14.2034,0.872549,24.715944,0.882927,25.08827
0.028,550,0.15,0.85,25,4,0.8,5.630147,14.854,0.887255,25.724904,0.878049,26.114283
0.028,550,0.15,0.85,25,4,0.9,5.341924,14.7637,0.877451,25.043133,0.858537,25.447564
0.028,550,0.15,0.85,25,4,1.0,6.047121,14.9865,0.882353,26.580012,0.897561,27.080705
0.028,550,0.15,0.85,25,5,0.8,5.950412,14.2663,0.887255,25.703045,0.873171,26.167168
0.028,550,0.15,0.85,25,5,0.9,5.754534,14.215,0.877451,25.35276,0.868293,25.724083
0.028,550,0.15,0.85,25,5,1.0,5.544508,14.3467,0.877451,25.072892,0.863415,25.435758
0.028,550,0.15,0.85,30,4,0.8,5.679476,14.7441,0.892157,25.620605,0.878049,26.1031
0.028,550,0.15,0.85,30,4,0.9,5.89329,15.098,0.887255,26.303767,0.887805,26.884542
0.028,550,0.15,0.85,30,4,1.0,5.8665,14.8959,0.887255,26.052001,0.892683,26.628898
0.028,550,0.15,0.85,30,5,0.8,6.014973,14.2769,0.887255,25.925809,0.863415,26.306807
0.028,550,0.15,0.85,30,5,0.9,5.955589,14.307,0.897059,25.750356,0.863415,26.218196
0.028,550,0.15,0.85,30,5,1.0,5.78755,14.3473,0.892157,25.552156,0.873171,25.922439
0.028,550,0.2,0.8,15,4,0.8,7.513567,12.3234,0.882353,26.828491,0.892683,27.350514
0.028,550,0.2,0.8,15,4,0.9,7.163206,12.2813,0.877451,26.116034,0.878049,26.607713
0.028,550,0.2,0.8,15,4,1.0,6.964903,12.6781,0.882353,25.904912,0.887805,26.607911
0.028,550,0.2,0.8,15,5,0.8,7.713446,11.6638,0.862745,26.604672,0.878049,27.090661
0.028,550,0.2,0.8,15,5,0.9,7.449293,11.6586,0.872549,26.157697,0.868293,26.557213
0.028,550,0.2,0.8,15,5,1.0,7.794836,12.3593,0.887255,27.30112,0.902439,27.949014
0.028,550,0.2,0.8,18,4,0.8,7.676326,12.1873,0.877451,27.173439,0.887805,27.539989
0.028,550,0.2,0.8,18,4,0.9,7.201944,12.3411,0.872549,26.330249,0.863415,26.744993
0.028,550,0.2,0.8,18,4,1.0,7.471384,12.7422,0.877451,26.929914,0.887805,27.684947
0.028,550,0.2,0.8,18,5,0.8,7.787689,11.5552,0.867647,26.814937,0.878049,27.130626
0.028,550,0.2,0.8,18,5,0.9,8.012492,11.7788,0.877451,27.439789,0.882927,27.803798
0.028,550,0.2,0.8,18,5,1.0,7.834067,12.1782,0.867647,27.366815,0.882927,27.846294
0.028,550,0.2,0.8,20,4,0.8,7.087286,12.289,0.867647,26.075615,0.873171,26.463526
0.028,550,0.2,0.8,20,4,0.9,7.524401,12.4061,0.887255,26.986702,0.887805,27.454855
0.028,550,0.2,0.8,20,4,1.0,6.704773,12.6494,0.862745,25.404928,0.873171,26.058897
0.028,550,0.2,0.8,20,5,0.8,7.784357,11.442,0.872549,26.656878,0.882927,27.010679
0.028,550,0.2,0.8,20,5,0.9,7.816823,11.8456,0.887255,27.087292,0.878049,27.479289
0.028,550,0.2,0.8,20,5,1.0,7.365051,12.1588,0.872549,26.469054,0.882927,26.888909
0.028,550,0.2,0.8,22,4,0.8,7.298457,12.2655,0.877451,26.49939,0.892683,26.862431
0.028,550,0.2,0.8,22,4,0.9,7.741474,12.5363,0.887255,27.490946,0.892683,28.019199
0.028,550,0.2,0.8,22,4,1.0,7.509238,12.5695,0.892157,26.993033,0.897561,27.587957
0.028,550,0.2,0.8,22,5,0.8,7.69065,11.4994,0.877451,26.566191,0.873171,26.880726
0.028,550,0.2,0.8,22,5,0.9,7.796884,11.6581,0.872549,26.958877,0.887805,27.25188
0.028,550,0.2,0.8,22,5,1.0,6.963183,12.3209,0.877451,25.705206,0.863415,26.247264
0.028,550,0.2,0.8,25,4,0.8,7.087452,12.2477,0.872549,26.020849,0.873171,26.422562
0.028,550,0.2,0.8,25,4,0.9,7.623689,12.3746,0.882353,27.138345,0.892683,27.621981
0.028,550,0.2,0.8,25,4,1.0,7.477598,12.8778,0.877451,27.128813,0.907317,27.833003
0.028,550,0.2,0.8,25,5,0.8,7.553649,11.6267,0.877451,26.334135,0.878049,26.733974
0.028,550,0.2,0.8,25,5,0.9,7.685425,11.7381,0.872549,26.706733,0.868293,27.108941
0.028,550,0.2,0.8,25,5,1.0,7.670248,12.1066,0.892157,26.917681,0.887805,27.447059
0.028,550,0.2,0.8,30,4,0.8,7.314378,12.3391,0.882353,26.546264,0.873171,26.967879
0.028,550,0.2,0.8,30,4,0.9,8.159361,12.2464,0.901961,28.074323,0.892683,28.565135
0.028,550,0.2,0.8,30,4,1.0,7.073658,12.445,0.872549,25.927739,0.897561,26.592276
0.028,550,0.2,0.8,30,5,0.8,8.008117,11.5788,0.892157,27.274957,0.897561,27.595006
0.028,550,0.2,0.8,30,5,0.9,7.238666,11.8498,0.867647,25.871957,0.868293,26.327128
0.028,550,0.2,0.8,30,5,1.0,7.410139,12.1558,0.877451,26.249923,0.873171,26.976076
0.028,600,0.15,0.85,15,4,0.8,6.372653,14.8524,0.892157,27.178946,0.887805,27.597706
0.028,600,0.15,0.85,15,4,0.9,6.132509,14.9652,0.877451,26.722464,0.882927,27.23026
0.028,600,0.15,0.85,15,4,1.0,5.936741,15.1643,0.897059,26.419635,0.887805,27.037825
0.028,600,0.15,0.85,15,5,0.8,6.089325,14.1092,0.882353,25.94679,0.868293,26.287843
0.028,600,0.15,0.85,15,5,0.9,5.920023,14.0212,0.872549,25.544123,0.863415,25.861233
0.028,600,0.15,0.85,15,5,1.0,6.1436,14.3521,0.887255,26.060827,0.882927,26.63929
0.028,600,0.15,0.85,18,4,0.8,5.867689,14.8943,0.882353,26.123787,0.858537,26.629653
0.028,600,0.15,0.85,18,4,0.9,5.906083,14.894,0.877451,26.23027,0.873171,26.706215
0.028,600,0.15,0.85,18,4,1.0,6.191978,14.8173,0.897059,26.729066,0.882927,27.201206
0.028,600,0.15,0.85,18,5,0.8,6.110484,14.1639,0.872549,25.989631,0.878049,26.384836
0.028,600,0.15,0.85,18,5,0.9,5.773814,14.2112,0.877451,25.489386,0.84878,25.758842
0.028,600,0.15,0.85,18,5,1.0,6.004131,14.4891,0.882353,26.117544,0.887805,26.497335
0.028,600,0.15,0.85,20,4,0.8,5.842359,14.7404,0.877451,25.992246,0.868293,26.425136
0.028,600,0.15,0.85,20,4,0.9,5.628624,14.9386,0.872549,25.706261,0.858537,26.195882
0.028,600,0.15,0.85,20,4,1.0,5.583385,14.8238,0.877451,25.587344,0.882927,25.990564
0.028,600,0.15,0.85,20,5,0.8,5.929194,13.9091,0.872549,25.517481,0.863415,25.767493
0.028,600,0.15,0.85,20,5,0.9,6.078251,14.2607,0.872549,26.029,0.873171,26.417244
0.028,600,0.15,0.85,20,5,1.0,6.209678,13.9795,0.887255,26.255053,0.882927,26.398891
0.028,600,0.15,0.85,22,4,0.8,5.694388,14.8707,0.882353,25.755774,0.868293,26.259466
0.028,600,0.15,0.85,22,4,0.9,5.579919,14.6998,0.887255,25.431863,0.868293,25.859677
0.028,600,0.15,0.85,22,4,1.0,5.915751,15.1215,0.901961,26.411142,0.897561,26.952994
0.028,600,0.15,0.85,22,5,0.8,6.608892,14.1009,0.882353,26.997543,0.887805,27.318668
0.028,600,0.15,0.85,22,5,0.9,6.234794,14.057,0.877451,26.169476,0.878049,26.526556
0.028,600,0.15,0.85,22,5,1.0,5.940222,14.0726,0.872549,25.560341,0.892683,25.953032
0.028,600,0.15,0.85,25,4,0.8,5.703116,14.7339,0.887255,25.756365,0.873171,26.140165
0.028,600,0.15,0.85,25,4,0.9,5.623831,14.6417,0.882353,25.475349,0.863415,25.88936
0.028,600,0.15,0.85,25,4,1.0,6.046793,14.9116,0.882353,26.482574,0.897561,27.005195
0.028,600,0.15,0.85,25,5,0.8,5.943051,14.1341,0.882353,25.580302,0.873171,26.020167
0.028,600,0.15,0.85,25,5,0.9,5.89259,14.0879,0.877451,25.496374,0.868293,25.873057
0.028,600,0.15,0.85,25,5,1.0,5.543681,14.2555,0.877451,24.989111,0.863415,25.342824
0.028,600,0.15,0.85,30,4,0.8,5.723194,14.6236,0.882353,25.593851,0.873171,26.06996
0.028,600,0.15,0.85,30,4,0.9,5.966726,14.9881,0.897059,26.351005,0.882927,26.921541
0.028,600,0.15,0.85,30,4,1.0,5.920116,14.8071,0.882353,26.076558,0.892683,26.647295
0.028,600,0.15,0.85,30,5,0.8,6.035077,14.1353,0.887255,25.842874,0.863415,26.205478
0.028,600,0.15,0.85,30,5,0.9,6.008524,14.1594,0.887255,25.71045,0.863415,26.176405
0.028,600,0.15,0.85,30,5,1.0,5.804058,14.2434,0.887255,25.491403,0.873171,25.851513
0.028,600,0.2,0.8,15,4,0.8,7.324926,12.2057,0.872549,26.340502,0.873171,26.855579
0.028,600,0.2,0.8,15,4,0.9,7.388026,12.1882,0.882353,26.46488,0.878049,26.964298
0.028,600,0.2,0.8,15,4,1.0,6.971709,12.6443,0.882353,25.863733,0.892683,26.587733
0.028,600,0.2,0.8,15,5,0.8,7.736139,11.5541,0.862745,26.523155,0.868293,27.026349
0.028,600,0.2,0.8,15,5,0.9,7.378625,11.5053,0.877451,25.877162,0.858537,26.262517
0.028,600,0.2,0.8,15,5,1.0,7.844433,12.3193,0.877451,27.343278,0.897561,28.008212
0.028,600,0.2,0.8,18,4,0.8,7.735026,12.1238,0.882353,27.236321,0.892683,27.593898
0.028,600,0.2,0.8,18,4,0.9,7.170037,12.2722,0.872549,26.197569,0.863415,26.612233
0.028,600,0.2,0.8,18,4,1.0,7.555365,12.6906,0.877451,27.078575,0.897561,27.801325
0.028,600,0.2,0.8,18,5,0.8,7.930505,11.4248,0.872549,27.010847,0.868293,27.285813
0.028,600,0.2,0.8,18,5,0.9,8.012413,11.6617,0.877451,27.314483,0.887805,27.686501
0.028,600,0.2,0.8,18,5,1.0,7.737289,12.1235,0.862745,27.117895,0.878049,27.598102
0.028,600,0.2,0.8,20,4,0.8,7.150846,12.1796,0.867647,26.123746,0.873171,26.481268
0.028,600,0.2,0.8,20,4,0.9,7.703771,12.3361,0.892157,27.270184,0.892683,27.743686
0.028,600,0.2,0.8,20,4,1.0,6.760565,12.6194,0.867647,25.510404,0.873171,26.140481
0.028,600,0.2,0.8,20,5,0.8,7.903321,11.3649,0.872549,26.834196,0.887805,27.171585
0.028,600,0.2,0.8,20,5,0.9,7.801239,11.7646,0.882353,26.983075,0.873171,27.367103
0.028,600,0.2,0.8,20,5,1.0,7.486832,12.1005,0.877451,26.6559,0.887805,27.07419
0.028,600,0.2,0.8,22,4,0.8,7.352614,12.1429,0.877451,26.489483,0.882927,26.848079
0.028,600,0.2,0.8,22,4,0.9,7.942737,12.4042,0.882353,27.730435,0.897561,28.289654
0.028,600,0.2,0.8,22,4,1.0,7.558095,12.4831,0.887255,27.005195,0.897561,27.59929
0.028,600,0.2,0.8,22,5,0.8,7.754841,11.3907,0.877451,26.587532,0.868293,26.900409
0.028,600,0.2,0.8,22,5,0.9,7.784238,11.55,0.877451,26.823803,0.887805,27.118436
0.028,600,0.2,0.8,22,5,1.0,7.154916,12.2439,0.877451,26.003244,0.868293,26.553727
0.028,600,0.2,0.8,25,4,0.8,7.197927,12.1154,0.882353,26.130213,0.878049,26.511274
0.028,600,0.2,0.8,25,4,0.9,7.592074,12.2633,0.882353,26.962663,0.887805,27.447487
0.028,600,0.2,0.8,25,4,1.0,7.513703,12.8346,0.877451,27.164054,0.907317,27.862014
0.028,600,0.2,0.8,25,5,0.8,7.592254,11.5469,0.877451,26.341141,0.873171,26.73142
0.028,600,0.2,0.8,25,5,0.9,7.803537,11.6256,0.872549,26.847991,0.868293,27.232663
0.028,600,0.2,0.8,25,5,1.0,7.795088,12.0092,0.892157,27.086527,0.882927,27.599423
0.028,600,0.2,0.8,30,4,0.8,7.231903,12.2492,0.882353,26.290004,0.873171,26.713022
0.028,600,0.2,0.8,30,4,0.9,8.133468,12.1589,0.897059,27.930108,0.892683,28.425859
0.028,600,0.2,0.8,30,4,1.0,7.135944,12.3634,0.872549,25.992792,0.897561,26.635287
0.028,600,0.2,0.8,30,5,0.8,8.144567,11.4788,0.892157,27.44889,0.892683,27.76797
0.028,600,0.2,0.8,30,5,0.9,7.401762,11.7484,0.867647,26.100973,0.868293,26.551963
0.028,600,0.2,0.8,30,5,1.0,7.432749,12.078,0.877451,26.229224,0.873171,26.943509
0.028,700,0.15,0.85,15,4,0.8,6.402606,14.7446,0.892157,27.10384,0.887805,27.54978
0.028,700,0.15,0.85,15,4,0.9,6.153935,14.762,0.877451,26.562292,0.878049,27.069857
0.028,700,0.15,0.85,15,4,1.0,5.970364,15.0808,0.887255,26.398341,0.882927,27.021492
0.028,700,0.15,0.85,15,5,0.8,6.018942,13.8975,0.877451,25.609488,0.853659,25.935384
0.028,700,0.15,0.85,15,5,0.9,6.191983,13.8209,0.872549,25.875551,0.873171,26.204832
0.028,700,0.15,0.85,15,5,1.0,6.252734,14.2118,0.887255,26.126657,0.887805,26.717237
0.028,700,0.15,0.85,18,4,0.8,5.884354,14.761,0.877451,26.011866,0.858537,26.529714
0.028,700,0.15,0.85,18,4,0.9,5.969884,14.7048,0.877451,26.142413,0.878049,26.644604
0.028,700,0.15,0.85,18,4,1.0,6.24281,14.7302,0.897059,26.744577,0.882927,27.215855
0.028,700,0.15,0.85,18,5,0.8,6.418192,13.9747,0.872549,26.415613,0.878049,26.811123
0.028,700,0.15,0.85,18,5,0.9,5.916127,14.0029,0.872549,25.576322,0.843902,25.835163
0.028,700,0.15,0.85,18,5,1.0,6.099335,14.3419,0.882353,26.190808,0.892683,26.540533
0.028,700,0.15,0.85,20,4,0.8,6.141765,14.6119,0.892157,26.477711,0.868293,26.895381
0.028,700,0.15,0.85,20,4,0.9,5.815993,14.7028,0.877451,25.863224,0.868293,26.3348
0.028,700,0.15,0.85,20,4,1.0,5.604541,14.7474,0.872549,25.533519,0.878049,25.956516
0.028,700,0.15,0.85,20,5,0.8,6.063787,13.7505,0.867647,25.637287,0.868293,25.878099
0.028,700,0.15,0.85,20,5,0.9,6.329704,14.0899,0.872549,26.356742,0.878049,26.749277
0.028,700,0.15,0.85,20,5,1.0,6.326524,13.8022,0.882353,26.329244,0.882927,26.455284
0.028,700,0.15,0.85,22,4,0.8,5.671591,14.7051,0.877451,25.541841,0.863415,26.04824
0.028,700,0.15,0.85,22,4,0.9,5.717032,14.5505,0.877451,25.561297,0.863415,25.984519
0.028,700,0.15,0.85,22,4,1.0,5.981987,14.986,0.901961,26.410585,0.902439,26.949937
0.028,700,0.15,0.85,22,5,0.8,6.673296,13.9753,0.877451,27.015238,0.882927,27.321903
0.028,700,0.15,0.85,22,5,0.9,6.432773,13.8077,0.877451,26.341304,0.882927,26.673209
0.028,700,0.15,0.85,22,5,1.0,6.049198,13.9266,0.872549,25.631627,0.887805,26.024965
0.028,700,0.15,0.85,25,4,0.8,5.891804,14.5339,0.882353,25.934797,0.873171,26.317535
0.028,700,0.15,0.85,25,4,0.9,5.946065,14.4653,0.882353,25.935546,0.868293,26.357436
0.028,700,0.15,0.85,25,4,1.0,6.04471,14.8043,0.882353,26.372721,0.892683,26.893706
0.028,700,0.15,0.85,25,5,0.8,6.21795,13.9117,0.882353,25.925892,0.873171,26.347646
0.028,700,0.15,0.85,25,5,0.9,5.987825,13.9561,0.877451,25.5785,0.868293,25.931771
0.028,700,0.15,0.85,25,5,1.0,5.914825,14.0835,0.877451,25.549112,0.878049,25.913131
0.028,700,0.15,0.85,30,4,0.8,6.21676,14.4915,0.892157,26.424746,0.882927,26.924981
0.028,700,0.15,0.85,30,4,0.9,6.180847,14.795,0.897059,26.592327,0.882927,27.156691
0.028,700,0.15,0.85,30,4,1.0,5.89316,14.6443,0.877451,25.865063,0.887805,26.430591
0.028,700,0.15,0.85,30,5,0.8,6.222176,13.9329,0.892157,26.059795,0.863415,26.37724
0.028,700,0.15,0.85,30,5,0.9,6.165686,13.9946,0.887255,25.871205,0.873171,26.325989
0.028,700,0.15,0.85,30,5,1.0,6.13998,14.0998,0.887255,26.028907,0.878049,26.379791
0.028,700,0.2,0.8,15,4,0.8,7.564717,12.0335,0.872549,26.676535,0.882927,27.162959
0.028,700,0.2,0.8,15,4,0.9,7.759506,12.0199,0.887255,27.026588,0.878049,27.538872
0.028,700,0.2,0.8,15,4,1.0,7.022337,12.5354,0.882353,25.865658,0.892683,26.580069
0.028,700,0.2,0.8,15,5,0.8,7.978396,11.3496,0.872549,26.803027,0.882927,27.306401
0.028,700,0.2,0.8,15,5,0.9,7.450652,11.2906,0.877451,25.795834,0.853659,26.191866
0.028,700,0.2,0.8,15,5,1.0,7.949599,12.1521,0.882353,27.404166,0.892683,28.05127
0.028,700,0.2,0.8,18,4,0.8,7.886179,11.9931,0.882353,27.411469,0.892683,27.765439
0.028,700,0.2,0.8,18,4,0.9,7.183118,12.1593,0.867647,26.106248,0.863415,26.525521
0.028,700,0.2,0.8,18,4,1.0,7.58918,12.5669,0.872549,27.022747,0.897561,27.745275
0.028,700,0.2,0.8,18,5,0.8,8.079235,11.1938,0.872549,27.080455,0.873171,27.352278
0.028,700,0.2,0.8,18,5,0.9,8.166252,11.4753,0.877451,27.42824,0.887805,27.807779
0.028,700,0.2,0.8,18,5,1.0,7.992722,12.028,0.872549,27.539874,0.887805,28.01345
0.028,700,0.2,0.8,20,4,0.8,7.380297,12.001,0.862745,26.452624,0.873171,26.761544
0.028,700,0.2,0.8,20,4,0.9,7.970389,12.1858,0.892157,27.650867,0.897561,28.12661
0.028,700,0.2,0.8,20,4,1.0,6.838141,12.4795,0.867647,25.551138,0.863415,26.155789
0.028,700,0.2,0.8,20,5,0.8,8.120086,11.1532,0.872549,27.084513,0.887805,27.393414
0.028,700,0.2,0.8,20,5,0.9,7.984409,11.5711,0.877451,27.1566,0.873171,27.539878
0.028,700,0.2,0.8,20,5,1.0,7.632644,11.9835,0.877451,26.837928,0.887805,27.248782
0.028,700,0.2,0.8,22,4,0.8,7.777327,12.0343,0.877451,27.217969,0.887805,27.588986
0.028,700,0.2,0.8,22,4,0.9,8.138403,12.2708,0.877451,28.010559,0.897561,28.547636
0.028,700,0.2,0.8,22,4,1.0,7.186764,12.3509,0.872549,26.147383,0.878049,26.724457
0.028,700,0.2,0.8,22,5,0.8,7.881132,11.0807,0.872549,26.590132,0.868293,26.842984
0.028,700,0.2,0.8,22,5,0.9,7.768362,11.3904,0.872549,26.638091,0.882927,26.927088
0.028,700,0.2,0.8,22,5,1.0,7.175557,12.1357,0.877451,25.925672,0.868293,26.486859
0.028,700,0.2,0.8,25,4,0.8,7.536931,11.9692,0.882353,26.702245,0.882927,27.043077
0.028,700,0.2,0.8,25,4,0.9,7.573825,12.1254,0.882353,26.766157,0.882927,27.273098
0.028,700,0.2,0.8,25,4,1.0,7.721242,12.7034,0.882353,27.459782,0.907317,28.145922
0.028,700,0.2,0.8,25,5,0.8,7.746585,11.4001,0.872549,26.496597,0.873171,26.893245
0.028,700,0.2,0.8,25,5,0.9,7.955218,11.4657,0.867647,27.003464,0.868293,27.37616
0.028,700,0.2,0.8,25,5,1.0,7.735153,11.8493,0.887255,26.84398,0.878049,27.319579
0.028,700,0.2,0.8,30,4,0.8,7.31818,12.1077,0.877451,26.326432,0.878049,26.744074
0.028,700,0.2,0.8,30,4,0.9,8.330431,12.0414,0.906863,28.207549,0.897561,28.702258
0.028,700,0.2,0.8,30,4,1.0,7.11003,12.2915,0.872549,25.889739,0.892683,26.511512
0.028,700,0.2,0.8,30,5,0.8,8.349102,11.2993,0.882353,27.73482,0.892683,27.997544
0.028,700,0.2,0.8,30,5,0.9,7.510074,11.6206,0.867647,26.205518,0.868293,26.640722
0.028,700,0.2,0.8,30,5,1.0,7.371648,11.9518,0.877451,26.015579,0.873171,26.695058
0.028,800,0.15,0.85,15,4,0.8,6.256994,14.6277,0.892157,26.672203,0.882927,27.141694
0.028,800,0.15,0.85,15,4,0.9,6.085065,14.6008,0.872549,26.265711,0.873171,26.770881
0.028,800,0.15,0.85,15,4,1.0,6.036597,14.9756,0.892157,26.422875,0.882927,27.048809
0.028,800,0.15,0.85,15,5,0.8,6.333828,13.7157,0.877451,26.052293,0.853659,26.383323
0.028,800,0.15,0.85,15,5,0.9,6.351971,13.7097,0.877451,26.071873,0.873171,26.413657
0.028,800,0.15,0.85,15,5,1.0,6.257017,14.0858,0.887255,25.997559,0.882927,26.599823
0.028,800,0.15,0.85,18,4,0.8,5.896659,14.5886,0.872549,25.848652,0.858537,26.381904
0.028,800,0.15,0.85,18,4,0.9,6.077258,14.5421,0.877451,26.20253,0.878049,26.696586
0.028,800,0.15,0.85,18,4,1.0,6.201252,14.6479,0.892157,26.588392,0.878049,27.050359
0.028,800,0.15,0.85,18,5,0.8,6.633788,13.7585,0.872549,26.667868,0.873171,27.026076
0.028,800,0.15,0.85,18,5,0.9,5.998367,13.8413,0.872549,25.577348,0.843902,25.838079
0.028,800,0.15,0.85,18,5,1.0,6.143394,14.0438,0.882353,25.987085,0.892683,26.330549
0.028,800,0.15,0.85,20,4,0.8,6.21905,14.4356,0.887255,26.453273,0.868293,26.873653
0.028,800,0.15,0.85,20,4,0.9,6.058009,14.4421,0.877451,26.105469,0.868293,26.558109
0.028,800,0.15,0.85,20,4,1.0,5.700389,14.6052,0.872549,25.600985,0.882927,26.005958
0.028,800,0.15,0.85,20,5,0.8,6.601327,13.5333,0.867647,26.513333,0.878049,26.735907
0.028,800,0.15,0.85,20,5,0.9,6.407672,13.9251,0.872549,26.366801,0.878049,26.740443
0.028,800,0.15,0.85,20,5,1.0,6.281221,13.7142,0.882353,26.128006,0.868293,26.276632
0.028,800,0.15,0.85,22,4,0.8,5.864913,14.5275,0.872549,25.761082,0.858537,26.25728
0.028,800,0.15,0.85,22,4,0.9,5.803458,14.4112,0.877451,25.602898,0.863415,26.018093
0.028,800,0.15,0.85,22,4,1.0,6.03515,14.899,0.901961,26.439558,0.902439,26.969277
0.028,800,0.15,0.85,22,5,0.8,6.793983,13.765,0.877451,27.071958,0.882927,27.352985
0.028,800,0.15,0.85,22,5,0.9,6.581992,13.6685,0.877451,26.507137,0.882927,26.83246
0.028,800,0.15,0.85,22,5,1.0,6.166332,13.8207,0.872549,25.771416,0.882927,26.153398
0.028,800,0.15,0.85,25,4,0.8,5.723594,14.3336,0.882353,25.426496,0.868293,25.780824
0.028,800,0.15,0.85,25,4,0.9,6.363924,14.3299,0.887255,26.637291,0.878049,27.057786
0.028,800,0.15,0.85,25,4,1.0,6.171514,14.7061,0.882353,26.530393,0.892683,27.049133
0.028,800,0.15,0.85,25,5,0.8,6.454454,13.6949,0.882353,26.202261,0.873171,26.603772
0.028,800,0.15,0.85,25,5,0.9,6.196895,13.8174,0.887255,25.860549,0.878049,26.211161
0.028,800,0.15,0.85,25,5,1.0,6.234281,13.9434,0.877451,26.091115,0.878049,26.411926
0.028,800,0.15,0.85,30,4,0.8,5.944142,14.3622,0.887255,25.783259,0.878049,26.250527
0.028,800,0.15,0.85,30,4,0.9,6.267284,14.6186,0.897059,26.623537,0.882927,27.153176
0.028,800,0.15,0.85,30,4,1.0,5.836534,14.5534,0.872549,25.667391,0.882927,26.226496
0.028,800,0.15,0.85,30,5,0.8,6.29472,13.7811,0.892157,26.064734,0.863415,26.370527
0.028,800,0.15,0.85,30,5,0.9,6.298962,13.814,0.882353,25.971872,0.863415,26.411876
0.028,800,0.15,0.85,30,5,1.0,5.922772,13.9861,0.877451,25.477258,0.863415,25.831629
0.028,800,0.2,0.8,15,4,0.8,7.902135,11.8641,0.872549,27.182904,0.878049,27.668387
0.028,800,0.2,0.8,15,4,0.9,7.549073,11.865,0.872549,26.437667,0.863415,26.963178
0.028,800,0.2,0.8,15,4,1.0,7.176969,12.4604,0.887255,26.08832,0.892683,26.81433
0.028,800,0.2,0.8,15,5,0.8,8.241704,11.2016,0.872549,27.176226,0.887805,27.684994
0.028,800,0.2,0.8,15,5,0.9,7.450927,11.1413,0.872549,25.631425,0.853659,26.043143
0.028,800,0.2,0.8,15,5,1.0,8.096844,11.8659,0.882353,27.446069,0.892683,28.059559
0.028,800,0.2,0.8,18,4,0.8,8.245288,11.8528,0.882353,28.003925,0.902439,28.343346
0.028,800,0.2,0.8,18,4,0.9,7.278603,11.982,0.867647,26.12081,0.863415,26.539186
0.028,800,0.2,0.8,18,4,1.0,7.504036,12.4993,0.872549,26.765948,0.887805,27.50733
0.028,800,0.2,0.8,18,5,0.8,8.178891,11.0237,0.872549,27.124384,0.873171,27.381466
0.028,800,0.2,0.8,18,5,0.9,8.285493,11.3028,0.877451,27.493217,0.892683,27.873745
0.028,800,0.2,0.8,18,5,1.0,8.061941,11.9082,0.872549,27.567732,0.882927,28.032112
0.028,800,0.2,0.8,20,4,0.8,7.601666,11.8562,0.862745,26.729461,0.878049,27.05954
0.028,800,0.2,0.8,20,4,0.9,8.076248,12.0383,0.887255,27.711721,0.897561,28.190803
0.028,800,0.2,0.8,20,4,1.0,7.289085,12.4112,0.877451,26.358766,0.882927,26.989375
0.028,800,0.2,0.8,20,5,0.8,8.292591,11.015,0.877451,27.278176,0.882927,27.600231
0.028,800,0.2,0.8,20,5,0.9,8.18603,11.3858,0.877451,27.379512,0.882927,27.75786
0.028,800,0.2,0.8,20,5,1.0,7.891155,11.8217,0.877451,27.188073,0.887805,27.604008
0.028,800,0.2,0.8,22,4,0.8,8.054569,11.8708,0.877451,27.618414,0.892683,27.979964
0.028,800,0.2,0.8,22,4,0.9,8.184409,12.1088,0.877451,27.941276,0.907317,28.477627
0.028,800,0.2,0.8,22,4,1.0,7.291704,12.2647,0.872549,26.281866,0.887805,26.848074
0.028,800,0.2,0.8,22,5,0.8,8.24537,10.9201,0.877451,27.184636,0.873171,27.410795
0.028,800,0.2,0.8,22,5,0.9,8.185867,11.1817,0.872549,27.276673,0.882927,27.553456
0.028,800,0.2,0.8,22,5,1.0,7.257751,11.9439,0.877451,25.927026,0.868293,26.459364
0.028,800,0.2,0.8,25,4,0.8,7.738006,11.8255,0.882353,26.982395,0.878049,27.301514
0.028,800,0.2,0.8,25,4,0.9,7.691324,12.0177,0.882353,26.872559,0.887805,27.400387
0.028,800,0.2,0.8,25,4,1.0,7.6976,12.591,0.877451,27.311789,0.902439,27.986236
0.028,800,0.2,0.8,25,5,0.8,7.985384,11.1853,0.872549,26.778971,0.873171,27.156116
0.028,800,0.2,0.8,25,5,0.9,8.007781,11.2883,0.872549,26.949817,0.873171,27.303897
0.028,800,0.2,0.8,25,5,1.0,7.717518,11.7399,0.887255,26.683489,0.878049,27.174917
0.028,800,0.2,0.8,30,4,0.8,7.552384,11.9757,0.882353,26.668666,0.892683,27.080489
0.028,800,0.2,0.8,30,4,0.9,8.368227,11.9279,0.897059,28.190685,0.902439,28.664376
0.028,800,0.2,0.8,30,4,1.0,7.139849,12.1965,0.872549,25.873119,0.887805,26.476227
0.028,800,0.2,0.8,30,5,0.8,8.631341,11.1325,0.882353,28.141104,0.897561,28.395177
0.028,800,0.2,0.8,30,5,0.9,7.783824,11.4318,0.867647,26.600358,0.873171,26.999492
0.028,800,0.2,0.8,30,5,1.0,7.382926,11.8098,0.872549,25.912595,0.873171,26.575701
0.03,400,0.15,0.85,15,4,0.8,5.838056,15.4274,0.892157,26.652845,0.873171,27.103514
0.03,400,0.15,0.85,15,4,0.9,5.613714,15.2483,0.892157,26.096002,0.882927,26.475702
0.03,400,0.15,0.85,15,4,1.0,5.077416,15.7234,0.867647,25.3486,0.868293,25.878193
0.03,400,0.15,0.85,15,5,0.8,5.539215,14.6289,0.877451,25.441231,0.853659,25.707294
0.03,400,0.15,0.85,15,5,0.9,5.7896,14.7905,0.901961,25.903965,0.868293,26.36966
0.03,400,0.15,0.85,15,5,1.0,5.465536,14.4465,0.872549,24.955844,0.863415,25.377551
0.03,400,0.15,0.85,18,4,0.8,5.627106,15.2071,0.882353,25.97673,0.853659,26.46135
0.03,400,0.15,0.85,18,4,0.9,5.415911,15.5039,0.892157,25.740863,0.873171,26.335745
0.03,400,0.15,0.85,18,4,1.0,5.755284,15.3279,0.892157,26.257331,0.887805,26.838492
0.03,400,0.15,0.85,18,5,0.8,6.044284,14.7716,0.882353,26.409097,0.882927,26.860182
0.03,400,0.15,0.85,18,5,0.9,5.584972,14.7634,0.882353,25.527492,0.868293,25.933366
0.03,400,0.15,0.85,18,5,1.0,6.158834,14.5105,0.887255,26.562967,0.887805,26.828177
0.03,400,0.15,0.85,20,4,0.8,6.169206,15.2635,0.906863,27.226331,0.907317,27.601936
0.03,400,0.15,0.85,20,4,0.9,5.574583,15.2352,0.882353,25.965528,0.882927,26.384319
0.03,400,0.15,0.85,20,4,1.0,5.84964,15.1922,0.887255,26.602284,0.897561,26.891491
0.03,400,0.15,0.85,20,5,0.8,6.011288,14.4597,0.872549,26.004698,0.882927,26.482278
0.03,400,0.15,0.85,20,5,0.9,6.176582,14.467,0.892157,26.469472,0.878049,26.820157
0.03,400,0.15,0.85,20,5,1.0,5.618785,14.6675,0.887255,25.673132,0.863415,25.905038
0.03,400,0.15,0.85,22,4,0.8,5.602853,15.1712,0.887255,26.010384,0.873171,26.376891
0.03,400,0.15,0.85,22,4,0.9,5.98891,15.2908,0.897059,26.716797,0.897561,27.268668
0.03,400,0.15,0.85,22,4,1.0,5.777004,15.2817,0.897059,26.403992,0.892683,26.835722
0.03,400,0.15,0.85,22,5,0.8,6.358994,14.4115,0.887255,26.579577,0.887805,27.12949
0.03,400,0.15,0.85,22,5,0.9,6.337622,14.2919,0.877451,26.465288,0.902439,26.967153
0.03,400,0.15,0.85,22,5,1.0,5.537413,14.5466,0.872549,25.321231,0.863415,25.621435
0.03,400,0.15,0.85,25,4,0.8,5.685868,15.0057,0.887255,26.000964,0.863415,26.377465
0.03,400,0.15,0.85,25,4,0.9,5.612837,15.4538,0.892157,26.084976,0.882927,26.67944
0.03,400,0.15,0.85,25,4,1.0,6.156329,15.3147,0.897059,27.120163,0.907317,27.627383
0.03,400,0.15,0.85,25,5,0.8,5.730435,14.6635,0.882353,25.798591,0.858537,26.124384
0.03,400,0.15,0.85,25,5,0.9,5.942572,14.5289,0.882353,25.979238,0.882927,26.414014
0.03,400,0.15,0.85,25,5,1.0,6.350251,14.6169,0.892157,26.873829,0.887805,27.317429
0.03,400,0.15,0.85,30,4,0.8,5.439932,15.3026,0.892157,25.673038,0.858537,26.182434
0.03,400,0.15,0.85,30,4,0.9,5.75154,15.3125,0.892157,26.251647,0.878049,26.815567
0.03,400,0.15,0.85,30,4,1.0,6.34191,15.333,0.892157,27.503034,0.912195,28.01685
0.03,400,0.15,0.85,30,5,0.8,5.776748,14.6847,0.892157,25.734557,0.882927,26.238209
0.03,400,0.15,0.85,30,5,0.9,5.879417,14.5828,0.887255,25.880708,0.873171,26.341671
0.03,400,0.15,0.85,30,5,1.0,6.162143,14.1699,0.882353,26.208704,0.887805,26.49415
0.03,400,0.2,0.8,15,4,0.8,7.258553,12.6147,0.887255,26.685521,0.887805,27.13184
0.03,400,0.2,0.8,15,4,0.9,7.019387,12.6566,0.887255,26.228617,0.887805,26.695364
0.03,400,0.2,0.8,15,4,1.0,7.012502,12.9371,0.887255,26.362251,0.873171,26.962069
0.03,400,0.2,0.8,15,5,0.8,6.935513,12.0106,0.877451,25.475233,0.863415,25.88167
0.03,400,0.2,0.8,15,5,0.9,7.906903,12.1498,0.877451,27.503748,0.878049,27.96365
0.03,400,0.2,0.8,15,5,1.0,6.937494,12.61,0.882353,25.88265,0.878049,26.484997
0.03,400,0.2,0.8,18,4,0.8,7.313191,12.5976,0.877451,26.837637,0.897561,27.223971
0.03,400,0.2,0.8,18,4,0.9,7.108589,12.7733,0.867647,26.458662,0.882927,26.990483
0.03,400,0.2,0.8,18,4,1.0,7.458055,12.904,0.882353,27.201893,0.902439,27.820155
0.03,400,0.2,0.8,18,5,0.8,7.522358,11.9981,0.877451,26.625606,0.882927,27.042792
0.03,400,0.2,0.8,18,5,0.9,7.27799,12.2832,0.872549,26.359309,0.873171,26.839195
0.03,400,0.2,0.8,18,5,1.0,7.370735,12.1153,0.867647,26.302031,0.878049,26.856816
0.03,400,0.2,0.8,20,4,0.8,7.442202,12.5271,0.892157,26.996256,0.897561,27.411505
0.03,400,0.2,0.8,20,4,0.9,6.760387,12.7244,0.872549,25.71328,0.878049,26.245125
0.03,400,0.2,0.8,20,4,1.0,7.390082,13.0225,0.892157,27.204408,0.887805,27.802634
0.03,400,0.2,0.8,20,5,0.8,7.925673,11.9043,0.877451,27.409743,0.902439,27.75564
0.03,400,0.2,0.8,20,5,0.9,7.690776,12.0858,0.882353,27.094541,0.882927,27.467394
0.03,400,0.2,0.8,20,5,1.0,6.809722,12.3614,0.867647,25.490121,0.868293,25.980842
0.03,400,0.2,0.8,22,4,0.8,6.758001,12.5465,0.862745,25.651383,0.882927,26.062487
0.03,400,0.2,0.8,22,4,0.9,6.855108,12.6184,0.872549,25.814983,0.873171,26.32858
0.03,400,0.2,0.8,22,4,1.0,7.462336,12.8779,0.892157,27.081287,0.897561,27.802603
0.03,400,0.2,0.8,22,5,0.8,8.249395,12.114,0.892157,28.095943,0.912195,28.612799
0.03,400,0.2,0.8,22,5,0.9,7.869087,12.1225,0.892157,27.408139,0.897561,27.860649
0.03,400,0.2,0.8,22,5,1.0,7.557579,12.3485,0.897059,27.126232,0.887805,27.463662
0.03,400,0.2,0.8,25,4,0.8,7.321261,12.5317,0.887255,26.879031,0.887805,27.174195
0.03,400,0.2,0.8,25,4,0.9,7.135388,12.7504,0.882353,26.437184,0.892683,27.021142
0.03,400,0.2,0.8,25,4,1.0,7.335612,12.9183,0.882353,26.897338,0.892683,27.589543
0.03,400,0.2,0.8,25,5,0.8,7.544708,12.0672,0.887255,26.680634,0.882927,27.15664
0.03,400,0.2,0.8,25,5,0.9,7.649684,12.1928,0.882353,26.973962,0.887805,27.492175
0.03,400,0.2,0.8,25,5,1.0,7.541508,12.2596,0.892157,26.966433,0.892683,27.342658
0.03,400,0.2,0.8,30,4,0.8,6.994335,12.617,0.877451,26.158604,0.873171,26.60567
0.03,400,0.2,0.8,30,4,0.9,7.537838,12.7062,0.892157,27.22216,0.897561,27.781859
0.03,400,0.2,0.8,30,4,1.0,7.392035,13.0077,0.887255,27.095628,0.902439,27.791791
0.03,400,0.2,0.8,30,5,0.8,7.447867,12.1392,0.877451,26.53187,0.887805,27.034958
0.03,400,0.2,0.8,30,5,0.9,7.428218,12.2082,0.862745,26.540836,0.878049,27.064604
0.03,400,0.2,0.8,30,5,1.0,7.336768,12.4515,0.872549,26.510396,0.882927,27.125036
0.03,450,0.15,0.85,15,4,0.8,5.848518,15.2304,0.897059,26.504139,0.868293,26.927482
0.03,450,0.15,0.85,15,4,0.9,5.970633,15.0489,0.892157,26.620592,0.887805,26.990145
0.03,450,0.15,0.85,15,4,1.0,5.13039,15.6196,0.867647,25.360262,0.868293,25.880409
0.03,450,0.15,0.85,15,5,0.8,5.480268,14.513,0.867647,25.195015,0.843902,25.473524
0.03,450,0.15,0.85,15,5,0.9,5.986335,14.575,0.897059,26.133693,0.873171,26.547631
0.03,450,0.15,0.85,15,5,1.0,5.587851,14.3201,0.872549,25.074128,0.868293,25.495811
0.03,450,0.15,0.85,18,4,0.8,5.645339,15.0533,0.882353,25.858526,0.863415,26.343976
0.03,450,0.15,0.85,18,4,0.9,5.456434,15.3232,0.892157,25.646698,0.873171,26.236085
0.03,450,0.15,0.85,18,4,1.0,5.775666,15.1933,0.892157,26.168651,0.882927,26.744606
0.03,450,0.15,0.85,18,5,0.8,6.136439,14.5459,0.877451,26.3967,0.878049,26.818779
0.03,450,0.15,0.85,18,5,0.9,5.607291,14.5652,0.867647,25.401835,0.858537,25.779826
0.03,450,0.15,0.85,18,5,1.0,6.23262,14.41,0.887255,26.621019,0.882927,26.87527
0.03,450,0.15,0.85,20,4,0.8,6.137741,15.0677,0.901961,26.961761,0.897561,27.343186
0.03,450,0.15,0.85,20,4,0.9,5.621659,15.0925,0.872549,25.909674,0.882927,26.335855
0.03,450,0.15,0.85,20,4,1.0,5.889187,15.1057,0.887255,26.592954,0.897561,26.884094
0.03,450,0.15,0.85,20,5,0.8,5.87161,14.2785,0.872549,25.583792,0.863415,26.021693
0.03,450,0.15,0.85,20,5,0.9,6.203447,14.2768,0.892157,26.350535,0.863415,26.683646
0.03,450,0.15,0.85,20,5,1.0,5.634047,14.4971,0.887255,25.529318,0.863415,25.765225
0.03,450,0.15,0.85,22,4,0.8,5.821396,15.0354,0.887255,26.302177,0.878049,26.678166
0.03,450,0.15,0.85,22,4,0.9,6.04955,15.16,0.897059,26.702788,0.897561,27.259105
0.03,450,0.15,0.85,22,4,1.0,5.788547,15.1239,0.897059,26.243472,0.892683,26.700962
0.03,450,0.15,0.85,22,5,0.8,6.362626,14.2391,0.887255,26.443229,0.878049,26.964307
0.03,450,0.15,0.85,22,5,0.9,6.398529,14.146,0.872549,26.447345,0.902439,26.94301
0.03,450,0.15,0.85,22,5,1.0,5.557791,14.43,0.872549,25.263163,0.868293,25.545532
0.03,450,0.15,0.85,25,4,0.8,5.759325,14.883,0.892157,26.030418,0.858537,26.4017
0.03,450,0.15,0.85,25,4,0.9,5.589462,15.2748,0.882353,25.868982,0.873171,26.453731
0.03,450,0.15,0.85,25,4,1.0,6.143313,15.2084,0.897059,26.988962,0.907317,27.495031
0.03,450,0.15,0.85,25,5,0.8,5.854618,14.488,0.882353,25.875418,0.863415,26.197209
0.03,450,0.15,0.85,25,5,0.9,5.864262,14.3958,0.882353,25.687523,0.868293,26.124311
0.03,450,0.15,0.85,25,5,1.0,5.963636,14.4937,0.882353,25.984952,0.882927,26.420961
0.03,450,0.15,0.85,30,4,0.8,5.525596,15.1807,0.897059,25.727759,0.863415,26.231877
0.03,450,0.15,0.85,30,4,0.9,5.741266,15.1466,0.892157,26.075612,0.878049,26.629165
0.03,450,0.15,0.85,30,4,1.0,6.220698,15.197,0.892157,27.125747,0.912195,27.63844
0.03,450,0.15,0.85,30,5,0.8,6.000621,14.499,0.892157,26.01783,0.882927,26.500265
0.03,450,0.15,0.85,30,5,0.9,5.868316,14.4432,0.882353,25.72477,0.873171,26.179865
0.03,450,0.15,0.85,30,5,1.0,6.319215,14.0752,0.887255,26.435303,0.882927,26.713623
0.03,450,0.2,0.8,15,4,0.8,7.512788,12.4336,0.887255,27.027086,0.887805,27.45921
0.03,450,0.2,0.8,15,4,0.9,6.987241,12.5282,0.882353,26.041974,0.887805,26.502661
0.03,450,0.2,0.8,15,4,1.0,6.923065,12.8338,0.887255,26.090978,0.873171,26.679889
0.03,450,0.2,0.8,15,5,0.8,7.06627,11.8636,0.877451,25.575105,0.863415,25.99609
0.03,450,0.2,0.8,15,5,0.9,8.004245,11.9904,0.877451,27.556437,0.873171,27.998864
0.03,450,0.2,0.8,15,5,1.0,6.980426,12.511,0.882353,25.896921,0.873171,26.471835
0.03,450,0.2,0.8,18,4,0.8,7.366168,12.4503,0.877451,26.817059,0.902439,27.182652
0.03,450,0.2,0.8,18,4,0.9,7.280614,12.5814,0.877451,26.633765,0.882927,27.142648
0.03,450,0.2,0.8,18,4,1.0,7.494909,12.8244,0.882353,27.194719,0.897561,27.814225
0.03,450,0.2,0.8,18,5,0.8,7.707711,11.8101,0.877451,26.840847,0.882927,27.225565
0.03,450,0.2,0.8,18,5,0.9,7.637565,12.1469,0.887255,26.971072,0.882927,27.421997
0.03,450,0.2,0.8,18,5,1.0,7.383047,12.0249,0.867647,26.263814,0.873171,26.790955
0.03,450,0.2,0.8,20,4,0.8,7.589103,12.3663,0.892157,27.141747,0.897561,27.54452
0.03,450,0.2,0.8,20,4,0.9,6.563961,12.6106,0.872549,25.220722,0.868293,25.738533
0.03,450,0.2,0.8,20,4,1.0,7.361906,12.951,0.892157,27.101689,0.887805,27.674786
0.03,450,0.2,0.8,20,5,0.8,7.973719,11.7647,0.877451,27.373806,0.902439,27.712174
0.03,450,0.2,0.8,20,5,0.9,7.548842,11.9097,0.877451,26.655813,0.878049,27.007372
0.03,450,0.2,0.8,20,5,1.0,6.989825,12.3023,0.872549,25.785751,0.873171,26.28193
0.03,450,0.2,0.8,22,4,0.8,6.884708,12.4593,0.862745,25.85001,0.882927,26.22872
0.03,450,0.2,0.8,22,4,0.9,6.89193,12.495,0.872549,25.788824,0.868293,26.278842
0.03,450,0.2,0.8,22,4,1.0,7.450354,12.7715,0.892157,26.973857,0.902439,27.672165
0.03,450,0.2,0.8,22,5,0.8,8.364332,11.9742,0.892157,28.22709,0.912195,28.702832
0.03,450,0.2,0.8,22,5,0.9,7.812849,11.9888,0.887255,27.182007,0.897561,27.614465
0.03,450,0.2,0.8,22,5,1.0,8.045414,12.1978,0.897059,27.957422,0.897561,28.288601
0.03,450,0.2,0.8,25,4,0.8,7.181186,12.3999,0.872549,26.482395,0.887805,26.76226
0.03,450,0.2,0.8,25,4,0.9,7.230115,12.6081,0.882353,26.479002,0.892683,27.068348
0.03,450,0.2,0.8,25,4,1.0,7.598617,12.8157,0.887255,27.338376,0.897561,28.012936
0.03,450,0.2,0.8,25,5,0.8,7.538237,11.9063,0.877451,26.537785,0.882927,26.982784
0.03,450,0.2,0.8,25,5,0.9,7.765679,12.1076,0.892157,27.135118,0.887805,27.638934
0.03,450,0.2,0.8,25,5,1.0,7.572935,12.1789,0.887255,26.955195,0.892683,27.324785
0.03,450,0.2,0.8,30,4,0.8,7.083354,12.4982,0.882353,26.21629,0.868293,26.66486
0.03,450,0.2,0.8,30,4,0.9,7.53508,12.5826,0.892157,27.097664,0.892683,27.65272
0.03,450,0.2,0.8,30,4,1.0,7.364701,12.9475,0.887255,26.987252,0.902439,27.676907
0.03,450,0.2,0.8,30,5,0.8,7.635988,11.9197,0.877451,26.712966,0.887805,27.19166
0.03,450,0.2,0.8,30,5,0.9,7.463472,12.0598,0.862745,26.491351,0.878049,26.986783
0.03,450,0.2,0.8,30,5,1.0,7.531243,12.3482,0.872549,26.819067,0.882927,27.410693
0.03,500,0.15,0.85,15,4,0.8,5.869892,15.0477,0.887255,26.365105,0.863415,26.787513
0.03,500,0.15,0.85,15,4,0.9,6.078131,14.8666,0.897059,26.681304,0.887805,27.022886
0.03,500,0.15,0.85,15,4,1.0,5.103704,15.4903,0.867647,25.175103,0.863415,25.697674
0.03,500,0.15,0.85,15,5,0.8,5.489548,14.3283,0.862745,25.043767,0.843902,25.307405
0.03,500,0.15,0.85,15,5,0.9,6.086786,14.3581,0.892157,26.124179,0.873171,26.53167
0.03,500,0.15,0.85,15,5,1.0,5.709809,14.2583,0.877451,25.241298,0.868293,25.677886
0.03,500,0.15,0.85,18,4,0.8,5.55989,14.8324,0.877451,25.483302,0.853659,25.95216
0.03,500,0.15,0.85,18,4,0.9,5.527042,15.1635,0.887255,25.634768,0.873171,26.217603
0.03,500,0.15,0.85,18,4,1.0,5.748186,15.0771,0.892157,26.011084,0.882927,26.573485
0.03,500,0.15,0.85,18,5,0.8,6.117139,14.4003,0.877451,26.206946,0.878049,26.634556
0.03,500,0.15,0.85,18,5,0.9,5.955623,14.3634,0.872549,25.908286,0.873171,26.274672
0.03,500,0.15,0.85,18,5,1.0,6.367283,14.2832,0.887255,26.754737,0.882927,27.017784
0.03,500,0.15,0.85,20,4,0.8,6.175424,14.9358,0.901961,26.914432,0.892683,27.286631
0.03,500,0.15,0.85,20,4,0.9,5.647348,14.9852,0.872549,25.843161,0.873171,26.279863
0.03,500,0.15,0.85,20,4,1.0,5.90661,15.0249,0.887255,26.562794,0.892683,26.838114
0.03,500,0.15,0.85,20,5,0.8,5.99033,14.1481,0.872549,25.68799,0.863415,26.128751
0.03,500,0.15,0.85,20,5,0.9,6.456398,14.1513,0.892157,26.729399,0.878049,27.064114
0.03,500,0.15,0.85,20,5,1.0,6.202634,14.3456,0.892157,26.511347,0.878049,26.750871
0.03,500,0.15,0.85,22,4,0.8,5.667274,14.8543,0.887255,25.820891,0.868293,26.188823
0.03,500,0.15,0.85,22,4,0.9,6.240847,15.0547,0.892157,26.978239,0.897561,27.536372
0.03,500,0.15,0.85,22,4,1.0,5.907345,15.0132,0.901961,26.368845,0.897561,26.82786
0.03,500,0.15,0.85,22,5,0.8,6.263162,14.1264,0.887255,26.13732,0.868293,26.652736
0.03,500,0.15,0.85,22,5,0.9,6.387359,14.0664,0.872549,26.346406,0.897561,26.841085
0.03,500,0.15,0.85,22,5,1.0,5.707173,14.336,0.872549,25.458515,0.868293,25.750305
0.03,500,0.15,0.85,25,4,0.8,6.014397,14.7329,0.897059,26.421967,0.868293,26.761693
0.03,500,0.15,0.85,25,4,0.9,5.709054,15.139,0.882353,25.964914,0.878049,26.557117
0.03,500,0.15,0.85,25,4,1.0,6.163032,15.1319,0.897059,26.952359,0.907317,27.457986
0.03,500,0.15,0.85,25,5,0.8,6.035411,14.3893,0.882353,26.13958,0.878049,26.46015
0.03,500,0.15,0.85,25,5,0.9,6.132293,14.221,0.882353,26.055327,0.882927,26.485555
0.03,500,0.15,0.85,25,5,1.0,6.039519,14.4155,0.882353,26.046337,0.882927,26.494497
0.03,500,0.15,0.85,30,4,0.8,5.823117,15.0207,0.897059,26.171253,0.878049,26.666898
0.03,500,0.15,0.85,30,4,0.9,5.684038,15.0759,0.887255,25.893446,0.873171,26.443965
0.03,500,0.15,0.85,30,4,1.0,6.186657,15.0415,0.892157,26.9289,0.907317,27.414791
0.03,500,0.15,0.85,30,5,0.8,6.112712,14.3857,0.892157,26.144651,0.882927,26.611105
0.03,500,0.15,0.85,30,5,0.9,5.887403,14.3219,0.882353,25.652952,0.863415,26.096727
0.03,500,0.15,0.85,30,5,1.0,6.385444,13.9895,0.882353,26.475346,0.882927,26.760377
0.03,500,0.2,0.8,15,4,0.8,7.384572,12.3082,0.882353,26.667965,0.882927,27.077335
0.03,500,0.2,0.8,15,4,0.9,6.819164,12.4271,0.877451,25.608862,0.878049,26.065408
0.03,500,0.2,0.8,15,4,1.0,6.891397,12.7434,0.882353,25.958715,0.873171,26.526233
0.03,500,0.2,0.8,15,5,0.8,7.2201,11.7186,0.877451,25.757663,0.863415,26.158819
0.03,500,0.2,0.8,15,5,0.9,8.052063,11.7984,0.877451,27.489698,0.878049,27.902523
0.03,500,0.2,0.8,15,5,1.0,6.795888,12.4629,0.867647,25.480454,0.863415,26.054655
0.03,500,0.2,0.8,18,4,0.8,7.067086,12.3492,0.867647,26.118096,0.882927,26.483418
0.03,500,0.2,0.8,18,4,0.9,7.232299,12.4391,0.872549,26.430454,0.868293,26.903707
0.03,500,0.2,0.8,18,4,1.0,7.531971,12.7023,0.887255,27.187485,0.902439,27.766223
0.03,500,0.2,0.8,18,5,0.8,7.811994,11.6868,0.877451,26.935033,0.882927,27.31076
0.03,500,0.2,0.8,18,5,0.9,7.694368,11.9501,0.887255,26.900089,0.878049,27.338822
0.03,500,0.2,0.8,18,5,1.0,7.379408,11.9542,0.862745,26.199409,0.868293,26.713032
0.03,500,0.2,0.8,20,4,0.8,7.605476,12.2874,0.887255,27.086429,0.897561,27.49832
0.03,500,0.2,0.8,20,4,0.9,6.507998,12.4811,0.862745,24.976367,0.863415,25.497122
0.03,500,0.2,0.8,20,4,1.0,7.354688,12.8394,0.882353,27.001103,0.882927,27.548814
0.03,500,0.2,0.8,20,5,0.8,8.167088,11.6326,0.882353,27.651599,0.897561,27.966765
0.03,500,0.2,0.8,20,5,0.9,7.631919,11.8054,0.872549,26.743196,0.878049,27.069228
0.03,500,0.2,0.8,20,5,1.0,6.999874,12.2056,0.872549,25.701243,0.873171,26.20539
0.03,500,0.2,0.8,22,4,0.8,7.089376,12.3611,0.867647,26.153613,0.882927,26.539869
0.03,500,0.2,0.8,22,4,0.9,7.075106,12.3692,0.867647,26.054173,0.873171,26.519404
0.03,500,0.2,0.8,22,4,1.0,7.50766,12.6818,0.882353,27.006304,0.897561,27.69716
0.03,500,0.2,0.8,22,5,0.8,8.610462,11.842,0.892157,28.589618,0.912195,29.062955
0.03,500,0.2,0.8,22,5,0.9,7.815405,11.8695,0.882353,27.069962,0.882927,27.500291
0.03,500,0.2,0.8,22,5,1.0,8.0153,12.0514,0.892157,27.785436,0.892683,28.08202
0.03,500,0.2,0.8,25,4,0.8,7.335285,12.3107,0.882353,26.702728,0.887805,26.981312
0.03,500,0.2,0.8,25,4,0.9,7.371049,12.5026,0.887255,26.664314,0.897561,27.244657
0.03,500,0.2,0.8,25,4,1.0,7.589793,12.6978,0.882353,27.233636,0.897561,27.877375
0.03,500,0.2,0.8,25,5,0.8,7.554295,11.7131,0.872549,26.391198,0.873171,26.821705
0.03,500,0.2,0.8,25,5,0.9,7.867962,11.9858,0.887255,27.232016,0.887805,27.721761
0.03,500,0.2,0.8,25,5,1.0,7.488031,12.0428,0.887255,26.706044,0.887805,27.018862
0.03,500,0.2,0.8,30,4,0.8,7.10671,12.3871,0.877451,26.148233,0.863415,26.600553
0.03,500,0.2,0.8,30,4,0.9,7.6478,12.472,0.887255,27.236193,0.892683,27.767605
0.03,500,0.2,0.8,30,4,1.0,7.366326,12.8012,0.882353,26.828763,0.902439,27.533861
0.03,500,0.2,0.8,30,5,0.8,7.516235,11.8155,0.882353,26.381872,0.882927,26.847971
0.03,500,0.2,0.8,30,5,0.9,7.489475,11.9105,0.862745,26.407455,0.878049,26.889449
0.03,500,0.2,0.8,30,5,1.0,7.541808,12.254,0.872549,26.764384,0.878049,27.337577
0.03,550,0.15,0.85,15,4,0.8,5.783411,14.8783,0.882353,26.027983,0.858537,26.445081
0.03,550,0.15,0.85,15,4,0.9,6.077432,14.7231,0.892157,26.55193,0.887805,26.877961
0.03,550,0.15,0.85,15,4,1.0,5.359773,15.36,0.882353,25.556885,0.863415,26.079584
0.03,550,0.15,0.85,15,5,0.8,5.742775,14.1152,0.862745,25.342644,0.84878,25.600722
0.03,550,0.15,0.85,15,5,0.9,6.0949,14.2064,0.897059,25.998447,0.873171,26.396218
0.03,550,0.15,0.85,15,5,1.0,5.692169,14.1096,0.882353,25.080252,0.863415,25.4939
0.03,550,0.15,0.85,18,4,0.8,5.719234,14.7295,0.877451,25.695964,0.858537,26.167986
0.03,550,0.15,0.85,18,4,0.9,5.621345,15.0405,0.892157,25.690788,0.878049,26.283192
0.03,550,0.15,0.85,18,4,1.0,5.85201,14.9684,0.892157,26.110916,0.882927,26.672463
0.03,550,0.15,0.85,18,5,0.8,6.292493,14.276,0.872549,26.435567,0.878049,26.860942
0.03,550,0.15,0.85,18,5,0.9,6.028629,14.2139,0.882353,25.899089,0.868293,26.271151
0.03,550,0.15,0.85,18,5,1.0,6.340378,14.1747,0.882353,26.612333,0.882927,26.855497
0.03,550,0.15,0.85,20,4,0.8,6.144358,14.806,0.892157,26.713665,0.887805,27.09467
0.03,550,0.15,0.85,20,4,0.9,5.700476,14.903,0.872549,25.870125,0.878049,26.303978
0.03,550,0.15,0.85,20,4,1.0,5.920617,14.9372,0.887255,26.523048,0.892683,26.778455
0.03,550,0.15,0.85,20,5,0.8,6.195884,14.0171,0.872549,25.975471,0.868293,26.408869
0.03,550,0.15,0.85,20,5,0.9,6.617668,14.0132,0.887255,26.902547,0.878049,27.248584
0.03,550,0.15,0.85,20,5,1.0,6.250161,14.2216,0.892157,26.480787,0.878049,26.72191
0.03,550,0.15,0.85,22,4,0.8,5.938741,14.7329,0.887255,26.246574,0.878049,26.610371
0.03,550,0.15,0.85,22,4,0.9,6.122008,14.9056,0.892157,26.603874,0.892683,27.149573
0.03,550,0.15,0.85,22,4,1.0,5.96597,14.9084,0.897059,26.382612,0.897561,26.840336
0.03,550,0.15,0.85,22,5,0.8,6.418662,13.992,0.887255,26.330476,0.868293,26.829307
0.03,550,0.15,0.85,22,5,0.9,6.4175,13.9601,0.872549,26.309508,0.897561,26.795119
0.03,550,0.15,0.85,22,5,1.0,5.749894,14.2462,0.872549,25.439736,0.868293,25.746018
0.03,550,0.15,0.85,25,4,0.8,6.11518,14.6365,0.897059,26.513379,0.873171,26.866877
0.03,550,0.15,0.85,25,4,0.9,5.899161,15.0164,0.897059,26.23322,0.878049,26.814682
0.03,550,0.15,0.85,25,4,1.0,6.226458,15.0467,0.897059,26.989708,0.907317,27.499624
0.03,550,0.15,0.85,25,5,0.8,6.1507,14.2183,0.882353,26.215208,0.882927,26.519724
0.03,550,0.15,0.85,25,5,0.9,6.503811,14.0973,0.882353,26.687933,0.897561,27.104877
0.03,550,0.15,0.85,25,5,1.0,6.047085,14.33,0.882353,25.983313,0.882927,26.424206
0.03,550,0.15,0.85,30,4,0.8,6.070699,14.8546,0.897059,26.490575,0.878049,26.99604
0.03,550,0.15,0.85,30,4,0.9,5.79538,14.9556,0.887255,25.991698,0.878049,26.546376
0.03,550,0.15,0.85,30,4,1.0,6.185243,14.9365,0.887255,26.843897,0.902439,27.306999
0.03,550,0.15,0.85,30,5,0.8,6.020048,14.2205,0.892157,25.79937,0.873171,26.260572
0.03,550,0.15,0.85,30,5,0.9,6.009875,14.1796,0.882353,25.765262,0.873171,26.199363
0.03,550,0.15,0.85,30,5,1.0,6.509635,13.9002,0.882353,26.644439,0.887805,26.919452
0.03,550,0.2,0.8,15,4,0.8,7.398128,12.1741,0.882353,26.588639,0.882927,26.970393
0.03,550,0.2,0.8,15,4,0.9,6.98396,12.3174,0.877451,25.804966,0.882927,26.285346
0.03,550,0.2,0.8,15,4,1.0,6.88701,12.6697,0.882353,25.912122,0.868293,26.443727
0.03,550,0.2,0.8,15,5,0.8,7.380127,11.628,0.877451,25.986413,0.863415,26.388283
0.03,550,0.2,0.8,15,5,0.9,8.15855,11.6529,0.877451,27.573409,0.878049,27.970029
0.03,550,0.2,0.8,15,5,1.0,7.057882,12.4025,0.877451,25.93499,0.878049,26.518214
0.03,550,0.2,0.8,18,4,0.8,7.124517,12.2592,0.867647,26.139791,0.878049,26.508272
0.03,550,0.2,0.8,18,4,0.9,7.492614,12.3501,0.877451,26.849677,0.878049,27.335333
0.03,550,0.2,0.8,18,4,1.0,7.518174,12.6538,0.882353,27.113036,0.902439,27.690135
0.03,550,0.2,0.8,18,5,0.8,8.030231,11.4954,0.877451,27.206809,0.892683,27.555862
0.03,550,0.2,0.8,18,5,0.9,7.852469,11.8484,0.887255,27.134032,0.878049,27.553293
0.03,550,0.2,0.8,18,5,1.0,7.379628,11.858,0.862745,26.121815,0.868293,26.617304
0.03,550,0.2,0.8,20,4,0.8,7.504738,12.1809,0.887255,26.770117,0.882927,27.19035
0.03,550,0.2,0.8,20,4,0.9,6.888267,12.3997,0.862745,25.669844,0.873171,26.176244
0.03,550,0.2,0.8,20,4,1.0,7.325019,12.7021,0.882353,26.834789,0.878049,27.3521
0.03,550,0.2,0.8,20,5,0.8,8.145457,11.5067,0.872549,27.500725,0.892683,27.797575
0.03,550,0.2,0.8,20,5,0.9,8.018751,11.6462,0.882353,27.360184,0.887805,27.683703
0.03,550,0.2,0.8,20,5,1.0,7.038832,12.1066,0.872549,25.696961,0.878049,26.184296
0.03,550,0.2,0.8,22,4,0.8,7.275739,12.219,0.867647,26.403783,0.887805,26.770478
0.03,550,0.2,0.8,22,4,0.9,7.36428,12.2678,0.867647,26.540709,0.878049,26.996348
0.03,550,0.2,0.8,22,4,1.0,7.550416,12.611,0.882353,27.029417,0.897561,27.711821
0.03,550,0.2,0.8,22,5,0.8,8.673801,11.6532,0.887255,28.562733,0.907317,29.000822
0.03,550,0.2,0.8,22,5,0.9,7.862781,11.77,0.887255,27.085194,0.887805,27.495536
0.03,550,0.2,0.8,22,5,1.0,8.042644,11.9519,0.892157,27.771028,0.892683,28.03718
0.03,550,0.2,0.8,25,4,0.8,7.483111,12.1696,0.887255,26.869845,0.887805,27.135848
0.03,550,0.2,0.8,25,4,0.9,7.408643,12.3665,0.887255,26.615558,0.897561,27.183754
0.03,550,0.2,0.8,25,4,1.0,7.564408,12.6132,0.882353,27.082484,0.897561,27.741974
0.03,550,0.2,0.8,25,5,0.8,7.622154,11.5849,0.877451,26.40945,0.873171,26.82923
0.03,550,0.2,0.8,25,5,0.9,7.88376,11.8437,0.887255,27.149837,0.887805,27.611189
0.03,550,0.2,0.8,25,5,1.0,7.460917,11.9246,0.887255,26.56641,0.882927,26.846459
0.03,550,0.2,0.8,30,4,0.8,7.356012,12.2752,0.872549,26.525447,0.878049,26.987231
0.03,550,0.2,0.8,30,4,0.9,7.663533,12.3454,0.882353,27.168267,0.887805,27.672511
0.03,550,0.2,0.8,30,4,1.0,7.398737,12.6909,0.877451,26.801723,0.897561,27.488335
0.03,550,0.2,0.8,30,5,0.8,7.529561,11.6865,0.877451,26.294476,0.873171,26.745643
0.03,550,0.2,0.8,30,5,0.9,7.705883,11.741,0.877451,26.697591,0.878049,27.152738
0.03,550,0.2,0.8,30,5,1.0,7.525728,12.1537,0.872549,26.641277,0.878049,27.205177
0.03,600,0.15,0.85,15,4,0.8,5.818563,14.7709,0.877451,25.991766,0.858537,26.407986
0.03,600,0.15,0.85,15,4,0.9,6.206838,14.6367,0.897059,26.723721,0.887805,27.050411
0.03,600,0.15,0.85,15,4,1.0,5.834515,15.133,0.887255,26.280423,0.873171,26.802031
0.03,600,0.15,0.85,15,5,0.8,5.999479,13.9429,0.862745,25.7191,0.853659,25.941839
0.03,600,0.15,0.85,15,5,0.9,6.08996,14.019,0.882353,25.814285,0.868293,26.198928
0.03,600,0.15,0.85,15,5,1.0,6.062837,13.9856,0.882353,25.72706,0.887805,26.111282
0.03,600,0.15,0.85,18,4,0.8,5.845117,14.6106,0.877451,25.833173,0.858537,26.300837
0.03,600,0.15,0.85,18,4,0.9,5.722792,14.9597,0.892157,25.819078,0.878049,26.405297
0.03,600,0.15,0.85,18,4,1.0,5.901222,14.9519,0.887255,26.190132,0.878049,26.754298
0.03,600,0.15,0.85,18,5,0.8,6.422065,14.1139,0.867647,26.52603,0.878049,26.958006
0.03,600,0.15,0.85,18,5,0.9,6.212149,14.0802,0.882353,26.12697,0.873171,26.504484
0.03,600,0.15,0.85,18,5,1.0,6.32375,14.1132,0.882353,26.513102,0.882927,26.760666
0.03,600,0.15,0.85,20,4,0.8,6.237319,14.7191,0.892157,26.801965,0.887805,27.193709
0.03,600,0.15,0.85,20,4,0.9,5.979879,14.7959,0.882353,26.322412,0.878049,26.755707
0.03,600,0.15,0.85,20,4,1.0,5.941496,14.856,0.887255,26.465466,0.892683,26.738944
0.03,600,0.15,0.85,20,5,0.8,6.197864,13.8582,0.872549,25.838857,0.863415,26.253961
0.03,600,0.15,0.85,20,5,0.9,6.671378,13.901,0.887255,26.901076,0.868293,27.243778
0.03,600,0.15,0.85,20,5,1.0,6.303799,14.1407,0.887255,26.518873,0.873171,26.748333
0.03,600,0.15,0.85,22,4,0.8,5.876895,14.609,0.887255,26.005361,0.863415,26.362829
0.03,600,0.15,0.85,22,4,0.9,5.987938,14.7972,0.887255,26.221419,0.887805,26.773105
0.03,600,0.15,0.85,22,4,1.0,6.198032,14.7875,0.901961,26.74172,0.897561,27.18354
0.03,600,0.15,0.85,22,5,0.8,6.538182,13.9153,0.887255,26.495003,0.882927,26.991633
0.03,600,0.15,0.85,22,5,0.9,6.527731,13.8727,0.872549,26.441406,0.897561,26.92821
0.03,600,0.15,0.85,22,5,1.0,6.013422,14.1512,0.872549,25.876641,0.878049,26.178016
0.03,600,0.15,0.85,25,4,0.8,6.256933,14.5373,0.897059,26.69215,0.873171,27.051176
0.03,600,0.15,0.85,25,4,0.9,5.93697,14.92,0.892157,26.223838,0.878049,26.793986
0.03,600,0.15,0.85,25,4,1.0,6.152084,14.9621,0.892157,26.750419,0.907317,27.266274
0.03,600,0.15,0.85,25,5,0.8,6.507627,14.1001,0.882353,26.829015,0.892683,27.115355
0.03,600,0.15,0.85,25,5,0.9,6.486968,14.0003,0.882353,26.559095,0.887805,26.974279
0.03,600,0.15,0.85,25,5,1.0,6.098222,14.2136,0.882353,25.984413,0.882927,26.410039
0.03,600,0.15,0.85,30,4,0.8,6.28502,14.6709,0.897059,26.760108,0.878049,27.24093
0.03,600,0.15,0.85,30,4,0.9,5.931668,14.884,0.892157,26.187858,0.882927,26.747308
0.03,600,0.15,0.85,30,4,1.0,6.254993,14.8581,0.887255,26.91881,0.907317,27.36807
0.03,600,0.15,0.85,30,5,0.8,6.248525,14.1126,0.892157,26.17145,0.882927,26.609631
0.03,600,0.15,0.85,30,5,0.9,5.994318,14.0573,0.877451,25.632271,0.863415,26.045934
0.03,600,0.15,0.85,30,5,1.0,6.400814,13.828,0.882353,26.365472,0.878049,26.629641
0.03,600,0.2,0.8,15,4,0.8,7.479417,12.0855,0.882353,26.660193,0.882927,27.044371
0.03,600,0.2,0.8,15,4,0.9,7.041085,12.204,0.877451,25.817077,0.882927,26.286159
0.03,600,0.2,0.8,15,4,1.0,7.062882,12.5923,0.882353,26.198772,0.873171,26.718041
0.03,600,0.2,0.8,15,5,0.8,7.429954,11.5192,0.877451,25.969987,0.858537,26.379072
0.03,600,0.2,0.8,15,5,0.9,8.33638,11.5328,0.877451,27.808309,0.878049,28.205591
0.03,600,0.2,0.8,15,5,1.0,7.346361,12.3248,0.882353,26.439045,0.882927,27.017499
0.03,600,0.2,0.8,18,4,0.8,7.33429,12.1516,0.872549,26.423131,0.878049,26.820184
0.03,600,0.2,0.8,18,4,0.9,7.696793,12.2726,0.882353,27.143507,0.882927,27.666162
0.03,600,0.2,0.8,18,4,1.0,7.509655,12.623,0.882353,27.05341,0.897561,27.642336
0.03,600,0.2,0.8,18,5,0.8,8.155094,11.3905,0.872549,27.332125,0.892683,27.700681
0.03,600,0.2,0.8,18,5,0.9,7.802946,11.744,0.882353,26.969299,0.882927,27.349914
0.03,600,0.2,0.8,18,5,1.0,7.553485,11.7891,0.867647,26.397039,0.873171,26.896085
0.03,600,0.2,0.8,20,4,0.8,7.641473,12.0702,0.887255,26.970212,0.892683,27.353184
0.03,600,0.2,0.8,20,4,0.9,7.200029,12.2631,0.867647,26.152908,0.882927,26.663207
0.03,600,0.2,0.8,20,4,1.0,7.325751,12.6367,0.877451,26.75457,0.878049,27.288228
0.03,600,0.2,0.8,20,5,0.8,8.235908,11.3734,0.877451,27.571772,0.892683,27.845254
0.03,600,0.2,0.8,20,5,0.9,8.166301,11.546,0.882353,27.576524,0.887805,27.878587
0.03,600,0.2,0.8,20,5,1.0,7.06032,11.9973,0.867647,25.620181,0.878049,26.117988
0.03,600,0.2,0.8,22,4,0.8,7.524577,12.1124,0.867647,26.828329,0.892683,27.161574
0.03,600,0.2,0.8,22,4,0.9,7.43194,12.208,0.867647,26.592477,0.873171,27.071872
0.03,600,0.2,0.8,22,4,1.0,7.554695,12.5458,0.882353,26.973956,0.892683,27.655173
0.03,600,0.2,0.8,22,5,0.8,8.59317,11.4601,0.877451,28.229017,0.897561,28.646468
0.03,600,0.2,0.8,22,5,0.9,7.89476,11.6454,0.882353,27.026126,0.887805,27.434891
0.03,600,0.2,0.8,22,5,1.0,8.054846,11.8771,0.887255,27.736782,0.892683,27.986789
0.03,600,0.2,0.8,25,4,0.8,7.725643,12.0785,0.882353,27.26196,0.882927,27.52983
0.03,600,0.2,0.8,25,4,0.9,7.371731,12.2562,0.877451,26.459308,0.887805,26.999628
0.03,600,0.2,0.8,25,4,1.0,7.581374,12.5773,0.882353,27.083067,0.897561,27.740036
0.03,600,0.2,0.8,25,5,0.8,7.916852,11.4417,0.877451,26.860642,0.878049,27.275355
0.03,600,0.2,0.8,25,5,0.9,7.982315,11.7298,0.887255,27.24812,0.887805,27.694395
0.03,600,0.2,0.8,25,5,1.0,7.388541,11.7902,0.882353,26.303806,0.878049,26.567272
0.03,600,0.2,0.8,30,4,0.8,7.370685,12.2039,0.872549,26.46141,0.873171,26.94526
0.03,600,0.2,0.8,30,4,0.9,7.541973,12.2473,0.877451,26.849511,0.882927,27.33124
0.03,600,0.2,0.8,30,4,1.0,7.499602,12.5941,0.882353,26.915438,0.897561,27.593282
0.03,600,0.2,0.8,30,5,0.8,7.539556,11.5731,0.877451,26.228126,0.873171,26.652214
0.03,600,0.2,0.8,30,5,0.9,7.708214,11.6273,0.867647,26.593703,0.878049,27.043684
0.03,600,0.2,0.8,30,5,1.0,7.461199,12.0308,0.867647,26.362747,0.873171,26.953176
0.03,700,0.15,0.85,15,4,0.8,5.80323,14.6167,0.882353,25.808122,0.853659,26.223164
0.03,700,0.15,0.85,15,4,0.9,6.176891,14.4091,0.892157,26.467666,0.882927,26.762903
0.03,700,0.15,0.85,15,4,1.0,5.740735,14.773,0.887255,25.749529,0.868293,26.254497
0.03,700,0.15,0.85,15,5,0.8,6.079769,13.7573,0.862745,25.708265,0.84878,25.916862
0.03,700,0.15,0.85,15,5,0.9,6.237039,13.8312,0.882353,25.888891,0.873171,26.305256
0.03,700,0.15,0.85,15,5,1.0,6.251648,13.838,0.892157,25.947042,0.887805,26.341256
0.03,700,0.15,0.85,18,4,0.8,5.942765,14.447,0.872549,25.86846,0.858537,26.332558
0.03,700,0.15,0.85,18,4,0.9,5.69579,14.7564,0.882353,25.558941,0.878049,26.147972
0.03,700,0.15,0.85,18,4,1.0,5.963827,14.7565,0.887255,26.122274,0.882927,26.684129
0.03,700,0.15,0.85,18,5,0.8,6.67244,13.8907,0.867647,26.806925,0.878049,27.235608
0.03,700,0.15,0.85,18,5,0.9,6.497859,13.9009,0.882353,26.533434,0.878049,26.896629
0.03,700,0.15,0.85,18,5,1.0,6.354665,13.9617,0.882353,26.424921,0.882927,26.671
0.03,700,0.15,0.85,20,4,0.8,6.195367,14.5473,0.887255,26.576049,0.887805,26.938045
0.03,700,0.15,0.85,20,4,0.9,6.011015,14.6419,0.882353,26.233369,0.878049,26.663961
0.03,700,0.15,0.85,20,4,1.0,6.095463,14.7211,0.887255,26.647009,0.892683,26.91201
0.03,700,0.15,0.85,20,5,0.8,6.463852,13.691,0.872549,26.197646,0.873171,26.61875
0.03,700,0.15,0.85,20,5,0.9,6.823049,13.6977,0.882353,27.01699,0.868293,27.343839
0.03,700,0.15,0.85,20,5,1.0,6.391392,14.012,0.887255,26.565587,0.873171,26.794767
0.03,700,0.15,0.85,22,4,0.8,6.108759,14.4323,0.877451,26.289977,0.878049,26.649821
0.03,700,0.15,0.85,22,4,0.9,6.021344,14.6689,0.887255,26.16405,0.887805,26.711625
0.03,700,0.15,0.85,22,4,1.0,6.326698,14.6374,0.897059,26.845777,0.897561,27.290758
0.03,700,0.15,0.85,22,5,0.8,6.466183,13.7401,0.872549,26.202767,0.863415,26.672437
0.03,700,0.15,0.85,22,5,0.9,7.070552,13.6512,0.882353,27.315946,0.897561,27.792328
0.03,700,0.15,0.85,22,5,1.0,6.12196,14.018,0.872549,25.968235,0.873171,26.261871
0.03,700,0.15,0.85,25,4,0.8,6.221083,14.3634,0.887255,26.47849,0.868293,26.805541
0.03,700,0.15,0.85,25,4,0.9,6.077046,14.701,0.892157,26.30683,0.882927,26.855137
0.03,700,0.15,0.85,25,4,1.0,6.173719,14.8385,0.882353,26.696426,0.907317,27.185985
0.03,700,0.15,0.85,25,5,0.8,6.541484,13.9426,0.882353,26.760326,0.878049,27.025552
0.03,700,0.15,0.85,25,5,0.9,6.437126,13.8399,0.882353,26.318613,0.882927,26.714171
0.03,700,0.15,0.85,25,5,1.0,6.128437,14.0983,0.882353,25.922194,0.882927,26.355187
0.03,700,0.15,0.85,30,4,0.8,6.46176,14.4754,0.892157,26.952535,0.878049,27.398871
0.03,700,0.15,0.85,30,4,0.9,6.189092,14.6229,0.892157,26.450381,0.887805,27.001051
0.03,700,0.15,0.85,30,4,1.0,6.510625,14.7262,0.887255,27.33026,0.907317,27.747413
0.03,700,0.15,0.85,30,5,0.8,6.415655,13.9276,0.887255,26.365267,0.882927,26.75894
0.03,700,0.15,0.85,30,5,0.9,6.06153,13.8623,0.872549,25.608751,0.863415,25.985399
0.03,700,0.15,0.85,30,5,1.0,6.455259,13.6784,0.877451,26.361907,0.873171,26.588894
0.03,700,0.2,0.8,15,4,0.8,7.633813,11.8857,0.882353,26.740038,0.892683,27.153324
0.03,700,0.2,0.8,15,4,0.9,7.260341,12.0564,0.882353,26.123655,0.882927,26.577071
0.03,700,0.2,0.8,15,4,1.0,7.067393,12.4989,0.882353,26.123996,0.873171,26.633645
0.03,700,0.2,0.8,15,5,0.8,7.561757,11.3377,0.877451,26.068265,0.858537,26.461235
0.03,700,0.2,0.8,15,5,0.9,8.543387,11.3182,0.877451,28.016055,0.882927,28.404945
0.03,700,0.2,0.8,15,5,1.0,8.010406,12.1667,0.897059,27.608064,0.897561,28.18754
0.03,700,0.2,0.8,18,4,0.8,7.965286,11.9773,0.877451,27.530808,0.912195,27.907823
0.03,700,0.2,0.8,18,4,0.9,7.806532,12.0897,0.882353,27.189332,0.887805,27.702775
0.03,700,0.2,0.8,18,4,1.0,7.587149,12.4697,0.877451,27.077021,0.897561,27.64399
0.03,700,0.2,0.8,18,5,0.8,8.192494,11.1967,0.872549,27.252537,0.892683,27.581674
0.03,700,0.2,0.8,18,5,0.9,7.972482,11.5731,0.882353,27.12698,0.882927,27.518063
0.03,700,0.2,0.8,18,5,1.0,7.588911,11.6351,0.867647,26.322173,0.873171,26.812971
0.03,700,0.2,0.8,20,4,0.8,7.740152,11.9006,0.882353,26.988053,0.892683,27.380873
0.03,700,0.2,0.8,20,4,0.9,7.351034,12.1274,0.872549,26.319104,0.878049,26.829479
0.03,700,0.2,0.8,20,4,1.0,7.435509,12.5275,0.877451,26.852189,0.882927,27.398541
0.03,700,0.2,0.8,20,5,0.8,8.389304,11.1795,0.882353,27.684594,0.892683,27.958149
0.03,700,0.2,0.8,20,5,0.9,8.444398,11.342,0.882353,27.949589,0.887805,28.230761
0.03,700,0.2,0.8,20,5,1.0,7.220292,11.8317,0.872549,25.777331,0.878049,26.272332
0.03,700,0.2,0.8,22,4,0.8,7.734715,11.9977,0.877451,27.136691,0.892683,27.467097
0.03,700,0.2,0.8,22,4,0.9,7.379178,12.0618,0.867647,26.364307,0.868293,26.820185
0.03,700,0.2,0.8,22,4,1.0,7.640052,12.4472,0.887255,27.039939,0.897561,27.727276
0.03,700,0.2,0.8,22,5,0.8,8.729467,11.2752,0.882353,28.338929,0.897561,28.734112
0.03,700,0.2,0.8,22,5,0.9,8.141402,11.4323,0.882353,27.307991,0.887805,27.715153
0.03,700,0.2,0.8,22,5,1.0,7.860785,11.7155,0.882353,27.182826,0.882927,27.437062
0.03,700,0.2,0.8,25,4,0.8,8.023858,11.943,0.877451,27.7353,0.887805,27.990741
0.03,700,0.2,0.8,25,4,0.9,7.570043,12.1412,0.877451,26.752703,0.887805,27.281333
0.03,700,0.2,0.8,25,4,1.0,7.540987,12.4604,0.882353,26.931272,0.887805,27.542393
0.03,700,0.2,0.8,25,5,0.8,8.198923,11.264,0.877451,27.269725,0.878049,27.661802
0.03,700,0.2,0.8,25,5,0.9,8.39011,11.5353,0.887255,27.911139,0.887805,28.315497
0.03,700,0.2,0.8,25,5,1.0,7.365509,11.6438,0.877451,26.110773,0.873171,26.374842
0.03,700,0.2,0.8,30,4,0.8,7.765665,12.0499,0.882353,27.110747,0.892683,27.581244
0.03,700,0.2,0.8,30,4,0.9,7.978968,12.1,0.887255,27.581951,0.892683,28.057984
0.03,700,0.2,0.8,30,4,1.0,7.544913,12.4543,0.877451,26.862084,0.897561,27.544163
0.03,700,0.2,0.8,30,5,0.8,7.740405,11.37,0.877451,26.448688,0.878049,26.850807
0.03,700,0.2,0.8,30,5,0.9,7.937115,11.4614,0.877451,26.896659,0.887805,27.335656
0.03,700,0.2,0.8,30,5,1.0,7.484266,11.8832,0.867647,26.27952,0.873171,26.851726
0.03,800,0.15,0.85,15,4,0.8,5.834365,14.4851,0.877451,25.715279,0.843902,26.153855
0.03,800,0.15,0.85,15,4,0.9,6.19906,14.2243,0.892157,26.346025,0.878049,26.62241
0.03,800,0.15,0.85,15,4,1.0,5.78544,14.5832,0.887255,25.665059,0.868293,26.154104
0.03,800,0.15,0.85,15,5,0.8,6.108845,13.6033,0.867647,25.629527,0.843902,25.820971
0.03,800,0.15,0.85,15,5,0.9,6.375285,13.6601,0.877451,25.981534,0.868293,26.410663
0.03,800,0.15,0.85,15,5,1.0,6.283473,13.7037,0.887255,25.874748,0.882927,26.270687
0.03,800,0.15,0.85,18,4,0.8,6.230031,14.2934,0.872549,26.289551,0.868293,26.753478
0.03,800,0.15,0.85,18,4,0.9,5.703106,14.6365,0.877451,25.442248,0.863415,26.042758
0.03,800,0.15,0.85,18,4,1.0,5.954097,14.6395,0.882353,25.978888,0.882927,26.547669
0.03,800,0.15,0.85,18,5,0.8,6.774558,13.7129,0.867647,26.84107,0.878049,27.262013
0.03,800,0.15,0.85,18,5,0.9,6.663792,13.7219,0.882353,26.673647,0.873171,27.049526
0.03,800,0.15,0.85,18,5,1.0,6.267285,13.8442,0.877451,26.153186,0.882927,26.378747
0.03,800,0.15,0.85,20,4,0.8,6.024594,14.3694,0.872549,26.084314,0.878049,26.418576
0.03,800,0.15,0.85,20,4,0.9,5.966554,14.4705,0.872549,25.991403,0.873171,26.403584
0.03,800,0.15,0.85,20,4,1.0,6.255517,14.5549,0.892157,26.843173,0.887805,27.065969
0.03,800,0.15,0.85,20,5,0.8,6.531471,13.5055,0.872549,26.149266,0.863415,26.568413
0.03,800,0.15,0.85,20,5,0.9,6.864019,13.4827,0.882353,26.896715,0.868293,27.210749
0.03,800,0.15,0.85,20,5,1.0,6.441927,13.8943,0.887255,26.557889,0.873171,26.778193
0.03,800,0.15,0.85,22,4,0.8,6.299429,14.294,0.882353,26.552469,0.882927,26.892871
0.03,800,0.15,0.85,22,4,0.9,5.913668,14.5477,0.877451,25.807552,0.887805,26.37499
0.03,800,0.15,0.85,22,4,1.0,6.341506,14.5247,0.897059,26.772326,0.897561,27.207723
0.03,800,0.15,0.85,22,5,0.8,6.556301,13.5724,0.867647,26.227717,0.858537,26.684996
0.03,800,0.15,0.85,22,5,0.9,7.079614,13.5362,0.877451,27.222744,0.897561,27.695393
0.03,800,0.15,0.85,22,5,1.0,6.135093,13.8466,0.877451,25.845148,0.873171,26.116807
0.03,800,0.15,0.85,25,4,0.8,6.355954,14.2515,0.887255,26.631638,0.878049,26.963373
0.03,800,0.15,0.85,25,4,0.9,6.246609,14.5276,0.887255,26.451299,0.878049,27.020848
0.03,800,0.15,0.85,25,4,1.0,6.154547,14.7256,0.882353,26.569573,0.902439,27.034699
0.03,800,0.15,0.85,25,5,0.8,6.515053,13.7526,0.872549,26.539235,0.868293,26.782739
0.03,800,0.15,0.85,25,5,0.9,6.370905,13.7001,0.877451,26.054583,0.878049,26.441903
0.03,800,0.15,0.85,25,5,1.0,6.160583,14.0215,0.872549,25.888968,0.878049,26.34264
0.03,800,0.15,0.85,30,4,0.8,6.73522,14.2778,0.892157,27.301944,0.878049,27.748234
0.03,800,0.15,0.85,30,4,0.9,6.308467,14.4578,0.882353,26.547698,0.887805,27.074707
0.03,800,0.15,0.85,30,4,1.0,6.933395,14.5356,0.887255,28.010159,0.912195,28.40235
0.03,800,0.15,0.85,30,5,0.8,6.419513,13.7144,0.887255,26.202209,0.878049,26.553463
0.03,800,0.15,0.85,30,5,0.9,6.504211,13.6894,0.877451,26.348255,0.878049,26.697814
0.03,800,0.15,0.85,30,5,1.0,6.454931,13.5441,0.882353,26.239905,0.863415,26.453954
0.03,800,0.2,0.8,15,4,0.8,7.835004,11.7076,0.877451,26.985895,0.892683,27.377581
0.03,800,0.2,0.8,15,4,0.9,7.434646,11.8646,0.882353,26.294918,0.878049,26.733941
0.03,800,0.2,0.8,15,4,1.0,7.141469,12.4103,0.882353,26.121379,0.873171,26.693197
0.03,800,0.2,0.8,15,5,0.8,7.766106,11.1413,0.872549,26.292269,0.863415,26.673555
0.03,800,0.2,0.8,15,5,0.9,8.703941,11.1672,0.877451,28.179796,0.882927,28.575068
0.03,800,0.2,0.8,15,5,1.0,7.997077,11.9943,0.897059,27.428248,0.887805,27.988408
0.03,800,0.2,0.8,18,4,0.8,8.014028,11.841,0.872549,27.490758,0.907317,27.869071
0.03,800,0.2,0.8,18,4,0.9,7.964113,11.8966,0.882353,27.326362,0.887805,27.824837
0.03,800,0.2,0.8,18,4,1.0,7.542525,12.363,0.872549,26.883096,0.897561,27.448079
0.03,800,0.2,0.8,18,5,0.8,8.445325,11.0183,0.877451,27.594061,0.887805,27.908956
0.03,800,0.2,0.8,18,5,0.9,8.200827,11.3948,0.882353,27.375984,0.892683,27.796433
0.03,800,0.2,0.8,18,5,1.0,7.35203,11.4981,0.862745,25.73464,0.858537,26.202134
0.03,800,0.2,0.8,20,4,0.8,7.968413,11.722,0.882353,27.292087,0.897561,27.65885
0.03,800,0.2,0.8,20,4,0.9,7.496747,12.0236,0.872549,26.484908,0.873171,27.017068
0.03,800,0.2,0.8,20,4,1.0,7.586764,12.4286,0.877451,27.068887,0.882927,27.602135
0.03,800,0.2,0.8,20,5,0.8,8.525291,10.9548,0.877451,27.761554,0.892683,28.005403
0.03,800,0.2,0.8,20,5,0.9,8.51511,11.1689,0.882353,27.947454,0.892683,28.199134
0.03,800,0.2,0.8,20,5,1.0,7.268092,11.7117,0.872549,25.762593,0.878049,26.247923
0.03,800,0.2,0.8,22,4,0.8,7.893716,11.7885,0.877451,27.227497,0.892683,27.575961
0.03,800,0.2,0.8,22,4,0.9,7.494097,11.9367,0.867647,26.493378,0.868293,26.924891
0.03,800,0.2,0.8,22,4,1.0,7.6673,12.3855,0.892157,27.01234,0.897561,27.720108
0.03,800,0.2,0.8,22,5,0.8,8.819442,11.0947,0.877451,28.368388,0.892683,28.733568
0.03,800,0.2,0.8,22,5,0.9,8.13314,11.2367,0.882353,27.113265,0.878049,27.502964
0.03,800,0.2,0.8,22,5,1.0,7.796558,11.6178,0.877451,26.969461,0.887805,27.210958
0.03,800,0.2,0.8,25,4,0.8,8.067415,11.7932,0.877451,27.678191,0.882927,27.928064
0.03,800,0.2,0.8,25,4,0.9,7.865622,11.9762,0.887255,27.211772,0.892683,27.707448
0.03,800,0.2,0.8,25,4,1.0,7.626714,12.3443,0.882353,27.001485,0.887805,27.597764
0.03,800,0.2,0.8,25,5,0.8,8.226701,11.058,0.877451,27.153997,0.882927,27.511365
0.03,800,0.2,0.8,25,5,0.9,8.490325,11.3411,0.887255,27.938488,0.887805,28.321784
0.03,800,0.2,0.8,25,5,1.0,7.097308,11.5416,0.857843,25.508726,0.858537,25.736223
0.03,800,0.2,0.8,30,4,0.8,7.783133,11.8957,0.877451,27.00542,0.878049,27.461964
0.03,800,0.2,0.8,30,4,0.9,7.941277,11.9667,0.887255,27.39718,0.892683,27.849231
0.03,800,0.2,0.8,30,4,1.0,7.559428,12.3378,0.877451,26.799931,0.892683,27.456614
0.03,800,0.2,0.8,30,5,0.8,8.005421,11.247,0.882353,26.859012,0.882927,27.257816
0.03,800,0.2,0.8,30,5,0.9,7.925298,11.2469,0.877451,26.716628,0.882927,27.097484
0.03,800,0.2,0.8,30,5,1.0,7.508018,11.759,0.867647,26.206699,0.873171,26.775064
0.032,400,0.15,0.85,15,4,0.8,5.037374,15.2878,0.877451,24.986807,0.84878,25.362583
0.032,400,0.15,0.85,15,4,0.9,5.448038,15.4211,0.882353,25.832692,0.873171,26.317184
0.032,400,0.15,0.85,15,4,1.0,5.683857,15.4063,0.897059,26.229986,0.887805,26.774028
0.032,400,0.15,0.85,15,5,0.8,6.036325,14.4685,0.877451,26.167158,0.882927,26.541125
0.032,400,0.15,0.85,15,5,0.9,6.24624,14.6154,0.897059,26.668538,0.887805,27.107839
0.032,400,0.15,0.85,15,5,1.0,6.42031,14.4433,0.901961,26.810749,0.892683,27.283943
0.032,400,0.15,0.85,18,4,0.8,5.315937,15.4168,0.882353,25.58101,0.853659,26.048709
0.032,400,0.15,0.85,18,4,0.9,5.684605,15.0921,0.882353,26.030804,0.873171,26.46131
0.032,400,0.15,0.85,18,4,1.0,5.697289,15.2544,0.887255,26.209958,0.892683,26.648949
0.032,400,0.15,0.85,18,5,0.8,6.092527,14.3367,0.882353,26.194064,0.887805,26.521765
0.032,400,0.15,0.85,18,5,0.9,6.272873,14.4983,0.882353,26.512267,0.887805,27.04404
0.032,400,0.15,0.85,18,5,1.0,5.639844,14.3213,0.882353,25.323344,0.873171,25.60095
0.032,400,0.15,0.85,20,4,0.8,6.030733,15.2334,0.901961,26.790358,0.887805,27.294842
0.032,400,0.15,0.85,20,4,0.9,5.65018,15.2268,0.892157,26.075337,0.878049,26.52713
0.032,400,0.15,0.85,20,4,1.0,5.819472,15.0575,0.892157,26.303436,0.887805,26.696422
0.032,400,0.15,0.85,20,5,0.8,6.479278,14.2903,0.892157,26.980105,0.887805,27.248847
0.032,400,0.15,0.85,20,5,0.9,6.131618,14.618,0.887255,26.402154,0.882927,26.88128
0.032,400,0.15,0.85,20,5,1.0,5.53804,14.306,0.877451,25.036805,0.868293,25.382115
0.032,400,0.15,0.85,22,4,0.8,6.113432,15.0986,0.887255,26.887798,0.907317,27.325418
0.032,400,0.15,0.85,22,4,0.9,5.28403,15.1724,0.882353,25.347709,0.863415,25.740444
0.032,400,0.15,0.85,22,4,1.0,5.916458,15.0956,0.897059,26.570178,0.887805,26.928544
0.032,400,0.15,0.85,22,5,0.8,6.001538,14.369,0.877451,26.054682,0.873171,26.372087
0.032,400,0.15,0.85,22,5,0.9,5.987961,14.5467,0.887255,26.125941,0.878049,26.522614
0.032,400,0.15,0.85,22,5,1.0,6.387447,14.7161,0.882353,27.15206,0.887805,27.490976
0.032,400,0.15,0.85,25,4,0.8,5.599693,15.1331,0.877451,25.813184,0.887805,26.332445
0.032,400,0.15,0.85,25,4,0.9,5.87304,15.1069,0.892157,26.336627,0.887805,26.852948
0.032,400,0.15,0.85,25,4,1.0,5.41436,15.3275,0.887255,25.71615,0.873171,26.156183
0.032,400,0.15,0.85,25,5,0.8,5.758755,14.4909,0.882353,25.771294,0.858537,26.008402
0.032,400,0.15,0.85,25,5,0.9,5.8966,14.6034,0.882353,25.984405,0.873171,26.396562
0.032,400,0.15,0.85,25,5,1.0,5.815191,14.4035,0.877451,25.811122,0.882927,26.033833
0.032,400,0.15,0.85,30,4,0.8,5.497717,15.0298,0.887255,25.646928,0.863415,26.025195
0.032,400,0.15,0.85,30,4,0.9,5.613319,15.1095,0.892157,25.76984,0.882927,26.336149
0.032,400,0.15,0.85,30,4,1.0,5.638435,15.2199,0.877451,26.002832,0.892683,26.496725
0.032,400,0.15,0.85,30,5,0.8,5.753119,14.4852,0.887255,25.665807,0.863415,25.991449
0.032,400,0.15,0.85,30,5,0.9,5.576499,14.5013,0.877451,25.229452,0.863415,25.654284
0.032,400,0.15,0.85,30,5,1.0,5.718435,14.5662,0.877451,25.456532,0.887805,26.003035
0.032,400,0.2,0.8,15,4,0.8,6.93838,12.5323,0.877451,25.9075,0.863415,26.409059
0.032,400,0.2,0.8,15,4,0.9,7.364095,12.7699,0.901961,27.010654,0.887805,27.498127
0.032,400,0.2,0.8,15,4,1.0,7.262729,12.8018,0.882353,26.728593,0.892683,27.327281
0.032,400,0.2,0.8,15,5,0.8,7.525058,11.7772,0.887255,26.481081,0.882927,26.827316
0.032,400,0.2,0.8,15,5,0.9,7.012529,12.0964,0.867647,25.539273,0.858537,26.121457
0.032,400,0.2,0.8,15,5,1.0,7.17546,12.5406,0.887255,26.347205,0.882927,26.891552
0.032,400,0.2,0.8,18,4,0.8,7.387388,12.5515,0.877451,26.978819,0.887805,27.326306
0.032,400,0.2,0.8,18,4,0.9,6.99669,12.5174,0.892157,26.149324,0.878049,26.510745
0.032,400,0.2,0.8,18,4,1.0,7.270506,12.8095,0.872549,26.740863,0.873171,27.350469
0.032,400,0.2,0.8,18,5,0.8,7.044394,12.0682,0.872549,25.717068,0.873171,26.157017
0.032,400,0.2,0.8,18,5,0.9,7.851549,12.1773,0.877451,27.343724,0.887805,27.880407
0.032,400,0.2,0.8,18,5,1.0,7.881253,12.2616,0.877451,27.511701,0.897561,28.024105
0.032,400,0.2,0.8,20,4,0.8,7.13489,12.3488,0.872549,26.290177,0.882927,26.618561
0.032,400,0.2,0.8,20,4,0.9,7.066985,12.7066,0.867647,26.320524,0.897561,26.840582
0.032,400,0.2,0.8,20,4,1.0,6.666826,12.8462,0.867647,25.613701,0.873171,26.179881
0.032,400,0.2,0.8,20,5,0.8,7.733611,11.7924,0.877451,26.99485,0.892683,27.259666
0.032,400,0.2,0.8,20,5,0.9,7.857637,12.0648,0.877451,27.302401,0.887805,27.780029
0.032,400,0.2,0.8,20,5,1.0,6.891607,12.434,0.867647,25.762226,0.863415,26.217249
0.032,400,0.2,0.8,22,4,0.8,7.275369,12.5843,0.877451,26.777261,0.887805,27.135012
0.032,400,0.2,0.8,22,4,0.9,7.400689,12.4808,0.887255,26.854128,0.892683,27.282219
0.032,400,0.2,0.8,22,4,1.0,7.657668,12.8079,0.882353,27.468506,0.902439,28.123284
0.032,400,0.2,0.8,22,5,0.8,6.931094,11.8083,0.867647,25.331057,0.863415,25.670481
0.032,400,0.2,0.8,22,5,0.9,7.524293,12.1465,0.872549,26.625538,0.878049,27.195057
0.032,400,0.2,0.8,22,5,1.0,6.695053,12.3938,0.862745,25.410171,0.863415,25.783873
0.032,400,0.2,0.8,25,4,0.8,7.374885,12.4749,0.887255,26.890554,0.892683,27.22467
0.032,400,0.2,0.8,25,4,0.9,7.020024,12.5754,0.877451,26.122449,0.873171,26.615459
0.032,400,0.2,0.8,25,4,1.0,7.665704,12.7319,0.887255,27.485337,0.907317,28.063299
0.032,400,0.2,0.8,25,5,0.8,7.782578,12.011,0.877451,27.195072,0.887805,27.576191
0.032,400,0.2,0.8,25,5,0.9,7.64002,11.8843,0.872549,26.852585,0.882927,27.164315
0.032,400,0.2,0.8,25,5,1.0,7.525433,12.3006,0.887255,26.810578,0.887805,27.351508
0.032,400,0.2,0.8,30,4,0.8,7.10588,12.6213,0.882353,26.277029,0.878049,26.833101
0.032,400,0.2,0.8,30,4,0.9,7.312999,12.5188,0.892157,26.676659,0.892683,27.144816
0.032,400,0.2,0.8,30,4,1.0,6.980793,12.7071,0.872549,25.981118,0.882927,26.668707
0.032,400,0.2,0.8,30,5,0.8,7.469347,11.9938,0.882353,26.47887,0.887805,26.932539
0.032,400,0.2,0.8,30,5,0.9,7.759204,11.9645,0.882353,27.063593,0.887805,27.482908
0.032,400,0.2,0.8,30,5,1.0,7.104123,12.433,0.867647,26.006382,0.882927,26.641294
0.032,450,0.15,0.85,15,4,0.8,5.137038,15.1791,0.877451,25.076245,0.843902,25.453184
0.032,450,0.15,0.85,15,4,0.9,5.632616,15.2627,0.882353,26.042044,0.882927,26.527919
0.032,450,0.15,0.85,15,4,1.0,5.744785,15.26,0.897059,26.20643,0.887805,26.749583
0.032,450,0.15,0.85,15,5,0.8,6.152153,14.2872,0.877451,26.23515,0.887805,26.591538
0.032,450,0.15,0.85,15,5,0.9,6.142582,14.4339,0.887255,26.279746,0.882927,26.719036
0.032,450,0.15,0.85,15,5,1.0,6.481598,14.3512,0.892157,26.835204,0.882927,27.314398
0.032,450,0.15,0.85,18,4,0.8,5.495677,15.2079,0.882353,25.752085,0.853659,26.199268
0.032,450,0.15,0.85,18,4,0.9,5.799957,14.965,0.872549,26.136796,0.882927,26.564954
0.032,450,0.15,0.85,18,4,1.0,5.706246,15.1364,0.887255,26.084599,0.887805,26.548857
0.032,450,0.15,0.85,18,5,0.8,6.126024,14.2069,0.882353,26.139178,0.878049,26.458983
0.032,450,0.15,0.85,18,5,0.9,6.311383,14.3983,0.882353,26.491756,0.887805,27.021106
0.032,450,0.15,0.85,18,5,1.0,5.918272,14.1827,0.882353,25.756938,0.878049,26.019259
0.032,450,0.15,0.85,20,4,0.8,5.982176,15.0203,0.897059,26.454771,0.882927,26.984628
0.032,450,0.15,0.85,20,4,0.9,5.7248,15.0219,0.892157,26.056146,0.878049,26.471501
0.032,450,0.15,0.85,20,4,1.0,5.818033,14.9199,0.887255,26.134875,0.882927,26.555978
0.032,450,0.15,0.85,20,5,0.8,6.622084,14.1194,0.892157,27.116177,0.887805,27.363545
0.032,450,0.15,0.85,20,5,0.9,6.343723,14.4263,0.892157,26.658467,0.882927,27.113785
0.032,450,0.15,0.85,20,5,1.0,6.347678,14.0609,0.882353,26.42956,0.887805,26.756283
0.032,450,0.15,0.85,22,4,0.8,6.203787,14.8944,0.892157,26.877249,0.902439,27.301977
0.032,450,0.15,0.85,22,4,0.9,5.65054,14.9866,0.882353,25.881829,0.878049,26.287673
0.032,450,0.15,0.85,22,4,1.0,5.901486,14.9721,0.897059,26.394704,0.887805,26.775106
0.032,450,0.15,0.85,22,5,0.8,6.027259,14.2488,0.872549,25.996564,0.873171,26.303293
0.032,450,0.15,0.85,22,5,0.9,6.129681,14.4251,0.897059,26.298461,0.878049,26.684417
0.032,450,0.15,0.85,22,5,1.0,6.58067,14.5618,0.882353,27.411998,0.887805,27.723181
0.032,450,0.15,0.85,25,4,0.8,5.744139,15.0029,0.877451,25.942396,0.887805,26.491161
0.032,450,0.15,0.85,25,4,0.9,5.778204,15.008,0.892157,26.035528,0.878049,26.564442
0.032,450,0.15,0.85,25,4,1.0,5.536419,15.1942,0.887255,25.839583,0.873171,26.267047
0.032,450,0.15,0.85,25,5,0.8,5.763864,14.3105,0.877451,25.63602,0.863415,25.838242
0.032,450,0.15,0.85,25,5,0.9,6.150938,14.4557,0.887255,26.359044,0.887805,26.757527
0.032,450,0.15,0.85,25,5,1.0,6.186299,14.2257,0.877451,26.394246,0.882927,26.598263
0.032,450,0.15,0.85,30,4,0.8,5.612393,14.8662,0.887255,25.733716,0.863415,26.090979
0.032,450,0.15,0.85,30,4,0.9,5.606673,14.9599,0.892157,25.614298,0.882927,26.17326
0.032,450,0.15,0.85,30,4,1.0,5.685122,15.0685,0.882353,25.954054,0.882927,26.438734
0.032,450,0.15,0.85,30,5,0.8,6.153185,14.3401,0.897059,26.345934,0.868293,26.646476
0.032,450,0.15,0.85,30,5,0.9,5.686175,14.3169,0.877451,25.286523,0.868293,25.689296
0.032,450,0.15,0.85,30,5,1.0,5.774812,14.4302,0.877451,25.455537,0.882927,25.979861
0.032,450,0.2,0.8,15,4,0.8,6.986195,12.3909,0.872549,25.87433,0.863415,26.36332
0.032,450,0.2,0.8,15,4,0.9,7.416966,12.6455,0.897059,26.964441,0.882927,27.479439
0.032,450,0.2,0.8,15,4,1.0,7.424907,12.7051,0.877451,26.982397,0.897561,27.5549
0.032,450,0.2,0.8,15,5,0.8,7.647678,11.64,0.892157,26.62536,0.878049,26.935319
0.032,450,0.2,0.8,15,5,0.9,7.409287,11.9177,0.872549,26.16436,0.878049,26.73629
0.032,450,0.2,0.8,15,5,1.0,7.326918,12.4268,0.892157,26.549558,0.882927,27.080589
0.032,450,0.2,0.8,18,4,0.8,7.365284,12.4142,0.872549,26.819004,0.878049,27.144766
0.032,450,0.2,0.8,18,4,0.9,7.382667,12.359,0.892157,26.792443,0.892683,27.124359
0.032,450,0.2,0.8,18,4,1.0,7.369055,12.6637,0.872549,26.81601,0.868293,27.401774
0.032,450,0.2,0.8,18,5,0.8,7.247733,11.8577,0.872549,25.952668,0.863415,26.353144
0.032,450,0.2,0.8,18,5,0.9,7.709508,12.044,0.872549,26.925355,0.882927,27.462987
0.032,450,0.2,0.8,18,5,1.0,7.97672,12.1262,0.877451,27.573859,0.892683,28.079634
0.032,450,0.2,0.8,20,4,0.8,7.234837,12.1923,0.872549,26.340367,0.882927,26.661995
0.032,450,0.2,0.8,20,4,0.9,6.984369,12.5854,0.867647,26.04428,0.887805,26.55415
0.032,450,0.2,0.8,20,4,1.0,7.036073,12.7737,0.872549,26.28184,0.897561,26.845893
0.032,450,0.2,0.8,20,5,0.8,7.835573,11.6677,0.882353,27.106801,0.892683,27.338806
0.032,450,0.2,0.8,20,5,0.9,8.423495,11.9231,0.901961,28.31036,0.892683,28.770133
0.032,450,0.2,0.8,20,5,1.0,6.945627,12.307,0.867647,25.750832,0.863415,26.198265
0.032,450,0.2,0.8,22,4,0.8,7.411868,12.4515,0.877451,26.914913,0.887805,27.275252
0.032,450,0.2,0.8,22,4,0.9,7.355058,12.3447,0.882353,26.653796,0.892683,27.054806
0.032,450,0.2,0.8,22,4,1.0,7.719062,12.653,0.877451,27.46585,0.897561,28.091123
0.032,450,0.2,0.8,22,5,0.8,7.071519,11.6239,0.867647,25.44157,0.858537,25.766933
0.032,450,0.2,0.8,22,5,0.9,7.554223,12.012,0.872549,26.558319,0.878049,27.120479
0.032,450,0.2,0.8,22,5,1.0,7.190249,12.237,0.867647,26.239303,0.873171,26.617533
0.032,450,0.2,0.8,25,4,0.8,7.460195,12.3543,0.887255,26.95125,0.892683,27.274724
0.032,450,0.2,0.8,25,4,0.9,7.335496,12.458,0.877451,26.650802,0.887805,27.129019
0.032,450,0.2,0.8,25,4,1.0,7.676303,12.6095,0.887255,27.402238,0.907317,27.962094
0.032,450,0.2,0.8,25,5,0.8,7.827677,11.8837,0.872549,27.18852,0.878049,27.539047
0.032,450,0.2,0.8,25,5,0.9,7.727207,11.7495,0.872549,26.904347,0.887805,27.203943
0.032,450,0.2,0.8,25,5,1.0,7.454098,12.1943,0.887255,26.585618,0.882927,27.102491
0.032,450,0.2,0.8,30,4,0.8,7.050058,12.3778,0.872549,25.969282,0.878049,26.477956
0.032,450,0.2,0.8,30,4,0.9,7.454578,12.3844,0.897059,26.836692,0.892683,27.293582
0.032,450,0.2,0.8,30,4,1.0,6.833296,12.6313,0.872549,25.601467,0.882927,26.297874
0.032,450,0.2,0.8,30,5,0.8,7.914013,11.7936,0.887255,27.219364,0.892683,27.621658
0.032,450,0.2,0.8,30,5,0.9,7.830349,11.7904,0.882353,27.050861,0.887805,27.451082
0.032,450,0.2,0.8,30,5,1.0,7.075967,12.3716,0.867647,25.897252,0.882927,26.523551
0.032,500,0.15,0.85,15,4,0.8,5.177981,15.0165,0.872549,24.997194,0.843902,25.372487
0.032,500,0.15,0.85,15,4,0.9,5.640612,15.1354,0.882353,25.955489,0.882927,26.41665
0.032,500,0.15,0.85,15,4,1.0,5.797754,15.1651,0.897059,26.229023,0.887805,26.760633
0.032,500,0.15,0.85,15,5,0.8,6.051993,14.1428,0.877451,25.912342,0.868293,26.24676
0.032,500,0.15,0.85,15,5,0.9,6.213594,14.2778,0.887255,26.270207,0.873171,26.704954
0.032,500,0.15,0.85,15,5,1.0,6.480408,14.2748,0.892157,26.743558,0.882927,27.235609
0.032,500,0.15,0.85,18,4,0.8,5.497234,15.0516,0.882353,25.589995,0.853659,26.046116
0.032,500,0.15,0.85,18,4,0.9,5.868539,14.8473,0.877451,26.17837,0.878049,26.584421
0.032,500,0.15,0.85,18,4,1.0,5.630796,14.9849,0.887255,25.789036,0.887805,26.246476
0.032,500,0.15,0.85,18,5,0.8,6.129247,14.0714,0.882353,26.018718,0.878049,26.329851
0.032,500,0.15,0.85,18,5,0.9,6.416288,14.2429,0.882353,26.550325,0.882927,27.075474
0.032,500,0.15,0.85,18,5,1.0,6.00899,14.0858,0.882353,25.845586,0.878049,26.103768
0.032,500,0.15,0.85,20,4,0.8,6.147083,14.8716,0.897059,26.641028,0.882927,27.165718
0.032,500,0.15,0.85,20,4,0.9,5.692686,14.887,0.877451,25.859127,0.878049,26.272327
0.032,500,0.15,0.85,20,4,1.0,5.928836,14.836,0.887255,26.284388,0.882927,26.693665
0.032,500,0.15,0.85,20,5,0.8,6.422135,13.9329,0.877451,26.548327,0.878049,26.777165
0.032,500,0.15,0.85,20,5,0.9,6.398726,14.2345,0.887255,26.588341,0.878049,27.031987
0.032,500,0.15,0.85,20,5,1.0,6.498159,13.9391,0.887255,26.611571,0.887805,26.935449
0.032,500,0.15,0.85,22,4,0.8,6.263717,14.736,0.892157,26.871036,0.907317,27.26347
0.032,500,0.15,0.85,22,4,0.9,5.759864,14.8592,0.882353,25.971457,0.873171,26.378941
0.032,500,0.15,0.85,22,4,1.0,5.930723,14.8688,0.887255,26.343367,0.882927,26.730235
0.032,500,0.15,0.85,22,5,0.8,6.142821,14.1543,0.877451,26.126275,0.873171,26.439977
0.032,500,0.15,0.85,22,5,0.9,6.228345,14.2588,0.892157,26.347124,0.882927,26.71551
0.032,500,0.15,0.85,22,5,1.0,6.697652,14.4084,0.882353,27.507297,0.887805,27.803693
0.032,500,0.15,0.85,25,4,0.8,5.884265,14.8301,0.877451,26.074961,0.892683,26.598665
0.032,500,0.15,0.85,25,4,0.9,5.690936,14.8461,0.892157,25.727638,0.873171,26.227948
0.032,500,0.15,0.85,25,4,1.0,5.715641,15.071,0.892157,26.094712,0.878049,26.502262
0.032,500,0.15,0.85,25,5,0.8,5.904981,14.1307,0.872549,25.754416,0.863415,25.940644
0.032,500,0.15,0.85,25,5,0.9,6.257742,14.3106,0.887255,26.463017,0.887805,26.826087
0.032,500,0.15,0.85,25,5,1.0,6.253617,14.1083,0.877451,26.435855,0.882927,26.615508
0.032,500,0.15,0.85,30,4,0.8,5.574636,14.7619,0.887255,25.5359,0.858537,25.911195
0.032,500,0.15,0.85,30,4,0.9,5.650685,14.818,0.892157,25.564683,0.878049,26.119365
0.032,500,0.15,0.85,30,4,1.0,5.824994,14.8914,0.882353,26.074032,0.878049,26.541373
0.032,500,0.15,0.85,30,5,0.8,6.372741,14.1834,0.901961,26.658482,0.868293,26.928876
0.032,500,0.15,0.85,30,5,0.9,6.058908,14.1533,0.882353,25.880632,0.873171,26.271141
0.032,500,0.15,0.85,30,5,1.0,5.885355,14.2742,0.867647,25.522952,0.882927,26.0449
0.032,500,0.2,0.8,15,4,0.8,7.090875,12.2598,0.872549,25.949823,0.858537,26.441517
0.032,500,0.2,0.8,15,4,0.9,7.46512,12.5257,0.897059,26.949716,0.882927,27.455956
0.032,500,0.2,0.8,15,4,1.0,7.460266,12.6662,0.882353,27.018075,0.897561,27.586743
0.032,500,0.2,0.8,15,5,0.8,7.817723,11.4937,0.887255,26.828192,0.882927,27.129121
0.032,500,0.2,0.8,15,5,0.9,7.339132,11.783,0.872549,25.902758,0.863415,26.461291
0.032,500,0.2,0.8,15,5,1.0,7.305651,12.3199,0.892157,26.398719,0.882927,26.931192
0.032,500,0.2,0.8,18,4,0.8,7.485398,12.3354,0.872549,26.957695,0.882927,27.306185
0.032,500,0.2,0.8,18,4,0.9,7.542086,12.2484,0.892157,26.999006,0.892683,27.332537
0.032,500,0.2,0.8,18,4,1.0,7.373362,12.6158,0.877451,26.797843,0.868293,27.36255
0.032,500,0.2,0.8,18,5,0.8,7.32015,11.7124,0.872549,25.950341,0.863415,26.352739
0.032,500,0.2,0.8,18,5,0.9,7.748493,11.9275,0.872549,26.913121,0.882927,27.424438
0.032,500,0.2,0.8,18,5,1.0,7.890356,12.0217,0.877451,27.299412,0.892683,27.802387
0.032,500,0.2,0.8,20,4,0.8,7.415109,12.0743,0.872549,26.58004,0.878049,26.904546
0.032,500,0.2,0.8,20,4,0.9,7.243356,12.4209,0.872549,26.412211,0.882927,26.907661
0.032,500,0.2,0.8,20,4,1.0,7.066432,12.7231,0.872549,26.286751,0.892683,26.856009
0.032,500,0.2,0.8,20,5,0.8,7.943576,11.5329,0.882353,27.168182,0.892683,27.420085
0.032,500,0.2,0.8,20,5,0.9,8.423878,11.7601,0.887255,28.148029,0.892683,28.607863
0.032,500,0.2,0.8,20,5,1.0,7.123224,12.1712,0.872549,25.958145,0.873171,26.417663
0.032,500,0.2,0.8,22,4,0.8,7.488202,12.3592,0.877451,26.959134,0.887805,27.335567
0.032,500,0.2,0.8,22,4,0.9,7.349731,12.2612,0.882353,26.575128,0.892683,26.960677
0.032,500,0.2,0.8,22,4,1.0,7.882322,12.5777,0.877451,27.729417,0.897561,28.342382
0.032,500,0.2,0.8,22,5,0.8,7.181783,11.4704,0.862745,25.513188,0.858537,25.833919
0.032,500,0.2,0.8,22,5,0.9,7.570564,11.8532,0.872549,26.458558,0.878049,26.994318
0.032,500,0.2,0.8,22,5,1.0,7.182126,12.1286,0.867647,26.113946,0.873171,26.492829
0.032,500,0.2,0.8,25,4,0.8,7.591129,12.2597,0.877451,27.08767,0.892683,27.441954
0.032,500,0.2,0.8,25,4,0.9,7.464616,12.3222,0.882353,26.765287,0.887805,27.251438
0.032,500,0.2,0.8,25,4,1.0,7.622278,12.5381,0.887255,27.223567,0.892683,27.782685
0.032,500,0.2,0.8,25,5,0.8,7.983983,11.7844,0.872549,27.402655,0.882927,27.752385
0.032,500,0.2,0.8,25,5,0.9,7.807398,11.6153,0.877451,26.937302,0.882927,27.230133
0.032,500,0.2,0.8,25,5,1.0,7.335438,12.0853,0.887255,26.263843,0.882927,26.756199
0.032,500,0.2,0.8,30,4,0.8,7.139267,12.2506,0.872549,26.05657,0.873171,26.529122
0.032,500,0.2,0.8,30,4,0.9,7.570605,12.3127,0.892157,27.005328,0.892683,27.453892
0.032,500,0.2,0.8,30,4,1.0,6.827114,12.5348,0.872549,25.492264,0.878049,26.189055
0.032,500,0.2,0.8,30,5,0.8,7.953788,11.6742,0.887255,27.185333,0.892683,27.581821
0.032,500,0.2,0.8,30,5,0.9,8.036652,11.637,0.892157,27.351723,0.887805,27.710291
0.032,500,0.2,0.8,30,5,1.0,7.055856,12.2988,0.867647,25.78113,0.882927,26.410537
0.032,550,0.15,0.85,15,4,0.8,5.20625,14.9165,0.867647,24.954503,0.843902,25.329006
0.032,550,0.15,0.85,15,4,0.9,5.716626,15.0169,0.882353,26.000824,0.882927,26.450173
0.032,550,0.15,0.85,15,4,1.0,5.862027,15.1184,0.897059,26.270706,0.887805,26.842416
0.032,550,0.15,0.85,15,5,0.8,6.098959,14.0128,0.877451,25.894911,0.873171,26.210673
0.032,550,0.15,0.85,15,5,0.9,6.279435,14.1052,0.887255,26.27145,0.878049,26.664111
0.032,550,0.15,0.85,15,5,1.0,6.618391,14.1796,0.892157,26.919727,0.892683,27.416392
0.032,550,0.15,0.85,18,4,0.8,5.634435,14.8935,0.882353,25.718787,0.858537,26.162404
0.032,550,0.15,0.85,18,4,0.9,5.845181,14.7265,0.877451,26.014043,0.878049,26.416826
0.032,550,0.15,0.85,18,4,1.0,5.789383,14.8279,0.887255,25.967091,0.882927,26.406709
0.032,550,0.15,0.85,18,5,0.8,6.263154,13.8968,0.882353,26.128044,0.878049,26.423125
0.032,550,0.15,0.85,18,5,0.9,6.516039,14.0842,0.887255,26.610427,0.882927,27.11625
0.032,550,0.15,0.85,18,5,1.0,6.014013,13.9836,0.882353,25.74005,0.878049,26.011597
0.032,550,0.15,0.85,20,4,0.8,6.37956,14.7538,0.901961,27.004281,0.897561,27.512912
0.032,550,0.15,0.85,20,4,0.9,5.642467,14.7605,0.872549,25.648606,0.868293,26.045447
0.032,550,0.15,0.85,20,4,1.0,6.008508,14.7446,0.887255,26.353937,0.878049,26.761617
0.032,550,0.15,0.85,20,5,0.8,6.40403,13.8056,0.877451,26.407554,0.878049,26.613629
0.032,550,0.15,0.85,20,5,0.9,6.238246,14.125,0.872549,26.163902,0.878049,26.601531
0.032,550,0.15,0.85,20,5,1.0,6.511495,13.8429,0.887255,26.552313,0.887805,26.865886
0.032,550,0.15,0.85,22,4,0.8,6.141825,14.6408,0.882353,26.528696,0.902439,26.924485
0.032,550,0.15,0.85,22,4,0.9,5.973645,14.7428,0.882353,26.284563,0.878049,26.690084
0.032,550,0.15,0.85,22,4,1.0,5.947318,14.8202,0.887255,26.335665,0.882927,26.71484
0.032,550,0.15,0.85,22,5,0.8,6.128707,14.0372,0.867647,25.981785,0.873171,26.29466
0.032,550,0.15,0.85,22,5,0.9,6.343,14.127,0.892157,26.455975,0.882927,26.813022
0.032,550,0.15,0.85,22,5,1.0,6.731622,14.2733,0.877451,27.420413,0.882927,27.736591
0.032,550,0.15,0.85,25,4,0.8,6.200342,14.6962,0.877451,26.58032,0.892683,27.096883
0.032,550,0.15,0.85,25,4,0.9,5.775711,14.7019,0.887255,25.760846,0.878049,26.253276
0.032,550,0.15,0.85,25,4,1.0,5.908855,14.9296,0.887255,26.35269,0.882927,26.747346
0.032,550,0.15,0.85,25,5,0.8,6.042962,14.0171,0.872549,25.913073,0.863415,26.103032
0.032,550,0.15,0.85,25,5,0.9,6.379711,14.1899,0.892157,26.574957,0.882927,26.949285
0.032,550,0.15,0.85,25,5,1.0,6.340008,14.055,0.877451,26.537442,0.882927,26.73498
0.032,550,0.15,0.85,30,4,0.8,5.624099,14.6746,0.887255,25.546525,0.858537,25.922821
0.032,550,0.15,0.85,30,4,0.9,5.808556,14.7119,0.892157,25.782802,0.878049,26.329048
0.032,550,0.15,0.85,30,4,1.0,5.830294,14.8007,0.877451,25.997925,0.878049,26.461277
0.032,550,0.15,0.85,30,5,0.8,6.351855,14.0772,0.892157,26.521992,0.868293,26.780928
0.032,550,0.15,0.85,30,5,0.9,6.166191,14.0309,0.887255,25.981467,0.878049,26.36328
0.032,550,0.15,0.85,30,5,1.0,5.881393,14.204,0.867647,25.445609,0.882927,25.9668
0.032,550,0.2,0.8,15,4,0.8,7.330555,12.1115,0.877451,26.304436,0.858537,26.77264
0.032,550,0.2,0.8,15,4,0.9,7.497708,12.3335,0.892157,26.864498,0.882927,27.32887
0.032,550,0.2,0.8,15,4,1.0,7.437678,12.5612,0.877451,26.849901,0.897561,27.436523
0.032,550,0.2,0.8,15,5,0.8,7.838352,11.3594,0.877451,26.733146,0.873171,27.036085
0.032,550,0.2,0.8,15,5,0.9,7.344079,11.6223,0.867647,25.754215,0.858537,26.310461
0.032,550,0.2,0.8,15,5,1.0,7.425934,12.2449,0.887255,26.547671,0.882927,27.096727
0.032,550,0.2,0.8,18,4,0.8,7.460666,12.1877,0.872549,26.757773,0.887805,27.10907
0.032,550,0.2,0.8,18,4,0.9,7.656605,12.1787,0.882353,27.150536,0.892683,27.491885
0.032,550,0.2,0.8,18,4,1.0,7.366264,12.5496,0.877451,26.722007,0.868293,27.282176
0.032,550,0.2,0.8,18,5,0.8,7.510017,11.5881,0.877451,26.221805,0.868293,26.608101
0.032,550,0.2,0.8,18,5,0.9,7.673223,11.7831,0.872549,26.629875,0.873171,27.129548
0.032,550,0.2,0.8,18,5,1.0,7.682046,11.9676,0.877451,26.832953,0.882927,27.33174
0.032,550,0.2,0.8,20,4,0.8,7.347297,11.9453,0.872549,26.334512,0.873171,26.639883
0.032,550,0.2,0.8,20,4,0.9,7.292898,12.2632,0.872549,26.371072,0.887805,26.848998
0.032,550,0.2,0.8,20,4,1.0,7.192243,12.6061,0.872549,26.443613,0.892683,26.990619
0.032,550,0.2,0.8,20,5,0.8,7.929792,11.4,0.882353,27.018943,0.892683,27.259614
0.032,550,0.2,0.8,20,5,0.9,8.587278,11.6746,0.892157,28.400411,0.892683,28.849155
0.032,550,0.2,0.8,20,5,1.0,7.170194,12.0844,0.872549,25.967763,0.873171,26.424762
0.032,550,0.2,0.8,22,4,0.8,7.510909,12.2505,0.877451,26.906075,0.887805,27.272349
0.032,550,0.2,0.8,22,4,0.9,7.551814,12.1514,0.877451,26.866807,0.892683,27.255042
0.032,550,0.2,0.8,22,4,1.0,8.002284,12.5197,0.882353,27.899665,0.902439,28.524235
0.032,550,0.2,0.8,22,5,0.8,7.376352,11.3088,0.862745,25.790183,0.863415,26.061487
0.032,550,0.2,0.8,22,5,0.9,7.588591,11.7133,0.877451,26.383828,0.873171,26.890518
0.032,550,0.2,0.8,22,5,1.0,7.216719,12.03,0.867647,26.113677,0.873171,26.46339
0.032,550,0.2,0.8,25,4,0.8,7.745323,12.1476,0.882353,27.306505,0.892683,27.63829
0.032,550,0.2,0.8,25,4,0.9,7.462354,12.238,0.867647,26.710086,0.887805,27.162669
0.032,550,0.2,0.8,25,4,1.0,7.482277,12.5031,0.887255,26.914501,0.882927,27.467665
0.032,550,0.2,0.8,25,5,0.8,8.078097,11.6213,0.872549,27.447972,0.887805,27.777481
0.032,550,0.2,0.8,25,5,0.9,8.01602,11.5175,0.877451,27.27057,0.882927,27.549538
0.032,550,0.2,0.8,25,5,1.0,7.347671,12.0045,0.887255,26.21519,0.882927,26.69983
0.032,550,0.2,0.8,30,4,0.8,7.302939,12.1316,0.872549,26.286233,0.873171,26.737456
0.032,550,0.2,0.8,30,4,0.9,7.778275,12.2129,0.897059,27.324623,0.897561,27.769414
0.032,550,0.2,0.8,30,4,1.0,6.769129,12.4758,0.872549,25.317703,0.868293,26.014021
0.032,550,0.2,0.8,30,5,0.8,8.126554,11.5406,0.887255,27.413357,0.897561,27.793686
0.032,550,0.2,0.8,30,5,0.9,8.067165,11.513,0.887255,27.301373,0.887805,27.647359
0.032,550,0.2,0.8,30,5,1.0,7.111543,12.2504,0.867647,25.837269,0.882927,26.473505
0.032,600,0.15,0.85,15,4,0.8,5.386277,14.7749,0.877451,25.187221,0.843902,25.547446
0.032,600,0.15,0.85,15,4,0.9,5.77016,14.8885,0.877451,25.991962,0.878049,26.428806
0.032,600,0.15,0.85,15,4,1.0,5.871773,15.0764,0.897059,26.207489,0.887805,26.819906
0.032,600,0.15,0.85,15,5,0.8,6.098863,13.8988,0.877451,25.79961,0.868293,26.096488
0.032,600,0.15,0.85,15,5,0.9,6.42776,13.9783,0.887255,26.459809,0.887805,26.833841
0.032,600,0.15,0.85,15,5,1.0,6.806831,14.0553,0.897059,27.188491,0.897561,27.668947
0.032,600,0.15,0.85,18,4,0.8,5.534552,14.7607,0.882353,25.384591,0.853659,25.82981
0.032,600,0.15,0.85,18,4,0.9,5.920883,14.6229,0.882353,26.083855,0.878049,26.464647
0.032,600,0.15,0.85,18,4,1.0,5.810089,14.7429,0.882353,25.938426,0.882927,26.36305
0.032,600,0.15,0.85,18,5,0.8,6.388343,13.7636,0.877451,26.238864,0.873171,26.540306
0.032,600,0.15,0.85,18,5,0.9,6.525359,13.9873,0.877451,26.527027,0.878049,27.037996
0.032,600,0.15,0.85,18,5,1.0,5.930361,13.8706,0.882353,25.429189,0.878049,25.731322
0.032,600,0.15,0.85,20,4,0.8,6.509396,14.6516,0.901961,27.167933,0.897561,27.670394
0.032,600,0.15,0.85,20,4,0.9,5.755335,14.6646,0.872549,25.76501,0.868293,26.175223
0.032,600,0.15,0.85,20,4,1.0,6.042615,14.6702,0.887255,26.324454,0.878049,26.755452
0.032,600,0.15,0.85,20,5,0.8,6.572483,13.6839,0.882353,26.631304,0.882927,26.828838
0.032,600,0.15,0.85,20,5,0.9,6.233608,14.0438,0.872549,26.067022,0.878049,26.511045
0.032,600,0.15,0.85,20,5,1.0,6.463722,13.782,0.887255,26.39383,0.887805,26.709404
0.032,600,0.15,0.85,22,4,0.8,6.114067,14.5833,0.882353,26.404114,0.902439,26.811385
0.032,600,0.15,0.85,22,4,0.9,6.008414,14.6,0.887255,26.234542,0.882927,26.616874
0.032,600,0.15,0.85,22,4,1.0,5.927346,14.7909,0.887255,26.255685,0.873171,26.645595
0.032,600,0.15,0.85,22,5,0.8,6.296313,13.9329,0.872549,26.229181,0.873171,26.525483
0.032,600,0.15,0.85,22,5,0.9,6.438435,14.0056,0.892157,26.525877,0.882927,26.882465
0.032,600,0.15,0.85,22,5,1.0,6.860314,14.2197,0.877451,27.624782,0.878049,27.940309
0.032,600,0.15,0.85,25,4,0.8,6.252993,14.6066,0.872549,26.592551,0.892683,27.112544
0.032,600,0.15,0.85,25,4,0.9,6.126726,14.5756,0.892157,26.342608,0.887805,26.829036
0.032,600,0.15,0.85,25,4,1.0,5.924769,14.8898,0.892157,26.345841,0.882927,26.739347
0.032,600,0.15,0.85,25,5,0.8,6.043328,13.8542,0.872549,25.77206,0.863415,25.940893
0.032,600,0.15,0.85,25,5,0.9,6.564318,14.0364,0.892157,26.807426,0.882927,27.165043
0.032,600,0.15,0.85,25,5,1.0,6.31679,13.9291,0.872549,26.346785,0.878049,26.562681
0.032,600,0.15,0.85,30,4,0.8,6.097472,14.504,0.887255,26.336034,0.882927,26.698938
0.032,600,0.15,0.85,30,4,0.9,6.013188,14.6113,0.892157,26.079356,0.882927,26.637649
0.032,600,0.15,0.85,30,4,1.0,5.819318,14.7125,0.877451,25.887312,0.878049,26.351093
0.032,600,0.15,0.85,30,5,0.8,6.483953,13.9317,0.901961,26.647813,0.868293,26.899593
0.032,600,0.15,0.85,30,5,0.9,6.378826,13.9126,0.887255,26.298676,0.878049,26.670216
0.032,600,0.15,0.85,30,5,1.0,5.930944,14.1315,0.867647,25.479096,0.882927,25.993354
0.032,600,0.2,0.8,15,4,0.8,7.240896,11.992,0.877451,26.021572,0.84878,26.473754
0.032,600,0.2,0.8,15,4,0.9,7.551979,12.2299,0.892157,26.878764,0.882927,27.333831
0.032,600,0.2,0.8,15,4,1.0,7.434399,12.4969,0.877451,26.77941,0.897561,27.365697
0.032,600,0.2,0.8,15,5,0.8,8.072334,11.2576,0.877451,27.110882,0.882927,27.402237
0.032,600,0.2,0.8,15,5,0.9,7.455913,11.5107,0.872549,25.871873,0.858537,26.42257
0.032,600,0.2,0.8,15,5,1.0,7.416736,12.158,0.887255,26.459071,0.878049,26.991422
0.032,600,0.2,0.8,18,4,0.8,7.525045,12.0562,0.872549,26.735306,0.878049,27.106302
0.032,600,0.2,0.8,18,4,0.9,7.886175,12.0575,0.882353,27.492903,0.892683,27.829871
0.032,600,0.2,0.8,18,4,1.0,7.303735,12.5086,0.867647,26.544934,0.868293,27.116077
0.032,600,0.2,0.8,18,5,0.8,7.600428,11.4881,0.867647,26.306939,0.868293,26.688956
0.032,600,0.2,0.8,18,5,0.9,7.806664,11.6203,0.867647,26.744669,0.873171,27.23363
0.032,600,0.2,0.8,18,5,1.0,7.609288,11.8947,0.877451,26.628449,0.878049,27.113309
0.032,600,0.2,0.8,20,4,0.8,7.557345,11.8475,0.872549,26.643714,0.873171,26.962209
0.032,600,0.2,0.8,20,4,0.9,7.327815,12.1926,0.872549,26.37163,0.882927,26.848263
0.032,600,0.2,0.8,20,4,1.0,7.176092,12.4764,0.872549,26.297188,0.892683,26.828591
0.032,600,0.2,0.8,20,5,0.8,8.097605,11.2496,0.877451,27.213199,0.892683,27.444828
0.032,600,0.2,0.8,20,5,0.9,8.663984,11.5345,0.892157,28.426952,0.892683,28.862427
0.032,600,0.2,0.8,20,5,1.0,7.172799,12.0414,0.872549,25.939492,0.873171,26.387045
0.032,600,0.2,0.8,22,4,0.8,7.822182,12.1225,0.877451,27.393525,0.887805,27.766901
0.032,600,0.2,0.8,22,4,0.9,7.742937,12.0507,0.877451,27.160837,0.897561,27.536577
0.032,600,0.2,0.8,22,4,1.0,7.912619,12.4391,0.877451,27.661511,0.897561,28.264336
0.032,600,0.2,0.8,22,5,0.8,7.572183,11.2194,0.862745,26.103963,0.868293,26.363815
0.032,600,0.2,0.8,22,5,0.9,7.748766,11.589,0.877451,26.587388,0.878049,27.08655
0.032,600,0.2,0.8,22,5,1.0,7.368528,11.8756,0.867647,26.293244,0.878049,26.612613
0.032,600,0.2,0.8,25,4,0.8,7.885617,12.033,0.882353,27.488437,0.892683,27.804264
0.032,600,0.2,0.8,25,4,0.9,7.572861,12.1434,0.872549,26.845794,0.887805,27.289082
0.032,600,0.2,0.8,25,4,1.0,7.545116,12.4361,0.887255,26.992678,0.882927,27.526349
0.032,600,0.2,0.8,25,5,0.8,8.119591,11.5106,0.867647,27.417184,0.882927,27.749781
0.032,600,0.2,0.8,25,5,0.9,8.045954,11.4401,0.877451,27.262784,0.878049,27.531997
0.032,600,0.2,0.8,25,5,1.0,7.20824,11.9279,0.877451,25.852811,0.878049,26.344418
0.032,600,0.2,0.8,30,4,0.8,7.309544,12.0371,0.872549,26.206348,0.873171,26.656191
0.032,600,0.2,0.8,30,4,0.9,7.837926,12.0994,0.897059,27.337303,0.897561,27.775249
0.032,600,0.2,0.8,30,4,1.0,6.927662,12.4264,0.872549,25.573112,0.882927,26.281683
0.032,600,0.2,0.8,30,5,0.8,8.137624,11.4652,0.882353,27.364651,0.892683,27.7404
0.032,600,0.2,0.8,30,5,0.9,8.144622,11.4135,0.887255,27.381409,0.887805,27.702715
0.032,600,0.2,0.8,30,5,1.0,7.181171,12.168,0.862745,25.894341,0.882927,26.530364
0.032,700,0.15,0.85,15,4,0.8,5.575702,14.6185,0.877451,25.390386,0.84878,25.769882
0.032,700,0.15,0.85,15,4,0.9,6.047399,14.6231,0.877451,26.300611,0.878049,26.71789
0.032,700,0.15,0.85,15,4,1.0,5.856682,14.9542,0.892157,26.038017,0.882927,26.667603
0.032,700,0.15,0.85,15,5,0.8,6.247809,13.6995,0.872549,25.889821,0.868293,26.19512
0.032,700,0.15,0.85,15,5,0.9,6.537665,13.8368,0.882353,26.517854,0.887805,26.912125
0.032,700,0.15,0.85,15,5,1.0,6.698151,13.8535,0.892157,26.782822,0.892683,27.249824
0.032,700,0.15,0.85,18,4,0.8,5.532603,14.5665,0.872549,25.191311,0.863415,25.631659
0.032,700,0.15,0.85,18,4,0.9,5.937323,14.4562,0.872549,25.907575,0.858537,26.330885
0.032,700,0.15,0.85,18,4,1.0,5.925245,14.5849,0.882353,26.015293,0.882927,26.435342
0.032,700,0.15,0.85,18,5,0.8,6.319726,13.5676,0.872549,25.921292,0.863415,26.207049
0.032,700,0.15,0.85,18,5,0.9,6.38939,13.8646,0.872549,26.113926,0.868293,26.643413
0.032,700,0.15,0.85,18,5,1.0,5.908562,13.7814,0.872549,25.29767,0.878049,25.598503
0.032,700,0.15,0.85,20,4,0.8,6.615821,14.4736,0.901961,27.21584,0.882927,27.70521
0.032,700,0.15,0.85,20,4,0.9,5.901106,14.4949,0.877451,25.878147,0.868293,26.297127
0.032,700,0.15,0.85,20,4,1.0,6.179721,14.5452,0.887255,26.481951,0.882927,26.904686
0.032,700,0.15,0.85,20,5,0.8,6.97064,13.4535,0.882353,27.246177,0.882927,27.394811
0.032,700,0.15,0.85,20,5,0.9,6.298041,13.8993,0.872549,26.037133,0.873171,26.495405
0.032,700,0.15,0.85,20,5,1.0,6.700987,13.5672,0.892157,26.658658,0.882927,26.969204
0.032,700,0.15,0.85,22,4,0.8,6.280968,14.3769,0.877451,26.530045,0.902439,26.938832
0.032,700,0.15,0.85,22,4,0.9,6.214315,14.464,0.887255,26.529493,0.892683,26.892659
0.032,700,0.15,0.85,22,4,1.0,6.2206,14.6312,0.887255,26.694012,0.873171,27.072359
0.032,700,0.15,0.85,22,5,0.8,6.409441,13.8009,0.872549,26.335341,0.873171,26.619779
0.032,700,0.15,0.85,22,5,0.9,6.522907,13.8193,0.887255,26.519642,0.882927,26.865094
0.032,700,0.15,0.85,22,5,1.0,6.923114,14.1336,0.877451,27.669187,0.878049,27.979815
0.032,700,0.15,0.85,25,4,0.8,6.282074,14.4664,0.872549,26.498677,0.892683,27.030558
0.032,700,0.15,0.85,25,4,0.9,6.364953,14.4638,0.892157,26.706263,0.887805,27.193724
0.032,700,0.15,0.85,25,4,1.0,6.081898,14.6736,0.897059,26.457459,0.887805,26.83737
0.032,700,0.15,0.85,25,5,0.8,6.272083,13.6946,0.872549,26.095718,0.863415,26.238739
0.032,700,0.15,0.85,25,5,0.9,6.761881,13.8307,0.887255,27.025529,0.878049,27.354454
0.032,700,0.15,0.85,25,5,1.0,6.277503,13.7729,0.872549,26.107392,0.873171,26.327949
0.032,700,0.15,0.85,30,4,0.8,6.244039,14.3341,0.882353,26.472803,0.887805,26.822166
0.032,700,0.15,0.85,30,4,0.9,6.110623,14.4639,0.887255,26.136322,0.878049,26.68514
0.032,700,0.15,0.85,30,4,1.0,6.038208,14.5895,0.877451,26.200077,0.887805,26.665955
0.032,700,0.15,0.85,30,5,0.8,6.764289,13.746,0.901961,27.063499,0.873171,27.274604
0.032,700,0.15,0.85,30,5,0.9,6.510749,13.766,0.882353,26.434513,0.878049,26.78749
0.032,700,0.15,0.85,30,5,1.0,5.899972,14.0541,0.867647,25.359832,0.873171,25.854032
0.032,700,0.2,0.8,15,4,0.8,7.235878,11.8406,0.867647,25.85276,0.84878,26.312359
0.032,700,0.2,0.8,15,4,0.9,7.572183,12.0138,0.887255,26.698714,0.878049,27.158118
0.032,700,0.2,0.8,15,4,1.0,7.401214,12.4298,0.877451,26.639065,0.897561,27.232186
0.032,700,0.2,0.8,15,5,0.8,8.239892,11.036,0.877451,27.239925,0.882927,27.515768
0.032,700,0.2,0.8,15,5,0.9,7.174255,11.2746,0.862745,25.076619,0.853659,25.623072
0.032,700,0.2,0.8,15,5,1.0,7.457338,11.9653,0.887255,26.369569,0.878049,26.879933
0.032,700,0.2,0.8,18,4,0.8,7.584598,11.9421,0.872549,26.735629,0.882927,27.111329
0.032,700,0.2,0.8,18,4,0.9,7.737203,11.8891,0.877451,27.044039,0.892683,27.36352
0.032,700,0.2,0.8,18,4,1.0,7.379259,12.4133,0.867647,26.602097,0.873171,27.171772
0.032,700,0.2,0.8,18,5,0.8,7.641371,11.2501,0.867647,26.219923,0.858537,26.532835
0.032,700,0.2,0.8,18,5,0.9,7.927278,11.3764,0.872549,26.762754,0.873171,27.230958
0.032,700,0.2,0.8,18,5,1.0,7.875999,11.7178,0.877451,27.005178,0.878049,27.469749
0.032,700,0.2,0.8,20,4,0.8,7.787316,11.7016,0.872549,26.973872,0.887805,27.276208
0.032,700,0.2,0.8,20,4,0.9,7.568452,12.0465,0.877451,26.68586,0.878049,27.183431
0.032,700,0.2,0.8,20,4,1.0,7.121408,12.3181,0.867647,26.0531,0.882927,26.560907
0.032,700,0.2,0.8,20,5,0.8,8.362107,11.0409,0.882353,27.531254,0.887805,27.765149
0.032,700,0.2,0.8,20,5,0.9,8.606056,11.2732,0.877451,28.105707,0.887805,28.485271
0.032,700,0.2,0.8,20,5,1.0,7.518689,11.799,0.872549,26.412388,0.878049,26.83638
0.032,700,0.2,0.8,22,4,0.8,8.389671,12.0061,0.892157,28.432338,0.902439,28.785469
0.032,700,0.2,0.8,22,4,0.9,7.754931,11.9408,0.882353,27.074644,0.892683,27.450663
0.032,700,0.2,0.8,22,4,1.0,8.037252,12.3142,0.882353,27.787373,0.887805,28.388712
0.032,700,0.2,0.8,22,5,0.8,7.748037,11.0285,0.862745,26.276052,0.868293,26.524541
0.032,700,0.2,0.8,22,5,0.9,8.147065,11.4328,0.877451,27.228488,0.873171,27.726972
0.032,700,0.2,0.8,22,5,1.0,7.570243,11.7298,0.867647,26.546205,0.882927,26.870274
0.032,700,0.2,0.8,25,4,0.8,8.166071,11.872,0.877451,27.895973,0.897561,28.204178
0.032,700,0.2,0.8,25,4,0.9,7.592574,12.0214,0.867647,26.780631,0.882927,27.206596
0.032,700,0.2,0.8,25,4,1.0,7.443331,12.299,0.882353,26.668152,0.873171,27.185617
0.032,700,0.2,0.8,25,5,0.8,8.384582,11.3095,0.867647,27.768801,0.878049,28.078622
0.032,700,0.2,0.8,25,5,0.9,8.099277,11.2201,0.872549,27.196124,0.873171,27.418696
0.032,700,0.2,0.8,25,5,1.0,7.238292,11.8025,0.872549,25.803052,0.873171,26.279043
0.032,700,0.2,0.8,30,4,0.8,7.359707,11.8478,0.872549,26.1197,0.873171,26.567248
0.032,700,0.2,0.8,30,4,0.9,7.635276,11.9553,0.877451,26.814337,0.878049,27.225894
0.032,700,0.2,0.8,30,4,1.0,7.074369,12.267,0.872549,25.698564,0.878049,26.415763
0.032,700,0.2,0.8,30,5,0.8,8.222457,11.2392,0.877451,27.343707,0.892683,27.684159
0.032,700,0.2,0.8,30,5,0.9,8.276016,11.2334,0.892157,27.497514,0.892683,27.785478
0.032,700,0.2,0.8,30,5,1.0,7.293063,11.9993,0.867647,25.971208,0.873171,26.585458
0.032,800,0.15,0.85,15,4,0.8,5.73677,14.4632,0.877451,25.549163,0.853659,25.936717
0.032,800,0.15,0.85,15,4,0.9,6.125338,14.4728,0.872549,26.290508,0.878049,26.723439
0.032,800,0.15,0.85,15,4,1.0,5.636209,14.8528,0.882353,25.499276,0.878049,26.125262
0.032,800,0.15,0.85,15,5,0.8,6.637236,13.4968,0.872549,26.492787,0.873171,26.771248
0.032,800,0.15,0.85,15,5,0.9,6.716571,13.645,0.882353,26.693808,0.882927,27.078123
0.032,800,0.15,0.85,15,5,1.0,6.629667,13.7629,0.892157,26.560974,0.892683,27.022237
0.032,800,0.15,0.85,18,4,0.8,5.862857,14.3811,0.877451,25.678605,0.863415,26.106808
0.032,800,0.15,0.85,18,4,0.9,5.998188,14.3163,0.872549,25.900026,0.863415,26.312666
0.032,800,0.15,0.85,18,4,1.0,5.989439,14.4846,0.882353,26.056658,0.882927,26.463459
0.032,800,0.15,0.85,18,5,0.8,6.314623,13.3697,0.872549,25.718696,0.853659,25.998928
0.032,800,0.15,0.85,18,5,0.9,6.322805,13.7213,0.872549,25.825891,0.858537,26.366949
0.032,800,0.15,0.85,18,5,1.0,6.083055,13.6889,0.872549,25.54258,0.878049,25.854965
0.032,800,0.15,0.85,20,4,0.8,6.576081,14.2844,0.887255,26.974678,0.878049,27.436564
0.032,800,0.15,0.85,20,4,0.9,5.987964,14.3517,0.877451,25.91573,0.873171,26.327618
0.032,800,0.15,0.85,20,4,1.0,6.228706,14.4046,0.887255,26.466845,0.878049,26.862003
0.032,800,0.15,0.85,20,5,0.8,7.051485,13.2732,0.877451,27.25963,0.882927,27.376215
0.032,800,0.15,0.85,20,5,0.9,6.200486,13.738,0.872549,25.700466,0.858537,26.139019
0.032,800,0.15,0.85,20,5,1.0,6.972851,13.4597,0.897059,27.101369,0.887805,27.405391
0.032,800,0.15,0.85,22,4,0.8,6.300964,14.2607,0.877451,26.451855,0.897561,26.862635
0.032,800,0.15,0.85,22,4,0.9,6.224436,14.3483,0.887255,26.441745,0.882927,26.797174
0.032,800,0.15,0.85,22,4,1.0,6.38002,14.4921,0.892157,26.866967,0.887805,27.252171
0.032,800,0.15,0.85,22,5,0.8,6.664387,13.6461,0.872549,26.707692,0.873171,26.974855
0.032,800,0.15,0.85,22,5,0.9,6.644851,13.6882,0.887255,26.630274,0.882927,26.977933
0.032,800,0.15,0.85,22,5,1.0,7.026337,13.9638,0.877451,27.71701,0.878049,28.016442
0.032,800,0.15,0.85,25,4,0.8,6.394291,14.3178,0.872549,26.592911,0.887805,27.106343
0.032,800,0.15,0.85,25,4,0.9,6.62557,14.336,0.892157,27.131227,0.887805,27.58712
0.032,800,0.15,0.85,25,4,1.0,6.069517,14.5375,0.897059,26.324339,0.887805,26.67649
0.032,800,0.15,0.85,25,5,0.8,6.45826,13.5538,0.867647,26.356392,0.863415,26.470298
0.032,800,0.15,0.85,25,5,0.9,6.712172,13.6349,0.882353,26.753158,0.878049,27.059281
0.032,800,0.15,0.85,25,5,1.0,6.326951,13.6734,0.872549,26.099851,0.858537,26.327347
0.032,800,0.15,0.85,30,4,0.8,6.561441,14.1822,0.892157,26.965838,0.892683,27.305076
0.032,800,0.15,0.85,30,4,0.9,6.261609,14.3331,0.887255,26.315335,0.878049,26.856341
0.032,800,0.15,0.85,30,4,1.0,6.055224,14.4893,0.877451,26.1417,0.887805,26.599711
0.032,800,0.15,0.85,30,5,0.8,6.737655,13.5549,0.887255,26.844513,0.873171,27.03017
0.032,800,0.15,0.85,30,5,0.9,6.693031,13.5705,0.887255,26.626085,0.878049,26.956567
0.032,800,0.15,0.85,30,5,1.0,5.996707,13.8646,0.867647,25.367914,0.873171,25.858022
0.032,800,0.2,0.8,15,4,0.8,7.489626,11.7162,0.872549,26.255885,0.853659,26.6955
0.032,800,0.2,0.8,15,4,0.9,7.698423,11.8982,0.887255,26.836983,0.882927,27.295074
0.032,800,0.2,0.8,15,4,1.0,7.418399,12.3197,0.877451,26.548743,0.892683,27.156543
0.032,800,0.2,0.8,15,5,0.8,8.504521,10.857,0.877451,27.605609,0.882927,27.866083
0.032,800,0.2,0.8,15,5,0.9,7.445149,11.129,0.872549,25.476091,0.853659,26.019254
0.032,800,0.2,0.8,15,5,1.0,7.557497,11.7613,0.887255,26.337377,0.878049,26.876284
0.032,800,0.2,0.8,18,4,0.8,7.59465,11.7536,0.872549,26.591821,0.868293,26.942891
0.032,800,0.2,0.8,18,4,0.9,7.592738,11.7485,0.877451,26.629372,0.873171,26.933989
0.032,800,0.2,0.8,18,4,1.0,7.402655,12.3548,0.872549,26.574147,0.873171,27.160159
0.032,800,0.2,0.8,18,5,0.8,7.912138,11.049,0.872549,26.579775,0.868293,26.873319
0.032,800,0.2,0.8,18,5,0.9,8.063444,11.2657,0.872549,26.9229,0.878049,27.392594
0.032,800,0.2,0.8,18,5,1.0,7.803481,11.6013,0.877451,26.739323,0.878049,27.208297
0.032,800,0.2,0.8,20,4,0.8,7.818358,11.5651,0.872549,26.907474,0.887805,27.201819
0.032,800,0.2,0.8,20,4,0.9,7.511258,11.8889,0.877451,26.458057,0.873171,26.911463
0.032,800,0.2,0.8,20,4,1.0,7.338056,12.1566,0.872549,26.333667,0.892683,26.83268
0.032,800,0.2,0.8,20,5,0.8,8.557909,10.9019,0.882353,27.775065,0.892683,28.01771
0.032,800,0.2,0.8,20,5,0.9,8.592626,11.0903,0.877451,27.889813,0.882927,28.27552
0.032,800,0.2,0.8,20,5,1.0,7.822054,11.6651,0.872549,26.869848,0.882927,27.309219
0.032,800,0.2,0.8,22,4,0.8,8.859782,11.851,0.897059,29.217168,0.902439,29.570613
0.032,800,0.2,0.8,22,4,0.9,7.927072,11.8426,0.877451,27.328047,0.892683,27.696701
0.032,800,0.2,0.8,22,4,1.0,8.059828,12.1964,0.882353,27.696063,0.892683,28.316077
0.032,800,0.2,0.8,22,5,0.8,7.868185,10.8479,0.862745,26.351871,0.868293,26.584245
0.032,800,0.2,0.8,22,5,0.9,8.276875,11.2602,0.872549,27.326878,0.882927,27.813953
0.032,800,0.2,0.8,22,5,1.0,7.549761,11.6126,0.867647,26.410971,0.878049,26.712164
0.032,800,0.2,0.8,25,4,0.8,8.501789,11.6626,0.882353,28.368775,0.902439,28.666185
0.032,800,0.2,0.8,25,4,0.9,7.629311,11.8758,0.867647,26.715732,0.878049,27.134373
0.032,800,0.2,0.8,25,4,1.0,8.143353,12.1614,0.892157,27.892203,0.897561,28.448099
0.032,800,0.2,0.8,25,5,0.8,8.412847,11.1464,0.867647,27.709671,0.873171,27.972133
0.032,800,0.2,0.8,25,5,0.9,8.299409,11.0818,0.877451,27.478904,0.882927,27.680569
0.032,800,0.2,0.8,25,5,1.0,7.261689,11.6645,0.872549,25.744447,0.873171,26.187848
0.032,800,0.2,0.8,30,4,0.8,7.559258,11.724,0.872549,26.392449,0.878049,26.84248
0.032,800,0.2,0.8,30,4,0.9,7.394439,11.7452,0.877451,26.136389,0.863415,26.534078
0.032,800,0.2,0.8,30,4,1.0,7.158644,12.1557,0.872549,25.758068,0.882927,26.473004
0.032,800,0.2,0.8,30,5,0.8,8.122638,11.0768,0.872549,27.001219,0.882927,27.322092
0.032,800,0.2,0.8,30,5,0.9,8.309473,11.0763,0.877451,27.4269,0.887805,27.695217
0.032,800,0.2,0.8,30,5,1.0,7.461392,11.8661,0.867647,26.189789,0.878049,26.788849
0.035,400,0.15,0.85,15,4,0.8,5.793769,15.0953,0.882353,26.204552,0.873171,26.682847
0.035,400,0.15,0.85,15,4,0.9,5.458883,15.1165,0.877451,25.609355,0.868293,26.034267
0.035,400,0.15,0.85,15,4,1.0,5.689065,15.141,0.877451,26.109515,0.887805,26.51914
0.035,400,0.15,0.85,15,5,0.8,6.437294,14.3412,0.882353,26.675727,0.887805,27.21582
0.035,400,0.15,0.85,15,5,0.9,5.909254,14.2712,0.892157,25.667952,0.868293,26.089725
0.035,400,0.15,0.85,15,5,1.0,5.4565,14.3253,0.877451,24.870405,0.858537,25.238278
0.035,400,0.15,0.85,18,4,0.8,6.23076,14.9757,0.887255,27.130678,0.902439,27.437191
0.035,400,0.15,0.85,18,4,0.9,6.151551,15.1056,0.882353,27.057916,0.902439,27.408661
0.035,400,0.15,0.85,18,4,1.0,5.91493,15.203,0.897059,26.739227,0.882927,27.032888
0.035,400,0.15,0.85,18,5,0.8,6.424851,14.4046,0.892157,26.897232,0.892683,27.25431
0.035,400,0.15,0.85,18,5,0.9,6.277821,14.1817,0.887255,26.354328,0.887805,26.737382
0.035,400,0.15,0.85,18,5,1.0,5.944041,14.2519,0.877451,25.923379,0.868293,26.139933
0.035,400,0.15,0.85,20,4,0.8,5.401867,15.1116,0.872549,25.535121,0.863415,25.915285
0.035,400,0.15,0.85,20,4,0.9,6.019479,14.8298,0.892157,26.469002,0.887805,26.868757
0.035,400,0.15,0.85,20,4,1.0,5.838378,15.1492,0.897059,26.465099,0.897561,26.82598
0.035,400,0.15,0.85,20,5,0.8,5.995162,14.154,0.877451,25.851554,0.853659,26.144281
0.035,400,0.15,0.85,20,5,0.9,6.613997,14.3121,0.892157,27.213818,0.892683,27.540139
0.035,400,0.15,0.85,20,5,1.0,5.766117,14.2856,0.887255,25.624459,0.873171,25.817802
0.035,400,0.15,0.85,22,4,0.8,5.831128,14.9895,0.887255,26.288886,0.887805,26.651769
0.035,400,0.15,0.85,22,4,0.9,6.296837,15.0183,0.897059,27.104663,0.902439,27.612
0.035,400,0.15,0.85,22,4,1.0,6.129383,15.0717,0.901961,26.84213,0.902439,27.330418
0.035,400,0.15,0.85,22,5,0.8,5.762401,14.151,0.867647,25.466771,0.843902,25.675808
0.035,400,0.15,0.85,22,5,0.9,5.905312,14.3085,0.892157,25.720987,0.878049,26.119139
0.035,400,0.15,0.85,22,5,1.0,5.636219,14.4065,0.867647,25.310492,0.878049,25.678958
0.035,400,0.15,0.85,25,4,0.8,5.37993,15.2035,0.882353,25.514887,0.873171,25.963351
0.035,400,0.15,0.85,25,4,0.9,5.549815,14.9111,0.882353,25.461214,0.878049,26.010766
0.035,400,0.15,0.85,25,4,1.0,6.388066,15.1476,0.897059,27.530968,0.897561,27.923735
0.035,400,0.15,0.85,25,5,0.8,5.90903,14.3846,0.882353,25.924123,0.868293,26.202684
0.035,400,0.15,0.85,25,5,0.9,5.974642,14.3058,0.877451,25.893955,0.878049,26.255068
0.035,400,0.15,0.85,25,5,1.0,6.088052,14.3909,0.872549,26.309837,0.897561,26.566988
0.035,400,0.15,0.85,30,4,0.8,5.136773,15.0475,0.887255,24.9017,0.84878,25.321093
0.035,400,0.15,0.85,30,4,0.9,6.391602,15.0451,0.892157,27.246059,0.897561,27.828293
0.035,400,0.15,0.85,30,4,1.0,5.580409,15.0532,0.867647,25.707961,0.887805,26.214047
0.035,400,0.15,0.85,30,5,0.8,6.18066,14.4871,0.892157,26.412262,0.878049,26.848432
0.035,400,0.15,0.85,30,5,0.9,5.522138,14.3969,0.877451,25.079768,0.863415,25.441152
0.035,400,0.15,0.85,30,5,1.0,6.132277,14.309,0.882353,26.200771,0.892683,26.573558
0.035,400,0.2,0.8,15,4,0.8,6.745978,12.4886,0.862745,25.451529,0.853659,25.980549
0.035,400,0.2,0.8,15,4,0.9,7.350595,12.4864,0.877451,26.727227,0.882927,27.18759
0.035,400,0.2,0.8,15,4,1.0,7.345634,12.7283,0.897059,26.618876,0.892683,27.419572
0.035,400,0.2,0.8,15,5,0.8,7.417915,11.7248,0.872549,26.270952,0.873171,26.560654
0.035,400,0.2,0.8,15,5,0.9,7.675418,11.9462,0.887255,26.801782,0.887805,27.297086
0.035,400,0.2,0.8,15,5,1.0,6.896333,12.3514,0.877451,25.602358,0.878049,26.144109
0.035,400,0.2,0.8,18,4,0.8,7.276714,12.5167,0.882353,26.607451,0.882927,27.070155
0.035,400,0.2,0.8,18,4,0.9,7.074128,12.3295,0.872549,26.013053,0.878049,26.477726
0.035,400,0.2,0.8,18,4,1.0,7.109347,12.8433,0.862745,26.178474,0.878049,27.061984
0.035,400,0.2,0.8,18,5,0.8,7.45886,11.8202,0.877451,26.416965,0.868293,26.737956
0.035,400,0.2,0.8,18,5,0.9,7.731069,11.8958,0.877451,26.869012,0.887805,27.357941
0.035,400,0.2,0.8,18,5,1.0,7.664038,12.0587,0.882353,26.813921,0.887805,27.386786
0.035,400,0.2,0.8,20,4,0.8,7.000171,12.5619,0.872549,26.202322,0.882927,26.562205
0.035,400,0.2,0.8,20,4,0.9,7.620124,12.4947,0.887255,27.109018,0.882927,27.734976
0.035,400,0.2,0.8,20,4,1.0,7.087382,12.8313,0.872549,26.476495,0.882927,27.006064
0.035,400,0.2,0.8,20,5,0.8,7.611216,11.6635,0.877451,26.597663,0.878049,26.88594
0.035,400,0.2,0.8,20,5,0.9,7.960377,11.8656,0.887255,27.463539,0.887805,27.786391
0.035,400,0.2,0.8,20,5,1.0,6.746872,12.506,0.872549,25.418784,0.858537,25.999701
0.035,400,0.2,0.8,22,4,0.8,7.624852,12.3886,0.892157,27.213286,0.882927,27.638283
0.035,400,0.2,0.8,22,4,0.9,7.095609,12.5983,0.882353,26.307652,0.882927,26.789521
0.035,400,0.2,0.8,22,4,1.0,7.558331,12.6633,0.882353,27.186305,0.887805,27.780002
0.035,400,0.2,0.8,22,5,0.8,8.002822,11.8884,0.877451,27.605707,0.897561,27.89406
0.035,400,0.2,0.8,22,5,0.9,8.486252,11.8281,0.901961,28.462345,0.902439,28.800642
0.035,400,0.2,0.8,22,5,1.0,7.666665,12.3072,0.872549,27.067255,0.887805,27.640518
0.035,400,0.2,0.8,25,4,0.8,6.988282,12.3735,0.867647,25.941339,0.873171,26.35007
0.035,400,0.2,0.8,25,4,0.9,7.605151,12.3843,0.892157,27.180684,0.892683,27.594632
0.035,400,0.2,0.8,25,4,1.0,7.384796,12.8531,0.877451,26.904319,0.897561,27.622659
0.035,400,0.2,0.8,25,5,0.8,7.642897,11.6639,0.882353,26.682307,0.887805,26.949701
0.035,400,0.2,0.8,25,5,0.9,7.50568,12.0313,0.872549,26.589723,0.873171,27.042693
0.035,400,0.2,0.8,25,5,1.0,7.431396,12.2709,0.877451,26.631562,0.878049,27.133653
0.035,400,0.2,0.8,30,4,0.8,6.829965,12.454,0.867647,25.655134,0.868293,26.113957
0.035,400,0.2,0.8,30,4,0.9,7.629701,12.5916,0.892157,27.390929,0.882927,27.85102
0.035,400,0.2,0.8,30,4,1.0,6.955795,12.8461,0.872549,25.933842,0.887805,26.757687
0.035,400,0.2,0.8,30,5,0.8,7.374541,12.0549,0.872549,26.305674,0.873171,26.80401
0.035,400,0.2,0.8,30,5,0.9,6.966223,11.8369,0.872549,25.349145,0.873171,25.769359
0.035,400,0.2,0.8,30,5,1.0,7.731762,12.335,0.882353,27.086124,0.882927,27.798531
0.035,450,0.15,0.85,15,4,0.8,5.650456,14.9964,0.882353,25.793601,0.858537,26.297294
0.035,450,0.15,0.85,15,4,0.9,5.442872,14.9646,0.877451,25.480745,0.868293,25.850345
0.035,450,0.15,0.85,15,4,1.0,5.832501,15.0574,0.877451,26.318075,0.887805,26.722385
0.035,450,0.15,0.85,15,5,0.8,6.554058,14.1037,0.872549,26.695096,0.887805,27.211855
0.035,450,0.15,0.85,15,5,0.9,5.978221,14.0927,0.887255,25.64001,0.868293,26.0491
0.035,450,0.15,0.85,15,5,1.0,5.720995,14.2471,0.872549,25.296298,0.868293,25.689133
0.035,450,0.15,0.85,18,4,0.8,6.233215,14.7626,0.882353,26.942266,0.897561,27.22906
0.035,450,0.15,0.85,18,4,0.9,6.106419,14.7882,0.882353,26.674802,0.892683,27.000988
0.035,450,0.15,0.85,18,4,1.0,6.323433,15.0572,0.897059,27.396505,0.887805,27.704094
0.035,450,0.15,0.85,18,5,0.8,6.501069,14.222,0.887255,26.876496,0.892683,27.224136
0.035,450,0.15,0.85,18,5,0.9,6.330864,14.02,0.882353,26.306038,0.892683,26.681767
0.035,450,0.15,0.85,18,5,1.0,5.97641,14.1473,0.877451,25.874781,0.868293,26.100151
0.035,450,0.15,0.85,20,4,0.8,5.344919,14.9749,0.872549,25.293799,0.853659,25.664771
0.035,450,0.15,0.85,20,4,0.9,6.171975,14.6843,0.887255,26.618116,0.887805,27.028249
0.035,450,0.15,0.85,20,4,1.0,6.133563,14.9453,0.897059,26.853185,0.902439,27.212416
0.035,450,0.15,0.85,20,5,0.8,6.172157,13.9634,0.877451,26.023967,0.853659,26.307703
0.035,450,0.15,0.85,20,5,0.9,6.447824,14.1471,0.887255,26.731613,0.887805,27.042703
0.035,450,0.15,0.85,20,5,1.0,5.959391,14.1333,0.887255,25.850218,0.868293,26.052104
0.035,450,0.15,0.85,22,4,0.8,5.79988,14.7997,0.882353,26.046966,0.882927,26.399484
0.035,450,0.15,0.85,22,4,0.9,6.287102,14.8167,0.892157,26.916302,0.892683,27.390943
0.035,450,0.15,0.85,22,4,1.0,6.168813,14.8472,0.897059,26.73581,0.897561,27.184863
0.035,450,0.15,0.85,22,5,0.8,5.959958,13.9729,0.867647,25.69161,0.84878,25.892831
0.035,450,0.15,0.85,22,5,0.9,6.010114,14.1766,0.882353,25.779507,0.878049,26.196804
0.035,450,0.15,0.85,22,5,1.0,5.448828,14.3044,0.867647,24.832813,0.868293,25.202086
0.035,450,0.15,0.85,25,4,0.8,5.391609,15.025,0.882353,25.375588,0.873171,25.808226
0.035,450,0.15,0.85,25,4,0.9,5.487512,14.767,0.877451,25.223887,0.84878,25.74207
0.035,450,0.15,0.85,25,4,1.0,6.520964,14.9671,0.897059,27.614348,0.897561,28.009003
0.035,450,0.15,0.85,25,5,0.8,6.026769,14.2386,0.882353,26.036243,0.868293,26.29215
0.035,450,0.15,0.85,25,5,0.9,6.057161,14.1576,0.877451,25.913625,0.878049,26.271899
0.035,450,0.15,0.85,25,5,1.0,6.146844,14.2439,0.872549,26.305781,0.892683,26.537541
0.035,450,0.15,0.85,30,4,0.8,5.33846,14.8804,0.882353,25.142065,0.858537,25.557354
0.035,450,0.15,0.85,30,4,0.9,6.393134,14.8608,0.892157,27.058576,0.897561,27.647115
0.035,450,0.15,0.85,30,4,1.0,5.591782,14.9899,0.867647,25.665125,0.887805,26.173489
0.035,450,0.15,0.85,30,5,0.8,6.595018,14.265,0.892157,27.044187,0.878049,27.455032
0.035,450,0.15,0.85,30,5,0.9,5.823069,14.2246,0.872549,25.494809,0.873171,25.870785
0.035,450,0.15,0.85,30,5,1.0,6.102764,14.1816,0.882353,26.012451,0.887805,26.387117
0.035,450,0.2,0.8,15,4,0.8,7.009127,12.3242,0.867647,25.819271,0.863415,26.342427
0.035,450,0.2,0.8,15,4,0.9,7.428453,12.3566,0.872549,26.769552,0.878049,27.21355
0.035,450,0.2,0.8,15,4,1.0,7.340536,12.6233,0.887255,26.520949,0.892683,27.30442
0.035,450,0.2,0.8,15,5,0.8,7.68683,11.5634,0.882353,26.667019,0.882927,26.937017
0.035,450,0.2,0.8,15,5,0.9,7.674485,11.8086,0.877451,26.651155,0.887805,27.157557
0.035,450,0.2,0.8,15,5,1.0,6.96964,12.214,0.877451,25.642749,0.878049,26.15332
0.035,450,0.2,0.8,18,4,0.8,7.309085,12.3823,0.882353,26.549689,0.878049,27.00046
0.035,450,0.2,0.8,18,4,0.9,7.198267,12.228,0.867647,26.177842,0.868293,26.624556
0.035,450,0.2,0.8,18,4,1.0,7.197469,12.7249,0.862745,26.24118,0.878049,27.119855
0.035,450,0.2,0.8,18,5,0.8,7.491875,11.643,0.882353,26.337471,0.868293,26.626765
0.035,450,0.2,0.8,18,5,0.9,7.824581,11.7969,0.877451,26.948323,0.882927,27.44608
0.035,450,0.2,0.8,18,5,1.0,7.558077,11.9808,0.882353,26.523521,0.882927,27.096995
0.035,450,0.2,0.8,20,4,0.8,7.124931,12.4165,0.872549,26.345407,0.882927,26.666396
0.035,450,0.2,0.8,20,4,0.9,7.750244,12.3874,0.887255,27.304649,0.887805,27.887924
0.035,450,0.2,0.8,20,4,1.0,7.070376,12.7439,0.872549,26.369153,0.878049,26.884683
0.035,450,0.2,0.8,20,5,0.8,7.970998,11.4946,0.887255,27.1618,0.878049,27.436626
0.035,450,0.2,0.8,20,5,0.9,7.974472,11.7258,0.887255,27.341731,0.878049,27.67473
0.035,450,0.2,0.8,20,5,1.0,6.825768,12.316,0.872549,25.418197,0.853659,25.967539
0.035,450,0.2,0.8,22,4,0.8,7.749331,12.2609,0.897059,27.350793,0.882927,27.759527
0.035,450,0.2,0.8,22,4,0.9,7.092155,12.4732,0.877451,26.189902,0.882927,26.657492
0.035,450,0.2,0.8,22,4,1.0,7.628036,12.5658,0.882353,27.260715,0.882927,27.82187
0.035,450,0.2,0.8,22,5,0.8,8.116397,11.705,0.877451,27.694795,0.892683,27.937828
0.035,450,0.2,0.8,22,5,0.9,8.495567,11.6787,0.897059,28.366607,0.907317,28.669785
0.035,450,0.2,0.8,22,5,1.0,8.034928,12.1452,0.882353,27.688415,0.887805,28.215039
0.035,450,0.2,0.8,25,4,0.8,7.033252,12.2475,0.862745,25.945802,0.873171,26.31402
0.035,450,0.2,0.8,25,4,0.9,7.480651,12.2799,0.892157,26.810124,0.892683,27.241219
0.035,450,0.2,0.8,25,4,1.0,7.278215,12.7504,0.872549,26.613788,0.887805,27.306826
0.035,450,0.2,0.8,25,5,0.8,7.879207,11.6008,0.892157,27.083252,0.892683,27.359169
0.035,450,0.2,0.8,25,5,0.9,7.468447,11.9578,0.872549,26.433542,0.868293,26.894734
0.035,450,0.2,0.8,25,5,1.0,7.619765,12.1343,0.877451,26.923338,0.882927,27.373849
0.035,450,0.2,0.8,30,4,0.8,7.083751,12.277,0.877451,26.008767,0.882927,26.444519
0.035,450,0.2,0.8,30,4,0.9,7.677006,12.4658,0.892157,27.354664,0.882927,27.819831
0.035,450,0.2,0.8,30,4,1.0,7.441499,12.7121,0.882353,26.816587,0.897561,27.595096
0.035,450,0.2,0.8,30,5,0.8,7.567277,11.8549,0.872549,26.574226,0.873171,26.989492
0.035,450,0.2,0.8,30,5,0.9,6.970987,11.7141,0.872549,25.265472,0.863415,25.656089
0.035,450,0.2,0.8,30,5,1.0,7.727505,12.2144,0.882353,26.986015,0.878049,27.669386
0.035,500,0.15,0.85,15,4,0.8,5.629926,14.7968,0.882353,25.561262,0.858537,26.056615
0.035,500,0.15,0.85,15,4,0.9,5.554955,14.7639,0.867647,25.540653,0.868293,25.873783
0.035,500,0.15,0.85,15,4,1.0,5.85103,15.0013,0.877451,26.307449,0.887805,26.703404
0.035,500,0.15,0.85,15,5,0.8,6.789946,13.9986,0.882353,27.049998,0.887805,27.578533
0.035,500,0.15,0.85,15,5,0.9,5.989939,14.0022,0.882353,25.585452,0.873171,25.982118
0.035,500,0.15,0.85,15,5,1.0,5.754191,14.1699,0.872549,25.283378,0.868293,25.678244
0.035,500,0.15,0.85,18,4,0.8,6.23666,14.6757,0.882353,26.848767,0.887805,27.149049
0.035,500,0.15,0.85,18,4,0.9,6.142923,14.625,0.882353,26.616725,0.887805,26.910862
0.035,500,0.15,0.85,18,4,1.0,6.297637,14.9529,0.897059,27.242087,0.887805,27.54818
0.035,500,0.15,0.85,18,5,0.8,6.460177,14.1242,0.887255,26.7104,0.887805,27.044524
0.035,500,0.15,0.85,18,5,0.9,6.425961,13.9075,0.877451,26.367853,0.892683,26.75942
0.035,500,0.15,0.85,18,5,1.0,6.371827,14.0273,0.882353,26.53085,0.868293,26.770962
0.035,500,0.15,0.85,20,4,0.8,5.516055,14.8691,0.872549,25.535648,0.858537,25.901182
0.035,500,0.15,0.85,20,4,0.9,6.174456,14.5612,0.887255,26.514649,0.887805,26.910065
0.035,500,0.15,0.85,20,4,1.0,6.12288,14.8053,0.897059,26.722265,0.902439,27.051071
0.035,500,0.15,0.85,20,5,0.8,6.22557,13.8088,0.877451,25.982842,0.84878,26.259908
0.035,500,0.15,0.85,20,5,0.9,6.511214,14.0389,0.882353,26.744309,0.887805,27.061329
0.035,500,0.15,0.85,20,5,1.0,6.00801,14.0048,0.882353,25.819982,0.873171,26.020804
0.035,500,0.15,0.85,22,4,0.8,5.801801,14.633,0.882353,25.887774,0.882927,26.23663
0.035,500,0.15,0.85,22,4,0.9,6.388053,14.7061,0.892157,27.014049,0.892683,27.482228
0.035,500,0.15,0.85,22,4,1.0,6.434598,14.7158,0.897059,27.12575,0.897561,27.585017
0.035,500,0.15,0.85,22,5,0.8,6.110953,13.8486,0.867647,25.880319,0.858537,26.070537
0.035,500,0.15,0.85,22,5,0.9,6.290099,13.992,0.882353,26.177837,0.878049,26.572216
0.035,500,0.15,0.85,22,5,1.0,5.439068,14.232,0.867647,24.755476,0.868293,25.110161
0.035,500,0.15,0.85,25,4,0.8,5.59489,14.8563,0.882353,25.622764,0.878049,26.046089
0.035,500,0.15,0.85,25,4,0.9,5.364212,14.6588,0.867647,24.870039,0.84878,25.387244
0.035,500,0.15,0.85,25,4,1.0,6.812622,14.8565,0.897059,28.083966,0.902439,28.481774
0.035,500,0.15,0.85,25,5,0.8,6.453517,14.1237,0.887255,26.784003,0.868293,27.030733
0.035,500,0.15,0.85,25,5,0.9,6.123084,13.9993,0.877451,25.907446,0.873171,26.245501
0.035,500,0.15,0.85,25,5,1.0,6.293664,14.1418,0.877451,26.493958,0.892683,26.729169
0.035,500,0.15,0.85,30,4,0.8,5.48975,14.7224,0.887255,25.299758,0.863415,25.701869
0.035,500,0.15,0.85,30,4,0.9,6.397788,14.7447,0.892157,26.95026,0.887805,27.540269
0.035,500,0.15,0.85,30,4,1.0,5.603253,14.9016,0.867647,25.602875,0.878049,26.10814
0.035,500,0.15,0.85,30,5,0.8,6.93742,14.0889,0.897059,27.577489,0.897561,27.963748
0.035,500,0.15,0.85,30,5,0.9,6.131468,14.0849,0.872549,25.999564,0.873171,26.34779
0.035,500,0.15,0.85,30,5,1.0,6.06022,14.0764,0.882353,25.82959,0.887805,26.196817
0.035,500,0.2,0.8,15,4,0.8,7.056979,12.1943,0.867647,25.790042,0.863415,26.308218
0.035,500,0.2,0.8,15,4,0.9,7.57584,12.2292,0.872549,26.923674,0.878049,27.380848
0.035,500,0.2,0.8,15,4,1.0,7.41691,12.5965,0.892157,26.654969,0.892683,27.43032
0.035,500,0.2,0.8,15,5,0.8,7.503761,11.4232,0.872549,26.142787,0.868293,26.430763
0.035,500,0.2,0.8,15,5,0.9,7.603117,11.6268,0.867647,26.349705,0.882927,26.833068
0.035,500,0.2,0.8,15,5,1.0,7.105862,12.0737,0.867647,25.775158,0.882927,26.285374
0.035,500,0.2,0.8,18,4,0.8,7.286595,12.2617,0.882353,26.387456,0.878049,26.834854
0.035,500,0.2,0.8,18,4,0.9,7.202101,12.1315,0.867647,26.103922,0.863415,26.535729
0.035,500,0.2,0.8,18,4,1.0,7.258379,12.6061,0.862745,26.257083,0.878049,27.122874
0.035,500,0.2,0.8,18,5,0.8,7.74639,11.508,0.882353,26.712194,0.868293,27.000783
0.035,500,0.2,0.8,18,5,0.9,7.941176,11.662,0.877451,27.048411,0.882927,27.544397
0.035,500,0.2,0.8,18,5,1.0,7.564128,11.9077,0.877451,26.483079,0.882927,27.035994
0.035,500,0.2,0.8,20,4,0.8,7.404253,12.2913,0.877451,26.772613,0.882927,27.099771
0.035,500,0.2,0.8,20,4,0.9,7.859424,12.245,0.887255,27.416428,0.887805,27.963859
0.035,500,0.2,0.8,20,4,1.0,7.081858,12.6604,0.867647,26.317863,0.878049,26.824068
0.035,500,0.2,0.8,20,5,0.8,8.036332,11.356,0.882353,27.171094,0.882927,27.428625
0.035,500,0.2,0.8,20,5,0.9,8.205653,11.6277,0.887255,27.696648,0.878049,28.038965
0.035,500,0.2,0.8,20,5,1.0,7.028302,12.1591,0.877451,25.686209,0.858537,26.21572
0.035,500,0.2,0.8,22,4,0.8,7.891124,12.1611,0.897059,27.519578,0.892683,27.943341
0.035,500,0.2,0.8,22,4,0.9,7.247109,12.3124,0.877451,26.3454,0.873171,26.806626
0.035,500,0.2,0.8,22,4,1.0,7.33404,12.4981,0.882353,26.603814,0.878049,27.166137
0.035,500,0.2,0.8,22,5,0.8,8.431158,11.5818,0.882353,28.199666,0.902439,28.44409
0.035,500,0.2,0.8,22,5,0.9,8.386332,11.5899,0.892157,28.070767,0.902439,28.362604
0.035,500,0.2,0.8,22,5,1.0,8.005307,12.092,0.882353,27.565665,0.887805,28.102651
0.035,500,0.2,0.8,25,4,0.8,7.265152,12.1485,0.862745,26.319879,0.878049,26.678768
0.035,500,0.2,0.8,25,4,0.9,7.873759,12.1878,0.887255,27.501158,0.892683,27.935312
0.035,500,0.2,0.8,25,4,1.0,7.108014,12.6723,0.872549,26.190428,0.878049,26.888305
0.035,500,0.2,0.8,25,5,0.8,8.089935,11.4893,0.892157,27.42381,0.892683,27.669194
0.035,500,0.2,0.8,25,5,0.9,7.554283,11.8226,0.872549,26.504266,0.873171,26.931139
0.035,500,0.2,0.8,25,5,1.0,7.670326,11.9895,0.877451,26.918715,0.878049,27.3302
0.035,500,0.2,0.8,30,4,0.8,7.243779,12.1612,0.882353,26.221433,0.887805,26.648733
0.035,500,0.2,0.8,30,4,0.9,7.611011,12.3281,0.887255,27.100021,0.882927,27.550107
0.035,500,0.2,0.8,30,4,1.0,7.509601,12.6305,0.882353,26.888944,0.902439,27.649667
0.035,500,0.2,0.8,30,5,0.8,7.682592,11.714,0.872549,26.672035,0.873171,27.079169
0.035,500,0.2,0.8,30,5,0.9,7.139366,11.6205,0.877451,25.529121,0.873171,25.899255
0.035,500,0.2,0.8,30,5,1.0,7.748136,12.1675,0.882353,26.994759,0.882927,27.66377
0.035,550,0.15,0.85,15,4,0.8,6.179809,14.652,0.882353,26.518576,0.873171,27.01161
0.035,550,0.15,0.85,15,4,0.9,5.587689,14.6451,0.867647,25.495599,0.868293,25.82051
0.035,550,0.15,0.85,15,4,1.0,5.799703,14.9163,0.877451,26.120728,0.887805,26.51574
0.035,550,0.15,0.85,15,5,0.8,6.739884,13.8649,0.877451,26.81504,0.878049,27.344678
0.035,550,0.15,0.85,15,5,0.9,5.997132,13.8592,0.882353,25.459787,0.868293,25.85346
0.035,550,0.15,0.85,15,5,1.0,5.870476,14.0906,0.877451,25.426799,0.868293,25.831552
0.035,550,0.15,0.85,18,4,0.8,6.389993,14.5652,0.882353,27.043015,0.887805,27.34519
0.035,550,0.15,0.85,18,4,0.9,6.142515,14.5085,0.882353,26.508669,0.882927,26.793544
0.035,550,0.15,0.85,18,4,1.0,6.297253,14.8938,0.897059,27.194121,0.887805,27.488321
0.035,550,0.15,0.85,18,5,0.8,6.404092,14.0153,0.887255,26.459869,0.882927,26.823484
0.035,550,0.15,0.85,18,5,0.9,6.32904,13.7558,0.877451,26.017008,0.882927,26.413831
0.035,550,0.15,0.85,18,5,1.0,6.388879,13.9434,0.882353,26.472001,0.878049,26.721121
0.035,550,0.15,0.85,20,4,0.8,5.725973,14.7285,0.872549,25.80753,0.863415,26.180436
0.035,550,0.15,0.85,20,4,0.9,6.01423,14.435,0.882353,26.066896,0.882927,26.463482
0.035,550,0.15,0.85,20,4,1.0,6.064408,14.6742,0.892157,26.458068,0.897561,26.802967
0.035,550,0.15,0.85,20,5,0.8,6.493305,13.672,0.877451,26.387156,0.853659,26.658658
0.035,550,0.15,0.85,20,5,0.9,6.676281,13.8657,0.882353,26.910829,0.887805,27.218248
0.035,550,0.15,0.85,20,5,1.0,6.074353,13.8873,0.877451,25.891949,0.873171,26.036018
0.035,550,0.15,0.85,22,4,0.8,5.886518,14.5776,0.882353,26.000263,0.882927,26.350674
0.035,550,0.15,0.85,22,4,0.9,6.515037,14.5749,0.892157,27.135286,0.892683,27.605006
0.035,550,0.15,0.85,22,4,1.0,6.460653,14.6297,0.897059,27.099172,0.897561,27.550996
0.035,550,0.15,0.85,22,5,0.8,6.175524,13.7415,0.867647,25.927398,0.858537,26.092574
0.035,550,0.15,0.85,22,5,0.9,6.491905,13.8918,0.882353,26.49764,0.882927,26.875614
0.035,550,0.15,0.85,22,5,1.0,5.44845,14.151,0.862745,24.678289,0.868293,25.047921
0.035,550,0.15,0.85,25,4,0.8,5.859799,14.748,0.882353,26.059578,0.882927,26.467548
0.035,550,0.15,0.85,25,4,0.9,5.622603,14.5308,0.877451,25.254355,0.853659,25.775966
0.035,550,0.15,0.85,25,4,1.0,6.816728,14.7814,0.897059,28.014596,0.902439,28.414889
0.035,550,0.15,0.85,25,5,0.8,6.566441,13.9577,0.892157,26.850565,0.873171,27.09057
0.035,550,0.15,0.85,25,5,0.9,6.289411,13.8945,0.877451,26.140498,0.873171,26.473291
0.035,550,0.15,0.85,25,5,1.0,6.412294,14.0609,0.887255,26.664205,0.892683,26.885491
0.035,550,0.15,0.85,30,4,0.8,5.627313,14.5747,0.882353,25.439216,0.868293,25.82937
0.035,550,0.15,0.85,30,4,0.9,6.464515,14.6684,0.892157,27.014705,0.892683,27.597433
0.035,550,0.15,0.85,30,4,1.0,5.64615,14.8631,0.867647,25.646477,0.882927,26.1554
0.035,550,0.15,0.85,30,5,0.8,7.196025,13.9554,0.901961,27.981187,0.897561,28.347475
0.035,550,0.15,0.85,30,5,0.9,6.364032,13.8826,0.872549,26.275065,0.873171,26.610633
0.035,550,0.15,0.85,30,5,1.0,6.106275,14.0109,0.882353,25.871338,0.887805,26.223441
0.035,550,0.2,0.8,15,4,0.8,7.135928,12.0754,0.867647,25.838085,0.863415,26.347283
0.035,550,0.2,0.8,15,4,0.9,7.546596,12.156,0.872549,26.776646,0.878049,27.249173
0.035,550,0.2,0.8,15,4,1.0,7.467837,12.494,0.887255,26.673578,0.892683,27.429678
0.035,550,0.2,0.8,15,5,0.8,7.760447,11.2559,0.872549,26.505248,0.873171,26.776749
0.035,550,0.2,0.8,15,5,0.9,7.878371,11.5525,0.872549,26.827577,0.887805,27.30923
0.035,550,0.2,0.8,15,5,1.0,7.119033,11.9775,0.867647,25.68214,0.882927,26.215555
0.035,550,0.2,0.8,18,4,0.8,7.28786,12.1519,0.882353,26.300627,0.873171,26.727665
0.035,550,0.2,0.8,18,4,0.9,7.278958,12.0177,0.867647,26.135578,0.868293,26.575601
0.035,550,0.2,0.8,18,4,1.0,7.289615,12.4977,0.862745,26.239607,0.878049,27.076913
0.035,550,0.2,0.8,18,5,0.8,7.967137,11.4026,0.882353,27.061112,0.878049,27.336876
0.035,550,0.2,0.8,18,5,0.9,8.064702,11.5698,0.882353,27.187649,0.887805,27.699229
0.035,550,0.2,0.8,18,5,1.0,7.602962,11.8265,0.877451,26.512876,0.882927,27.032442
0.035,550,0.2,0.8,20,4,0.8,7.464466,12.1933,0.877451,26.798994,0.878049,27.122204
0.035,550,0.2,0.8,20,4,0.9,7.908859,12.1047,0.887255,27.378418,0.882927,27.922443
0.035,550,0.2,0.8,20,4,1.0,7.214864,12.589,0.872549,26.532065,0.878049,27.018754
0.035,550,0.2,0.8,20,5,0.8,8.121121,11.2805,0.872549,27.274525,0.882927,27.52278
0.035,550,0.2,0.8,20,5,0.9,8.230605,11.542,0.887255,27.662037,0.878049,28.003234
0.035,550,0.2,0.8,20,5,1.0,7.031421,12.0573,0.877451,25.591511,0.858537,26.120108
0.035,550,0.2,0.8,22,4,0.8,8.192175,12.0586,0.897059,28.032603,0.897561,28.44298
0.035,550,0.2,0.8,22,4,0.9,7.160948,12.2019,0.877451,26.068206,0.868293,26.52375
0.035,550,0.2,0.8,22,4,1.0,7.216877,12.37,0.872549,26.258652,0.873171,26.803724
0.035,550,0.2,0.8,22,5,0.8,8.376409,11.4552,0.877451,27.973277,0.902439,28.20805
0.035,550,0.2,0.8,22,5,0.9,8.538869,11.4025,0.887255,28.218459,0.897561,28.480221
0.035,550,0.2,0.8,22,5,1.0,7.946879,11.9634,0.882353,27.331907,0.882927,27.857198
0.035,550,0.2,0.8,25,4,0.8,7.40585,12.016,0.867647,26.485033,0.873171,26.827708
0.035,550,0.2,0.8,25,4,0.9,7.81879,12.0839,0.887255,27.313958,0.892683,27.721478
0.035,550,0.2,0.8,25,4,1.0,7.131237,12.6415,0.872549,26.202572,0.878049,26.903944
0.035,550,0.2,0.8,25,5,0.8,8.207539,11.3654,0.882353,27.554658,0.892683,27.780526
0.035,550,0.2,0.8,25,5,0.9,7.833853,11.6804,0.872549,26.968172,0.878049,27.348123
0.035,550,0.2,0.8,25,5,1.0,7.645736,11.8791,0.877451,26.777859,0.878049,27.170553
0.035,550,0.2,0.8,30,4,0.8,7.409186,12.0716,0.882353,26.485468,0.887805,26.889978
0.035,550,0.2,0.8,30,4,0.9,7.675405,12.2097,0.887255,27.112753,0.878049,27.56056
0.035,550,0.2,0.8,30,4,1.0,7.59959,12.5215,0.887255,26.98221,0.902439,27.720637
0.035,550,0.2,0.8,30,5,0.8,7.700547,11.624,0.872549,26.621364,0.868293,27.025083
0.035,550,0.2,0.8,30,5,0.9,7.097483,11.4429,0.867647,25.301469,0.863415,25.637884
0.035,550,0.2,0.8,30,5,1.0,7.749609,12.0157,0.877451,26.840341,0.882927,27.514871
0.035,600,0.15,0.85,15,4,0.8,6.404005,14.5485,0.882353,26.861537,0.878049,27.356461
0.035,600,0.15,0.85,15,4,0.9,5.631453,14.5153,0.867647,25.473488,0.873171,25.778172
0.035,600,0.15,0.85,15,4,1.0,5.86072,14.8156,0.877451,26.132691,0.887805,26.537029
0.035,600,0.15,0.85,15,5,0.8,6.821997,13.7542,0.872549,26.886328,0.882927,27.398146
0.035,600,0.15,0.85,15,5,0.9,6.07174,13.7464,0.882353,25.502501,0.868293,25.889906
0.035,600,0.15,0.85,15,5,1.0,5.895646,14.0026,0.872549,25.375913,0.868293,25.793904
0.035,600,0.15,0.85,18,4,0.8,6.575673,14.4562,0.887255,27.313182,0.892683,27.607593
0.035,600,0.15,0.85,18,4,0.9,6.061085,14.4025,0.877451,26.238426,0.882927,26.524629
0.035,600,0.15,0.85,18,4,1.0,6.258598,14.8192,0.897059,27.045631,0.882927,27.336421
0.035,600,0.15,0.85,18,5,0.8,6.394387,13.911,0.877451,26.341522,0.878049,26.699761
0.035,600,0.15,0.85,18,5,0.9,6.576397,13.6316,0.872549,26.400482,0.887805,26.784359
0.035,600,0.15,0.85,18,5,1.0,6.395825,13.883,0.882353,26.42981,0.868293,26.674607
0.035,600,0.15,0.85,20,4,0.8,5.998624,14.6198,0.872549,26.267873,0.873171,26.617059
0.035,600,0.15,0.85,20,4,0.9,5.85426,14.3404,0.877451,25.649228,0.873171,26.048935
0.035,600,0.15,0.85,20,4,1.0,6.049035,14.6474,0.892157,26.397433,0.897561,26.745466
0.035,600,0.15,0.85,20,5,0.8,6.590841,13.5737,0.877451,26.474504,0.858537,26.755347
0.035,600,0.15,0.85,20,5,0.9,6.721231,13.7225,0.877451,26.856622,0.882927,27.164931
0.035,600,0.15,0.85,20,5,1.0,6.12875,13.7901,0.877451,25.900696,0.873171,26.047593
0.035,600,0.15,0.85,22,4,0.8,5.842422,14.4957,0.877451,25.833854,0.873171,26.180502
0.035,600,0.15,0.85,22,4,0.9,6.477198,14.4651,0.887255,26.937456,0.892683,27.419478
0.035,600,0.15,0.85,22,4,1.0,6.600671,14.5587,0.897059,27.308548,0.902439,27.759998
0.035,600,0.15,0.85,22,5,0.8,6.450656,13.5749,0.867647,26.344993,0.863415,26.476168
0.035,600,0.15,0.85,22,5,0.9,6.39207,13.7495,0.882353,26.196109,0.878049,26.53363
0.035,600,0.15,0.85,22,5,1.0,5.602669,14.068,0.862745,24.913339,0.873171,25.27329
0.035,600,0.15,0.85,25,4,0.8,6.034102,14.641,0.877451,26.293609,0.882927,26.709176
0.035,600,0.15,0.85,25,4,0.9,5.733439,14.4135,0.877451,25.371322,0.858537,25.880358
0.035,600,0.15,0.85,25,4,1.0,6.821175,14.7431,0.892157,27.979997,0.897561,28.385444
0.035,600,0.15,0.85,25,5,0.8,6.895932,13.8533,0.892157,27.418173,0.882927,27.645191
0.035,600,0.15,0.85,25,5,0.9,6.369765,13.7838,0.877451,26.18155,0.873171,26.523293
0.035,600,0.15,0.85,25,5,1.0,6.576164,13.9585,0.882353,26.906704,0.897561,27.110874
0.035,600,0.15,0.85,30,4,0.8,5.4535,14.4642,0.877451,24.970344,0.853659,25.371231
0.035,600,0.15,0.85,30,4,0.9,6.435023,14.5601,0.887255,26.887882,0.887805,27.430186
0.035,600,0.15,0.85,30,4,1.0,5.668475,14.7901,0.867647,25.625439,0.878049,26.127073
0.035,600,0.15,0.85,30,5,0.8,7.305002,13.8683,0.901961,28.13364,0.897561,28.478286
0.035,600,0.15,0.85,30,5,0.9,6.494937,13.8069,0.872549,26.484383,0.878049,26.796744
0.035,600,0.15,0.85,30,5,1.0,6.11567,13.9459,0.877451,25.81169,0.887805,26.177268
0.035,600,0.2,0.8,15,4,0.8,7.233369,11.9441,0.862745,25.891378,0.863415,26.41085
0.035,600,0.2,0.8,15,4,0.9,7.558357,12.0791,0.872549,26.711394,0.873171,27.195766
0.035,600,0.2,0.8,15,4,1.0,7.470455,12.4503,0.887255,26.586766,0.892683,27.391178
0.035,600,0.2,0.8,15,5,0.8,8.219253,11.1388,0.872549,27.303635,0.878049,27.577296
0.035,600,0.2,0.8,15,5,0.9,7.941695,11.4504,0.872549,26.840112,0.892683,27.333823
0.035,600,0.2,0.8,15,5,1.0,7.118418,11.8678,0.862745,25.558795,0.882927,26.104651
0.035,600,0.2,0.8,18,4,0.8,7.625701,12.0294,0.887255,26.860611,0.873171,27.280779
0.035,600,0.2,0.8,18,4,0.9,7.270305,11.9092,0.867647,26.034072,0.853659,26.449833
0.035,600,0.2,0.8,18,4,1.0,7.335738,12.4633,0.867647,26.289027,0.882927,27.134761
0.035,600,0.2,0.8,18,5,0.8,8.069638,11.2659,0.887255,27.143292,0.873171,27.405199
0.035,600,0.2,0.8,18,5,0.9,8.222996,11.4582,0.882353,27.406622,0.892683,27.904222
0.035,600,0.2,0.8,18,5,1.0,7.859112,11.6191,0.882353,26.851921,0.882927,27.337276
0.035,600,0.2,0.8,20,4,0.8,7.526306,12.106,0.877451,26.836062,0.878049,27.15858
0.035,600,0.2,0.8,20,4,0.9,7.908364,11.9896,0.887255,27.259823,0.878049,27.806318
0.035,600,0.2,0.8,20,4,1.0,7.217872,12.5407,0.872549,26.464891,0.878049,26.976479
0.035,600,0.2,0.8,20,5,0.8,8.426277,11.1449,0.887255,27.755512,0.882927,27.997487
0.035,600,0.2,0.8,20,5,0.9,8.288662,11.4031,0.887255,27.656293,0.878049,27.980455
0.035,600,0.2,0.8,20,5,1.0,6.964873,11.98,0.872549,25.371758,0.858537,25.909705
0.035,600,0.2,0.8,22,4,0.8,8.336628,11.9884,0.897059,28.271126,0.907317,28.661671
0.035,600,0.2,0.8,22,4,0.9,7.142237,12.1192,0.877451,25.957395,0.868293,26.403705
0.035,600,0.2,0.8,22,4,1.0,7.219077,12.3038,0.877451,26.216918,0.873171,26.741934
0.035,600,0.2,0.8,22,5,0.8,8.184003,11.3436,0.872549,27.48471,0.887805,27.711636
0.035,600,0.2,0.8,22,5,0.9,8.610864,11.2863,0.882353,28.27808,0.897561,28.508009
0.035,600,0.2,0.8,22,5,1.0,7.835652,11.8981,0.877451,27.071366,0.878049,27.569401
0.035,600,0.2,0.8,25,4,0.8,7.493907,11.9107,0.867647,26.575782,0.873171,26.898528
0.035,600,0.2,0.8,25,4,0.9,7.943502,11.9663,0.887255,27.465461,0.892683,27.853321
0.035,600,0.2,0.8,25,4,1.0,7.062791,12.5746,0.872549,26.004146,0.878049,26.700204
0.035,600,0.2,0.8,25,5,0.8,8.385693,11.2505,0.887255,27.814879,0.897561,28.021893
0.035,600,0.2,0.8,25,5,0.9,7.897207,11.6075,0.872549,27.005393,0.878049,27.401884
0.035,600,0.2,0.8,25,5,1.0,7.844366,11.8111,0.877451,27.116206,0.878049,27.499783
0.035,600,0.2,0.8,30,4,0.8,7.530761,11.9643,0.882353,26.6325,0.887805,27.025827
0.035,600,0.2,0.8,30,4,0.9,7.727068,12.145,0.887255,27.153343,0.878049,27.599135
0.035,600,0.2,0.8,30,4,1.0,7.579309,12.4364,0.887255,26.881505,0.902439,27.594978
0.035,600,0.2,0.8,30,5,0.8,7.875197,11.5158,0.872549,26.859614,0.878049,27.266181
0.035,600,0.2,0.8,30,5,0.9,7.175573,11.334,0.867647,25.369007,0.863415,25.685166
0.035,600,0.2,0.8,30,5,1.0,7.732152,11.9492,0.877451,26.756949,0.878049,27.41355
0.035,700,0.15,0.85,15,4,0.8,6.636766,14.384,0.887255,27.182289,0.878049,27.657517
0.035,700,0.15,0.85,15,4,0.9,5.828661,14.346,0.867647,25.693838,0.873171,26.003307
0.035,700,0.15,0.85,15,4,1.0,5.858692,14.7233,0.877451,26.031382,0.887805,26.440647
0.035,700,0.15,0.85,15,5,0.8,6.889442,13.5869,0.872549,26.852764,0.868293,27.365815
0.035,700,0.15,0.85,15,5,0.9,6.069271,13.5646,0.882353,25.336392,0.853659,25.703151
0.035,700,0.15,0.85,15,5,1.0,6.269149,13.8539,0.882353,25.986598,0.873171,26.392216
0.035,700,0.15,0.85,18,4,0.8,6.585684,14.2913,0.887255,27.178419,0.887805,27.462695
0.035,700,0.15,0.85,18,4,0.9,6.201021,14.2638,0.877451,26.384225,0.882927,26.665885
0.035,700,0.15,0.85,18,4,1.0,6.391809,14.6461,0.897059,27.152597,0.882927,27.429766
0.035,700,0.15,0.85,18,5,0.8,6.603867,13.6943,0.877451,26.570076,0.882927,26.902082
0.035,700,0.15,0.85,18,5,0.9,6.758765,13.4331,0.877451,26.576968,0.887805,26.950658
0.035,700,0.15,0.85,18,5,1.0,6.575247,13.7171,0.882353,26.611103,0.873171,26.867597
0.035,700,0.15,0.85,20,4,0.8,5.976211,14.4497,0.867647,26.059014,0.863415,26.402155
0.035,700,0.15,0.85,20,4,0.9,5.910677,14.2146,0.872549,25.654242,0.868293,26.035987
0.035,700,0.15,0.85,20,4,1.0,6.157878,14.4749,0.892157,26.432991,0.897561,26.790631
0.035,700,0.15,0.85,20,5,0.8,6.541077,13.4097,0.877451,26.238216,0.858537,26.491827
0.035,700,0.15,0.85,20,5,0.9,6.540762,13.5709,0.877451,26.336133,0.873171,26.65246
0.035,700,0.15,0.85,20,5,1.0,6.177174,13.6884,0.882353,25.891333,0.873171,26.042763
0.035,700,0.15,0.85,22,4,0.8,5.695724,14.3256,0.872549,25.368255,0.873171,25.717048
0.035,700,0.15,0.85,22,4,0.9,6.556178,14.3071,0.892157,26.950302,0.892683,27.41946
0.035,700,0.15,0.85,22,4,1.0,6.53286,14.4249,0.897059,27.030215,0.897561,27.490656
0.035,700,0.15,0.85,22,5,0.8,6.299074,13.4231,0.867647,25.906364,0.843902,26.021222
0.035,700,0.15,0.85,22,5,0.9,6.562125,13.5877,0.882353,26.383203,0.878049,26.711964
0.035,700,0.15,0.85,22,5,1.0,5.706755,13.9048,0.862745,24.970309,0.873171,25.318282
0.035,700,0.15,0.85,25,4,0.8,6.180256,14.4823,0.877451,26.443013,0.882927,26.842783
0.035,700,0.15,0.85,25,4,0.9,6.145158,14.2901,0.882353,26.094981,0.887805,26.580387
0.035,700,0.15,0.85,25,4,1.0,6.749654,14.6013,0.892157,27.690678,0.897561,28.100567
0.035,700,0.15,0.85,25,5,0.8,7.184961,13.6678,0.897059,27.857513,0.887805,28.037729
0.035,700,0.15,0.85,25,5,0.9,6.440966,13.61,0.877451,26.15166,0.882927,26.491928
0.035,700,0.15,0.85,25,5,1.0,6.82269,13.8064,0.877451,27.250134,0.897561,27.451786
0.035,700,0.15,0.85,30,4,0.8,5.53825,14.3052,0.877451,25.014717,0.858537,25.381657
0.035,700,0.15,0.85,30,4,0.9,6.382392,14.4248,0.887255,26.663473,0.887805,27.189581
0.035,700,0.15,0.85,30,4,1.0,5.844784,14.5917,0.867647,25.815819,0.873171,26.281232
0.035,700,0.15,0.85,30,5,0.8,7.442795,13.7261,0.897059,28.292698,0.902439,28.61172
0.035,700,0.15,0.85,30,5,0.9,6.584595,13.6477,0.872549,26.495131,0.873171,26.816932
0.035,700,0.15,0.85,30,5,1.0,6.271859,13.8419,0.877451,26.036057,0.882927,26.385625
0.035,700,0.2,0.8,15,4,0.8,7.438101,11.7985,0.867647,26.163264,0.863415,26.674751
0.035,700,0.2,0.8,15,4,0.9,7.8158,11.9153,0.877451,27.059295,0.878049,27.546855
0.035,700,0.2,0.8,15,4,1.0,7.449039,12.3537,0.882353,26.467219,0.887805,27.251808
0.035,700,0.2,0.8,15,5,0.8,8.487831,10.9371,0.877451,27.631491,0.882927,27.912717
0.035,700,0.2,0.8,15,5,0.9,7.939511,11.2838,0.872549,26.675267,0.887805,27.162862
0.035,700,0.2,0.8,15,5,1.0,7.185708,11.6715,0.857843,25.479767,0.873171,26.042891
0.035,700,0.2,0.8,18,4,0.8,7.677739,11.8257,0.877451,26.789666,0.873171,27.181209
0.035,700,0.2,0.8,18,4,0.9,7.457566,11.7704,0.867647,26.264372,0.863415,26.685579
0.035,700,0.2,0.8,18,4,1.0,7.494883,12.3977,0.872549,26.561461,0.882927,27.387494
0.035,700,0.2,0.8,18,5,0.8,8.259226,11.0498,0.887255,27.325485,0.873171,27.568293
0.035,700,0.2,0.8,18,5,0.9,8.362155,11.2837,0.882353,27.522875,0.887805,28.008051
0.035,700,0.2,0.8,18,5,1.0,8.108445,11.4798,0.882353,27.2289,0.882927,27.696727
0.035,700,0.2,0.8,20,4,0.8,7.745648,11.9206,0.877451,27.075244,0.878049,27.411927
0.035,700,0.2,0.8,20,4,0.9,7.87995,11.8115,0.882353,27.003967,0.878049,27.571431
0.035,700,0.2,0.8,20,4,1.0,7.26704,12.4051,0.867647,26.444199,0.878049,26.939212
0.035,700,0.2,0.8,20,5,0.8,8.821957,10.9013,0.897059,28.363145,0.892683,28.545254
0.035,700,0.2,0.8,20,5,0.9,8.650518,11.146,0.887255,28.164049,0.882927,28.447005
0.035,700,0.2,0.8,20,5,1.0,7.119951,11.7378,0.872549,25.456036,0.858537,25.97772
0.035,700,0.2,0.8,22,4,0.8,8.694139,11.8378,0.901961,28.840524,0.907317,29.226067
0.035,700,0.2,0.8,22,4,0.9,7.313999,11.9546,0.872549,26.154935,0.868293,26.582562
0.035,700,0.2,0.8,22,4,1.0,7.334603,12.1092,0.882353,26.33975,0.863415,26.778441
0.035,700,0.2,0.8,22,5,0.8,8.296626,11.1545,0.872549,27.54445,0.887805,27.747731
0.035,700,0.2,0.8,22,5,0.9,8.804654,11.1062,0.882353,28.486928,0.907317,28.715539
0.035,700,0.2,0.8,22,5,1.0,7.638795,11.7534,0.877451,26.56855,0.873171,27.030991
0.035,700,0.2,0.8,25,4,0.8,7.545734,11.748,0.867647,26.550276,0.873171,26.839461
0.035,700,0.2,0.8,25,4,0.9,7.910231,11.8232,0.887255,27.265079,0.878049,27.643704
0.035,700,0.2,0.8,25,4,1.0,7.373288,12.4196,0.877451,26.430584,0.878049,27.166218
0.035,700,0.2,0.8,25,5,0.8,8.609731,11.1166,0.892157,28.126978,0.907317,28.336046
0.035,700,0.2,0.8,25,5,0.9,8.167612,11.4059,0.887255,27.364549,0.878049,27.741088
0.035,700,0.2,0.8,25,5,1.0,7.820263,11.659,0.877451,26.919703,0.878049,27.299489
0.035,700,0.2,0.8,30,4,0.8,7.75735,11.8438,0.887255,26.956443,0.892683,27.358544
0.035,700,0.2,0.8,30,4,0.9,7.969162,11.9901,0.892157,27.489225,0.882927,27.928385
0.035,700,0.2,0.8,30,4,1.0,7.525782,12.3412,0.882353,26.707203,0.892683,27.392793
0.035,700,0.2,0.8,30,5,0.8,8.119751,11.3056,0.872549,27.178729,0.878049,27.545082
0.035,700,0.2,0.8,30,5,0.9,7.456645,11.1406,0.867647,25.732385,0.863415,26.053923
0.035,700,0.2,0.8,30,5,1.0,7.67304,11.7976,0.877451,26.537604,0.868293,27.143701
0.035,800,0.15,0.85,15,4,0.8,6.521142,14.2242,0.872549,26.803539,0.868293,27.266464
0.035,800,0.15,0.85,15,4,0.9,5.818007,14.2684,0.867647,25.579657,0.868293,25.904455
0.035,800,0.15,0.85,15,4,1.0,5.953705,14.6336,0.877451,26.11769,0.887805,26.54105
0.035,800,0.15,0.85,15,5,0.8,6.931332,13.3826,0.872549,26.744255,0.873171,27.245305
0.035,800,0.15,0.85,15,5,0.9,6.246089,13.4165,0.882353,25.537688,0.858537,25.908678
0.035,800,0.15,0.85,15,5,1.0,6.228476,13.7463,0.877451,25.805692,0.873171,26.203287
0.035,800,0.15,0.85,18,4,0.8,6.766345,14.1517,0.887255,27.403911,0.887805,27.684349
0.035,800,0.15,0.85,18,4,0.9,6.366933,14.1169,0.882353,26.563158,0.887805,26.850739
0.035,800,0.15,0.85,18,4,1.0,6.482452,14.5626,0.897059,27.241562,0.882927,27.527483
0.035,800,0.15,0.85,18,5,0.8,6.624487,13.4866,0.877451,26.435223,0.873171,26.735572
0.035,800,0.15,0.85,18,5,0.9,6.80994,13.267,0.877451,26.50243,0.882927,26.8869
0.035,800,0.15,0.85,18,5,1.0,6.608105,13.6042,0.882353,26.573029,0.878049,26.820449
0.035,800,0.15,0.85,20,4,0.8,6.178518,14.2814,0.867647,26.305649,0.878049,26.638395
0.035,800,0.15,0.85,20,4,0.9,6.164043,14.1242,0.877451,26.061304,0.878049,26.452334
0.035,800,0.15,0.85,20,4,1.0,6.526023,14.4002,0.897059,27.084115,0.902439,27.45223
0.035,800,0.15,0.85,20,5,0.8,6.856245,13.2082,0.877451,26.708285,0.863415,26.920661
0.035,800,0.15,0.85,20,5,0.9,6.460903,13.4193,0.872549,26.024821,0.863415,26.341091
0.035,800,0.15,0.85,20,5,1.0,6.194078,13.5562,0.882353,25.793372,0.873171,25.944382
0.035,800,0.15,0.85,22,4,0.8,5.862622,14.1669,0.872549,25.534741,0.868293,25.892162
0.035,800,0.15,0.85,22,4,0.9,6.632092,14.1588,0.892157,26.982907,0.897561,27.422989
0.035,800,0.15,0.85,22,4,1.0,6.587437,14.2887,0.897059,27.012408,0.897561,27.463619
0.035,800,0.15,0.85,22,5,0.8,6.394032,13.2618,0.867647,25.940279,0.843902,26.049863
0.035,800,0.15,0.85,22,5,0.9,6.443012,13.4434,0.877451,26.014893,0.873171,26.329406
0.035,800,0.15,0.85,22,5,1.0,5.907528,13.8007,0.872549,25.26807,0.873171,25.615793
0.035,800,0.15,0.85,25,4,0.8,6.348491,14.3515,0.882353,26.641303,0.892683,27.04846
0.035,800,0.15,0.85,25,4,0.9,6.377484,14.1895,0.882353,26.456318,0.892683,26.94442
0.035,800,0.15,0.85,25,4,1.0,6.84851,14.4777,0.892157,27.792977,0.892683,28.174696
0.035,800,0.15,0.85,25,5,0.8,7.364651,13.4227,0.887255,27.995811,0.892683,28.151992
0.035,800,0.15,0.85,25,5,0.9,6.472976,13.5276,0.872549,26.138195,0.873171,26.473596
0.035,800,0.15,0.85,25,5,1.0,6.86974,13.6995,0.882353,27.238104,0.897561,27.438946
0.035,800,0.15,0.85,30,4,0.8,5.491056,14.1511,0.867647,24.77978,0.853659,25.133193
0.035,800,0.15,0.85,30,4,0.9,6.42716,14.2925,0.887255,26.638341,0.873171,27.146777
0.035,800,0.15,0.85,30,4,1.0,5.875588,14.4715,0.867647,25.75278,0.873171,26.222693
0.035,800,0.15,0.85,30,5,0.8,7.859134,13.5558,0.901961,28.95432,0.907317,29.274113
0.035,800,0.15,0.85,30,5,0.9,6.521153,13.4804,0.872549,26.217422,0.868293,26.522722
0.035,800,0.15,0.85,30,5,1.0,6.242753,13.7559,0.877451,25.891692,0.873171,26.241433
0.035,800,0.2,0.8,15,4,0.8,7.635915,11.639,0.867647,26.398097,0.868293,26.910812
0.035,800,0.2,0.8,15,4,0.9,7.797099,11.814,0.877451,26.931483,0.878049,27.408243
0.035,800,0.2,0.8,15,4,1.0,7.443293,12.3278,0.882353,26.420343,0.887805,27.214354
0.035,800,0.2,0.8,15,5,0.8,8.485146,10.775,0.877451,27.486704,0.882927,27.745334
0.035,800,0.2,0.8,15,5,0.9,7.891281,11.1314,0.872549,26.404008,0.878049,26.913995
0.035,800,0.2,0.8,15,5,1.0,7.240716,11.5032,0.857843,25.407879,0.873171,25.98459
0.035,800,0.2,0.8,18,4,0.8,7.923747,11.65,0.877451,27.119527,0.873171,27.497446
0.035,800,0.2,0.8,18,4,0.9,7.61267,11.6246,0.867647,26.446154,0.863415,26.849957
0.035,800,0.2,0.8,18,4,1.0,7.57329,12.3,0.872549,26.622213,0.882927,27.446544
0.035,800,0.2,0.8,18,5,0.8,8.307254,10.8844,0.877451,27.269379,0.868293,27.498958
0.035,800,0.2,0.8,18,5,0.9,8.674857,11.1071,0.882353,27.985763,0.897561,28.456771
0.035,800,0.2,0.8,18,5,1.0,8.138939,11.3845,0.882353,27.170133,0.887805,27.662381
0.035,800,0.2,0.8,20,4,0.8,7.714716,11.748,0.872549,26.842501,0.878049,27.177442
0.035,800,0.2,0.8,20,4,0.9,7.81708,11.6717,0.877451,26.755974,0.878049,27.305849
0.035,800,0.2,0.8,20,4,1.0,7.522486,12.2526,0.872549,26.813772,0.878049,27.297535
0.035,800,0.2,0.8,20,5,0.8,8.999714,10.7342,0.892157,28.531442,0.892683,28.73364
0.035,800,0.2,0.8,20,5,0.9,8.73497,11.0149,0.892157,28.216207,0.882927,28.484889
0.035,800,0.2,0.8,20,5,1.0,7.318983,11.5099,0.877451,25.653613,0.863415,26.147862
0.035,800,0.2,0.8,22,4,0.8,8.802235,11.6629,0.901961,28.896729,0.897561,29.26734
0.035,800,0.2,0.8,22,4,0.9,7.367803,11.7646,0.872549,26.101043,0.868293,26.500239
0.035,800,0.2,0.8,22,4,1.0,7.411651,12.0004,0.882353,26.399049,0.863415,26.823732
0.035,800,0.2,0.8,22,5,0.8,8.433402,10.9563,0.872549,27.638984,0.882927,27.823082
0.035,800,0.2,0.8,22,5,0.9,8.928261,10.9839,0.877451,28.613904,0.907317,28.84043
0.035,800,0.2,0.8,22,5,1.0,7.737886,11.5905,0.877451,26.577925,0.873171,27.066279
0.035,800,0.2,0.8,25,4,0.8,8.040567,11.5411,0.872549,27.357214,0.892683,27.622241
0.035,800,0.2,0.8,25,4,0.9,8.232219,11.6767,0.887255,27.751759,0.892683,28.141109
0.035,800,0.2,0.8,25,4,1.0,7.629069,12.272,0.882353,26.80686,0.887805,27.530168
0.035,800,0.2,0.8,25,5,0.8,9.058243,10.9563,0.897059,28.915479,0.902439,29.072766
0.035,800,0.2,0.8,25,5,0.9,8.168968,11.2539,0.882353,27.236807,0.873171,27.591795
0.035,800,0.2,0.8,25,5,1.0,7.5563,11.5564,0.877451,26.284114,0.868293,26.669039
0.035,800,0.2,0.8,30,4,0.8,7.785504,11.6565,0.882353,26.841715,0.892683,27.227507
0.035,800,0.2,0.8,30,4,0.9,8.405605,11.8316,0.892157,28.207881,0.892683,28.642779
0.035,800,0.2,0.8,30,4,1.0,7.52205,12.2051,0.882353,26.593507,0.887805,27.249155
0.035,800,0.2,0.8,30,5,0.8,7.947372,11.1725,0.872549,26.740978,0.868293,27.067198
0.035,800,0.2,0.8,30,5,0.9,7.654908,11.0082,0.862745,26.01548,0.863415,26.318056
0.035,800,0.2,0.8,30,5,1.0,7.763977,11.6594,0.882353,26.590697,0.868293,27.187371
0.04,400,0.15,0.85,15,4,0.8,5.585827,14.966,0.877451,25.640429,0.863415,26.137612
0.04,400,0.15,0.85,15,4,0.9,6.1943,14.9094,0.887255,26.897383,0.878049,27.298001
0.04,400,0.15,0.85,15,4,1.0,5.766441,15.1954,0.877451,26.194805,0.878049,26.728254
0.04,400,0.15,0.85,15,5,0.8,6.006685,13.8969,0.877451,25.696326,0.868293,25.910276
0.04,400,0.15,0.85,15,5,0.9,6.340093,14.1301,0.887255,26.543,0.878049,26.810311
0.04,400,0.15,0.85,15,5,1.0,5.77065,14.2575,0.872549,25.426109,0.878049,25.798826
0.04,400,0.15,0.85,18,4,0.8,5.880653,14.9854,0.877451,26.360326,0.882927,26.746753
0.04,400,0.15,0.85,18,4,0.9,6.62741,14.8245,0.882353,27.720141,0.912195,28.07935
0.04,400,0.15,0.85,18,4,1.0,5.955378,15.2669,0.892157,26.62749,0.887805,27.177619
0.04,400,0.15,0.85,18,5,0.8,6.293978,14.2411,0.882353,26.429714,0.887805,26.829045
0.04,400,0.15,0.85,18,5,0.9,6.109441,14.3741,0.877451,26.207736,0.873171,26.592968
0.04,400,0.15,0.85,18,5,1.0,6.100627,14.438,0.892157,26.253213,0.882927,26.639296
0.04,400,0.15,0.85,20,4,0.8,6.12057,14.877,0.882353,26.777574,0.878049,27.11818
0.04,400,0.15,0.85,20,4,0.9,5.593355,14.9505,0.882353,25.737018,0.873171,26.137196
0.04,400,0.15,0.85,20,4,1.0,6.085835,15.1646,0.901961,26.895915,0.887805,27.336269
0.04,400,0.15,0.85,20,5,0.8,6.128703,14.1535,0.877451,26.09597,0.868293,26.410954
0.04,400,0.15,0.85,20,5,0.9,5.80282,14.035,0.872549,25.406784,0.863415,25.640674
0.04,400,0.15,0.85,20,5,1.0,6.289683,14.3804,0.887255,26.514815,0.863415,26.959808
0.04,400,0.15,0.85,22,4,0.8,5.746057,14.9891,0.872549,26.120549,0.858537,26.481222
0.04,400,0.15,0.85,22,4,0.9,5.814492,14.8643,0.882353,26.006616,0.878049,26.493235
0.04,400,0.15,0.85,22,4,1.0,5.645923,15.0716,0.892157,25.840602,0.887805,26.363457
0.04,400,0.15,0.85,22,5,0.8,6.76065,14.2345,0.882353,27.342509,0.897561,27.7558
0.04,400,0.15,0.85,22,5,0.9,6.271584,14.1962,0.882353,26.378766,0.878049,26.739326
0.04,400,0.15,0.85,22,5,1.0,5.512586,14.3129,0.877451,25.068931,0.878049,25.338038
0.04,400,0.15,0.85,25,4,0.8,5.752172,14.6972,0.882353,25.994046,0.868293,26.201515
0.04,400,0.15,0.85,25,4,0.9,5.848374,14.9473,0.887255,26.145008,0.887805,26.644024
0.04,400,0.15,0.85,25,4,1.0,5.47807,15.0628,0.887255,25.551514,0.878049,26.018988
0.04,400,0.15,0.85,25,5,0.8,5.96047,14.2339,0.872549,25.754068,0.858537,26.154874
0.04,400,0.15,0.85,25,5,0.9,5.928203,14.1812,0.887255,25.63685,0.873171,26.03761
0.04,400,0.15,0.85,25,5,1.0,6.513933,14.3157,0.882353,26.981854,0.897561,27.34361
0.04,400,0.15,0.85,30,4,0.8,5.873421,14.8846,0.892157,26.190439,0.873171,26.6314
0.04,400,0.15,0.85,30,4,0.9,5.668322,15.0769,0.892157,25.922961,0.878049,26.413494
0.04,400,0.15,0.85,30,4,1.0,5.42612,15.0785,0.887255,25.430358,0.882927,25.930699
0.04,400,0.15,0.85,30,5,0.8,6.1476,14.2859,0.882353,26.086334,0.878049,26.581102
0.04,400,0.15,0.85,30,5,0.9,6.437807,14.3229,0.877451,26.668657,0.892683,27.198467
0.04,400,0.15,0.85,30,5,1.0,6.632576,13.9362,0.887255,26.933991,0.892683,27.201388
0.04,400,0.2,0.8,15,4,0.8,7.111727,12.261,0.872549,25.960708,0.868293,26.484465
0.04,400,0.2,0.8,15,4,0.9,7.533644,12.3658,0.897059,26.980622,0.882927,27.433046
0.04,400,0.2,0.8,15,4,1.0,7.234492,12.5823,0.897059,26.461707,0.892683,27.05125
0.04,400,0.2,0.8,15,5,0.8,7.984715,11.5637,0.887255,27.138129,0.887805,27.533088
0.04,400,0.2,0.8,15,5,0.9,7.629222,11.7155,0.882353,26.401356,0.878049,26.973918
0.04,400,0.2,0.8,15,5,1.0,7.265271,12.7584,0.892157,26.471737,0.892683,27.288898
0.04,400,0.2,0.8,18,4,0.8,7.046731,12.2205,0.882353,25.961205,0.878049,26.313917
0.04,400,0.2,0.8,18,4,0.9,7.834294,12.5206,0.901961,27.77053,0.897561,28.189218
0.04,400,0.2,0.8,18,4,1.0,7.326006,12.7422,0.887255,26.793496,0.887805,27.394248
0.04,400,0.2,0.8,18,5,0.8,7.518002,11.4935,0.877451,26.235543,0.882927,26.529463
0.04,400,0.2,0.8,18,5,0.9,7.985762,11.7235,0.882353,27.322435,0.887805,27.695018
0.04,400,0.2,0.8,18,5,1.0,7.411621,12.0496,0.877451,26.404556,0.868293,26.872803
0.04,400,0.2,0.8,20,4,0.8,7.498781,12.2115,0.872549,26.620525,0.878049,27.209029
0.04,400,0.2,0.8,20,4,0.9,8.198694,12.4434,0.897059,28.328857,0.897561,28.840788
0.04,400,0.2,0.8,20,4,1.0,7.560257,12.3889,0.892157,27.031658,0.902439,27.5094
0.04,400,0.2,0.8,20,5,0.8,7.911814,11.6621,0.872549,27.076039,0.887805,27.485748
0.04,400,0.2,0.8,20,5,0.9,7.945478,11.8805,0.887255,27.306613,0.887805,27.77147
0.04,400,0.2,0.8,20,5,1.0,7.226234,12.0578,0.887255,26.205201,0.868293,26.510295
0.04,400,0.2,0.8,22,4,0.8,7.230339,12.0549,0.872549,26.206865,0.887805,26.515562
0.04,400,0.2,0.8,22,4,0.9,7.260397,12.5341,0.877451,26.544646,0.882927,27.054845
0.04,400,0.2,0.8,22,4,1.0,7.618226,12.5936,0.887255,27.260415,0.907317,27.830054
0.04,400,0.2,0.8,22,5,0.8,7.515761,11.4624,0.862745,26.224929,0.873171,26.493898
0.04,400,0.2,0.8,22,5,0.9,7.989847,11.7627,0.877451,27.424944,0.882927,27.742438
0.04,400,0.2,0.8,22,5,1.0,8.08455,12.1535,0.887255,27.843335,0.892683,28.322595
0.04,400,0.2,0.8,25,4,0.8,7.702944,11.9755,0.887255,27.079165,0.887805,27.381373
0.04,400,0.2,0.8,25,4,0.9,7.143408,12.5491,0.882353,26.325598,0.887805,26.83587
0.04,400,0.2,0.8,25,4,1.0,7.81936,12.5471,0.901961,27.56696,0.897561,28.185829
0.04,400,0.2,0.8,25,5,0.8,7.630197,11.7714,0.877451,26.630826,0.882927,27.031801
0.04,400,0.2,0.8,25,5,0.9,8.047245,11.6871,0.887255,27.404518,0.892683,27.781572
0.04,400,0.2,0.8,25,5,1.0,7.18026,12.162,0.867647,25.879511,0.882927,26.52253
0.04,400,0.2,0.8,30,4,0.8,7.14636,12.3304,0.872549,26.155588,0.887805,26.623133
0.04,400,0.2,0.8,30,4,0.9,7.297545,12.2481,0.877451,26.283444,0.887805,26.843173
0.04,400,0.2,0.8,30,4,1.0,7.942172,12.6973,0.882353,27.953753,0.897561,28.581687
0.04,400,0.2,0.8,30,5,0.8,7.95583,11.5757,0.887255,27.135785,0.882927,27.487351
0.04,400,0.2,0.8,30,5,0.9,8.280366,11.8521,0.906863,27.929446,0.892683,28.412806
0.04,400,0.2,0.8,30,5,1.0,7.3915,12.0435,0.887255,26.202797,0.873171,26.826486
0.04,450,0.15,0.85,15,4,0.8,5.848639,14.8275,0.882353,26.038849,0.873171,26.524734
0.04,450,0.15,0.85,15,4,0.9,6.251044,14.776,0.887255,26.864472,0.878049,27.278137
0.04,450,0.15,0.85,15,4,1.0,5.703242,15.1294,0.872549,25.95533,0.873171,26.53587
0.04,450,0.15,0.85,15,5,0.8,6.15383,13.7392,0.877451,25.873545,0.878049,26.046844
0.04,450,0.15,0.85,15,5,0.9,6.419092,13.9513,0.882353,26.527566,0.878049,26.789477
0.04,450,0.15,0.85,15,5,1.0,5.792618,14.0742,0.872549,25.261368,0.878049,25.659417
0.04,450,0.15,0.85,18,4,0.8,6.069853,14.878,0.877451,26.604654,0.882927,27.017687
0.04,450,0.15,0.85,18,4,0.9,6.5031,14.6639,0.882353,27.313061,0.907317,27.670084
0.04,450,0.15,0.85,18,4,1.0,5.97197,15.1438,0.892157,26.534334,0.882927,27.087786
0.04,450,0.15,0.85,18,5,0.8,6.420079,14.0843,0.882353,26.542645,0.887805,26.924462
0.04,450,0.15,0.85,18,5,0.9,6.431865,14.196,0.882353,26.708359,0.873171,27.059733
0.04,450,0.15,0.85,18,5,1.0,6.16595,14.3742,0.892157,26.323776,0.882927,26.706063
0.04,450,0.15,0.85,20,4,0.8,6.133576,14.6904,0.882353,26.636008,0.873171,26.957594
0.04,450,0.15,0.85,20,4,0.9,5.577777,14.8564,0.872549,25.613262,0.868293,26.011965
0.04,450,0.15,0.85,20,4,1.0,6.053845,14.9916,0.901961,26.693312,0.882927,27.099255
0.04,450,0.15,0.85,20,5,0.8,5.963686,13.9768,0.867647,25.602483,0.858537,25.904126
0.04,450,0.15,0.85,20,5,0.9,5.955428,13.8977,0.877451,25.585402,0.863415,25.808533
0.04,450,0.15,0.85,20,5,1.0,6.326105,14.2729,0.887255,26.48616,0.863415,26.925117
0.04,450,0.15,0.85,22,4,0.8,5.79862,14.8247,0.872549,26.089701,0.853659,26.421932
0.04,450,0.15,0.85,22,4,0.9,5.917227,14.7192,0.887255,26.070718,0.882927,26.55363
0.04,450,0.15,0.85,22,4,1.0,5.603456,15.0025,0.892157,25.700115,0.887805,26.20945
0.04,450,0.15,0.85,22,5,0.8,6.787915,14.0372,0.882353,27.236234,0.897561,27.613039
0.04,450,0.15,0.85,22,5,0.9,6.263962,14.049,0.882353,26.206881,0.873171,26.576961
0.04,450,0.15,0.85,22,5,1.0,5.652387,14.1651,0.877451,25.212805,0.878049,25.469867
0.04,450,0.15,0.85,25,4,0.8,5.977082,14.5457,0.887255,26.298843,0.873171,26.499835
0.04,450,0.15,0.85,25,4,0.9,5.880545,14.7607,0.882353,26.039822,0.882927,26.521744
0.04,450,0.15,0.85,25,4,1.0,5.513201,14.9409,0.887255,25.534612,0.878049,25.967302
0.04,450,0.15,0.85,25,5,0.8,6.274036,14.0955,0.872549,26.278088,0.863415,26.643538
0.04,450,0.15,0.85,25,5,0.9,6.085445,14.0082,0.882353,25.79164,0.873171,26.1791
0.04,450,0.15,0.85,25,5,1.0,6.543315,14.191,0.882353,26.924571,0.892683,27.277582
0.04,450,0.15,0.85,30,4,0.8,5.923428,14.7594,0.892157,26.182407,0.868293,26.606249
0.04,450,0.15,0.85,30,4,0.9,5.731396,14.8635,0.892157,25.830831,0.878049,26.326313
0.04,450,0.15,0.85,30,4,1.0,5.439187,15.0018,0.887255,25.382035,0.878049,25.880183
0.04,450,0.15,0.85,30,5,0.8,6.471143,14.1132,0.887255,26.612546,0.878049,27.055465
0.04,450,0.15,0.85,30,5,0.9,6.357645,14.1409,0.872549,26.349254,0.887805,26.85619
0.04,450,0.15,0.85,30,5,1.0,6.654927,13.841,0.887255,26.894137,0.892683,27.150887
0.04,450,0.2,0.8,15,4,0.8,7.136818,12.1162,0.872549,25.84946,0.863415,26.389799
0.04,450,0.2,0.8,15,4,0.9,7.573301,12.2531,0.897059,26.963949,0.882927,27.399654
0.04,450,0.2,0.8,15,4,1.0,7.222839,12.5063,0.892157,26.361056,0.887805,26.951994
0.04,450,0.2,0.8,15,5,0.8,8.10805,11.447,0.887255,27.253536,0.878049,27.66306
0.04,450,0.2,0.8,15,5,0.9,7.549015,11.5256,0.877451,26.073551,0.868293,26.62358
0.04,450,0.2,0.8,15,5,1.0,7.061007,12.4588,0.872549,25.759768,0.882927,26.580832
0.04,450,0.2,0.8,18,4,0.8,7.306348,12.1285,0.887255,26.395637,0.882927,26.741236
0.04,450,0.2,0.8,18,4,0.9,7.924645,12.4034,0.901961,27.825968,0.897561,28.252668
0.04,450,0.2,0.8,18,4,1.0,7.363678,12.6986,0.882353,26.828042,0.892683,27.425981
0.04,450,0.2,0.8,18,5,0.8,7.370468,11.3386,0.862745,25.809613,0.868293,26.079556
0.04,450,0.2,0.8,18,5,0.9,8.061515,11.5877,0.877451,27.342334,0.887805,27.710728
0.04,450,0.2,0.8,18,5,1.0,7.849205,11.8385,0.882353,27.119672,0.882927,27.53687
0.04,450,0.2,0.8,20,4,0.8,7.701705,12.1099,0.872549,26.944986,0.882927,27.513287
0.04,450,0.2,0.8,20,4,0.9,8.343244,12.3313,0.892157,28.527883,0.902439,29.017793
0.04,450,0.2,0.8,20,4,1.0,7.652289,12.3279,0.892157,27.123091,0.902439,27.632452
0.04,450,0.2,0.8,20,5,0.8,8.189536,11.5375,0.877451,27.50395,0.897561,27.916603
0.04,450,0.2,0.8,20,5,0.9,8.058732,11.7497,0.887255,27.420345,0.892683,27.867125
0.04,450,0.2,0.8,20,5,1.0,7.192326,11.9399,0.887255,26.047944,0.863415,26.324515
0.04,450,0.2,0.8,22,4,0.8,7.433282,11.9385,0.872549,26.508732,0.887805,26.805094
0.04,450,0.2,0.8,22,4,0.9,7.479572,12.4094,0.882353,26.816429,0.882927,27.368538
0.04,450,0.2,0.8,22,4,1.0,7.635632,12.5518,0.882353,27.246159,0.897561,27.823099
0.04,450,0.2,0.8,22,5,0.8,7.608093,11.2887,0.862745,26.283728,0.873171,26.504923
0.04,450,0.2,0.8,22,5,0.9,8.015538,11.6581,0.877451,27.364498,0.882927,27.689183
0.04,450,0.2,0.8,22,5,1.0,7.938669,11.9824,0.887255,27.408783,0.892683,27.859779
0.04,450,0.2,0.8,25,4,0.8,8.041557,11.8352,0.892157,27.629105,0.907317,27.918349
0.04,450,0.2,0.8,25,4,0.9,7.358892,12.4303,0.882353,26.638936,0.887805,27.148071
0.04,450,0.2,0.8,25,4,1.0,7.917954,12.4515,0.897059,27.693087,0.902439,28.287372
0.04,450,0.2,0.8,25,5,0.8,8.049468,11.5699,0.872549,27.305963,0.887805,27.66886
0.04,450,0.2,0.8,25,5,0.9,8.123326,11.5493,0.887255,27.444845,0.887805,27.795941
0.04,450,0.2,0.8,25,5,1.0,7.305907,12.0399,0.867647,26.005605,0.887805,26.651759
0.04,450,0.2,0.8,30,4,0.8,7.123163,12.1689,0.872549,25.976086,0.887805,26.415228
0.04,450,0.2,0.8,30,4,0.9,7.671875,12.0957,0.882353,26.907232,0.887805,27.439419
0.04,450,0.2,0.8,30,4,1.0,7.827042,12.6143,0.882353,27.657268,0.897561,28.268381
0.04,450,0.2,0.8,30,5,0.8,8.030035,11.4617,0.892157,27.154138,0.878049,27.521769
0.04,450,0.2,0.8,30,5,0.9,8.14283,11.7242,0.897059,27.544599,0.887805,28.009908
0.04,450,0.2,0.8,30,5,1.0,7.473865,11.9486,0.887255,26.298051,0.868293,26.896316
0.04,500,0.15,0.85,15,4,0.8,5.720359,14.7183,0.867647,25.675323,0.858537,26.159059
0.04,500,0.15,0.85,15,4,0.9,6.285277,14.6508,0.882353,26.818927,0.878049,27.221334
0.04,500,0.15,0.85,15,4,1.0,5.77074,15.0737,0.872549,26.0028,0.873171,26.615197
0.04,500,0.15,0.85,15,5,0.8,6.218983,13.6054,0.877451,25.854417,0.873171,26.04332
0.04,500,0.15,0.85,15,5,0.9,6.546358,13.836,0.882353,26.685589,0.878049,26.928702
0.04,500,0.15,0.85,15,5,1.0,5.873567,13.9576,0.872549,25.313698,0.878049,25.704702
0.04,500,0.15,0.85,18,4,0.8,6.035374,14.6621,0.877451,26.348311,0.878049,26.732853
0.04,500,0.15,0.85,18,4,0.9,6.472132,14.5287,0.882353,27.119238,0.902439,27.47295
0.04,500,0.15,0.85,18,4,1.0,6.17295,15.0873,0.897059,26.85173,0.892683,27.433166
0.04,500,0.15,0.85,18,5,0.8,6.456175,13.9732,0.877451,26.508511,0.882927,26.885575
0.04,500,0.15,0.85,18,5,0.9,6.332055,14.0806,0.877451,26.416096,0.863415,26.744665
0.04,500,0.15,0.85,18,5,1.0,6.03822,14.3311,0.892157,26.022019,0.882927,26.407551
0.04,500,0.15,0.85,20,4,0.8,6.202418,14.5102,0.882353,26.602255,0.873171,26.915051
0.04,500,0.15,0.85,20,4,0.9,5.584986,14.6935,0.872549,25.480834,0.863415,25.863468
0.04,500,0.15,0.85,20,4,1.0,5.933663,14.838,0.887255,26.318595,0.882927,26.705294
0.04,500,0.15,0.85,20,5,0.8,5.947289,13.7853,0.862745,25.379628,0.84878,25.679835
0.04,500,0.15,0.85,20,5,0.9,6.167113,13.765,0.872549,25.873082,0.873171,26.099187
0.04,500,0.15,0.85,20,5,1.0,6.411565,14.1501,0.887255,26.531135,0.868293,26.97319
0.04,500,0.15,0.85,22,4,0.8,5.855891,14.6435,0.872549,26.006049,0.84878,26.355271
0.04,500,0.15,0.85,22,4,0.9,6.044828,14.5549,0.882353,26.202348,0.887805,26.644579
0.04,500,0.15,0.85,22,4,1.0,5.686441,14.9283,0.887255,25.783886,0.882927,26.301195
0.04,500,0.15,0.85,22,5,0.8,6.82049,13.879,0.877451,27.1697,0.892683,27.520024
0.04,500,0.15,0.85,22,5,0.9,6.402229,13.9063,0.882353,26.362234,0.878049,26.710712
0.04,500,0.15,0.85,22,5,1.0,5.683603,14.0484,0.877451,25.157224,0.878049,25.415612
0.04,500,0.15,0.85,25,4,0.8,6.471099,14.3869,0.897059,27.145009,0.897561,27.329139
0.04,500,0.15,0.85,25,4,0.9,6.251181,14.6243,0.882353,26.641489,0.887805,27.126705
0.04,500,0.15,0.85,25,4,1.0,5.544469,14.7873,0.882353,25.441216,0.873171,25.876254
0.04,500,0.15,0.85,25,5,0.8,6.226845,13.8487,0.872549,25.957483,0.868293,26.302421
0.04,500,0.15,0.85,25,5,0.9,6.17477,13.8986,0.877451,25.8709,0.863415,26.248152
0.04,500,0.15,0.85,25,5,1.0,6.619637,14.0823,0.882353,26.989252,0.892683,27.321557
0.04,500,0.15,0.85,30,4,0.8,5.857519,14.5361,0.887255,25.870312,0.868293,26.251089
0.04,500,0.15,0.85,30,4,0.9,5.913724,14.7468,0.892157,26.079875,0.882927,26.574242
0.04,500,0.15,0.85,30,4,1.0,5.742579,14.8994,0.882353,25.863573,0.887805,26.384539
0.04,500,0.15,0.85,30,5,0.8,6.316706,13.9486,0.882353,26.149555,0.873171,26.581963
0.04,500,0.15,0.85,30,5,0.9,6.231576,14.0108,0.872549,25.978308,0.878049,26.473945
0.04,500,0.15,0.85,30,5,1.0,6.955499,13.7586,0.892157,27.429849,0.902439,27.669615
0.04,500,0.2,0.8,15,4,0.8,7.201644,12.0184,0.867647,25.880508,0.858537,26.421655
0.04,500,0.2,0.8,15,4,0.9,7.697584,12.0378,0.892157,27.040125,0.878049,27.433003
0.04,500,0.2,0.8,15,4,1.0,7.242998,12.4236,0.892157,26.302204,0.882927,26.909634
0.04,500,0.2,0.8,15,5,0.8,8.198467,11.2556,0.882353,27.263614,0.878049,27.652572
0.04,500,0.2,0.8,15,5,0.9,7.50066,11.4209,0.877451,25.885083,0.868293,26.422239
0.04,500,0.2,0.8,15,5,1.0,6.947393,12.2961,0.867647,25.402376,0.892683,26.190852
0.04,500,0.2,0.8,18,4,0.8,7.320911,12.0341,0.892157,26.348969,0.878049,26.675967
0.04,500,0.2,0.8,18,4,0.9,7.974023,12.2953,0.897059,27.834919,0.892683,28.243364
0.04,500,0.2,0.8,18,4,1.0,7.294887,12.6482,0.882353,26.638469,0.892683,27.237957
0.04,500,0.2,0.8,18,5,0.8,7.60553,11.2112,0.867647,26.135005,0.868293,26.422268
0.04,500,0.2,0.8,18,5,0.9,8.220215,11.4566,0.877451,27.519915,0.892683,27.897048
0.04,500,0.2,0.8,18,5,1.0,7.932374,11.6562,0.882353,27.158892,0.882927,27.52093
0.04,500,0.2,0.8,20,4,0.8,7.894102,12.0612,0.872549,27.250938,0.892683,27.849382
0.04,500,0.2,0.8,20,4,0.9,8.309987,12.1967,0.892157,28.307972,0.902439,28.816657
0.04,500,0.2,0.8,20,4,1.0,7.842784,12.2005,0.887255,27.369468,0.897561,27.886027
0.04,500,0.2,0.8,20,5,0.8,8.125719,11.346,0.872549,27.190606,0.873171,27.597472
0.04,500,0.2,0.8,20,5,0.9,8.176913,11.6025,0.887255,27.549918,0.892683,27.956289
0.04,500,0.2,0.8,20,5,1.0,7.482448,11.7977,0.887255,26.527145,0.873171,26.762593
0.04,500,0.2,0.8,22,4,0.8,7.555153,11.8735,0.872549,26.680968,0.887805,26.983768
0.04,500,0.2,0.8,22,4,0.9,7.306636,12.3132,0.882353,26.355293,0.863415,26.926498
0.04,500,0.2,0.8,22,4,1.0,7.569437,12.4593,0.882353,27.01581,0.897561,27.59816
0.04,500,0.2,0.8,22,5,0.8,7.552294,11.1554,0.857843,26.069799,0.873171,26.260033
0.04,500,0.2,0.8,22,5,0.9,8.074305,11.5582,0.877451,27.385179,0.878049,27.706774
0.04,500,0.2,0.8,22,5,1.0,7.86299,11.9109,0.877451,27.171552,0.892683,27.636919
0.04,500,0.2,0.8,25,4,0.8,8.218746,11.7523,0.892157,27.890962,0.907317,28.189774
0.04,500,0.2,0.8,25,4,0.9,7.463476,12.2946,0.882353,26.720207,0.887805,27.221502
0.04,500,0.2,0.8,25,4,1.0,8.024025,12.3618,0.897059,27.806471,0.902439,28.409807
0.04,500,0.2,0.8,25,5,0.8,7.972099,11.4331,0.872549,27.017312,0.868293,27.377336
0.04,500,0.2,0.8,25,5,0.9,8.177933,11.4452,0.882353,27.479135,0.887805,27.80111
0.04,500,0.2,0.8,25,5,1.0,7.402702,11.9316,0.877451,26.082626,0.887805,26.736975
0.04,500,0.2,0.8,30,4,0.8,7.398831,12.0062,0.867647,26.385424,0.887805,26.80388
0.04,500,0.2,0.8,30,4,0.9,7.812852,12.0086,0.882353,27.118768,0.887805,27.634271
0.04,500,0.2,0.8,30,4,1.0,7.743221,12.5436,0.882353,27.407448,0.892683,28.029996
0.04,500,0.2,0.8,30,5,0.8,8.007325,11.343,0.882353,27.012274,0.878049,27.357637
0.04,500,0.2,0.8,30,5,0.9,8.015242,11.5764,0.887255,27.181289,0.878049,27.60685
0.04,500,0.2,0.8,30,5,1.0,7.53638,11.8677,0.887255,26.330692,0.873171,26.940454
0.04,550,0.15,0.85,15,4,0.8,5.935545,14.6032,0.867647,25.97425,0.868293,26.474288
0.04,550,0.15,0.85,15,4,0.9,6.395519,14.4898,0.882353,26.889849,0.878049,27.280835
0.04,550,0.15,0.85,15,4,1.0,5.93633,14.9992,0.877451,26.244248,0.882927,26.871822
0.04,550,0.15,0.85,15,5,0.8,6.803815,13.428,0.887255,26.839449,0.882927,27.035598
0.04,550,0.15,0.85,15,5,0.9,6.677322,13.6898,0.882353,26.805413,0.878049,27.044395
0.04,550,0.15,0.85,15,5,1.0,6.001878,13.8465,0.872549,25.458425,0.878049,25.850259
0.04,550,0.15,0.85,18,4,0.8,5.888319,14.5594,0.877451,25.945328,0.873171,26.336033
0.04,550,0.15,0.85,18,4,0.9,6.471104,14.4143,0.877451,27.001391,0.902439,27.356506
0.04,550,0.15,0.85,18,4,1.0,6.264428,15.0404,0.897059,26.995721,0.892683,27.569253
0.04,550,0.15,0.85,18,5,0.8,6.524788,13.8814,0.877451,26.561364,0.887805,26.930943
0.04,550,0.15,0.85,18,5,0.9,6.417602,13.9009,0.877451,26.408258,0.863415,26.736106
0.04,550,0.15,0.85,18,5,1.0,6.054387,14.2718,0.892157,26.005559,0.882927,26.380531
0.04,550,0.15,0.85,20,4,0.8,6.227197,14.434,0.877451,26.586991,0.878049,26.888406
0.04,550,0.15,0.85,20,4,0.9,5.831128,14.5372,0.877451,25.843511,0.873171,26.19942
0.04,550,0.15,0.85,20,4,1.0,5.938968,14.7626,0.887255,26.25508,0.873171,26.640488
0.04,550,0.15,0.85,20,5,0.8,5.874458,13.6108,0.862745,25.084153,0.843902,25.359682
0.04,550,0.15,0.85,20,5,0.9,6.237028,13.6376,0.877451,25.877348,0.878049,26.111621
0.04,550,0.15,0.85,20,5,1.0,6.650487,14.0454,0.892157,26.89881,0.878049,27.346365
0.04,550,0.15,0.85,22,4,0.8,5.999599,14.5367,0.872549,26.19033,0.868293,26.535855
0.04,550,0.15,0.85,22,4,0.9,6.1272,14.3881,0.882353,26.208112,0.887805,26.642501
0.04,550,0.15,0.85,22,4,1.0,5.7049,14.832,0.887255,25.747252,0.878049,26.241773
0.04,550,0.15,0.85,22,5,0.8,6.66995,13.8055,0.877451,26.7961,0.882927,27.145356
0.04,550,0.15,0.85,22,5,0.9,6.401432,13.7899,0.877451,26.245426,0.878049,26.592781
0.04,550,0.15,0.85,22,5,1.0,5.975205,13.9477,0.882353,25.637386,0.878049,25.898095
0.04,550,0.15,0.85,25,4,0.8,6.3391,14.3052,0.887255,26.815485,0.882927,26.983354
0.04,550,0.15,0.85,25,4,0.9,6.147366,14.5344,0.877451,26.340574,0.882927,26.829177
0.04,550,0.15,0.85,25,4,1.0,5.803696,14.6951,0.882353,25.887699,0.887805,26.30251
0.04,550,0.15,0.85,25,5,0.8,6.471079,13.7044,0.877451,26.287734,0.868293,26.646605
0.04,550,0.15,0.85,25,5,0.9,6.227354,13.751,0.877451,25.844568,0.868293,26.205737
0.04,550,0.15,0.85,25,5,1.0,6.706156,13.9407,0.882353,27.038614,0.887805,27.353049
0.04,550,0.15,0.85,30,4,0.8,6.102219,14.425,0.887255,26.258183,0.873171,26.629402
0.04,550,0.15,0.85,30,4,0.9,6.157054,14.639,0.892157,26.474681,0.897561,26.953071
0.04,550,0.15,0.85,30,4,1.0,5.746495,14.8203,0.877451,25.794562,0.887805,26.313265
0.04,550,0.15,0.85,30,5,0.8,6.279712,13.8202,0.882353,25.960896,0.873171,26.379588
0.04,550,0.15,0.85,30,5,0.9,6.418243,13.8729,0.872549,26.221401,0.878049,26.709375
0.04,550,0.15,0.85,30,5,1.0,7.065326,13.6909,0.897059,27.587798,0.902439,27.821555
0.04,550,0.2,0.8,15,4,0.8,7.318538,11.9217,0.877451,26.001139,0.853659,26.558762
0.04,550,0.2,0.8,15,4,0.9,7.726464,11.9038,0.887255,26.972172,0.868293,27.356686
0.04,550,0.2,0.8,15,4,1.0,7.237971,12.3727,0.887255,26.228318,0.878049,26.848658
0.04,550,0.2,0.8,15,5,0.8,8.173599,11.1248,0.882353,27.094851,0.873171,27.472008
0.04,550,0.2,0.8,15,5,0.9,7.47678,11.3427,0.877451,25.755653,0.868293,26.296258
0.04,550,0.2,0.8,15,5,1.0,6.956054,12.1533,0.862745,25.290825,0.887805,26.065454
0.04,550,0.2,0.8,18,4,0.8,7.38865,11.9064,0.892157,26.370522,0.873171,26.683732
0.04,550,0.2,0.8,18,4,0.9,8.020301,12.1712,0.897059,27.793925,0.887805,28.211758
0.04,550,0.2,0.8,18,4,1.0,7.235631,12.5444,0.882353,26.424125,0.878049,27.015685
0.04,550,0.2,0.8,18,5,0.8,7.65364,11.0615,0.867647,26.11827,0.858537,26.368801
0.04,550,0.2,0.8,18,5,0.9,8.37275,11.3553,0.882353,27.702819,0.892683,28.10084
0.04,550,0.2,0.8,18,5,1.0,7.95237,11.5669,0.882353,27.099001,0.882927,27.471615
0.04,550,0.2,0.8,20,4,0.8,8.25725,11.9386,0.872549,27.890608,0.897561,28.453055
0.04,550,0.2,0.8,20,4,0.9,8.284088,12.0813,0.897059,28.14692,0.902439,28.649435
0.04,550,0.2,0.8,20,4,1.0,7.848479,12.1496,0.887255,27.328742,0.897561,27.846597
0.04,550,0.2,0.8,20,5,0.8,8.146672,11.1978,0.872549,27.112921,0.878049,27.491103
0.04,550,0.2,0.8,20,5,0.9,8.214112,11.4291,0.887255,27.458119,0.892683,27.857306
0.04,550,0.2,0.8,20,5,1.0,7.440343,11.7452,0.882353,26.376915,0.873171,26.62587
0.04,550,0.2,0.8,22,4,0.8,7.775732,11.7252,0.872549,26.984385,0.902439,27.276647
0.04,550,0.2,0.8,22,4,0.9,7.543876,12.1857,0.882353,26.724437,0.882927,27.273426
0.04,550,0.2,0.8,22,4,1.0,7.54125,12.4215,0.877451,26.936666,0.897561,27.504037
0.04,550,0.2,0.8,22,5,0.8,7.624805,11.0787,0.857843,26.122088,0.873171,26.328275
0.04,550,0.2,0.8,22,5,0.9,8.078519,11.4387,0.882353,27.25419,0.878049,27.595735
0.04,550,0.2,0.8,22,5,1.0,7.833546,11.7904,0.877451,26.993965,0.892683,27.45746
0.04,550,0.2,0.8,25,4,0.8,8.25455,11.6361,0.892157,27.837641,0.902439,28.145239
0.04,550,0.2,0.8,25,4,0.9,8.0538,12.1115,0.887255,27.733163,0.897561,28.219057
0.04,550,0.2,0.8,25,4,1.0,7.966488,12.25,0.901961,27.583732,0.902439,28.182931
0.04,550,0.2,0.8,25,5,0.8,7.965862,11.3095,0.872549,26.865554,0.868293,27.241245
0.04,550,0.2,0.8,25,5,0.9,8.385404,11.2959,0.887255,27.767243,0.892683,28.066712
0.04,550,0.2,0.8,25,5,1.0,7.201701,11.8325,0.862745,25.614415,0.873171,26.235861
0.04,550,0.2,0.8,30,4,0.8,7.327324,11.9247,0.867647,26.1536,0.878049,26.579325
0.04,550,0.2,0.8,30,4,0.9,7.897631,11.8856,0.882353,27.161875,0.882927,27.680905
0.04,550,0.2,0.8,30,4,1.0,7.778142,12.4836,0.887255,27.408105,0.892683,28.039837
0.04,550,0.2,0.8,30,5,0.8,8.025984,11.2265,0.887255,26.948235,0.878049,27.278427
0.04,550,0.2,0.8,30,5,0.9,8.022058,11.4566,0.892157,27.101097,0.873171,27.50075
0.04,550,0.2,0.8,30,5,1.0,7.736223,11.7966,0.892157,26.662422,0.882927,27.269001
0.04,600,0.15,0.85,15,4,0.8,5.896528,14.5024,0.867647,25.816303,0.863415,26.295474
0.04,600,0.15,0.85,15,4,0.9,6.428012,14.3516,0.882353,26.841317,0.882927,27.207612
0.04,600,0.15,0.85,15,4,1.0,6.028686,14.9332,0.877451,26.37277,0.882927,26.990567
0.04,600,0.15,0.85,15,5,0.8,6.94372,13.3301,0.892157,27.020918,0.887805,27.217583
0.04,600,0.15,0.85,15,5,0.9,6.800729,13.5731,0.877451,26.926959,0.882927,27.174596
0.04,600,0.15,0.85,15,5,1.0,6.077719,13.7302,0.877451,25.492788,0.878049,25.885687
0.04,600,0.15,0.85,18,4,0.8,5.95388,14.484,0.872549,25.981927,0.868293,26.391711
0.04,600,0.15,0.85,18,4,0.9,6.407784,14.2856,0.877451,26.75962,0.902439,27.101194
0.04,600,0.15,0.85,18,4,1.0,6.257928,14.9451,0.897059,26.913771,0.897561,27.461003
0.04,600,0.15,0.85,18,5,0.8,6.496208,13.7516,0.877451,26.419986,0.882927,26.744016
0.04,600,0.15,0.85,18,5,0.9,6.406708,13.7888,0.877451,26.281766,0.863415,26.602237
0.04,600,0.15,0.85,18,5,1.0,6.090071,14.1997,0.887255,26.011555,0.878049,26.379806
0.04,600,0.15,0.85,20,4,0.8,6.310654,14.2949,0.877451,26.611922,0.878049,26.916231
0.04,600,0.15,0.85,20,4,0.9,5.790293,14.415,0.877451,25.645346,0.868293,25.995554
0.04,600,0.15,0.85,20,4,1.0,6.006866,14.6565,0.892157,26.27799,0.878049,26.670268
0.04,600,0.15,0.85,20,5,0.8,6.10767,13.5119,0.862745,25.453997,0.84878,25.727281
0.04,600,0.15,0.85,20,5,0.9,6.33688,13.5272,0.872549,25.972267,0.878049,26.20099
0.04,600,0.15,0.85,20,5,1.0,6.625014,13.9043,0.892157,26.719128,0.873171,27.154279
0.04,600,0.15,0.85,22,4,0.8,6.049927,14.4312,0.867647,26.173691,0.858537,26.531102
0.04,600,0.15,0.85,22,4,0.9,6.076052,14.3302,0.882353,26.051722,0.887805,26.48232
0.04,600,0.15,0.85,22,4,1.0,5.748608,14.7881,0.887255,25.795265,0.882927,26.285331
0.04,600,0.15,0.85,22,5,0.8,6.658899,13.7189,0.872549,26.689233,0.882927,27.036691
0.04,600,0.15,0.85,22,5,0.9,6.460304,13.6834,0.877451,26.260394,0.878049,26.604054
0.04,600,0.15,0.85,22,5,1.0,5.968674,13.8885,0.882353,25.590881,0.878049,25.825814
0.04,600,0.15,0.85,25,4,0.8,6.406255,14.2001,0.877451,26.840842,0.882927,27.012649
0.04,600,0.15,0.85,25,4,0.9,6.020712,14.4434,0.877451,26.002093,0.882927,26.484775
0.04,600,0.15,0.85,25,4,1.0,5.884802,14.5898,0.882353,25.959944,0.887805,26.359419
0.04,600,0.15,0.85,25,5,0.8,6.543789,13.5742,0.877451,26.325231,0.873171,26.661813
0.04,600,0.15,0.85,25,5,0.9,6.278105,13.6625,0.877451,25.875241,0.868293,26.218676
0.04,600,0.15,0.85,25,5,1.0,6.911466,13.8587,0.882353,27.357772,0.887805,27.681648
0.04,600,0.15,0.85,30,4,0.8,6.260366,14.3346,0.892157,26.505061,0.873171,26.855351
0.04,600,0.15,0.85,30,4,0.9,6.193637,14.584,0.892157,26.475185,0.892683,26.971307
0.04,600,0.15,0.85,30,4,1.0,5.730371,14.72,0.877451,25.661919,0.878049,26.180708
0.04,600,0.15,0.85,30,5,0.8,6.518,13.6623,0.882353,26.313744,0.873171,26.698323
0.04,600,0.15,0.85,30,5,0.9,6.329504,13.7842,0.872549,25.984665,0.878049,26.443166
0.04,600,0.15,0.85,30,5,1.0,7.075977,13.5913,0.897059,27.533867,0.902439,27.743238
0.04,600,0.2,0.8,15,4,0.8,7.502763,11.8176,0.877451,26.253739,0.858537,26.823165
0.04,600,0.2,0.8,15,4,0.9,7.79467,11.8376,0.887255,27.042056,0.868293,27.426913
0.04,600,0.2,0.8,15,4,1.0,7.232035,12.304,0.887255,26.123566,0.873171,26.768116
0.04,600,0.2,0.8,15,5,0.8,8.437036,11.0135,0.887255,27.531577,0.878049,27.887539
0.04,600,0.2,0.8,15,5,0.9,7.441798,11.1924,0.872549,25.555174,0.863415,26.075957
0.04,600,0.2,0.8,15,5,1.0,7.885996,12.0809,0.887255,27.097396,0.897561,27.85294
0.04,600,0.2,0.8,18,4,0.8,7.406621,11.8364,0.887255,26.319912,0.873171,26.649662
0.04,600,0.2,0.8,18,4,0.9,8.358176,12.0984,0.901961,28.390403,0.892683,28.814761
0.04,600,0.2,0.8,18,4,1.0,7.359086,12.5124,0.877451,26.644697,0.882927,27.230543
0.04,600,0.2,0.8,18,5,0.8,7.700326,10.9975,0.867647,26.153031,0.858537,26.398137
0.04,600,0.2,0.8,18,5,0.9,8.332264,11.2882,0.882353,27.558512,0.892683,27.952758
0.04,600,0.2,0.8,18,5,1.0,8.02995,11.423,0.882353,27.114839,0.887805,27.482938
0.04,600,0.2,0.8,20,4,0.8,8.278543,11.8545,0.872549,27.850786,0.897561,28.411581
0.04,600,0.2,0.8,20,4,0.9,8.222122,12.0076,0.892157,27.946623,0.902439,28.451891
0.04,600,0.2,0.8,20,4,1.0,7.783847,12.0885,0.882353,27.152197,0.897561,27.656233
0.04,600,0.2,0.8,20,5,0.8,7.947397,11.1174,0.867647,26.647956,0.868293,27.012203
0.04,600,0.2,0.8,20,5,0.9,8.181965,11.3093,0.887255,27.290298,0.887805,27.673196
0.04,600,0.2,0.8,20,5,1.0,7.398855,11.6938,0.877451,26.23676,0.868293,26.491481
0.04,600,0.2,0.8,22,4,0.8,7.85885,11.6273,0.872549,27.024587,0.907317,27.345038
0.04,600,0.2,0.8,22,4,0.9,7.547855,12.1003,0.882353,26.647102,0.878049,27.196059
0.04,600,0.2,0.8,22,4,1.0,7.655478,12.3369,0.877451,27.079047,0.897561,27.647827
0.04,600,0.2,0.8,22,5,0.8,7.659805,10.9798,0.862745,26.114858,0.863415,26.299435
0.04,600,0.2,0.8,22,5,0.9,8.016853,11.3426,0.877451,27.055481,0.868293,27.376337
0.04,600,0.2,0.8,22,5,1.0,7.837052,11.693,0.877451,26.894936,0.892683,27.367135
0.04,600,0.2,0.8,25,4,0.8,8.468072,11.5523,0.892157,28.223346,0.907317,28.488431
0.04,600,0.2,0.8,25,4,0.9,8.048162,11.9614,0.887255,27.580264,0.887805,28.057749
0.04,600,0.2,0.8,25,4,1.0,8.062731,12.18,0.901961,27.722331,0.907317,28.305417
0.04,600,0.2,0.8,25,5,0.8,8.034527,11.1909,0.872549,26.887383,0.873171,27.259988
0.04,600,0.2,0.8,25,5,0.9,8.38762,11.215,0.887255,27.691241,0.892683,27.990219
0.04,600,0.2,0.8,25,5,1.0,7.343042,11.7622,0.867647,25.836203,0.882927,26.448322
0.04,600,0.2,0.8,30,4,0.8,7.314738,11.8512,0.862745,26.064912,0.878049,26.480688
0.04,600,0.2,0.8,30,4,0.9,8.120382,11.8245,0.887255,27.553667,0.887805,28.065267
0.04,600,0.2,0.8,30,4,1.0,7.771903,12.4214,0.882353,27.347145,0.887805,27.965216
0.04,600,0.2,0.8,30,5,0.8,8.03869,11.1104,0.892157,26.874514,0.878049,27.18774
0.04,600,0.2,0.8,30,5,0.9,7.978356,11.3613,0.892157,26.920774,0.873171,27.318004
0.04,600,0.2,0.8,30,5,1.0,7.91558,11.7511,0.892157,26.999511,0.882927,27.58231
0.04,700,0.15,0.85,15,4,0.8,5.883595,14.3555,0.867647,25.626446,0.858537,26.122698
0.04,700,0.15,0.85,15,4,0.9,6.514557,14.1757,0.882353,26.83556,0.892683,27.20486
0.04,700,0.15,0.85,15,4,1.0,6.182781,14.7788,0.882353,26.539443,0.882927,27.144313
0.04,700,0.15,0.85,15,5,0.8,7.072627,13.166,0.892157,27.137748,0.882927,27.311253
0.04,700,0.15,0.85,15,5,0.9,7.047261,13.4005,0.877451,27.259277,0.882927,27.495016
0.04,700,0.15,0.85,15,5,1.0,6.188132,13.5386,0.877451,25.533312,0.878049,25.914819
0.04,700,0.15,0.85,18,4,0.8,6.105078,14.3838,0.872549,26.159912,0.863415,26.593946
0.04,700,0.15,0.85,18,4,0.9,6.359601,14.1792,0.872549,26.549162,0.892683,26.8984
0.04,700,0.15,0.85,18,4,1.0,6.148064,14.7799,0.892157,26.53798,0.887805,27.076035
0.04,700,0.15,0.85,18,5,0.8,6.560368,13.5553,0.877451,26.389899,0.882927,26.676002
0.04,700,0.15,0.85,18,5,0.9,6.511367,13.6382,0.877451,26.336698,0.858537,26.660946
0.04,700,0.15,0.85,18,5,1.0,6.507363,13.9872,0.892157,26.660026,0.878049,27.001925
0.04,700,0.15,0.85,20,4,0.8,6.464975,14.1021,0.877451,26.724645,0.882927,27.032034
0.04,700,0.15,0.85,20,4,0.9,5.911248,14.2546,0.872549,25.74015,0.868293,26.077125
0.04,700,0.15,0.85,20,4,1.0,6.0104,14.5088,0.892157,26.159617,0.873171,26.529567
0.04,700,0.15,0.85,20,5,0.8,6.875445,13.3512,0.867647,26.879104,0.873171,27.10212
0.04,700,0.15,0.85,20,5,0.9,6.362333,13.354,0.872549,25.846796,0.882927,26.078701
0.04,700,0.15,0.85,20,5,1.0,6.394835,13.7545,0.882353,26.14604,0.863415,26.544186
0.04,700,0.15,0.85,22,4,0.8,6.048608,14.2138,0.867647,26.014336,0.858537,26.311039
0.04,700,0.15,0.85,22,4,0.9,6.138597,14.1755,0.882353,26.011302,0.887805,26.45272
0.04,700,0.15,0.85,22,4,1.0,5.887546,14.7007,0.887255,25.977332,0.882927,26.475767
0.04,700,0.15,0.85,22,5,0.8,6.354234,13.4899,0.867647,25.854501,0.878049,26.198349
0.04,700,0.15,0.85,22,5,0.9,6.573306,13.4552,0.877451,26.275263,0.878049,26.601767
0.04,700,0.15,0.85,22,5,1.0,6.380835,13.73,0.882353,26.265896,0.878049,26.491713
0.04,700,0.15,0.85,25,4,0.8,6.502096,14.0556,0.877451,26.868582,0.878049,27.059744
0.04,700,0.15,0.85,25,4,0.9,6.068853,14.3555,0.877451,26.011199,0.882927,26.493243
0.04,700,0.15,0.85,25,4,1.0,6.169371,14.4141,0.887255,26.362665,0.902439,26.752839
0.04,700,0.15,0.85,25,5,0.8,6.776832,13.3682,0.877451,26.616639,0.868293,26.92185
0.04,700,0.15,0.85,25,5,0.9,6.432989,13.4977,0.877451,26.06461,0.868293,26.363671
0.04,700,0.15,0.85,25,5,1.0,6.741222,13.7128,0.872549,26.894661,0.887805,27.19528
0.04,700,0.15,0.85,30,4,0.8,6.56577,14.1904,0.892157,26.929199,0.873171,27.321983
0.04,700,0.15,0.85,30,4,0.9,6.2793,14.4213,0.882353,26.525392,0.897561,26.979903
0.04,700,0.15,0.85,30,4,1.0,5.801961,14.6338,0.877451,25.72844,0.878049,26.237732
0.04,700,0.15,0.85,30,5,0.8,6.574477,13.5197,0.877451,26.312489,0.878049,26.66865
0.04,700,0.15,0.85,30,5,0.9,6.389747,13.604,0.872549,25.973776,0.878049,26.383508
0.04,700,0.15,0.85,30,5,1.0,7.148301,13.4569,0.897059,27.558295,0.902439,27.753493
0.04,700,0.2,0.8,15,4,0.8,7.680896,11.6517,0.877451,26.41081,0.863415,27.013522
0.04,700,0.2,0.8,15,4,0.9,7.907415,11.6442,0.887255,27.083607,0.868293,27.458987
0.04,700,0.2,0.8,15,4,1.0,7.521111,12.2181,0.887255,26.62933,0.887805,27.26029
0.04,700,0.2,0.8,15,5,0.8,8.630051,10.7991,0.897059,27.705378,0.878049,28.059213
0.04,700,0.2,0.8,15,5,0.9,7.813194,10.9914,0.877451,26.122791,0.873171,26.617822
0.04,700,0.2,0.8,15,5,1.0,8.044012,11.897,0.887255,27.224085,0.897561,27.984983
0.04,700,0.2,0.8,18,4,0.8,8.011617,11.6679,0.892157,27.32365,0.887805,27.691164
0.04,700,0.2,0.8,18,4,0.9,8.085676,11.9856,0.887255,27.727015,0.892683,28.156992
0.04,700,0.2,0.8,18,4,1.0,7.433633,12.3471,0.877451,26.616662,0.882927,27.214336
0.04,700,0.2,0.8,18,5,0.8,7.898021,10.8152,0.857843,26.392918,0.858537,26.611261
0.04,700,0.2,0.8,18,5,0.9,8.482396,11.0862,0.887255,27.666905,0.892683,28.05097
0.04,700,0.2,0.8,18,5,1.0,8.231939,11.2804,0.887255,27.378927,0.887805,27.744281
0.04,700,0.2,0.8,20,4,0.8,8.411789,11.6666,0.872549,27.980174,0.892683,28.490157
0.04,700,0.2,0.8,20,4,0.9,8.231863,11.866,0.887255,27.827288,0.897561,28.32975
0.04,700,0.2,0.8,20,4,1.0,7.835141,11.9693,0.882353,27.128463,0.897561,27.639604
0.04,700,0.2,0.8,20,5,0.8,7.833259,10.8959,0.862745,26.218546,0.863415,26.562376
0.04,700,0.2,0.8,20,5,0.9,8.370315,11.1075,0.887255,27.473253,0.887805,27.848153
0.04,700,0.2,0.8,20,5,1.0,7.4781,11.5379,0.877451,26.25687,0.873171,26.494141
0.04,700,0.2,0.8,22,4,0.8,7.998922,11.4368,0.877451,27.111783,0.907317,27.434637
0.04,700,0.2,0.8,22,4,0.9,7.845311,11.8846,0.887255,27.037254,0.878049,27.575262
0.04,700,0.2,0.8,22,4,1.0,7.91824,12.2171,0.887255,27.503344,0.902439,28.053617
0.04,700,0.2,0.8,22,5,0.8,7.97859,10.8625,0.867647,26.646474,0.873171,26.819726
0.04,700,0.2,0.8,22,5,0.9,7.962781,11.1314,0.882353,26.734289,0.868293,27.056914
0.04,700,0.2,0.8,22,5,1.0,7.931829,11.5601,0.877451,26.947949,0.892683,27.42371
0.04,700,0.2,0.8,25,4,0.8,8.631524,11.3804,0.892157,28.389731,0.902439,28.64348
0.04,700,0.2,0.8,25,4,0.9,8.125879,11.7761,0.882353,27.55559,0.887805,28.02782
0.04,700,0.2,0.8,25,4,1.0,8.058701,12.0161,0.901961,27.562685,0.902439,28.133511
0.04,700,0.2,0.8,25,5,0.8,8.197562,10.995,0.872549,27.042693,0.882927,27.390145
0.04,700,0.2,0.8,25,5,0.9,8.527578,11.0339,0.887255,27.804237,0.892683,28.089014
0.04,700,0.2,0.8,25,5,1.0,7.58397,11.6139,0.872549,26.19307,0.887805,26.781842
0.04,700,0.2,0.8,30,4,0.8,7.691149,11.6549,0.872549,26.658536,0.878049,27.037239
0.04,700,0.2,0.8,30,4,0.9,8.238439,11.7194,0.882353,27.716676,0.887805,28.196241
0.04,700,0.2,0.8,30,4,1.0,7.81857,12.3076,0.882353,27.340698,0.892683,27.944759
0.04,700,0.2,0.8,30,5,0.8,8.063947,10.8501,0.887255,26.698414,0.873171,26.977985
0.04,700,0.2,0.8,30,5,0.9,8.274851,11.1634,0.887255,27.348525,0.873171,27.713067
0.04,700,0.2,0.8,30,5,1.0,8.170473,11.6287,0.892157,27.410422,0.892683,27.96967
0.04,800,0.15,0.85,15,4,0.8,5.986388,14.1697,0.867647,25.681717,0.858537,26.14249
0.04,800,0.15,0.85,15,4,0.9,6.61447,14.0347,0.877451,26.879368,0.887805,27.263674
0.04,800,0.15,0.85,15,4,1.0,6.244202,14.6201,0.882353,26.519881,0.882927,27.108513
0.04,800,0.15,0.85,15,5,0.8,7.089049,12.9364,0.892157,26.966634,0.878049,27.114533
0.04,800,0.15,0.85,15,5,0.9,7.10497,13.2614,0.877451,27.205954,0.878049,27.471327
0.04,800,0.15,0.85,15,5,1.0,6.397304,13.3645,0.882353,25.7766,0.887805,26.159083
0.04,800,0.15,0.85,18,4,0.8,6.224192,14.1786,0.877451,26.185006,0.863415,26.627025
0.04,800,0.15,0.85,18,4,0.9,6.547878,14.0502,0.872549,26.781416,0.892683,27.146
0.04,800,0.15,0.85,18,4,1.0,6.058644,14.6432,0.892157,26.211086,0.868293,26.760454
0.04,800,0.15,0.85,18,5,0.8,6.410926,13.37,0.872549,25.920617,0.858537,26.191813
0.04,800,0.15,0.85,18,5,0.9,6.475364,13.4299,0.877451,26.080651,0.858537,26.380658
0.04,800,0.15,0.85,18,5,1.0,6.691852,13.8094,0.897059,26.879854,0.882927,27.193075
0.04,800,0.15,0.85,20,4,0.8,6.440219,13.9679,0.872549,26.535791,0.887805,26.848324
0.04,800,0.15,0.85,20,4,0.9,5.743116,14.1326,0.872549,25.294654,0.868293,25.618878
0.04,800,0.15,0.85,20,4,1.0,6.035102,14.404,0.892157,26.129515,0.878049,26.474236
0.04,800,0.15,0.85,20,5,0.8,7.078767,13.1924,0.872549,27.125088,0.873171,27.349951
0.04,800,0.15,0.85,20,5,0.9,6.384988,13.1879,0.872549,25.731146,0.878049,25.957857
0.04,800,0.15,0.85,20,5,1.0,6.602635,13.576,0.882353,26.39933,0.863415,26.781246
0.04,800,0.15,0.85,22,4,0.8,6.165963,14.071,0.867647,26.139613,0.863415,26.402916
0.04,800,0.15,0.85,22,4,0.9,6.126782,14.0767,0.877451,25.901951,0.887805,26.330214
0.04,800,0.15,0.85,22,4,1.0,6.031899,14.5756,0.887255,26.152797,0.887805,26.639404
0.04,800,0.15,0.85,22,5,0.8,6.508684,13.3153,0.862745,26.017893,0.878049,26.33269
0.04,800,0.15,0.85,22,5,0.9,6.655798,13.2137,0.877451,26.283581,0.878049,26.525261
0.04,800,0.15,0.85,22,5,1.0,6.635565,13.4801,0.877451,26.491749,0.882927,26.751223
0.04,800,0.15,0.85,25,4,0.8,6.587211,13.9396,0.877451,26.917302,0.882927,27.11403
0.04,800,0.15,0.85,25,4,0.9,5.951792,14.2317,0.872549,25.67881,0.873171,26.135304
0.04,800,0.15,0.85,25,4,1.0,6.325393,14.2859,0.887255,26.567986,0.897561,26.936713
0.04,800,0.15,0.85,25,5,0.8,7.007413,13.2037,0.877451,26.957073,0.878049,27.218564
0.04,800,0.15,0.85,25,5,0.9,6.36091,13.3107,0.877451,25.76088,0.863415,26.032503
0.04,800,0.15,0.85,25,5,1.0,6.783885,13.5961,0.872549,26.862897,0.887805,27.163831
0.04,800,0.15,0.85,30,4,0.8,6.697281,14.0539,0.887255,27.079303,0.878049,27.448446
0.04,800,0.15,0.85,30,4,0.9,6.112172,14.3024,0.882353,26.07521,0.882927,26.526758
0.04,800,0.15,0.85,30,4,1.0,6.027335,14.529,0.877451,26.089161,0.882927,26.583708
0.04,800,0.15,0.85,30,5,0.8,6.783135,13.2964,0.877451,26.561389,0.878049,26.862715
0.04,800,0.15,0.85,30,5,0.9,7.033979,13.4535,0.877451,27.14632,0.887805,27.521504
0.04,800,0.15,0.85,30,5,1.0,7.181321,13.3423,0.887255,27.52777,0.902439,27.704966
0.04,800,0.2,0.8,15,4,0.8,7.84171,11.4921,0.872549,26.573063,0.863415,27.175542
0.04,800,0.2,0.8,15,4,0.9,7.97978,11.4683,0.887255,27.057256,0.868293,27.427868
0.04,800,0.2,0.8,15,4,1.0,7.435238,12.0986,0.887255,26.342595,0.878049,26.969037
0.04,800,0.2,0.8,15,5,0.8,8.761262,10.6218,0.887255,27.79153,0.882927,28.144314
0.04,800,0.2,0.8,15,5,0.9,8.060191,10.8589,0.877451,26.45573,0.878049,26.97924
0.04,800,0.2,0.8,15,5,1.0,8.000449,11.761,0.882353,26.977002,0.897561,27.761904
0.04,800,0.2,0.8,18,4,0.8,8.25843,11.5188,0.897059,27.684302,0.892683,28.035611
0.04,800,0.2,0.8,18,4,0.9,8.237527,11.8358,0.887255,27.870407,0.882927,28.310852
0.04,800,0.2,0.8,18,4,1.0,7.43729,12.2628,0.877451,26.506253,0.878049,27.137427
0.04,800,0.2,0.8,18,5,0.8,8.098015,10.6306,0.857843,26.621296,0.863415,26.826643
0.04,800,0.2,0.8,18,5,0.9,8.674512,10.9469,0.887255,27.889876,0.892683,28.295975
0.04,800,0.2,0.8,18,5,1.0,8.248106,11.2015,0.887255,27.349729,0.887805,27.697677
0.04,800,0.2,0.8,20,4,0.8,8.559818,11.4662,0.872549,28.07467,0.887805,28.585865
0.04,800,0.2,0.8,20,4,0.9,8.350803,11.7655,0.887255,27.98309,0.892683,28.467072
0.04,800,0.2,0.8,20,4,1.0,7.8199,11.916,0.882353,27.014889,0.892683,27.555793
0.04,800,0.2,0.8,20,5,0.8,7.778465,10.769,0.862745,25.997883,0.858537,26.325969
0.04,800,0.2,0.8,20,5,0.9,8.284816,10.9332,0.882353,27.143811,0.882927,27.5028
0.04,800,0.2,0.8,20,5,1.0,7.668766,11.3983,0.882353,26.484116,0.878049,26.735848
0.04,800,0.2,0.8,22,4,0.8,8.209278,11.3209,0.877451,27.418428,0.902439,27.739495
0.04,800,0.2,0.8,22,4,0.9,7.755594,11.6966,0.882353,26.711141,0.873171,27.207751
0.04,800,0.2,0.8,22,4,1.0,8.01361,12.123,0.887255,27.609558,0.897561,28.150224
0.04,800,0.2,0.8,22,5,0.8,8.204143,10.6737,0.867647,26.952094,0.868293,27.082009
0.04,800,0.2,0.8,22,5,0.9,8.021946,10.9747,0.882353,26.680746,0.863415,27.018578
0.04,800,0.2,0.8,22,5,1.0,7.955254,11.4171,0.877451,26.875846,0.887805,27.32763
0.04,800,0.2,0.8,25,4,0.8,8.748754,11.2954,0.892157,28.542803,0.897561,28.792934
0.04,800,0.2,0.8,25,4,0.9,8.20706,11.6176,0.882353,27.592112,0.887805,28.031685
0.04,800,0.2,0.8,25,4,1.0,8.146735,11.9278,0.901961,27.637379,0.897561,28.221291
0.04,800,0.2,0.8,25,5,0.8,8.225428,10.8518,0.872549,26.980365,0.882927,27.302606
0.04,800,0.2,0.8,25,5,0.9,8.512291,10.8959,0.887255,27.610079,0.892683,27.920464
0.04,800,0.2,0.8,25,5,1.0,7.936339,11.4648,0.887255,26.750781,0.887805,27.337459
0.04,800,0.2,0.8,30,4,0.8,7.739572,11.5315,0.872549,26.629336,0.882927,27.010641
0.04,800,0.2,0.8,30,4,0.9,8.419067,11.5519,0.882353,27.955903,0.882927,28.390041
0.04,800,0.2,0.8,30,4,1.0,7.896693,12.1469,0.882353,27.367657,0.892683,27.940316
0.04,800,0.2,0.8,30,5,0.8,8.098902,10.7313,0.872549,26.680149,0.873171,26.929122
0.04,800,0.2,0.8,30,5,0.9,8.386558,10.9968,0.887255,27.432993,0.878049,27.769891
0.04,800,0.2,0.8,30,5,1.0,8.252548,11.5167,0.892157,27.467241,0.887805,28.021755
