HH-pol,HV-pol,cross_pol_ratio,month_sin,month_cos,crop_encoded,NDVI,SM1 (%),Crop Name,label
-9.3094,-17.0018,7.692350000000001,1.2246467991473532e-16,-1.0,5,0.1855139285326004,8.2,Fallow,Low
-8.1032,-15.8824,7.7791000000000015,1.2246467991473532e-16,-1.0,19,0.7043031454086304,44.8,Perl Millet,Very High
-9.6234,-17.1517,7.52829,1.2246467991473532e-16,-1.0,5,0.1678126752376556,6.0,Fallow,Low
-9.9493,-19.3764,9.427109999999999,1.2246467991473532e-16,-1.0,17,0.2007668018341064,5.7,Ortho,Low
-6.8065,-17.5908,10.78425,1.2246467991473532e-16,-1.0,5,0.2795164585113525,2.7,Fallow,Low
-9.7864,-10.7938,1.0073800000000013,1.2246467991473532e-16,-1.0,19,0.7071754336357117,37.4,Perl Millet,High
-8.4439,-15.3319,6.88799,1.2246467991473532e-16,-1.0,19,0.6216261982917786,27.3,Perl Millet,High
-8.7523,-18.9309,10.17858,1.2246467991473532e-16,-1.0,19,0.6952751874923706,15.2,Perl Millet,Medium
-12.4792,-18.1242,5.645060000000001,1.2246467991473532e-16,-1.0,19,0.68604576587677,9.1,Perl Millet,Low
-9.488,-14.6461,5.15808,1.2246467991473532e-16,-1.0,19,0.7100813388824463,26.9,Perl Millet,High
-7.9306,-19.2929,11.362379999999998,1.2246467991473532e-16,-1.0,5,0.1968420147895813,3.8,Fallow,Low
-10.3505,-17.0513,6.7008600000000005,1.2246467991473532e-16,-1.0,5,0.1735771149396896,4.7,Fallow,Low
-10.0614,-19.1301,9.068760000000001,1.2246467991473532e-16,-1.0,5,0.1398393213748932,5.0,Fallow,Low
-12.0598,-19.2942,7.234429999999998,1.2246467991473532e-16,-1.0,5,0.1445223093032837,2.1,Fallow,Low
-10.307,-19.4512,9.144189999999998,1.2246467991473532e-16,-1.0,5,0.158734917640686,2.4,Fallow,Low
-12.8257,-21.2937,8.467939999999999,1.2246467991473532e-16,-1.0,5,0.1741911321878433,12.6,Fallow,Medium
-10.2204,-19.0692,8.84878,1.2246467991473532e-16,-1.0,5,0.1524480432271957,5.0,Fallow,Low
-8.6176,-20.4201,11.802560000000001,1.2246467991473532e-16,-1.0,5,0.2129178643226623,6.8,Fallow,Low
-12.736,-17.8405,5.104570000000001,1.2246467991473532e-16,-1.0,5,0.4003955125808716,6.2,Fallow,Low
-12.2253,-22.5436,10.318249999999999,1.2246467991473532e-16,-1.0,5,0.191322386264801,5.83333333333333,Fallow,Low
-10.9257,-15.4992,4.573510000000001,1.2246467991473532e-16,-1.0,5,0.1443146467208862,6.3,Fallow,Low
-12.6588,-16.4699,3.8110899999999983,1.2246467991473532e-16,-1.0,5,0.1299549788236618,3.8,Fallow,Low
-12.5712,-20.6638,8.09262,1.2246467991473532e-16,-1.0,5,0.1184008195996284,6.3,Fallow,Low
-12.6319,-15.3424,2.7105300000000003,1.2246467991473532e-16,-1.0,5,0.1490397155284881,7.0,Fallow,Low
-13.0212,-15.6957,2.67445,1.2246467991473532e-16,-1.0,5,0.1283114701509475,7.6,Fallow,Low
-11.5463,-13.2147,1.6683900000000005,1.2246467991473532e-16,-1.0,5,0.1748446524143219,8.7,Fallow,Low
-10.5884,-15.8536,5.2652,1.2246467991473532e-16,-1.0,5,0.1745884120464325,5.0,Fallow,Low
-8.4251,-17.4077,8.98256,1.2246467991473532e-16,-1.0,5,0.1140031218528747,4.0,Fallow,Low
-12.0299,-15.6005,3.5705600000000004,1.2246467991473532e-16,-1.0,5,0.1411439627408981,3.4,Fallow,Low
-13.0662,-14.9699,1.9037600000000001,1.2246467991473532e-16,-1.0,5,0.1291329860687255,5.3,Fallow,Low
-12.0468,-19.2503,7.203529999999999,1.2246467991473532e-16,-1.0,5,0.186956524848938,2.4,Fallow,Low
-8.4518,-17.3178,8.86595,1.2246467991473532e-16,-1.0,5,0.1393491923809051,6.8,Fallow,Low
-9.3763,-19.002,9.62567,1.2246467991473532e-16,-1.0,5,0.1729003489017486,3.0,Fallow,Low
-8.8462,-15.8138,6.967600000000001,1.2246467991473532e-16,-1.0,5,0.1652439087629318,4.3,Fallow,Low
-9.5058,-15.5643,6.058529999999999,1.2246467991473532e-16,-1.0,5,0.1535812318325042,3.03333333333333,Fallow,Low
-7.2449,-18.3496,11.10472,1.2246467991473532e-16,-1.0,5,0.1447056233882904,3.6,Fallow,Low
-9.5581,-16.2539,6.6957499999999985,1.2246467991473532e-16,-1.0,5,0.2932208478450775,4.2,Fallow,Low
-12.9185,-19.121,6.20242,1.2246467991473532e-16,-1.0,5,0.1318209767341613,6.0,Fallow,Low
-10.3566,-17.4317,7.075090000000001,1.2246467991473532e-16,-1.0,5,0.1611585021018982,2.3,Fallow,Low
-11.8979,-19.2782,7.380289999999999,1.2246467991473532e-16,-1.0,5,0.157390221953392,4.53333333333333,Fallow,Low
-7.0813,-15.5744,8.49314,1.2246467991473532e-16,-1.0,5,0.1917093247175216,2.6,Fallow,Low
-9.9969,-18.6641,8.66719,1.2246467991473532e-16,-1.0,5,0.2970867156982422,2.4,Fallow,Low
-9.6124,-16.5973,6.984849999999998,1.2246467991473532e-16,-1.0,5,0.323417067527771,2.8,Fallow,Low
-9.8358,-15.6172,5.781409999999999,1.2246467991473532e-16,-1.0,5,0.3677308261394501,32.1,Fallow,High
-9.1546,-14.6485,5.49385,1.2246467991473532e-16,-1.0,5,0.163132756948471,5.86666666666667,Fallow,Low
-5.9622,-16.0004,10.038160000000001,1.2246467991473532e-16,-1.0,5,0.1222311705350875,14.4,Fallow,Medium
-7.3993,-16.9943,9.595019999999998,1.2246467991473532e-16,-1.0,5,0.1248625814914703,23.3,Fallow,Medium
-12.4412,-18.0734,5.632250000000001,1.2246467991473532e-16,-1.0,5,0.1651390939950943,4.3,Fallow,Low
-9.0602,-20.2811,11.22089,1.2246467991473532e-16,-1.0,5,0.1319977343082428,40.6,Fallow,High
-10.5291,-19.32,8.790880000000001,1.2246467991473532e-16,-1.0,5,0.1328127533197403,25.4666666666667,Fallow,High
-9.954,-12.7377,2.7836299999999987,1.2246467991473532e-16,-1.0,5,0.766296923160553,4.5,Fallow,Low
-9.4895,-17.5486,8.059099999999999,1.2246467991473532e-16,-1.0,3,0.2993646264076233,52.2,Dalia,Very High
-10.7659,-18.8,8.0341,1.2246467991473532e-16,-1.0,19,0.2326504737138748,25.1,Perl Millet,High
-12.1001,-13.8023,1.7021999999999995,1.2246467991473532e-16,-1.0,11,0.2218731194734573,17.2,Jowar,Medium
-10.9171,-19.1987,8.281579999999998,1.2246467991473532e-16,-1.0,5,0.7958741188049316,5.2,Fallow,Low
-7.8157,-18.9431,11.12737,1.2246467991473532e-16,-1.0,5,0.1432559788227081,4.8,Fallow,Low
-6.5977,-18.3928,11.79515,1.2246467991473532e-16,-1.0,5,0.26277756690979,27.4,Fallow,High
-10.1896,-14.5075,4.317879999999999,1.2246467991473532e-16,-1.0,5,0.5982919931411743,37.3,Fallow,High
-9.9689,-15.2461,5.277249999999999,1.2246467991473532e-16,-1.0,5,0.3575413227081299,8.2,Fallow,Low
-12.613,-20.1716,7.558589999999999,1.2246467991473532e-16,-1.0,5,0.1890848278999328,5.86666666666667,Fallow,Low
-13.3849,-19.7357,6.35084,1.2246467991473532e-16,-1.0,5,0.2779066562652588,4.1,Fallow,Low
-9.3674,-16.3651,6.997669999999999,1.2246467991473532e-16,-1.0,5,0.190759539604187,3.5,Fallow,Low
-8.8645,-15.5614,6.696910000000001,1.2246467991473532e-16,-1.0,5,0.2620005011558532,4.0,Fallow,Low
-10.8119,-15.7744,4.96246,1.2246467991473532e-16,-1.0,5,0.1514265090227127,3.8,Fallow,Low
-12.775,-17.4072,4.6322399999999995,1.2246467991473532e-16,-1.0,5,0.1477111876010894,5.13333333333333,Fallow,Low
-9.9245,-18.7951,8.87057,1.2246467991473532e-16,-1.0,5,0.1680389791727066,3.6,Fallow,Low
-11.6508,-17.9291,6.278319999999999,1.2246467991473532e-16,-1.0,5,0.1990088075399398,5.1,Fallow,Low
-12.5527,-17.3999,4.847209999999999,1.2246467991473532e-16,-1.0,5,0.1549205631017685,16.0,Fallow,Medium
-8.4238,-19.055,10.63116,1.2246467991473532e-16,-1.0,5,0.2454670816659927,2.8,Fallow,Low
-10.1243,-19.8444,9.720030000000001,1.2246467991473532e-16,-1.0,5,0.1722533851861953,10.7666666666667,Fallow,Medium
-8.6232,-17.7477,9.124490000000002,1.2246467991473532e-16,-1.0,5,0.2048896998167038,3.2,Fallow,Low
-13.384,-18.1786,4.794549999999999,1.2246467991473532e-16,-1.0,5,0.2538425624370575,6.5,Fallow,Low
-9.9394,-18.485,8.545639999999999,1.2246467991473532e-16,-1.0,5,0.1472425013780594,6.0,Fallow,Low
-12.5722,-19.6052,7.032950000000001,1.2246467991473532e-16,-1.0,5,0.2029559910297393,4.9,Fallow,Low
-11.5867,-22.1379,10.551260000000001,1.2246467991473532e-16,-1.0,5,0.1534554213285446,6.06666666666667,Fallow,Low
-11.8499,-18.4802,6.630339999999999,1.2246467991473532e-16,-1.0,5,0.2165727466344833,9.6,Fallow,Low
-10.2915,-16.8152,6.5236399999999986,1.2246467991473532e-16,-1.0,5,0.2720132172107696,3.4,Fallow,Low
-11.1849,-20.6861,9.501140000000001,1.2246467991473532e-16,-1.0,5,0.6714749336242676,21.8,Fallow,Medium
-9.2069,-19.934,10.72717,1.2246467991473532e-16,-1.0,5,0.3030792474746704,5.9,Fallow,Low
-9.8275,-20.4162,10.58874,1.2246467991473532e-16,-1.0,5,0.1856871992349624,4.6,Fallow,Low
-11.9066,-15.6542,3.7476000000000003,1.2246467991473532e-16,-1.0,5,0.3168925344944,3.9,Fallow,Low
-8.6275,-16.1248,7.497369999999998,1.2246467991473532e-16,-1.0,19,0.6003332734107971,21.5,Perl Millet,Medium
-10.2613,-17.7791,7.5177900000000015,1.2246467991473532e-16,-1.0,19,0.7144039273262024,15.8,Perl Millet,Medium
-9.5833,-15.2667,5.683389999999999,1.2246467991473532e-16,-1.0,5,0.3867734670639038,3.8,Fallow,Low
-10.8037,-16.1476,5.3439499999999995,1.2246467991473532e-16,-1.0,19,0.5989859700202942,23.8,Perl Millet,Medium
-11.4077,-16.7459,5.338169999999998,1.2246467991473532e-16,-1.0,5,0.2229012846946716,2.7,Fallow,Low
-10.6665,-18.7068,8.040310000000002,1.2246467991473532e-16,-1.0,5,0.1876034438610077,2.3,Fallow,Low
-10.4091,-19.0085,8.5994,1.2246467991473532e-16,-1.0,5,0.2714663743972778,3.8,Fallow,Low
-10.6445,-14.9134,4.268889999999999,1.2246467991473532e-16,-1.0,5,0.4160492718219757,4.4,Fallow,Low
-10.8531,-15.5749,4.721780000000001,1.2246467991473532e-16,-1.0,5,0.1876011192798614,3.03333333333333,Fallow,Low
-8.7154,-16.3323,7.616909999999999,1.2246467991473532e-16,-1.0,5,0.2036753445863723,5.2,Fallow,Low
-7.5916,-17.0072,9.41563,1.2246467991473532e-16,-1.0,19,0.5490517616271973,18.1,Perl Millet,Medium
-9.7773,-14.9913,5.214029999999999,1.2246467991473532e-16,-1.0,19,0.5049384236335754,14.3,Perl Millet,Medium
-9.9052,-15.8872,5.98207,1.2246467991473532e-16,-1.0,7,0.7284581661224365,10.0,Fodder,Medium
-7.9858,-13.5401,5.554239999999999,1.2246467991473532e-16,-1.0,19,0.6382055282592773,11.0666666666667,Perl Millet,Medium
-11.5998,-15.2404,3.640609999999999,1.2246467991473532e-16,-1.0,5,0.132065936923027,2.7,Fallow,Low
-10.1549,-16.6594,6.504490000000002,1.2246467991473532e-16,-1.0,5,0.1708304733037948,1.8,Fallow,Low
-10.2777,-15.6244,5.3467199999999995,1.2246467991473532e-16,-1.0,5,0.1409751921892166,6.5,Fallow,Low
-11.4101,-14.1852,2.7751,1.2246467991473532e-16,-1.0,5,0.1530496925115585,4.3,Fallow,Low
-9.9917,-17.7198,7.728040000000002,1.2246467991473532e-16,-1.0,5,0.193782553076744,4.3,Fallow,Low
-9.9935,-17.5946,7.601040000000001,1.2246467991473532e-16,-1.0,19,0.1742402017116546,11.1,Perl Millet,Medium
-16.1122,-16.4793,0.3670700000000018,1.2246467991473532e-16,-1.0,5,0.1388639360666275,3.4,Fallow,Low
-12.4059,-18.2571,5.851179999999999,1.2246467991473532e-16,-1.0,5,0.1326895058155059,3.4,Fallow,Low
-10.1031,-20.2687,10.165610000000001,1.2246467991473532e-16,-1.0,19,0.7460227608680725,10.0,Perl Millet,Medium
-11.4236,-18.8493,7.42567,1.2246467991473532e-16,-1.0,5,0.2370605170726776,3.5,Fallow,Low
-10.2768,-15.4872,5.210369999999999,1.2246467991473532e-16,-1.0,19,0.7163880467414856,24.0,Perl Millet,Medium
-10.5069,-19.343,8.836090000000002,1.2246467991473532e-16,-1.0,19,0.2367513179779052,9.0,Perl Millet,Low
-9.732,-20.6896,10.95757,1.2246467991473532e-16,-1.0,5,0.2996071279048919,8.1,Fallow,Low
-4.6154,-16.6383,12.02291,1.2246467991473532e-16,-1.0,5,0.2722007036209106,8.2,Fallow,Low
-5.9683,-17.7861,11.817820000000001,1.2246467991473532e-16,-1.0,5,0.2924412786960602,7.63333333333333,Fallow,Low
-8.3486,-15.8898,7.541180000000001,1.2246467991473532e-16,-1.0,5,0.1381556838750839,6.7,Fallow,Low
-11.1466,-17.5219,6.375380000000002,1.2246467991473532e-16,-1.0,5,0.1887775063514709,4.5,Fallow,Low
-8.5232,-20.6759,12.152749999999997,1.2246467991473532e-16,-1.0,5,0.1532670706510543,7.2,Fallow,Low
-10.1982,-20.332,10.133780000000002,1.2246467991473532e-16,-1.0,5,0.6329331398010254,10.9,Fallow,Medium
-8.4192,-16.5336,8.114429999999999,1.2246467991473532e-16,-1.0,5,0.1305814236402511,7.3,Fallow,Low
-12.539,-19.5973,7.058259999999999,1.2246467991473532e-16,-1.0,5,0.1673840582370758,3.1,Fallow,Low
-9.7171,-19.0863,9.36921,1.2246467991473532e-16,-1.0,5,0.1474513560533523,6.3,Fallow,Low
-8.5831,-19.8472,11.264040000000001,1.2246467991473532e-16,-1.0,5,0.7956998348236084,8.2,Fallow,Low
-10.1058,-19.3042,9.19837,1.2246467991473532e-16,-1.0,5,0.1617254912853241,3.1,Fallow,Low
-8.6396,-17.6376,8.99798,1.2246467991473532e-16,-1.0,5,0.1887338608503341,3.06666666666667,Fallow,Low
-11.7059,-19.3558,7.649889999999999,1.2246467991473532e-16,-1.0,5,0.2282032519578933,4.8,Fallow,Low
-12.5956,-18.662,6.066440000000002,1.2246467991473532e-16,-1.0,5,0.2376646697521209,6.0,Fallow,Low
-8.3175,-16.2429,7.925369999999999,1.2246467991473532e-16,-1.0,5,0.1740141808986663,4.7,Fallow,Low
-13.6996,-17.9134,4.21382,1.2246467991473532e-16,-1.0,5,0.1222675368189811,5.3,Fallow,Low
-12.8282,-17.0029,4.17469,1.2246467991473532e-16,-1.0,5,0.1520847231149673,3.93333333333333,Fallow,Low
-10.1432,-16.1852,6.042,1.2246467991473532e-16,-1.0,5,0.1820766329765319,7.5,Fallow,Low
-9.9271,-13.4896,3.5624599999999997,1.2246467991473532e-16,-1.0,5,0.153906300663948,5.5,Fallow,Low
-8.0257,-17.0013,8.9756,1.2246467991473532e-16,-1.0,5,0.136806309223175,3.6,Fallow,Low
-8.5009,-14.9032,6.40225,1.2246467991473532e-16,-1.0,19,0.6718523502349854,24.3,Perl Millet,High
-6.7915,-13.4038,6.61237,1.2246467991473532e-16,-1.0,5,0.1762510240077972,4.13333333333333,Fallow,Low
-11.3993,-16.9571,5.557829999999999,1.2246467991473532e-16,-1.0,5,0.1785706579685211,3.9,Fallow,Low
-10.3728,-18.1066,7.73386,1.2246467991473532e-16,-1.0,5,0.1486236006021499,3.2,Fallow,Low
-12.7393,-18.6088,5.869530000000001,1.2246467991473532e-16,-1.0,5,0.15629643201828,6.2,Fallow,Low
-13.7772,-20.5564,6.779219999999999,1.2246467991473532e-16,-1.0,5,0.1456126570701599,6.0,Fallow,Low
-13.0178,-18.8731,5.855320000000001,1.2246467991473532e-16,-1.0,5,0.17074516415596,5.2,Fallow,Low
-12.1288,-17.8379,5.70909,1.2246467991473532e-16,-1.0,5,0.1500089913606643,4.6,Fallow,Low
-10.5608,-18.9054,8.34457,1.2246467991473532e-16,-1.0,19,0.6024757623672485,7.2,Perl Millet,Low
-10.8719,-17.31,6.438100000000002,1.2246467991473532e-16,-1.0,5,0.1340416073799133,6.4,Fallow,Low
-11.117,-17.8861,6.769149999999998,1.2246467991473532e-16,-1.0,13,0.1856730431318283,9.6,Lemon,Low
-8.475,-17.8361,9.36101,1.2246467991473532e-16,-1.0,5,0.1727050840854644,3.9,Fallow,Low
-13.2706,-18.08,4.809409999999998,1.2246467991473532e-16,-1.0,5,0.3040322661399841,9.9,Fallow,Medium
-9.5277,-15.9263,6.398580000000001,1.2246467991473532e-16,-1.0,5,0.2588304877281189,4.6,Fallow,Low
-11.3504,-18.3783,7.027919999999998,1.2246467991473532e-16,-1.0,19,0.5749611854553223,9.4,Perl Millet,Low
-11.0527,-20.6059,9.553199999999999,1.2246467991473532e-16,-1.0,19,0.4375351667404175,5.6,Perl Millet,Low
-10.5546,-18.7343,8.179609999999998,1.2246467991473532e-16,-1.0,5,0.5130549669265747,3.63333333333333,Fallow,Low
-8.0458,-16.0443,7.9985599999999994,1.2246467991473532e-16,-1.0,5,0.1615144908428192,4.8,Fallow,Low
-11.4912,-14.5809,3.089699999999999,1.2246467991473532e-16,-1.0,5,0.1384700983762741,6.0,Fallow,Low
-12.4182,-19.9374,7.519219999999999,1.2246467991473532e-16,-1.0,5,0.1133000403642654,7.0,Fallow,Low
-8.4706,-18.0747,9.604040000000001,1.2246467991473532e-16,-1.0,5,0.1328450292348861,6.1,Fallow,Low
-9.3815,-15.6557,6.274180000000001,1.2246467991473532e-16,-1.0,5,0.1321548223495483,4.66666666666667,Fallow,Low
-9.7678,-19.8534,10.085609999999999,1.2246467991473532e-16,-1.0,5,0.1235032603144645,5.6,Fallow,Low
-8.0899,-20.0004,11.9105,1.2246467991473532e-16,-1.0,5,0.1037763059139251,6.0,Fallow,Low
-13.2588,-19.6964,6.437570000000001,1.2246467991473532e-16,-1.0,5,0.1372922509908676,7.5,Fallow,Low
-12.577,-18.348,5.770990000000001,1.2246467991473532e-16,-1.0,5,0.3845933377742767,6.0,Fallow,Low
-12.4241,-21.5835,9.15938,1.2246467991473532e-16,-1.0,5,0.1560177206993103,4.23333333333333,Fallow,Low
-8.8103,-16.999,8.188690000000001,1.2246467991473532e-16,-1.0,5,0.1289707720279693,4.5,Fallow,Low
-9.556,-20.4359,10.879850000000001,1.2246467991473532e-16,-1.0,5,0.1061595901846885,4.4,Fallow,Low
-10.8836,-19.1706,8.28701,1.2246467991473532e-16,-1.0,5,0.1092353835701942,4.9,Fallow,Low
-9.8967,-18.5101,8.61341,1.2246467991473532e-16,-1.0,5,0.1281006336212158,5.1,Fallow,Low
-9.9474,-19.9898,10.04233,1.2246467991473532e-16,-1.0,5,0.1376911848783493,5.23333333333333,Fallow,Low
-9.7347,-17.5463,7.811539999999999,1.2246467991473532e-16,-1.0,5,0.1160477697849273,3.1,Fallow,Low
-8.3977,-18.1889,9.791150000000002,1.2246467991473532e-16,-1.0,5,0.186812549829483,3.4,Fallow,Low
-10.9022,-20.4282,9.526010000000001,1.2246467991473532e-16,-1.0,5,0.0922049805521965,5.3,Fallow,Low
-9.0664,-20.152,11.08559,1.2246467991473532e-16,-1.0,5,0.110246829688549,5.9,Fallow,Low
-9.9862,-19.5414,9.555209999999999,1.2246467991473532e-16,-1.0,5,0.1095450147986412,5.1,Fallow,Low
-13.5217,-18.0639,4.542279999999998,1.2246467991473532e-16,-1.0,5,0.1077233105897903,5.3,Fallow,Low
-9.5324,-21.0133,11.48088,1.2246467991473532e-16,-1.0,5,0.113599881529808,2.0,Fallow,Low
-12.9274,-18.3412,5.413750000000002,1.2246467991473532e-16,-1.0,5,0.0959935933351516,5.6,Fallow,Low
-12.3096,-18.7518,6.4421800000000005,1.2246467991473532e-16,-1.0,5,0.1112631559371948,4.5,Fallow,Low
-7.2365,-17.4462,10.209700000000002,1.2246467991473532e-16,-1.0,5,0.1130384281277656,2.9,Fallow,Low
-5.3036,-16.9171,11.61355,1.2246467991473532e-16,-1.0,5,0.2131061851978302,4.4,Fallow,Low
-10.8002,-20.366,9.565750000000001,1.2246467991473532e-16,-1.0,5,0.0888526514172554,5.2,Fallow,Low
-9.4701,-20.0363,10.56623,1.2246467991473532e-16,-1.0,5,0.1174938827753067,4.4,Fallow,Low
-8.8186,-20.7206,11.90203,1.2246467991473532e-16,-1.0,5,0.1262910366058349,6.33333333333333,Fallow,Low
-6.3153,-14.8889,8.57356,1.2246467991473532e-16,-1.0,5,0.1808228492736816,5.9,Fallow,Low
-10.8824,-17.1218,6.239369999999999,1.2246467991473532e-16,-1.0,5,0.1809543818235397,9.6,Fallow,Low
-13.5511,-17.0888,3.537709999999999,1.2246467991473532e-16,-1.0,5,0.2519524693489074,10.6,Fallow,Medium
-6.1314,-14.66,8.528649999999999,1.2246467991473532e-16,-1.0,5,0.4231051504611969,8.4,Fallow,Low
-5.9116,-15.3702,9.458549999999999,1.2246467991473532e-16,-1.0,11,0.1262106001377105,3.0,Jowar,Low
-10.5901,-20.758,10.16798,1.2246467991473532e-16,-1.0,5,0.085263155400753,5.2,Fallow,Low
-11.8405,-20.2147,8.374220000000001,1.2246467991473532e-16,-1.0,5,0.1246627196669578,3.6,Fallow,Low
-12.924,-17.1784,4.254410000000002,1.2246467991473532e-16,-1.0,5,0.1093373075127601,4.0,Fallow,Low
-11.0489,-19.7462,8.69728,1.2246467991473532e-16,-1.0,5,0.0926806330680847,14.3,Fallow,Medium
-10.3795,-19.6409,9.26137,1.2246467991473532e-16,-1.0,5,0.098882183432579,4.73333333333333,Fallow,Low
-10.6719,-17.0116,6.339690000000001,1.2246467991473532e-16,-1.0,5,0.1365886926651001,8.8,Fallow,Low
-11.1207,-17.8998,6.7791099999999975,1.2246467991473532e-16,-1.0,5,0.2021806389093399,7.5,Fallow,Low
-6.9806,-19.117,12.136410000000001,1.2246467991473532e-16,-1.0,5,0.1541943401098251,16.5,Fallow,Medium
-11.1056,-15.6527,4.547140000000001,1.2246467991473532e-16,-1.0,5,0.1793349981307983,5.1,Fallow,Low
-12.8534,-16.7651,3.911609999999998,1.2246467991473532e-16,-1.0,5,0.1214201301336288,5.03333333333333,Fallow,Low
-10.2783,-19.2046,8.92631,1.2246467991473532e-16,-1.0,5,0.1490291953086853,10.1,Fallow,Medium
-11.121,-18.5113,7.3903099999999995,1.2246467991473532e-16,-1.0,5,0.1399112790822982,4.0,Fallow,Low
-10.8248,-17.2584,6.433640000000002,1.2246467991473532e-16,-1.0,5,0.1937256604433059,10.9,Fallow,Medium
-9.4462,-20.6972,11.250989999999998,1.2246467991473532e-16,-1.0,5,0.2999480366706848,12.1,Fallow,Medium
-8.3915,-21.2964,12.90484,1.2246467991473532e-16,-1.0,11,0.1697248220443725,7.6,Jowar,Low
-11.5857,-18.7334,7.147750000000002,1.2246467991473532e-16,-1.0,5,0.1220496892929077,4.5,Fallow,Low
-11.6128,-21.1489,9.536019999999999,1.2246467991473532e-16,-1.0,5,0.2156828939914703,9.2,Fallow,Low
-10.9807,-20.5708,9.59004,1.2246467991473532e-16,-1.0,5,0.1308256983757019,8.6,Fallow,Low
-11.7334,-14.9529,3.2194599999999998,1.2246467991473532e-16,-1.0,5,0.2572658061981201,5.3,Fallow,Low
-12.8976,-22.3723,9.4747,1.2246467991473532e-16,-1.0,5,0.1331827640533447,8.8,Fallow,Low
-11.0307,-22.9416,11.91089,1.2246467991473532e-16,-1.0,5,0.221028059720993,7.9,Fallow,Low
-9.2671,-18.837,9.569899999999999,1.2246467991473532e-16,-1.0,5,0.1547877490520477,8.0,Fallow,Low
-9.1529,-16.9023,7.749370000000001,1.2246467991473532e-16,-1.0,5,0.1802416890859604,7.5,Fallow,Low
-9.3778,-18.776,9.398190000000001,1.2246467991473532e-16,-1.0,5,0.1363851279020309,7.7,Fallow,Low
-10.1953,-21.2705,11.07527,1.2246467991473532e-16,-1.0,5,0.1294902563095092,6.53333333333333,Fallow,Low
-13.5831,-19.5702,5.987080000000001,1.2246467991473532e-16,-1.0,5,0.1274504959583282,10.1,Fallow,Medium
-7.6086,-17.8889,10.280359999999998,1.2246467991473532e-16,-1.0,5,0.1633215695619583,7.3,Fallow,Low
-11.9363,-20.2576,8.3213,1.2246467991473532e-16,-1.0,5,0.1359534561634063,5.7,Fallow,Low
-10.7691,-18.3809,7.61182,1.2246467991473532e-16,-1.0,5,0.2165505290031433,10.9,Fallow,Medium
-10.1175,-17.9014,7.78398,1.2246467991473532e-16,-1.0,5,0.1163855418562889,11.1666666666667,Fallow,Medium
-9.6351,-14.1782,4.5430600000000005,1.2246467991473532e-16,-1.0,5,0.2018348574638366,7.2,Fallow,Low
-10.8323,-19.3439,8.511610000000001,1.2246467991473532e-16,-1.0,5,0.2032145261764526,12.2,Fallow,Medium
-12.4923,-17.7005,5.20824,1.2246467991473532e-16,-1.0,5,0.1229736804962158,3.6,Fallow,Low
-13.3514,-18.0166,4.665190000000001,1.2246467991473532e-16,-1.0,5,0.1479028761386871,3.5,Fallow,Low
-12.4104,-19.671,7.2605699999999995,1.2246467991473532e-16,-1.0,5,0.1681998074054718,5.0,Fallow,Low
-11.447,-19.2646,7.817580000000001,1.2246467991473532e-16,-1.0,5,0.1950772553682327,4.1,Fallow,Low
-11.8544,-17.1477,5.293379999999999,1.2246467991473532e-16,-1.0,5,0.2304141670465469,2.0,Fallow,Low
-9.8558,-18.1235,8.267759999999999,1.2246467991473532e-16,-1.0,5,0.2288556098937988,3.3,Fallow,Low
-8.8256,-17.0347,8.20909,1.2246467991473532e-16,-1.0,5,0.2522754967212677,26.5,Fallow,High
-12.1764,-19.5592,7.38284,1.2246467991473532e-16,-1.0,5,0.1699617058038711,3.56666666666667,Fallow,Low
-8.5056,-15.9439,7.438319999999999,1.2246467991473532e-16,-1.0,5,0.4230203926563263,3.5,Fallow,Low
-9.6155,-16.5874,6.971939999999998,1.2246467991473532e-16,-1.0,19,0.4611636102199554,9.7,Perl Millet,Low
-8.4832,-14.9262,6.44304,1.2246467991473532e-16,-1.0,19,0.4989926517009735,8.1,Perl Millet,Low
-9.2536,-16.7552,7.501579999999999,1.2246467991473532e-16,-1.0,5,0.2352175712585449,4.2,Fallow,Low
-7.7684,-15.9364,8.168009999999999,1.2246467991473532e-16,-1.0,19,0.3581953048706054,9.8,Perl Millet,Low
-10.4109,-17.8677,7.456760000000001,1.2246467991473532e-16,-1.0,5,0.1833329051733017,2.3,Fallow,Low
-11.2814,-19.2223,7.94093,1.2246467991473532e-16,-1.0,5,0.1747739613056183,3.8,Fallow,Low
-14.3259,-18.3308,4.004910000000001,1.2246467991473532e-16,-1.0,5,0.3277634084224701,5.8,Fallow,Low
-12.17,-15.8919,3.7218199999999992,1.2246467991473532e-16,-1.0,5,0.1411450505256652,3.4,Fallow,Low
-10.31,-18.0131,7.703139999999998,1.2246467991473532e-16,-1.0,5,0.2242297232151031,3.73333333333333,Fallow,Low
-10.9712,-19.1512,8.18006,1.2246467991473532e-16,-1.0,5,0.131611555814743,5.8,Fallow,Low
-10.7951,-18.2569,7.4618400000000005,1.2246467991473532e-16,-1.0,5,0.2546817362308502,5.9,Fallow,Low
-10.5153,-17.5802,7.0649000000000015,1.2246467991473532e-16,-1.0,5,0.3608845770359039,4.9,Fallow,Low
-11.1528,-18.5854,7.432570000000002,1.2246467991473532e-16,-1.0,5,0.7365291714668274,8.9,Fallow,Low
-12.5116,-16.9181,4.40654,1.2246467991473532e-16,-1.0,14,0.313966304063797,4.1,Maize,Low
-9.5605,-14.207,4.646510000000001,1.2246467991473532e-16,-1.0,5,0.1145081892609596,5.0,Fallow,Low
-9.9756,-17.332,7.356329999999998,1.2246467991473532e-16,-1.0,5,0.1073081344366073,21.7,Fallow,Medium
-12.7021,-21.2413,8.5392,1.2246467991473532e-16,-1.0,5,0.0986443012952804,6.0,Fallow,Low
-8.7093,-15.9436,7.23428,1.2246467991473532e-16,-1.0,5,0.1205867826938629,5.7,Fallow,Low
-8.8294,-20.0266,11.19724,1.2246467991473532e-16,-1.0,5,0.1287314891815185,4.93333333333333,Fallow,Low
-12.3685,-17.6712,5.302760000000001,1.2246467991473532e-16,-1.0,5,0.1375605911016464,6.6,Fallow,Low
-9.9833,-20.2923,10.308950000000001,1.2246467991473532e-16,-1.0,5,0.1038734093308448,4.5,Fallow,Low
-11.1233,-22.1802,11.056830000000001,1.2246467991473532e-16,-1.0,5,0.1145199090242385,4.9,Fallow,Low
-10.6691,-18.2204,7.551269999999999,1.2246467991473532e-16,-1.0,5,0.2512223720550537,6.5,Fallow,Low
-11.6647,-20.8406,9.17597,1.2246467991473532e-16,-1.0,5,0.1278471797704696,6.7,Fallow,Low
-11.2775,-18.2318,6.95429,1.2246467991473532e-16,-1.0,5,0.579674482345581,1.3,Fallow,Low
-9.7133,-14.9305,5.217160000000002,1.2246467991473532e-16,-1.0,5,0.2134862840175628,1.5,Fallow,Low
-12.8778,-17.3188,4.440930000000002,1.2246467991473532e-16,-1.0,5,0.1580869406461715,5.5,Fallow,Low
-11.9395,-16.6588,4.719339999999999,1.2246467991473532e-16,-1.0,5,0.155391126871109,6.6,Fallow,Low
-11.7584,-16.8314,5.072999999999999,1.2246467991473532e-16,-1.0,5,0.1564109027385711,4.73333333333333,Fallow,Low
-10.7224,-17.0762,6.353879999999998,1.2246467991473532e-16,-1.0,5,0.1320728212594986,6.7,Fallow,Low
-8.7644,-20.7882,12.02378,1.2246467991473532e-16,-1.0,5,0.1235542595386505,5.1,Fallow,Low
-12.1323,-19.2558,7.12351,1.2246467991473532e-16,-1.0,5,0.1198934838175773,4.5,Fallow,Low
-9.6321,-18.7257,9.093649999999998,1.2246467991473532e-16,-1.0,5,0.3308253586292267,12.3,Fallow,Medium
-8.3754,-19.0087,10.633249999999999,1.2246467991473532e-16,-1.0,5,0.1180537715554237,5.46666666666667,Fallow,Low
-10.1759,-19.2662,9.090340000000001,1.2246467991473532e-16,-1.0,5,0.2041120380163192,5.8,Fallow,Low
-12.2818,-18.6195,6.337669999999999,1.2246467991473532e-16,-1.0,5,0.135764330625534,24.8,Fallow,High
-9.1123,-17.7916,8.67934,1.2246467991473532e-16,-1.0,5,0.2491219788789749,10.7,Fallow,Medium
-10.8465,-17.7304,6.883929999999998,1.2246467991473532e-16,-1.0,5,0.1404705643653869,5.0,Fallow,Low
-8.6817,-17.8269,9.145180000000002,1.2246467991473532e-16,-1.0,5,0.1467478275299072,5.9,Fallow,Low
-13.6694,-17.1492,3.4797399999999996,1.2246467991473532e-16,-1.0,5,0.2653884887695312,31.9,Fallow,High
-15.031,-20.1679,5.136889999999999,1.2246467991473532e-16,-1.0,5,0.1991610527038574,5.4,Fallow,Low
-13.244,-19.5706,6.326599999999999,1.2246467991473532e-16,-1.0,5,0.1776973754167556,4.7,Fallow,Low
-11.2291,-17.7356,6.506520000000002,1.2246467991473532e-16,-1.0,5,0.1076012477278709,1.9,Fallow,Low
-15.2726,-18.0514,2.778719999999998,1.2246467991473532e-16,-1.0,5,0.1429050117731094,2.13333333333333,Fallow,Low
-8.0485,-17.9763,9.92776,1.2246467991473532e-16,-1.0,5,0.1581567823886871,23.3,Fallow,Medium
-10.6653,-15.917,5.2516300000000005,1.2246467991473532e-16,-1.0,5,0.1286211162805557,7.1,Fallow,Low
-10.2616,-19.3334,9.07177,1.2246467991473532e-16,-1.0,5,0.1068362072110176,5.2,Fallow,Low
-9.2145,-15.3874,6.17286,1.2246467991473532e-16,-1.0,5,0.3782691359519958,5.7,Fallow,Low
-10.1696,-19.1793,9.009700000000002,1.2246467991473532e-16,-1.0,5,0.2652748525142669,5.16666666666667,Fallow,Low
-11.8137,-18.5424,6.728739999999998,1.2246467991473532e-16,-1.0,5,0.16351880133152,5.5,Fallow,Low
-11.9547,-20.2853,8.33055,1.2246467991473532e-16,-1.0,5,0.1079679429531097,3.6,Fallow,Low
-9.549,-17.5984,8.04933,1.2246467991473532e-16,-1.0,5,0.1687231510877609,6.2,Fallow,Low
-11.2233,-18.5828,7.359539999999999,1.2246467991473532e-16,-1.0,5,0.1246476992964744,7.3,Fallow,Low
-11.1039,-17.0362,5.932330000000002,1.2246467991473532e-16,-1.0,5,0.1575335711240768,7.33333333333333,Fallow,Low
-8.5308,-15.0363,6.50548,-0.4999999999999997,-0.8660254037844388,18,0.2800973951816559,45.5,Paddy,Very High
-11.3441,-15.7179,4.3738399999999995,-0.4999999999999997,-0.8660254037844388,18,0.2800973951816559,50.0,Paddy,Very High
-9.4332,-21.2975,11.864260000000002,-0.4999999999999997,-0.8660254037844388,18,0.2800973951816559,50.0,Paddy,Very High
-12.2483,-17.4275,5.1791599999999995,-0.4999999999999997,-0.8660254037844388,13,0.2800973951816559,30.7,Lemon,High
-10.2634,-17.2335,6.9701,-0.4999999999999997,-0.8660254037844388,18,0.2800973951816559,50.0,Paddy,Very High
-9.1635,-17.7838,8.62033,-0.4999999999999997,-0.8660254037844388,18,0.2800973951816559,50.0,Paddy,Very High
-8.1555,-17.8962,9.740719999999998,-0.4999999999999997,-0.8660254037844388,18,0.2800973951816559,50.0,Paddy,Very High
-4.3422,-19.4052,15.063059999999998,-0.4999999999999997,-0.8660254037844388,18,0.2800973951816559,50.0,Paddy,Very High
-6.3311,-18.7719,12.440830000000002,-0.4999999999999997,-0.8660254037844388,18,0.2800973951816559,50.0,Paddy,Very High
-7.963,-18.633,10.670010000000001,-0.4999999999999997,-0.8660254037844388,18,0.2800973951816559,50.0,Paddy,Very High
-5.8298,-13.2034,7.37357,-0.4999999999999997,-0.8660254037844388,18,0.2800973951816559,50.0,Paddy,Very High
-9.4786,-18.2966,8.818050000000001,-0.4999999999999997,-0.8660254037844388,18,0.2800973951816559,50.0,Paddy,Very High
-11.7436,-19.7147,7.971120000000001,-0.4999999999999997,-0.8660254037844388,18,0.2800973951816559,50.0,Paddy,Very High
-9.9859,-13.4618,3.4758200000000006,-0.4999999999999997,-0.8660254037844388,18,0.2800973951816559,50.0,Paddy,Very High
-9.5195,-13.8021,4.28261,-0.4999999999999997,-0.8660254037844388,18,0.2800973951816559,50.0,Paddy,Very High
-11.0948,-21.2065,10.11171,-0.4999999999999997,-0.8660254037844388,5,0.2800973951816559,50.0,Fallow,Very High
-4.99,-17.2349,12.24482,-0.4999999999999997,-0.8660254037844388,5,0.2800973951816559,50.0,Fallow,Very High
-10.8293,-20.1285,9.299199999999999,-0.4999999999999997,-0.8660254037844388,18,0.2800973951816559,50.0,Paddy,Very High
-12.2449,-22.6727,10.42773,-0.4999999999999997,-0.8660254037844388,5,0.2800973951816559,41.8,Fallow,Very High
-11.2773,-22.5611,11.28378,-0.4999999999999997,-0.8660254037844388,18,0.2800973951816559,50.0,Paddy,Very High
-12.1588,-19.2219,7.063139999999999,-0.4999999999999997,-0.8660254037844388,18,0.2800973951816559,50.0,Paddy,Very High
-13.9768,-20.7018,6.7250299999999985,-0.4999999999999997,-0.8660254037844388,18,0.2800973951816559,50.0,Paddy,Very High
-10.5227,-20.0056,9.482930000000001,-0.4999999999999997,-0.8660254037844388,18,0.2800973951816559,50.0,Paddy,Very High
-11.1282,-21.0448,9.916640000000001,-0.4999999999999997,-0.8660254037844388,18,0.2800973951816559,50.0,Paddy,Very High
-13.0153,-21.9614,8.946119999999999,-0.4999999999999997,-0.8660254037844388,18,0.2800973951816559,50.0,Paddy,Very High
-12.5162,-18.8468,6.3306400000000025,-0.4999999999999997,-0.8660254037844388,18,0.2800973951816559,50.0,Paddy,Very High
-16.2773,-22.621,6.34366,-0.4999999999999997,-0.8660254037844388,18,0.2800973951816559,50.0,Paddy,Very High
-11.8244,-21.8646,10.040130000000001,-0.4999999999999997,-0.8660254037844388,18,0.2800973951816559,50.0,Paddy,Very High
-9.9069,-14.6492,4.742290000000001,-0.4999999999999997,-0.8660254037844388,18,0.2800973951816559,50.0,Paddy,Very High
-13.4856,-20.1059,6.6203199999999995,-0.4999999999999997,-0.8660254037844388,18,0.2800973951816559,50.0,Paddy,Very High
-14.0427,-19.5161,5.473390000000002,-0.4999999999999997,-0.8660254037844388,18,0.2800973951816559,50.0,Paddy,Very High
-12.6435,-21.3352,8.691670000000002,-0.4999999999999997,-0.8660254037844388,5,0.2800973951816559,50.0,Fallow,Very High
-11.0734,-17.8927,6.819280000000001,-0.4999999999999997,-0.8660254037844388,18,0.2800973951816559,50.0,Paddy,Very High
-12.8764,-20.7432,7.866810000000001,-0.4999999999999997,-0.8660254037844388,18,0.2800973951816559,50.0,Paddy,Very High
-6.8233,-16.209,9.385679999999999,-0.4999999999999997,-0.8660254037844388,18,0.2800973951816559,50.0,Paddy,Very High
-11.3152,-15.8467,4.531510000000001,-0.4999999999999997,-0.8660254037844388,18,0.2800973951816559,38.9,Paddy,High
-6.1415,-17.384,11.24248,-0.4999999999999997,-0.8660254037844388,18,0.2800973951816559,50.0,Paddy,Very High
-11.6888,-13.9145,2.2257499999999997,-0.4999999999999997,-0.8660254037844388,11,0.520900309085846,43.4,Jowar,Very High
-8.2952,-15.4785,7.1833100000000005,-0.4999999999999997,-0.8660254037844388,18,0.2800973951816559,50.0,Paddy,Very High
-10.7819,-19.2879,8.505980000000001,-0.4999999999999997,-0.8660254037844388,18,0.2527322769165039,50.0,Paddy,Very High
-13.1377,-20.0825,6.944789999999999,-0.4999999999999997,-0.8660254037844388,18,0.2800973951816559,50.0,Paddy,Very High
-16.9658,-21.3463,4.38053,-0.4999999999999997,-0.8660254037844388,5,0.2800973951816559,50.0,Fallow,Very High
-17.2704,-19.4214,2.1509800000000006,-0.4999999999999997,-0.8660254037844388,5,0.2800973951816559,50.0,Fallow,Very High
-8.0596,-16.0104,7.950730000000002,-0.4999999999999997,-0.8660254037844388,5,0.2800973951816559,50.0,Fallow,Very High
-16.057,-21.5173,5.4603,-0.4999999999999997,-0.8660254037844388,18,0.2800973951816559,50.0,Paddy,Very High
-8.1549,-18.2945,10.13961,-0.4999999999999997,-0.8660254037844388,18,0.2800973951816559,50.0,Paddy,Very High
-12.8887,-21.1258,8.23702,-0.4999999999999997,-0.8660254037844388,18,0.3548421561717987,50.0,Paddy,Very High
-13.5656,-20.2449,6.679350000000001,-0.4999999999999997,-0.8660254037844388,18,0.3021243810653686,50.0,Paddy,Very High
-13.0469,-18.278,5.231150000000001,-0.4999999999999997,-0.8660254037844388,5,0.3937627673149109,50.0,Fallow,Very High
-8.5033,-15.6569,7.15362,-0.4999999999999997,-0.8660254037844388,18,0.387222409248352,50.0,Paddy,Very High
-8.418,-15.4391,7.021090000000001,-0.4999999999999997,-0.8660254037844388,5,0.5361800193786621,43.7,Fallow,Very High
-10.0057,-16.4149,6.409229999999999,-0.4999999999999997,-0.8660254037844388,5,0.03045972622931,50.0,Fallow,Very High
-7.309,-14.1796,6.87057,-0.4999999999999997,-0.8660254037844388,12,0.5854454636573792,19.3,Kshan,Medium
-6.3332,-17.6409,11.307679999999998,-0.4999999999999997,-0.8660254037844388,12,0.8667104244232178,23.1,Kshan,Medium
-9.5894,-13.7306,4.141220000000001,-0.4999999999999997,-0.8660254037844388,5,0.2512826919555664,23.8,Fallow,Medium
-8.3461,-13.1225,4.77641,-0.4999999999999997,-0.8660254037844388,5,0.209155187010765,25.2,Fallow,High
-8.2174,-12.5686,4.351229999999999,-0.4999999999999997,-0.8660254037844388,5,0.2770031988620758,24.3333333333333,Fallow,High
-6.8661,-14.6035,7.7373899999999995,-0.4999999999999997,-0.8660254037844388,5,0.3480851650238037,26.7,Fallow,High
-6.0241,-13.2645,7.24041,-0.4999999999999997,-0.8660254037844388,5,0.2931312918663025,36.7,Fallow,High
-10.4577,-16.5322,6.074550000000002,-0.4999999999999997,-0.8660254037844388,5,0.2479532212018966,29.0,Fallow,High
-6.1247,-14.2057,8.08103,-0.4999999999999997,-0.8660254037844388,11,0.833350658416748,37.0,Jowar,High
-8.6257,-15.0882,6.462490000000001,-0.4999999999999997,-0.8660254037844388,5,0.1743858009576797,31.6,Fallow,High
-8.5667,-15.511,6.94426,-0.4999999999999997,-0.8660254037844388,5,0.5927697420120239,33.5,Fallow,High
-10.3587,-10.9015,0.5427900000000001,-0.4999999999999997,-0.8660254037844388,5,0.2372793704271316,32.3,Fallow,High
-10.8626,-17.073,6.210349999999998,-0.4999999999999997,-0.8660254037844388,5,0.3636592924594879,31.2,Fallow,High
-5.8658,-12.9668,7.101019999999999,-0.4999999999999997,-0.8660254037844388,5,0.2433387786149978,41.9,Fallow,Very High
-10.0879,-13.9304,3.8425800000000017,-0.4999999999999997,-0.8660254037844388,5,0.3783161044120788,31.5666666666667,Fallow,High
-8.2564,-18.7113,10.45492,-0.4999999999999997,-0.8660254037844388,5,0.4986530244350433,27.6,Fallow,High
-7.9856,-17.9114,9.92588,-0.4999999999999997,-0.8660254037844388,5,0.2402077168226242,28.3,Fallow,High
-8.4757,-16.0351,7.559439999999999,-0.4999999999999997,-0.8660254037844388,18,0.6850194334983826,50.0,Paddy,Very High
-6.3806,-14.6168,8.23612,-0.4999999999999997,-0.8660254037844388,5,0.478022038936615,34.9,Fallow,High
-6.7578,-17.0448,10.28693,-0.4999999999999997,-0.8660254037844388,18,0.243223026394844,27.6333333333333,Paddy,High
-8.9766,-15.6215,6.6449300000000004,-0.4999999999999997,-0.8660254037844388,5,0.2800973951816559,37.8,Fallow,High
-8.6837,-15.5158,6.83215,-0.4999999999999997,-0.8660254037844388,19,0.2800973951816559,32.6,Perl Millet,High
-10.8334,-20.9856,10.152169999999998,-0.4999999999999997,-0.8660254037844388,18,0.2800973951816559,50.0,Paddy,Very High
-13.0292,-16.4101,3.3808500000000006,-0.4999999999999997,-0.8660254037844388,11,0.0647261589765548,29.2,Jowar,High
-11.3857,-18.3953,7.009569999999998,-0.4999999999999997,-0.8660254037844388,19,0.2800973951816559,31.7333333333333,Perl Millet,High
-7.3961,-19.4928,12.09667,-0.4999999999999997,-0.8660254037844388,5,0.5516477823257446,37.7,Fallow,High
-5.6669,-14.1472,8.480360000000001,-0.4999999999999997,-0.8660254037844388,18,0.2933999001979828,50.0,Paddy,Very High
-8.8775,-15.2146,6.33714,-0.4999999999999997,-0.8660254037844388,5,0.583465576171875,39.1,Fallow,High
-9.4488,-15.685,6.236230000000001,-0.4999999999999997,-0.8660254037844388,5,0.5211434364318848,36.6,Fallow,High
-8.0131,-14.9684,6.95528,-0.4999999999999997,-0.8660254037844388,5,0.3541910648345947,37.5,Fallow,High
-11.4449,-14.7306,3.2857000000000003,-0.4999999999999997,-0.8660254037844388,18,0.2800973951816559,50.0,Paddy,Very High
-11.8559,-18.7725,6.916569999999998,-0.4999999999999997,-0.8660254037844388,18,0.2800973951816559,50.0,Paddy,Very High
-9.0644,-16.3,7.235599999999998,-0.4999999999999997,-0.8660254037844388,18,0.2800973951816559,50.0,Paddy,Very High
-10.2784,-16.047,5.768689999999999,-0.4999999999999997,-0.8660254037844388,18,0.4857288300991058,50.0,Paddy,Very High
-8.516,-20.9968,12.480849999999998,-0.4999999999999997,-0.8660254037844388,18,0.2800973951816559,50.0,Paddy,Very High
-10.9627,-18.7901,7.827359999999999,-0.4999999999999997,-0.8660254037844388,18,0.2800973951816559,50.0,Paddy,Very High
-12.031,-17.6744,5.6433800000000005,-0.4999999999999997,-0.8660254037844388,5,0.2517536878585815,50.0,Fallow,Very High
-9.4001,-17.8434,8.443320000000002,-0.4999999999999997,-0.8660254037844388,18,0.3083563148975372,31.1,Paddy,High
-10.5947,-17.0506,6.4558800000000005,-0.4999999999999997,-0.8660254037844388,18,0.5392727255821228,50.0,Paddy,Very High
-10.8699,-18.5496,7.679660000000002,-0.4999999999999997,-0.8660254037844388,18,0.5183103680610657,39.7,Paddy,High
-10.8392,-18.9779,8.138650000000002,-0.4999999999999997,-0.8660254037844388,5,0.3171096444129944,27.7,Fallow,High
-10.1875,-20.2851,10.09759,-0.4999999999999997,-0.8660254037844388,5,0.3505306541919708,31.0,Fallow,High
-10.3624,-16.8393,6.476930000000001,-0.4999999999999997,-0.8660254037844388,18,0.2800973951816559,50.0,Paddy,Very High
-11.2467,-17.8607,6.613960000000002,-0.4999999999999997,-0.8660254037844388,18,0.2800973951816559,50.0,Paddy,Very High
-12.6794,-16.1231,3.44374,-0.4999999999999997,-0.8660254037844388,18,0.2800973951816559,50.0,Paddy,Very High
-9.0961,-16.8896,7.793490000000002,-0.4999999999999997,-0.8660254037844388,5,0.2800973951816559,36.3,Fallow,High
-7.3754,-17.266,9.890640000000001,-0.4999999999999997,-0.8660254037844388,5,0.2800973951816559,50.0,Fallow,Very High
-12.8997,-18.2955,5.395859999999999,-0.4999999999999997,-0.8660254037844388,5,0.2800973951816559,35.1666666666667,Fallow,High
-10.532,-18.6083,8.07634,-0.4999999999999997,-0.8660254037844388,18,0.2800973951816559,50.0,Paddy,Very High
-12.0367,-16.7388,4.702119999999999,-0.4999999999999997,-0.8660254037844388,5,0.2689882218837738,36.1,Fallow,High
-10.6393,-16.298,5.6587499999999995,-0.4999999999999997,-0.8660254037844388,5,0.4557823240756988,35.2,Fallow,High
-12.7036,-18.5427,5.83906,-0.4999999999999997,-0.8660254037844388,5,0.2800973951816559,40.9,Fallow,Very High
-10.3485,-18.2767,7.9281700000000015,-0.4999999999999997,-0.8660254037844388,5,0.3602853715419769,40.8666666666667,Fallow,Very High
-7.2937,-12.1471,4.853389999999999,-0.8660254037844384,-0.5000000000000004,5,0.4042673707008362,38.9,Fallow,High
-6.184,-16.344,10.1599,-0.8660254037844384,-0.5000000000000004,18,0.4042673707008362,50.0,Paddy,Very High
-5.47,-16.209,10.73898,-0.8660254037844384,-0.5000000000000004,18,0.4042673707008362,50.0,Paddy,Very High
-4.3848,-14.8189,10.434050000000001,-0.8660254037844384,-0.5000000000000004,13,0.4042673707008362,25.0,Lemon,High
-6.3692,-17.5989,11.22973,-0.8660254037844384,-0.5000000000000004,18,0.4042673707008362,50.0,Paddy,Very High
-4.586,-16.3478,11.761870000000002,-0.8660254037844384,-0.5000000000000004,18,0.4042673707008362,51.9,Paddy,Very High
-8.4368,-18.5679,10.131110000000001,-0.8660254037844384,-0.5000000000000004,18,0.4042673707008362,50.0,Paddy,Very High
-7.5507,-15.8984,8.34777,-0.8660254037844384,-0.5000000000000004,18,0.4042673707008362,50.0,Paddy,Very High
-9.928,-14.1465,4.21851,-0.8660254037844384,-0.5000000000000004,18,0.4042673707008362,50.0,Paddy,Very High
-6.2721,-18.323,12.050929999999997,-0.8660254037844384,-0.5000000000000004,18,0.4042673707008362,50.0,Paddy,Very High
-3.199,-14.5388,11.339739999999999,-0.8660254037844384,-0.5000000000000004,18,0.4042673707008362,50.0,Paddy,Very High
-6.1912,-15.7433,9.552059999999999,-0.8660254037844384,-0.5000000000000004,18,0.4042673707008362,50.0,Paddy,Very High
-9.4268,-17.7483,8.321519999999998,-0.8660254037844384,-0.5000000000000004,18,0.4042673707008362,50.0,Paddy,Very High
-6.8524,-14.4042,7.55178,-0.8660254037844384,-0.5000000000000004,18,0.4042673707008362,50.0,Paddy,Very High
-6.7946,-15.2547,8.460090000000001,-0.8660254037844384,-0.5000000000000004,18,0.4042673707008362,50.0,Paddy,Very High
-7.8238,-18.217,10.39318,-0.8660254037844384,-0.5000000000000004,18,0.4042673707008362,47.2,Paddy,Very High
-4.7548,-17.9471,13.192320000000002,-0.8660254037844384,-0.5000000000000004,18,0.4042673707008362,50.0,Paddy,Very High
-11.7014,-16.5961,4.894749999999998,-0.8660254037844384,-0.5000000000000004,18,0.4042673707008362,50.0,Paddy,Very High
-7.1174,-18.6,11.482529999999999,-0.8660254037844384,-0.5000000000000004,5,0.4042673707008362,37.8,Fallow,High
-11.6599,-18.4083,6.748380000000001,-0.8660254037844384,-0.5000000000000004,18,0.4042673707008362,50.0,Paddy,Very High
-6.4969,-17.1134,10.616500000000002,-0.8660254037844384,-0.5000000000000004,18,0.4042673707008362,44.1,Paddy,Very High
-6.092,-17.994,11.90201,-0.8660254037844384,-0.5000000000000004,18,0.4042673707008362,47.7,Paddy,Very High
-7.2714,-16.6876,9.41613,-0.8660254037844384,-0.5000000000000004,18,0.4042673707008362,46.9,Paddy,Very High
-8.5525,-17.1031,8.55062,-0.8660254037844384,-0.5000000000000004,18,0.4042673707008362,50.0,Paddy,Very High
-8.3999,-17.4295,9.02957,-0.8660254037844384,-0.5000000000000004,18,0.4042673707008362,50.0,Paddy,Very High
-9.9656,-14.6222,4.656549999999999,-0.8660254037844384,-0.5000000000000004,18,0.4042673707008362,50.0,Paddy,Very High
-8.9581,-15.1114,6.153310000000001,-0.8660254037844384,-0.5000000000000004,18,0.4042673707008362,50.0,Paddy,Very High
-9.3105,-14.7322,5.421659999999999,-0.8660254037844384,-0.5000000000000004,18,0.4042673707008362,50.0,Paddy,Very High
-8.5798,-12.5057,3.9258900000000008,-0.8660254037844384,-0.5000000000000004,18,0.4042673707008362,50.0,Paddy,Very High
-8.4168,-13.8368,5.420029999999999,-0.8660254037844384,-0.5000000000000004,18,0.4042673707008362,50.0,Paddy,Very High
-4.5469,-15.0868,10.5399,-0.8660254037844384,-0.5000000000000004,18,0.4042673707008362,50.0,Paddy,Very High
-11.7267,-17.3371,5.610410000000002,-0.8660254037844384,-0.5000000000000004,18,0.4042673707008362,50.0,Paddy,Very High
-6.3415,-18.3553,12.013819999999999,-0.8660254037844384,-0.5000000000000004,18,0.3540438115596771,50.0,Paddy,Very High
-8.9687,-18.0263,9.05761,-0.8660254037844384,-0.5000000000000004,18,0.4899301528930664,44.0,Paddy,Very High
-6.0719,-15.1965,9.124680000000001,-0.8660254037844384,-0.5000000000000004,18,0.5168049931526184,46.1,Paddy,Very High
-7.7265,-18.1792,10.452669999999998,-0.8660254037844384,-0.5000000000000004,11,0.4868712723255157,43.7,Jowar,Very High
-4.4081,-15.6404,11.23236,-0.8660254037844384,-0.5000000000000004,18,0.3315276801586151,50.0,Paddy,Very High
-12.0309,-16.1165,4.085589999999998,-0.8660254037844384,-0.5000000000000004,18,0.685546338558197,50.0,Paddy,Very High
-12.072,-18.5401,6.468030000000001,-0.8660254037844384,-0.5000000000000004,18,0.4042673707008362,50.0,Paddy,Very High
-6.939,-17.6645,10.725599999999998,-0.8660254037844384,-0.5000000000000004,18,0.1983241736888885,50.0,Paddy,Very High
-13.9828,-24.9935,11.010700000000002,-0.8660254037844384,-0.5000000000000004,18,0.4042673707008362,50.0,Paddy,Very High
-12.2819,-13.7917,1.5098500000000001,-0.8660254037844384,-0.5000000000000004,18,0.7118462920188904,50.0,Paddy,Very High
-10.8424,-18.5154,7.672980000000001,-0.8660254037844384,-0.5000000000000004,18,0.3021243810653686,50.0,Paddy,Very High
-13.3062,-17.674,4.367800000000001,-0.8660254037844384,-0.5000000000000004,18,0.3937627673149109,50.0,Paddy,Very High
-7.6572,-17.7623,10.10511,-0.8660254037844384,-0.5000000000000004,18,0.387222409248352,50.0,Paddy,Very High
-8.0191,-18.7057,10.686600000000002,-0.8660254037844384,-0.5000000000000004,5,0.5361800193786621,38.4,Fallow,High
-9.9391,-20.1757,10.2366,-0.8660254037844384,-0.5000000000000004,18,0.03045972622931,50.0,Paddy,Very High
-6.6494,-14.9679,8.31849,-0.8660254037844384,-0.5000000000000004,5,0.5854454636573792,24.6,Fallow,High
-8.2345,-17.5323,9.29781,-0.8660254037844384,-0.5000000000000004,5,0.8667104244232178,17.9,Fallow,Medium
-7.0817,-15.8236,8.74186,-0.8660254037844384,-0.5000000000000004,5,0.2512826919555664,33.2,Fallow,High
-8.14,-12.4906,4.35061,-0.8660254037844384,-0.5000000000000004,5,0.209155187010765,27.8,Fallow,High
-8.7008,-15.5063,6.805539999999999,-0.8660254037844384,-0.5000000000000004,5,0.2770031988620758,28.3333333333333,Fallow,High
-7.5035,-14.5127,7.00917,-0.8660254037844384,-0.5000000000000004,11,0.3480851650238037,27.3,Jowar,High
-6.3383,-13.4996,7.161309999999999,-0.8660254037844384,-0.5000000000000004,11,0.2931312918663025,31.3,Jowar,High
-7.4684,-12.3931,4.924670000000001,-0.8660254037844384,-0.5000000000000004,11,0.2479532212018966,36.8,Jowar,High
-12.4462,-15.9623,3.5161800000000003,-0.8660254037844384,-0.5000000000000004,11,0.833350658416748,38.9,Jowar,High
-7.3539,-14.1205,6.766660000000001,-0.8660254037844384,-0.5000000000000004,11,0.1743858009576797,29.2666666666667,Jowar,High
-8.5614,-15.6835,7.12208,-0.8660254037844384,-0.5000000000000004,5,0.5927697420120239,36.5,Fallow,High
-4.4892,-16.6236,12.13441,-0.8660254037844384,-0.5000000000000004,5,0.2372793704271316,32.5,Fallow,High
-6.7097,-17.9818,11.272129999999999,-0.8660254037844384,-0.5000000000000004,5,0.3636592924594879,42.0,Fallow,Very High
-7.982,-16.2526,8.27059,-0.8660254037844384,-0.5000000000000004,18,0.2433387786149978,50.0,Paddy,Very High
-7.4848,-19.0473,11.56245,-0.8660254037844384,-0.5000000000000004,5,0.3783161044120788,36.3666666666667,Fallow,High
-4.7642,-12.6668,7.90258,-0.8660254037844384,-0.5000000000000004,11,0.4986530244350433,34.0,Jowar,High
-5.7206,-15.0184,9.29784,-0.8660254037844384,-0.5000000000000004,11,0.2402077168226242,26.3,Jowar,High
-7.7264,-17.108,9.381530000000001,-0.8660254037844384,-0.5000000000000004,18,0.6850194334983826,50.0,Paddy,Very High
-7.5502,-15.4177,7.867520000000001,-0.8660254037844384,-0.5000000000000004,11,0.478022038936615,34.1,Jowar,High
-5.4376,-14.4851,9.047450000000001,-0.8660254037844384,-0.5000000000000004,11,0.243223026394844,29.3333333333333,Jowar,High
-7.6598,-15.2958,7.63603,-0.8660254037844384,-0.5000000000000004,5,0.4042673707008362,40.8,Fallow,High
-8.5412,-16.9682,8.427000000000001,-0.8660254037844384,-0.5000000000000004,19,0.6659600734710693,30.0,Perl Millet,High
-9.5205,-16.2615,6.74094,-0.8660254037844384,-0.5000000000000004,18,0.5469046235084534,50.0,Paddy,Very High
-10.2536,-13.5535,3.29988,-0.8660254037844384,-0.5000000000000004,5,0.0647261589765548,29.0,Fallow,High
-8.5055,-16.4293,7.923770000000001,-0.8660254037844384,-0.5000000000000004,19,0.4042673707008362,32.6333333333333,Perl Millet,High
-5.4422,-14.3982,8.955960000000001,-0.8660254037844384,-0.5000000000000004,5,0.5516477823257446,36.8,Fallow,High
-4.3588,-16.1211,11.762310000000003,-0.8660254037844384,-0.5000000000000004,18,0.2933999001979828,50.0,Paddy,Very High
-6.1422,-16.3947,10.252489999999998,-0.8660254037844384,-0.5000000000000004,5,0.583465576171875,36.4,Fallow,High
-4.1184,-14.5597,10.44125,-0.8660254037844384,-0.5000000000000004,5,0.5211434364318848,38.5,Fallow,High
-5.1737,-14.6031,9.42938,-0.8660254037844384,-0.5000000000000004,5,0.3541910648345947,36.0,Fallow,High
-8.0651,-15.1054,7.04026,-0.8660254037844384,-0.5000000000000004,18,0.4042673707008362,46.9,Paddy,Very High
-7.684,-18.4866,10.80267,-0.8660254037844384,-0.5000000000000004,18,0.4042673707008362,42.0,Paddy,Very High
-6.9571,-16.4124,9.455259999999999,-0.8660254037844384,-0.5000000000000004,18,0.4042673707008362,48.5,Paddy,Very High
-6.5778,-13.3338,6.75594,-0.8660254037844384,-0.5000000000000004,18,0.4042673707008362,50.0,Paddy,Very High
-8.3488,-14.486,6.137289999999998,-0.8660254037844384,-0.5000000000000004,18,0.4042673707008362,38.8666666666667,Paddy,High
-8.9857,-14.6632,5.677530000000001,-0.8660254037844384,-0.5000000000000004,18,0.4042673707008362,50.0,Paddy,Very High
-5.8891,-15.264,9.374839999999999,-0.8660254037844384,-0.5000000000000004,18,0.4042673707008362,44.6,Paddy,Very High
-8.6018,-16.2902,7.688379999999999,-0.8660254037844384,-0.5000000000000004,5,0.4857288300991058,34.4,Fallow,High
-7.025,-15.6881,8.663150000000002,-0.8660254037844384,-0.5000000000000004,18,0.4042673707008362,32.2,Paddy,High
-8.574,-14.5022,5.9282699999999995,-0.8660254037844384,-0.5000000000000004,18,0.4042673707008362,50.0,Paddy,Very High
-6.8218,-16.6184,9.79653,-0.8660254037844384,-0.5000000000000004,18,0.2517536878585815,50.0,Paddy,Very High
-8.6924,-19.282,10.58962,-0.8660254037844384,-0.5000000000000004,5,0.3083563148975372,30.0,Fallow,High
-5.9774,-15.4677,9.490379999999998,-0.8660254037844384,-0.5000000000000004,18,0.5392727255821228,50.0,Paddy,Very High
-4.204,-14.7329,10.52897,-0.8660254037844384,-0.5000000000000004,18,0.5183103680610657,41.4,Paddy,Very High
-5.977,-11.5426,5.56557,-0.8660254037844384,-0.5000000000000004,5,0.3171096444129944,24.7,Fallow,High
-4.2779,-12.4674,8.1895,-0.8660254037844384,-0.5000000000000004,5,0.3505306541919708,27.7,Fallow,High
-9.2437,-13.1237,3.8799400000000013,-0.8660254037844384,-0.5000000000000004,18,0.4042673707008362,50.0,Paddy,Very High
-5.3201,-16.1276,10.807480000000002,-0.8660254037844384,-0.5000000000000004,18,0.4042673707008362,35.1,Paddy,High
-6.6637,-14.7986,8.13494,-0.8660254037844384,-0.5000000000000004,18,0.4042673707008362,40.7,Paddy,High
-7.8841,-15.734,7.84985,-0.8660254037844384,-0.5000000000000004,18,0.4042673707008362,40.9,Paddy,Very High
-7.5869,-14.0432,6.456300000000001,-0.8660254037844384,-0.5000000000000004,18,0.4042673707008362,42.0,Paddy,Very High
-7.4955,-13.0764,5.58082,-0.8660254037844384,-0.5000000000000004,18,0.4042673707008362,46.1,Paddy,Very High
-8.0122,-12.846,4.83384,-0.8660254037844384,-0.5000000000000004,18,0.4270232021808624,46.4,Paddy,Very High
-6.0573,-16.0207,9.963399999999998,-0.8660254037844384,-0.5000000000000004,5,0.3852025270462036,30.7,Fallow,High
-5.755,-13.0298,7.274859999999999,-0.8660254037844384,-0.5000000000000004,18,0.3866963982582092,50.0,Paddy,Very High
-6.8134,-14.5217,7.70828,-0.8660254037844384,-0.5000000000000004,5,0.4042673707008362,40.9,Fallow,Very High
-4.709,-13.4907,8.78174,-0.8660254037844384,-0.5000000000000004,5,0.4042673707008362,50.0,Fallow,Very High
-4.9988,-13.3365,8.33767,-0.8660254037844384,-0.5000000000000004,5,0.4042673707008362,30.5,Fallow,High
-8.7624,-16.0886,7.326190000000002,-0.8660254037844384,-0.5000000000000004,18,0.4042673707008362,46.9,Paddy,Very High
-8.0603,-15.7405,7.68022,-0.8660254037844384,-0.5000000000000004,18,0.4042673707008362,50.0,Paddy,Very High
-7.1143,-11.9064,4.792129999999999,-0.8660254037844384,-0.5000000000000004,13,0.4042673707008362,18.1,Lemon,Medium
-8.7326,-15.6103,6.8776600000000006,-0.8660254037844384,-0.5000000000000004,18,0.4042673707008362,50.0,Paddy,Very High
-8.3236,-15.1173,6.793750000000001,-0.8660254037844384,-0.5000000000000004,18,0.4042673707008362,34.4,Paddy,High
-5.2731,-15.9352,10.662040000000001,-0.8660254037844384,-0.5000000000000004,18,0.4042673707008362,41.1,Paddy,Very High
-4.6602,-12.172,7.51177,-0.8660254037844384,-0.5000000000000004,18,0.4042673707008362,43.0,Paddy,Very High
-8.3539,-15.5451,7.191229999999999,-0.8660254037844384,-0.5000000000000004,18,0.4042673707008362,46.7,Paddy,Very High
-6.6688,-14.4014,7.732619999999999,-0.8660254037844384,-0.5000000000000004,18,0.4042673707008362,41.1333333333333,Paddy,Very High
-4.352,-11.8895,7.537540000000001,-0.8660254037844384,-0.5000000000000004,18,0.4042673707008362,50.0,Paddy,Very High
-1.8608,-14.0091,12.148280000000002,-0.8660254037844384,-0.5000000000000004,18,0.4042673707008362,50.0,Paddy,Very High
-4.4732,-14.5549,10.081710000000001,-0.8660254037844384,-0.5000000000000004,18,0.4042673707008362,36.4,Paddy,High
-6.6651,-15.1777,8.51263,-0.8660254037844384,-0.5000000000000004,18,0.4042673707008362,24.6,Paddy,High
-4.999,-13.8936,8.89461,-0.8660254037844384,-0.5000000000000004,18,0.4042673707008362,43.9666666666667,Paddy,Very High
-4.4899,-16.221,11.73112,-0.8660254037844384,-0.5000000000000004,18,0.4042673707008362,47.9,Paddy,Very High
-5.8331,-13.3987,7.56564,-0.8660254037844384,-0.5000000000000004,18,0.4042673707008362,44.3,Paddy,Very High
-6.4802,-13.1683,6.688109999999999,-0.8660254037844384,-0.5000000000000004,18,0.4042673707008362,52.5,Paddy,Very High
-5.5575,-15.0821,9.5246,-0.8660254037844384,-0.5000000000000004,5,0.4042673707008362,41.1,Fallow,Very High
-7.2815,-13.2819,6.00037,-0.8660254037844384,-0.5000000000000004,18,0.4042673707008362,37.3666666666667,Paddy,High
-4.0899,-14.3275,10.237660000000002,-0.8660254037844384,-0.5000000000000004,18,0.4042673707008362,38.5,Paddy,High
-4.8644,-19.5187,14.654330000000002,-0.8660254037844384,-0.5000000000000004,18,0.4042673707008362,33.8,Paddy,High
-5.3205,-12.6873,7.366759999999999,-0.8660254037844384,-0.5000000000000004,18,0.4042673707008362,40.7,Paddy,High
-4.5024,-14.0559,9.55346,-0.8660254037844384,-0.5000000000000004,18,0.4042673707008362,37.9,Paddy,High
-5.6225,-12.8722,7.249709999999999,-0.8660254037844384,-0.5000000000000004,18,0.4042673707008362,43.8,Paddy,Very High
-7.7588,-17.5002,9.74138,-0.8660254037844384,-0.5000000000000004,18,0.4042673707008362,48.1,Paddy,Very High
-8.6271,-16.2284,7.60131,-0.8660254037844384,-0.5000000000000004,18,0.4042673707008362,50.4,Paddy,Very High
-5.8334,-15.5958,9.76239,-0.8660254037844384,-0.5000000000000004,18,0.4042673707008362,34.0,Paddy,High
-7.1079,-15.4755,8.36759,-0.8660254037844384,-0.5000000000000004,18,0.4042673707008362,45.7,Paddy,Very High
-6.6547,-13.961,7.30627,-0.8660254037844384,-0.5000000000000004,18,0.4042673707008362,48.1,Paddy,Very High
-5.0677,-13.6938,8.626069999999999,-0.8660254037844384,-0.5000000000000004,18,0.4042673707008362,32.0,Paddy,High
-4.0786,-14.6693,10.59076,-0.8660254037844384,-0.5000000000000004,18,0.4042673707008362,32.0,Paddy,High
-6.5096,-13.4572,6.94756,-0.8660254037844384,-0.5000000000000004,18,0.3540438115596771,50.0,Paddy,Very High
-8.5619,-14.4947,5.93285,-0.8660254037844384,-0.5000000000000004,18,0.4899301528930664,40.4,Paddy,High
-6.5466,-14.6063,8.05964,-0.8660254037844384,-0.5000000000000004,18,0.5168049931526184,46.1,Paddy,Very High
-5.29,-18.4819,13.191899999999999,-0.8660254037844384,-0.5000000000000004,20,0.4868712723255157,41.4,Sorgham,Very High
-6.3364,-13.5204,7.184030000000001,-0.8660254037844384,-0.5000000000000004,18,0.3315276801586151,50.0,Paddy,Very High
-8.1019,-17.9431,9.84118,-0.8660254037844384,-0.5000000000000004,18,0.685546338558197,46.1,Paddy,Very High
-6.4734,-16.4458,9.972480000000001,-0.8660254037844384,-0.5000000000000004,18,0.6725016832351685,46.6,Paddy,Very High
-5.839,-15.5427,9.70373,-0.8660254037844384,-0.5000000000000004,18,0.6485532522201538,41.6,Paddy,Very High
-8.0563,-15.3283,7.271980000000001,-0.8660254037844384,-0.5000000000000004,18,0.6135758757591248,50.0,Paddy,Very High
-6.2648,-16.166,9.90123,-0.8660254037844384,-0.5000000000000004,18,0.5989483594894409,38.7666666666667,Paddy,High
-5.1677,-17.8569,12.689140000000002,-0.8660254037844384,-0.5000000000000004,18,0.4042673707008362,32.0,Paddy,High
-4.6333,-17.5105,12.877279999999999,-0.8660254037844384,-0.5000000000000004,18,0.4042673707008362,33.0,Paddy,High
-6.5881,-15.5914,9.0033,-0.8660254037844384,-0.5000000000000004,18,0.4042673707008362,35.0,Paddy,High
-8.0724,-13.9814,5.908939999999999,-0.8660254037844384,-0.5000000000000004,18,0.4042673707008362,36.0,Paddy,High
-6.0819,-17.5015,11.419609999999999,-0.8660254037844384,-0.5000000000000004,18,0.4042673707008362,12.6666666666667,Paddy,Medium
-5.2147,-16.8482,11.63352,-0.8660254037844384,-0.5000000000000004,18,-0.0142517173662781,32.0,Paddy,High
-4.6406,-13.7798,9.13927,-0.8660254037844384,-0.5000000000000004,18,0.1983241736888885,33.0,Paddy,High
-7.4552,-15.363,7.907779999999999,-0.8660254037844384,-0.5000000000000004,18,0.4042673707008362,35.0,Paddy,High
-5.2526,-16.187,10.934340000000002,-0.8660254037844384,-0.5000000000000004,18,0.4042673707008362,36.0,Paddy,High
-7.853,-12.8293,4.9763399999999995,-0.8660254037844384,-0.5000000000000004,18,0.4042673707008362,12.6666666666667,Paddy,Medium
-5.4343,-17.2587,11.82443,-0.8660254037844384,-0.5000000000000004,18,0.4042673707008362,32.0,Paddy,High
-5.4796,-17.6906,12.21098,-0.8660254037844384,-0.5000000000000004,18,0.0534385330975055,33.0,Paddy,High
-5.3675,-14.5028,9.135270000000002,-0.8660254037844384,-0.5000000000000004,18,0.3450292348861694,35.0,Paddy,High
-5.9314,-16.0408,10.10945,-0.8660254037844384,-0.5000000000000004,18,0.4636267125606537,36.0,Paddy,High
-4.0548,-15.5022,11.44732,-0.8660254037844384,-0.5000000000000004,18,0.2207735627889633,12.6666666666667,Paddy,Medium
-4.2982,-17.3919,13.093699999999998,-0.8660254037844384,-0.5000000000000004,18,0.7118462920188904,32.0,Paddy,High
-5.9704,-18.2349,12.264460000000001,-0.8660254037844384,-0.5000000000000004,18,0.6723102331161499,33.0,Paddy,High
-7.1545,-15.03,7.875430000000001,-0.8660254037844384,-0.5000000000000004,18,0.4042673707008362,35.0,Paddy,High
-5.1083,-13.8713,8.76305,-0.8660254037844384,-0.5000000000000004,18,0.2037211507558822,36.0,Paddy,High
-5.8314,-16.5747,10.743329999999998,-0.8660254037844384,-0.5000000000000004,18,0.2553238868713379,12.6666666666667,Paddy,Medium
-6.3091,-14.7848,8.4757,-0.8660254037844384,-0.5000000000000004,18,0.3021243810653686,50.0,Paddy,Very High
-9.1326,-14.7212,5.58859,-0.8660254037844384,-0.5000000000000004,18,0.3937627673149109,50.0,Paddy,Very High
-8.4583,-13.0942,4.63584,-0.8660254037844384,-0.5000000000000004,18,0.387222409248352,50.0,Paddy,Very High
-5.251,-15.0309,9.7799,-0.8660254037844384,-0.5000000000000004,5,0.5361800193786621,44.1,Fallow,Very High
-4.5851,-16.0679,11.482769999999999,-0.8660254037844384,-0.5000000000000004,18,0.03045972622931,50.0,Paddy,Very High
-10.7179,-13.3357,2.6177600000000005,-0.8660254037844384,-0.5000000000000004,5,0.5854454636573792,22.7,Fallow,Medium
-5.3705,-14.1075,8.73693,-0.8660254037844384,-0.5000000000000004,5,0.8667104244232178,15.6,Fallow,Medium
-8.7453,-15.0013,6.255989999999999,-0.8660254037844384,-0.5000000000000004,19,0.2512826919555664,22.9,Perl Millet,Medium
-9.5746,-17.8055,8.230910000000002,-0.8660254037844384,-0.5000000000000004,19,0.209155187010765,16.5,Perl Millet,Medium
-9.0949,-15.7748,6.6799,-0.8660254037844384,-0.5000000000000004,19,0.2770031988620758,20.8333333333333,Perl Millet,Medium
-6.9578,-14.1157,7.157909999999999,-0.8660254037844384,-0.5000000000000004,7,0.3480851650238037,19.0,Fodder,Medium
-6.2794,-14.1247,7.845280000000001,-0.8660254037844384,-0.5000000000000004,7,0.2931312918663025,21.2,Fodder,Medium
-5.0082,-13.5842,8.57599,-0.8660254037844384,-0.5000000000000004,7,0.2479532212018966,25.4,Fodder,High
-7.7722,-12.6515,4.87933,-0.8660254037844384,-0.5000000000000004,5,0.833350658416748,32.7,Fallow,High
-4.5731,-12.9723,8.39921,-0.8660254037844384,-0.5000000000000004,7,0.1743858009576797,23.7,Fodder,Medium
-9.9843,-13.8948,3.9105299999999996,-0.8660254037844384,-0.5000000000000004,5,0.5927697420120239,26.1,Fallow,High
-7.7098,-10.5612,2.8513800000000007,-0.8660254037844384,-0.5000000000000004,5,0.2372793704271316,19.9,Fallow,Medium
-4.2157,-12.3669,8.151219999999999,-0.8660254037844384,-0.5000000000000004,5,0.3636592924594879,25.2,Fallow,High
-5.4293,-14.7363,9.307,-0.8660254037844384,-0.5000000000000004,18,0.2433387786149978,44.1,Paddy,Very High
-5.8217,-11.9927,6.171039999999999,-0.8660254037844384,-0.5000000000000004,5,0.3783161044120788,25.3333333333333,Fallow,High
-6.8358,-12.5382,5.70242,-0.8660254037844384,-0.5000000000000004,19,0.4986530244350433,32.7,Perl Millet,High
-6.6237,-13.1614,6.53763,-0.8660254037844384,-0.5000000000000004,19,0.2402077168226242,15.6,Perl Millet,Medium
-6.4937,-16.5803,10.08666,-0.8660254037844384,-0.5000000000000004,18,0.6850194334983826,48.6,Paddy,Very High
-5.7148,-15.2914,9.576630000000002,-0.8660254037844384,-0.5000000000000004,19,0.478022038936615,32.8,Perl Millet,High
-4.7667,-14.1255,9.35877,-0.8660254037844384,-0.5000000000000004,19,0.243223026394844,37.3333333333333,Perl Millet,High
-6.1296,-15.5684,9.438740000000001,-0.8660254037844384,-0.5000000000000004,5,0.4042673707008362,32.2,Fallow,High
-7.0674,-15.0869,8.01952,-0.8660254037844384,-0.5000000000000004,19,0.6659600734710693,35.3,Perl Millet,High
-4.9416,-14.0852,9.143529999999998,-0.8660254037844384,-0.5000000000000004,18,0.5469046235084534,40.5,Paddy,High
-6.0996,-12.4814,6.381749999999999,-0.8660254037844384,-0.5000000000000004,5,0.0647261589765548,26.2,Fallow,High
-5.2423,-15.4937,10.25145,-0.8660254037844384,-0.5000000000000004,19,0.4042673707008362,37.2333333333333,Perl Millet,High
-9.2004,-12.1652,2.9647799999999993,-0.8660254037844384,-0.5000000000000004,5,0.5516477823257446,29.8,Fallow,High
-6.027,-15.7969,9.76988,-0.8660254037844384,-0.5000000000000004,18,0.2933999001979828,50.0,Paddy,Very High
-8.8066,-11.3652,2.55851,-0.8660254037844384,-0.5000000000000004,5,0.583465576171875,27.7,Fallow,High
-4.3692,-17.1162,12.74698,-0.8660254037844384,-0.5000000000000004,5,0.5211434364318848,25.4,Fallow,High
-5.2583,-13.98,8.72166,-0.8660254037844384,-0.5000000000000004,5,0.3541910648345947,29.2666666666667,Fallow,High
-8.1887,-14.5564,6.367710000000001,-0.8660254037844384,-0.5000000000000004,18,0.4042673707008362,39.0,Paddy,High
-5.3054,-12.3004,6.994960000000001,-0.8660254037844384,-0.5000000000000004,18,0.4042673707008362,39.6,Paddy,High
-3.215,-13.8113,10.59633,-0.8660254037844384,-0.5000000000000004,18,0.4042673707008362,45.3,Paddy,Very High
-6.9574,-16.2576,9.30022,-0.8660254037844384,-0.5000000000000004,18,0.4042673707008362,42.1,Paddy,Very High
-7.0719,-13.6472,6.57527,-0.8660254037844384,-0.5000000000000004,18,0.4042673707008362,38.5,Paddy,High
-4.023,-17.2456,13.222560000000001,-0.8660254037844384,-0.5000000000000004,18,0.4042673707008362,50.0,Paddy,Very High
-8.4922,-16.0307,7.538549999999999,-0.8660254037844384,-0.5000000000000004,18,0.4042673707008362,50.0,Paddy,Very High
-5.0514,-15.4963,10.44494,-0.8660254037844384,-0.5000000000000004,18,0.4042673707008362,50.0,Paddy,Very High
-1.8585,-17.9938,16.135270000000002,-0.8660254037844384,-0.5000000000000004,18,0.4042673707008362,50.0,Paddy,Very High
-2.1152,-16.7205,14.60533,-0.8660254037844384,-0.5000000000000004,18,0.4042673707008362,50.0,Paddy,Very High
-6.3691,-13.7512,7.38207,-0.8660254037844384,-0.5000000000000004,18,0.4042673707008362,33.2,Paddy,High
-5.1934,-15.5222,10.32877,-0.8660254037844384,-0.5000000000000004,5,0.4857288300991058,50.0,Fallow,Very High
-3.6856,-16.3088,12.623149999999999,-0.8660254037844384,-0.5000000000000004,18,0.4042673707008362,21.1,Paddy,Medium
-8.9515,-15.548,6.596489999999999,-0.8660254037844384,-0.5000000000000004,18,0.4042673707008362,41.2,Paddy,Very High
-4.9679,-14.7462,9.77824,-0.8660254037844384,-0.5000000000000004,18,0.2517536878585815,40.7333333333333,Paddy,High
-7.1087,-14.1292,7.020449999999999,-0.8660254037844384,-0.5000000000000004,5,0.3083563148975372,28.3,Fallow,High
-9.3029,-12.8656,3.5626499999999997,-0.8660254037844384,-0.5000000000000004,18,0.5392727255821228,50.0,Paddy,Very High
-8.7569,-15.4088,6.65194,-0.8660254037844384,-0.5000000000000004,18,0.5183103680610657,50.0,Paddy,Very High
-7.1251,-13.7808,6.65572,-0.8660254037844384,-0.5000000000000004,5,0.3171096444129944,21.3,Fallow,Medium
-8.5908,-14.0647,5.47387,-0.8660254037844384,-0.5000000000000004,5,0.3505306541919708,21.1,Fallow,Medium
-6.7079,-16.0276,9.319659999999999,-0.8660254037844384,-0.5000000000000004,18,0.4042673707008362,44.3,Paddy,Very High
-7.3094,-14.5272,7.21771,-0.8660254037844384,-0.5000000000000004,18,0.4042673707008362,24.3,Paddy,High
-7.6471,-16.6676,9.02049,-0.8660254037844384,-0.5000000000000004,18,0.4042673707008362,27.6,Paddy,High
-4.904,-14.0086,9.10451,-0.8660254037844384,-0.5000000000000004,18,0.4042673707008362,33.9,Paddy,High
-6.9765,-13.9408,6.96437,-0.8660254037844384,-0.5000000000000004,18,0.4042673707008362,33.0333333333333,Paddy,High
-7.0639,-14.376,7.312080000000001,-0.8660254037844384,-0.5000000000000004,18,0.4042673707008362,25.3,Paddy,High
-4.5583,-14.321,9.76269,-0.8660254037844384,-0.5000000000000004,18,0.4270232021808624,36.1,Paddy,High
-7.2194,-12.9409,5.721500000000001,-0.8660254037844384,-0.5000000000000004,5,0.3852025270462036,28.8,Fallow,High
-4.7438,-14.613,9.869299999999999,-0.8660254037844384,-0.5000000000000004,18,0.3866963982582092,44.2,Paddy,Very High
-4.4083,-14.3218,9.913509999999999,-0.8660254037844384,-0.5000000000000004,5,0.4042673707008362,36.6666666666667,Fallow,High
-5.908,-12.5253,6.617299999999999,-0.8660254037844384,-0.5000000000000004,5,0.4042673707008362,50.0,Fallow,Very High
-7.3871,-15.091,7.70386,-1.0,-1.8369701987210297e-16,5,0.6073472499847412,24.4,Fallow,High
-6.2574,-12.0539,5.79652,-1.0,-1.8369701987210297e-16,18,0.7163247466087341,41.0,Paddy,Very High
-8.4413,-16.4607,8.01935,-1.0,-1.8369701987210297e-16,18,0.704460084438324,25.3,Paddy,High
-2.8547,-17.005,14.150319999999999,-1.0,-1.8369701987210297e-16,16,0.3241120278835296,53.7,Orchad,Very High
-6.8887,-12.3238,5.435099999999999,-1.0,-1.8369701987210297e-16,18,0.7143483757972717,49.3,Paddy,Very High
-3.9707,-16.2995,12.32881,-1.0,-1.8369701987210297e-16,18,0.7090297341346741,50.0,Paddy,Very High
-4.7232,-14.511,9.78784,-1.0,-1.8369701987210297e-16,18,0.7095020413398743,50.0,Paddy,Very High
-6.2034,-14.2352,8.03181,-1.0,-1.8369701987210297e-16,18,0.7432228326797485,50.0,Paddy,Very High
-3.753,-15.1481,11.39508,-1.0,-1.8369701987210297e-16,18,0.7191112637519836,50.0,Paddy,Very High
-5.3861,-17.0811,11.694989999999999,-1.0,-1.8369701987210297e-16,18,0.7235645651817322,50.0,Paddy,Very High
-7.3917,-9.1063,1.7146399999999993,-1.0,-1.8369701987210297e-16,18,0.7127393484115601,50.0,Paddy,Very High
-5.273,-12.9538,7.68083,-1.0,-1.8369701987210297e-16,18,0.7083322405815125,50.0,Paddy,Very High
-5.283,-14.0806,8.79759,-1.0,-1.8369701987210297e-16,18,0.7001472115516663,44.2,Paddy,Very High
-6.9508,-13.644,6.693200000000001,-1.0,-1.8369701987210297e-16,18,0.6634259223937988,39.8,Paddy,High
-7.0976,-14.043,6.945429999999999,-1.0,-1.8369701987210297e-16,18,0.6841086149215698,37.8333333333333,Paddy,High
-8.2046,-16.6498,8.44513,-1.0,-1.8369701987210297e-16,18,0.6912814378738403,40.8,Paddy,High
-4.8706,-16.8935,12.022949999999998,-1.0,-1.8369701987210297e-16,18,0.7288150787353516,43.7,Paddy,Very High
-4.5578,-16.6715,12.11365,-1.0,-1.8369701987210297e-16,18,0.6993403434753418,46.5,Paddy,Very High
-6.5973,-13.9734,7.37611,-1.0,-1.8369701987210297e-16,5,0.4769470691680908,20.8,Fallow,Medium
-6.6056,-16.3464,9.74079,-1.0,-1.8369701987210297e-16,18,0.7199037075042725,50.0,Paddy,Very High
-4.7676,-13.0073,8.23972,-1.0,-1.8369701987210297e-16,18,0.6953405141830444,50.0,Paddy,Very High
-6.3637,-15.0286,8.664940000000001,-1.0,-1.8369701987210297e-16,18,0.6829834580421448,50.0,Paddy,Very High
-7.2767,-16.7805,9.503770000000001,-1.0,-1.8369701987210297e-16,18,0.7227120995521545,50.0,Paddy,Very High
-3.7446,-15.6402,11.89566,-1.0,-1.8369701987210297e-16,18,0.7191842794418335,50.0,Paddy,Very High
-7.2201,-16.0361,8.81596,-1.0,-1.8369701987210297e-16,18,0.703325629234314,50.0,Paddy,Very High
-6.9567,-15.1004,8.14371,-1.0,-1.8369701987210297e-16,18,0.6903427243232727,50.0,Paddy,Very High
-8.2594,-14.498,6.238669999999999,-1.0,-1.8369701987210297e-16,18,0.6981664299964905,50.0,Paddy,Very High
-7.2035,-12.9831,5.77961,-1.0,-1.8369701987210297e-16,18,0.7254877686500549,50.0,Paddy,Very High
-4.9896,-16.9843,11.994639999999999,-1.0,-1.8369701987210297e-16,18,0.7323147058486938,50.0,Paddy,Very High
-6.0826,-14.5855,8.502870000000001,-1.0,-1.8369701987210297e-16,18,0.7007724642753601,50.0,Paddy,Very High
-6.1954,-13.7502,7.55481,-1.0,-1.8369701987210297e-16,18,0.9003892540931702,50.0,Paddy,Very High
-10.4201,-18.0852,7.66508,-1.0,-1.8369701987210297e-16,18,0.920081913471222,50.0,Paddy,Very High
-6.7284,-16.7152,9.986710000000002,-1.0,-1.8369701987210297e-16,18,0.9172227382659912,50.0,Paddy,Very High
-6.4923,-16.8321,10.339839999999999,-1.0,-1.8369701987210297e-16,18,0.9241584539413452,50.0,Paddy,Very High
-10.2993,-15.7343,5.4350000000000005,-1.0,-1.8369701987210297e-16,18,0.9161319732666016,50.0,Paddy,Very High
-9.3732,-13.5072,4.133990000000001,-1.0,-1.8369701987210297e-16,18,0.6874955892562866,50.0,Paddy,Very High
-6.1195,-14.5398,8.42035,-1.0,-1.8369701987210297e-16,18,0.733717679977417,50.0,Paddy,Very High
-6.0723,-16.5322,10.45983,-1.0,-1.8369701987210297e-16,18,0.7081490159034729,50.0,Paddy,Very High
-6.6372,-12.8422,6.204949999999999,-1.0,-1.8369701987210297e-16,18,0.6796584725379944,50.0,Paddy,Very High
-5.9934,-13.824,7.83059,-1.0,-1.8369701987210297e-16,18,0.6693814396858215,50.0,Paddy,Very High
-7.5038,-18.2499,10.746139999999999,-1.0,-1.8369701987210297e-16,18,0.8858422040939331,50.0,Paddy,Very High
-5.888,-14.2337,8.34567,-1.0,-1.8369701987210297e-16,18,0.936873733997345,33.1,Paddy,High
-4.5271,-15.087,10.559940000000001,-1.0,-1.8369701987210297e-16,18,0.9210855960845948,50.0,Paddy,Very High
-7.9812,-18.4902,10.509060000000002,-1.0,-1.8369701987210297e-16,5,0.4226305484771728,22.5,Fallow,Medium
-6.6672,-18.4706,11.803350000000002,-1.0,-1.8369701987210297e-16,18,0.8690005540847778,50.0,Paddy,Very High
-6.4166,-16.989,10.572419999999997,-1.0,-1.8369701987210297e-16,18,0.8295218348503113,50.0,Paddy,Very High
-4.6041,-16.8356,12.231560000000002,-1.0,-1.8369701987210297e-16,18,0.8173658847808838,50.0,Paddy,Very High
-5.1949,-14.38,9.185089999999999,-1.0,-1.8369701987210297e-16,18,0.8157267570495605,50.0,Paddy,Very High
-4.8547,-15.7781,10.923440000000001,-1.0,-1.8369701987210297e-16,18,0.8586069345474243,40.4,Paddy,High
-5.0569,-16.7189,11.661939999999998,-1.0,-1.8369701987210297e-16,18,0.792924165725708,50.0,Paddy,Very High
-6.352,-15.1294,8.777470000000001,-1.0,-1.8369701987210297e-16,18,0.8903937935829163,50.0,Paddy,Very High
-4.5285,-14.6591,10.1306,-1.0,-1.8369701987210297e-16,18,0.8730153441429138,50.0,Paddy,Very High
-4.9579,-16.3196,11.36165,-1.0,-1.8369701987210297e-16,18,0.9208315014839172,42.7,Paddy,Very High
-4.8032,-14.8196,10.01648,-1.0,-1.8369701987210297e-16,5,0.794561505317688,38.1,Fallow,High
-3.7964,-16.6955,12.89906,-1.0,-1.8369701987210297e-16,18,0.8852921724319458,50.0,Paddy,Very High
-8.0354,-12.673,4.637609999999999,-1.0,-1.8369701987210297e-16,5,0.3381791114807129,25.7,Fallow,High
-7.5918,-12.086,4.49416,-1.0,-1.8369701987210297e-16,5,0.3517455458641052,24.4,Fallow,High
-8.1076,-12.8694,4.761750000000001,-1.0,-1.8369701987210297e-16,19,0.6780346632003784,30.2,Perl Millet,High
-9.5598,-12.2353,2.6754999999999995,-1.0,-1.8369701987210297e-16,19,0.5978423953056335,32.3,Perl Millet,High
-9.579,-11.0488,1.4698499999999992,-1.0,-1.8369701987210297e-16,19,0.6619240045547485,26.9333333333333,Perl Millet,High
-6.6659,-13.7045,7.038529999999999,-1.0,-1.8369701987210297e-16,11,0.5724781155586243,25.7,Jowar,High
-5.7341,-11.5353,5.8011800000000004,-1.0,-1.8369701987210297e-16,11,0.6151198744773865,25.0,Jowar,High
-5.3659,-13.0337,7.66781,-1.0,-1.8369701987210297e-16,19,0.7119346857070923,37.7,Perl Millet,High
-6.5511,-12.5588,6.00772,-1.0,-1.8369701987210297e-16,5,0.2235438972711563,30.5,Fallow,High
-5.1754,-13.1468,7.97133,-1.0,-1.8369701987210297e-16,11,0.5464669466018677,29.8,Jowar,High
-7.8175,-12.7025,4.885,-1.0,-1.8369701987210297e-16,11,0.7401302754878998,29.4,Jowar,High
-8.2013,-11.3304,3.1291199999999986,-1.0,-1.8369701987210297e-16,5,0.7401302754878998,32.2,Fallow,High
-6.8152,-14.8356,8.02048,-1.0,-1.8369701987210297e-16,5,0.7401302754878998,36.8,Fallow,High
-7.5338,-11.8508,4.31703,-1.0,-1.8369701987210297e-16,18,0.7401302754878998,41.1,Paddy,Very High
-7.2396,-12.5651,5.32554,-1.0,-1.8369701987210297e-16,5,0.7401302754878998,30.9666666666667,Fallow,High
-8.1477,-15.7766,7.628970000000001,-1.0,-1.8369701987210297e-16,19,0.7401302754878998,36.1,Perl Millet,High
-8.232,-13.1302,4.89818,-1.0,-1.8369701987210297e-16,19,0.7401302754878998,35.5,Perl Millet,High
-8.4315,-13.1187,4.68726,-1.0,-1.8369701987210297e-16,18,0.6870342493057251,50.0,Paddy,Very High
-6.1165,-16.9004,10.78396,-1.0,-1.8369701987210297e-16,19,0.7401302754878998,35.9,Perl Millet,High
-9.4214,-17.9662,8.544790000000003,-1.0,-1.8369701987210297e-16,19,0.7401302754878998,34.4333333333333,Perl Millet,High
-5.3658,-13.4639,8.09805,-1.0,-1.8369701987210297e-16,5,0.5503592491149902,29.3,Fallow,High
-5.6824,-11.8219,6.139550000000001,-1.0,-1.8369701987210297e-16,19,0.7401302754878998,35.7,Perl Millet,High
-7.5837,-15.7115,8.12786,-1.0,-1.8369701987210297e-16,18,0.6968523263931274,39.1,Paddy,High
-2.9486,-13.9703,11.021690000000001,-1.0,-1.8369701987210297e-16,11,0.7276785969734192,28.1,Jowar,High
-1.436,-13.2351,11.79913,-1.0,-1.8369701987210297e-16,19,0.7664108872413635,36.5,Perl Millet,High
-5.4927,-14.8813,9.38859,-1.0,-1.8369701987210297e-16,5,0.3447211384773254,26.0,Fallow,High
-4.1963,-13.6532,9.45692,-1.0,-1.8369701987210297e-16,18,0.7283253073692322,50.0,Paddy,Very High
-4.7023,-11.7619,7.0595300000000005,-1.0,-1.8369701987210297e-16,5,0.3330561816692352,23.8,Fallow,Medium
-4.9936,-9.5577,4.56405,-1.0,-1.8369701987210297e-16,5,0.3778839707374573,26.5,Fallow,High
-3.8143,-8.9832,5.16887,-1.0,-1.8369701987210297e-16,5,0.2871814966201782,32.9666666666667,Fallow,High
-10.1728,-14.8224,4.649559999999999,-1.0,-1.8369701987210297e-16,18,0.6457069516181946,48.7,Paddy,Very High
-9.5073,-14.0746,4.56728,-1.0,-1.8369701987210297e-16,18,0.6600280404090881,43.5,Paddy,Very High
-8.3154,-14.235,5.91962,-1.0,-1.8369701987210297e-16,18,0.6912450790405273,43.0,Paddy,Very High
-8.7789,-15.8092,7.0303,-1.0,-1.8369701987210297e-16,18,0.6005784869194031,43.9,Paddy,Very High
-8.268,-16.3433,8.07524,-1.0,-1.8369701987210297e-16,18,0.6609752178192139,45.9333333333333,Paddy,Very High
-8.259,-15.5118,7.252890000000001,-1.0,-1.8369701987210297e-16,18,0.7836299538612366,50.0,Paddy,Very High
-4.0717,-13.6238,9.5521,-1.0,-1.8369701987210297e-16,18,0.7968730330467224,50.0,Paddy,Very High
-3.2464,-16.7049,13.45841,-1.0,-1.8369701987210297e-16,19,0.7404304146766663,50.0,Perl Millet,Very High
-6.0956,-14.8831,8.787500000000001,-1.0,-1.8369701987210297e-16,19,0.574592649936676,50.0,Perl Millet,Very High
-7.5746,-16.456,8.88136,-1.0,-1.8369701987210297e-16,19,0.7211019396781921,50.0,Perl Millet,Very High
-10.3636,-15.2914,4.927809999999999,-1.0,-1.8369701987210297e-16,18,0.7424315214157104,26.2,Paddy,High
-8.4421,-14.3791,5.937009999999999,-1.0,-1.8369701987210297e-16,5,0.4303226768970489,13.4,Fallow,Medium
-5.8711,-15.788,9.91694,-1.0,-1.8369701987210297e-16,18,0.7163739800453186,50.0,Paddy,Very High
-7.7755,-12.9896,5.214150000000001,-1.0,-1.8369701987210297e-16,18,0.6420463919639587,37.5,Paddy,High
-7.1215,-10.3086,3.1871100000000006,-1.0,-1.8369701987210297e-16,18,0.7041780352592468,35.4333333333333,Paddy,High
-7.2344,-12.6562,5.421750000000001,-1.0,-1.8369701987210297e-16,5,0.4018997848033905,24.5,Fallow,High
-7.723,-13.9196,6.19663,-1.0,-1.8369701987210297e-16,18,0.7222419381141663,48.8,Paddy,Very High
-6.8974,-12.6718,5.77439,-1.0,-1.8369701987210297e-16,18,0.6860747933387756,43.7,Paddy,Very High
-4.5662,-11.8433,7.277080000000001,-1.0,-1.8369701987210297e-16,5,0.3854735195636749,19.9,Fallow,Medium
-6.0958,-12.738,6.642189999999999,-1.0,-1.8369701987210297e-16,5,0.3934823870658874,26.8666666666667,Fallow,High
-7.6948,-15.0524,7.357640000000001,-1.0,-1.8369701987210297e-16,18,0.6790214776992798,40.0,Paddy,High
-5.0454,-15.2746,10.229130000000001,-1.0,-1.8369701987210297e-16,18,0.7128811478614807,29.1,Paddy,High
-5.7633,-16.1431,10.379809999999999,-1.0,-1.8369701987210297e-16,18,0.6632248759269714,43.7,Paddy,Very High
-8.8533,-14.9832,6.1299399999999995,-1.0,-1.8369701987210297e-16,18,0.6270631551742554,30.3,Paddy,High
-7.7694,-16.9906,9.2212,-1.0,-1.8369701987210297e-16,18,0.6786465048789978,43.1,Paddy,Very High
-6.0408,-11.5947,5.5539,-1.0,-1.8369701987210297e-16,18,0.8870640397071838,47.4,Paddy,Very High
-7.1284,-14.8038,7.67544,-1.0,-1.8369701987210297e-16,18,0.8393691778182983,50.0,Paddy,Very High
-4.5274,-13.2964,8.76896,-1.0,-1.8369701987210297e-16,5,0.3185213208198547,28.7,Fallow,High
-8.7339,-13.202,4.46814,-1.0,-1.8369701987210297e-16,18,0.8579877018928528,46.0,Paddy,Very High
-4.373,-14.0566,9.68357,-1.0,-1.8369701987210297e-16,5,0.341317355632782,28.8333333333333,Fallow,High
-9.6799,-17.0689,7.3889499999999995,-1.0,-1.8369701987210297e-16,5,0.6074369549751282,8.6,Fallow,Low
-6.8702,-16.073,9.202749999999998,-1.0,-1.8369701987210297e-16,18,0.8277755379676819,31.6,Paddy,High
-9.7934,-13.7532,3.9598200000000006,-1.0,-1.8369701987210297e-16,18,0.7544538378715515,13.7,Paddy,Medium
-7.3125,-14.6275,7.3149999999999995,-1.0,-1.8369701987210297e-16,13,0.3748969137668609,29.2,Lemon,High
-7.5866,-14.7356,7.14894,-1.0,-1.8369701987210297e-16,18,0.7827749252319336,8.93333333333333,Paddy,Low
-7.785,-13.263,5.4780299999999995,-1.0,-1.8369701987210297e-16,18,0.82033371925354,37.4,Paddy,High
-9.0733,-14.5002,5.4269,-1.0,-1.8369701987210297e-16,18,0.8224959969520569,40.9,Paddy,Very High
-9.2355,-16.1577,6.922230000000001,-1.0,-1.8369701987210297e-16,18,0.8190513849258423,24.7,Paddy,High
-9.4191,-14.0302,4.61106,-1.0,-1.8369701987210297e-16,18,0.7753635048866272,29.4,Paddy,High
-7.6979,-13.6258,5.927960000000001,-1.0,-1.8369701987210297e-16,18,0.8098531365394592,38.3666666666667,Paddy,High
-4.2298,-14.1704,9.94053,-1.0,-1.8369701987210297e-16,18,0.7997731566429138,36.6,Paddy,High
-9.4002,-13.3913,3.991110000000001,-1.0,-1.8369701987210297e-16,18,0.7794905304908752,35.2,Paddy,High
-5.8318,-15.231,9.3992,-1.0,-1.8369701987210297e-16,18,0.8140019178390503,35.9,Paddy,High
-6.4125,-11.8178,5.4053700000000005,-1.0,-1.8369701987210297e-16,18,0.7892692685127258,40.8,Paddy,High
-6.3961,-13.9286,7.532449999999999,-1.0,-1.8369701987210297e-16,18,0.8100990056991577,44.3333333333333,Paddy,Very High
-7.625,-17.3326,9.707609999999999,-1.0,-1.8369701987210297e-16,18,0.8176392316818237,26.6,Paddy,High
-9.9096,-18.7965,8.886940000000001,-1.0,-1.8369701987210297e-16,18,0.8464609384536743,21.3,Paddy,Medium
-10.236,-17.3002,7.064210000000001,-1.0,-1.8369701987210297e-16,18,0.7889257669448853,38.2,Paddy,High
-10.8795,-16.4961,5.616640000000002,-1.0,-1.8369701987210297e-16,5,0.3527833521366119,19.7,Fallow,Medium
-10.368,-18.5071,8.139090000000001,-1.0,-1.8369701987210297e-16,18,0.8089873194694519,20.1333333333333,Paddy,Medium
-7.6979,-17.606,9.90802,-1.0,-1.8369701987210297e-16,18,0.8443495035171509,30.6,Paddy,High
-8.8127,-17.852,9.039319999999998,-1.0,-1.8369701987210297e-16,18,0.8440546989440918,30.4,Paddy,High
-9.0242,-15.4168,6.39265,-1.0,-1.8369701987210297e-16,18,0.8509441614151001,24.8,Paddy,High
-6.7178,-17.3256,10.60775,-1.0,-1.8369701987210297e-16,18,0.8445989489555359,34.9,Paddy,High
-6.2368,-18.1608,11.924029999999998,-1.0,-1.8369701987210297e-16,18,0.8445087671279907,33.0333333333333,Paddy,High
-7.473,-13.9252,6.4521500000000005,-1.0,-1.8369701987210297e-16,18,0.7757271528244019,30.3,Paddy,High
-5.1357,-15.54,10.404250000000001,-1.0,-1.8369701987210297e-16,18,0.784171462059021,31.0,Paddy,High
-10.0797,-11.7567,1.676969999999999,-1.0,-1.8369701987210297e-16,18,0.7719269394874573,22.4,Paddy,Medium
-8.1206,-14.2894,6.168759999999999,-1.0,-1.8369701987210297e-16,18,0.7819856405258179,29.8,Paddy,High
-8.9432,-17.1463,8.203080000000002,-1.0,-1.8369701987210297e-16,18,0.7873207330703735,24.5,Paddy,High
-7.5816,-12.4212,4.83965,-1.0,-1.8369701987210297e-16,18,0.8141687512397766,52.4,Paddy,Very High
-8.012,-13.4483,5.43624,-1.0,-1.8369701987210297e-16,18,0.8236445188522339,50.0,Paddy,Very High
-5.953,-15.1568,9.203800000000001,-1.0,-1.8369701987210297e-16,18,0.7874977588653564,50.0,Paddy,Very High
-9.1713,-15.6056,6.43431,-1.0,-1.8369701987210297e-16,18,0.8324451446533203,50.0,Paddy,Very High
-10.9238,-14.9964,4.07255,-1.0,-1.8369701987210297e-16,18,0.8258143663406372,50.0,Paddy,Very High
-7.6993,-13.0208,5.32153,-1.0,-1.8369701987210297e-16,18,0.7988753318786621,50.0,Paddy,Very High
-9.1117,-16.7786,7.666919999999999,-1.0,-1.8369701987210297e-16,18,0.8040345311164856,52.7,Paddy,Very High
-6.3507,-12.1952,5.8445100000000005,-1.0,-1.8369701987210297e-16,18,0.8071839213371277,27.9,Paddy,High
-9.2817,-17.6555,8.373879999999998,-1.0,-1.8369701987210297e-16,18,0.7739103436470032,31.8,Paddy,High
-4.7667,-15.5283,10.76155,-1.0,-1.8369701987210297e-16,5,0.2797463536262512,28.2,Fallow,High
-7.8701,-15.1445,7.274400000000001,-1.0,-1.8369701987210297e-16,18,0.791789710521698,50.0,Paddy,Very High
-11.0515,-16.3981,5.346579999999999,-1.0,-1.8369701987210297e-16,18,0.7749717831611633,14.1,Paddy,Medium
-10.9214,-17.0529,6.13152,-1.0,-1.8369701987210297e-16,18,0.7609748244285583,23.0,Paddy,Medium
-4.2131,-15.7392,11.526060000000001,-1.0,-1.8369701987210297e-16,18,0.6420469284057617,44.4,Paddy,Very High
-6.4782,-13.1292,6.650969999999999,-1.0,-1.8369701987210297e-16,18,0.7723615169525146,50.0,Paddy,Very High
-6.1474,-14.4324,8.285060000000001,-1.0,-1.8369701987210297e-16,18,0.7512205243110657,39.0666666666667,Paddy,High
-3.6278,-13.2109,9.58311,-1.0,-1.8369701987210297e-16,18,0.861785352230072,50.0,Paddy,Very High
-4.0697,-15.2146,11.14488,-1.0,-1.8369701987210297e-16,18,0.8293395042419434,50.0,Paddy,Very High
-6.7287,-14.7881,8.05944,-1.0,-1.8369701987210297e-16,18,0.8484485745429993,50.0,Paddy,Very High
-4.5695,-14.552,9.9825,-1.0,-1.8369701987210297e-16,18,0.8124755024909973,50.0,Paddy,Very High
-4.8046,-13.9245,9.1199,-1.0,-1.8369701987210297e-16,18,0.8376126885414124,50.0,Paddy,Very High
-5.8241,-14.0258,8.20172,-1.0,-1.8369701987210297e-16,18,0.7886872291564941,50.2,Paddy,Very High
-5.2182,-15.5259,10.307739999999999,-1.0,-1.8369701987210297e-16,18,0.7979671359062195,50.0,Paddy,Very High
-5.906,-10.9326,5.026559999999999,-1.0,-1.8369701987210297e-16,18,0.7465798854827881,34.2,Paddy,High
-6.4634,-18.1147,11.651299999999999,-1.0,-1.8369701987210297e-16,5,0.6572439670562744,31.3,Fallow,High
-5.3402,-14.6114,9.27122,-1.0,-1.8369701987210297e-16,18,0.8104007244110107,50.0,Paddy,Very High
-9.4776,-12.5884,3.1108700000000002,-1.0,-1.8369701987210297e-16,5,0.2560379207134247,16.2,Fallow,Medium
-7.0056,-15.2191,8.213549999999998,-1.0,-1.8369701987210297e-16,5,0.2409727126359939,12.9,Fallow,Medium
-6.15,-14.447,8.29702,-1.0,-1.8369701987210297e-16,19,0.5679434537887573,15.6,Perl Millet,Medium
-8.4381,-17.3295,8.89139,-1.0,-1.8369701987210297e-16,19,0.5171760320663452,12.7,Perl Millet,Medium
-10.1283,-18.0572,7.92895,-1.0,-1.8369701987210297e-16,19,0.5682705044746399,12.6,Perl Millet,Medium
-5.0884,-12.3181,7.22973,-1.0,-1.8369701987210297e-16,19,0.5593622922897339,8.8,Perl Millet,Low
-6.6848,-15.1893,8.50448,-1.0,-1.8369701987210297e-16,19,0.6271024346351624,8.8,Perl Millet,Low
-11.915,-16.7744,4.859439999999999,-1.0,-1.8369701987210297e-16,5,0.7303213477134705,9.6,Fallow,Low
-11.9196,-16.8557,4.93604,-1.0,-1.8369701987210297e-16,19,0.2406008541584015,27.6,Perl Millet,High
-7.8829,-15.4249,7.54194,-1.0,-1.8369701987210297e-16,19,0.5304768681526184,6.76666666666667,Perl Millet,Low
-6.8764,-16.6581,9.781740000000001,-1.0,-1.8369701987210297e-16,5,0.7470201849937439,8.8,Fallow,Low
-9.1761,-11.997,2.820879999999999,-1.0,-1.8369701987210297e-16,11,0.5954837799072266,8.4,Jowar,Low
-8.1482,-14.9584,6.8102,-1.0,-1.8369701987210297e-16,5,0.7022931575775146,8.0,Fallow,Low
-5.6648,-15.1372,9.4724,-1.0,-1.8369701987210297e-16,18,0.797761857509613,28.3,Paddy,High
-8.436,-16.2115,7.775519999999998,-1.0,-1.8369701987210297e-16,5,0.629054605960846,8.0,Fallow,Low
-8.7256,-14.5528,5.827160000000001,-1.0,-1.8369701987210297e-16,18,0.8048268556594849,41.8,Paddy,Very High
-7.8633,-16.9108,9.04749,-1.0,-1.8369701987210297e-16,5,0.4857000708580017,31.0,Fallow,High
-6.9178,-15.0552,8.137419999999999,-1.0,-1.8369701987210297e-16,5,0.4646607935428619,34.1,Fallow,High
-4.0785,-14.8341,10.75566,-1.0,-1.8369701987210297e-16,18,0.8016662001609802,41.6,Paddy,Very High
-8.5937,-14.4974,5.9037299999999995,-1.0,-1.8369701987210297e-16,11,0.764420747756958,14.2,Jowar,Medium
-9.078,-14.3956,5.317589999999999,-1.0,-1.8369701987210297e-16,5,0.3729669153690338,37.2,Fallow,High
-12.3672,-16.4646,4.097389999999999,-1.0,-1.8369701987210297e-16,5,0.3796010315418243,13.8,Fallow,Medium
-9.4929,-19.4676,9.974730000000001,-1.0,-1.8369701987210297e-16,18,0.7965909242630005,26.1,Paddy,High
-10.5732,-19.1491,8.57591,-1.0,-1.8369701987210297e-16,5,0.3602965176105499,11.9,Fallow,Medium
-7.4989,-15.3895,7.8906600000000005,-1.0,-1.8369701987210297e-16,5,0.3969400227069855,14.9,Fallow,Medium
-9.9629,-16.1293,6.166399999999999,-1.0,-1.8369701987210297e-16,5,0.3175880908966064,13.8333333333333,Fallow,Medium
-8.9818,-16.0262,7.04435,-1.0,-1.8369701987210297e-16,18,0.6942128539085388,25.6,Paddy,High
-10.2996,-15.9892,5.6895500000000006,-1.0,-1.8369701987210297e-16,18,0.6658897995948792,21.7,Paddy,Medium
-8.3786,-16.8482,8.46961,-1.0,-1.8369701987210297e-16,18,0.6462996006011963,29.9,Paddy,High
-9.0871,-16.6152,7.528039999999999,-1.0,-1.8369701987210297e-16,18,0.4462910294532776,40.2,Paddy,High
-8.3745,-13.8456,5.471030000000001,-1.0,-1.8369701987210297e-16,18,0.6457138061523438,35.9666666666667,Paddy,High
-7.0816,-15.7574,8.675799999999999,-1.0,-1.8369701987210297e-16,18,0.7279218435287476,14.0,Paddy,Medium
-8.6008,-15.7598,7.159090000000001,-1.0,-1.8369701987210297e-16,5,0.412255585193634,16.0,Fallow,Medium
-6.1321,-13.5268,7.39471,-1.0,-1.8369701987210297e-16,18,0.7604882717132568,31.0,Paddy,High
-10.6722,-15.5589,4.88664,-1.0,-1.8369701987210297e-16,18,0.7707535624504089,36.4,Paddy,High
-9.8652,-15.0819,5.216719999999999,-1.0,-1.8369701987210297e-16,18,0.7661203145980835,50.0,Paddy,Very High
-6.0407,-12.5234,6.48264,-1.0,-1.8369701987210297e-16,5,0.3074814975261688,11.4,Fallow,Medium
-8.2837,-13.9735,5.68981,-1.0,-1.8369701987210297e-16,18,0.705680251121521,38.6,Paddy,High
-11.3346,-17.242,5.907360000000001,-1.0,-1.8369701987210297e-16,18,0.7457806468009949,50.0,Paddy,Very High
-10.7382,-16.6534,5.9152000000000005,-1.0,-1.8369701987210297e-16,5,0.2538917362689972,8.5,Fallow,Low
-8.0663,-14.8909,6.824590000000001,-1.0,-1.8369701987210297e-16,5,0.3381920456886291,10.1666666666667,Fallow,Medium
-6.8005,-13.2547,6.4542,-1.0,-1.8369701987210297e-16,18,0.7598662376403809,48.1,Paddy,Very High
-5.8288,-14.6503,8.82156,-1.0,-1.8369701987210297e-16,18,0.7398869395256042,21.5,Paddy,Medium
-9.3715,-15.9901,6.618599999999999,-1.0,-1.8369701987210297e-16,18,0.7472794651985168,20.7,Paddy,Medium
-10.0039,-11.2544,1.25047,-1.0,-1.8369701987210297e-16,18,0.7476209998130798,19.3,Paddy,Medium
-9.0057,-14.083,5.07727,-1.0,-1.8369701987210297e-16,18,0.7926550507545471,20.1,Paddy,Medium
-10.2399,-12.9441,2.70421,-1.0,-1.8369701987210297e-16,18,0.7919526100158691,41.8,Paddy,Very High
-8.3049,-16.0956,7.790699999999999,-1.0,-1.8369701987210297e-16,18,0.7839659452438354,43.4,Paddy,Very High
-6.7653,-14.1187,7.35343,-1.0,-1.8369701987210297e-16,18,0.2280638962984085,30.6,Paddy,High
-6.6441,-13.8033,7.1591499999999995,-1.0,-1.8369701987210297e-16,18,0.7048567533493042,16.6,Paddy,Medium
-7.1488,-12.2436,5.09476,-1.0,-1.8369701987210297e-16,18,0.2678883671760559,18.6,Paddy,Medium
-7.2251,-15.3148,8.089659999999999,-0.8660254037844386,0.5000000000000001,5,0.2036286443471908,15.4,Fallow,Medium
-7.1246,-15.656,8.531379999999999,-0.8660254037844386,0.5000000000000001,18,0.5971930623054504,11.0,Paddy,Medium
-9.2464,-15.8007,6.5543,-0.8660254037844386,0.5000000000000001,18,0.2182488441467285,13.1,Paddy,Medium
-8.7167,-17.2082,8.49149,-0.8660254037844386,0.5000000000000001,13,0.441970556974411,20.8,Lemon,Medium
-7.0618,-17.0795,10.017690000000002,-0.8660254037844386,0.5000000000000001,18,0.3403209149837494,12.2,Paddy,Medium
-7.4341,-14.5174,7.08321,-0.8660254037844386,0.5000000000000001,18,0.6544725298881531,17.9,Paddy,Medium
-7.125,-16.4362,9.31117,-0.8660254037844386,0.5000000000000001,18,0.6544169783592224,10.7,Paddy,Medium
-7.9153,-17.3392,9.42381,-0.8660254037844386,0.5000000000000001,18,0.5821394920349121,23.6,Paddy,Medium
-9.7456,-14.9586,5.2130399999999995,-0.8660254037844386,0.5000000000000001,18,0.4424948394298553,27.0,Paddy,High
-7.5893,-15.3474,7.758039999999999,-0.8660254037844386,0.5000000000000001,18,0.6580420732498169,21.1666666666667,Paddy,Medium
-7.6092,-13.2146,5.605299999999999,-0.8660254037844386,0.5000000000000001,18,0.6531602740287781,21.2,Paddy,Medium
-4.6022,-16.3133,11.711049999999998,-0.8660254037844386,0.5000000000000001,18,0.5110906958580017,19.9,Paddy,Medium
-7.8414,-15.7586,7.917209999999999,-0.8660254037844386,0.5000000000000001,18,0.6169198155403137,16.2,Paddy,Medium
-8.2445,-13.4964,5.25183,-0.8660254037844386,0.5000000000000001,18,0.5825105309486389,18.3,Paddy,Medium
-6.7364,-15.9156,9.17923,-0.8660254037844386,0.5000000000000001,18,0.6450112462043762,18.4,Paddy,Medium
-8.512,-12.7381,4.226159999999998,-0.8660254037844386,0.5000000000000001,18,0.7010155320167542,40.2,Paddy,High
-5.5378,-15.2254,9.68761,-0.8660254037844386,0.5000000000000001,18,0.7250024676322937,21.2,Paddy,Medium
-13.241,-17.8482,4.607280000000001,-0.8660254037844386,0.5000000000000001,18,0.6751542091369629,50.0,Paddy,Very High
-9.8725,-13.0439,3.1714,-0.8660254037844386,0.5000000000000001,5,0.5323356986045837,21.8,Fallow,Medium
-9.7306,-15.7678,6.03712,-0.8660254037844386,0.5000000000000001,18,0.573937177658081,50.0,Paddy,Very High
-8.2093,-15.2945,7.08521,-0.8660254037844386,0.5000000000000001,18,0.7809891104698181,20.4,Paddy,Medium
-8.4166,-15.6332,7.21665,-0.8660254037844386,0.5000000000000001,18,0.7848184704780579,25.6,Paddy,High
-6.42,-15.9963,9.57638,-0.8660254037844386,0.5000000000000001,18,0.7672737836837769,36.7,Paddy,High
-6.15,-17.004,10.853990000000001,-0.8660254037844386,0.5000000000000001,18,0.7746045589447021,19.6,Paddy,Medium
-7.9949,-15.8996,7.90473,-0.8660254037844386,0.5000000000000001,18,0.7735366821289062,26.3666666666667,Paddy,High
-8.2015,-12.4591,4.25765,-0.8660254037844386,0.5000000000000001,18,0.6537538766860962,26.0,Paddy,High
-6.8362,-13.6487,6.8125800000000005,-0.8660254037844386,0.5000000000000001,18,0.6689701676368713,28.5,Paddy,High
-6.9584,-12.5558,5.597460000000001,-0.8660254037844386,0.5000000000000001,18,0.4720079302787781,18.8,Paddy,Medium
-6.2562,-14.0647,7.80848,-0.8660254037844386,0.5000000000000001,18,0.5230000615119934,30.2,Paddy,High
-8.4919,-13.4894,4.9974599999999985,-0.8660254037844386,0.5000000000000001,18,0.6884858012199402,22.1333333333333,Paddy,Medium
-7.2486,-16.7423,9.493749999999999,-0.8660254037844386,0.5000000000000001,18,0.5706188678741455,50.0,Paddy,Very High
-8.531,-16.3372,7.806120000000002,-0.8660254037844386,0.5000000000000001,18,0.6529796719551086,50.0,Paddy,Very High
-8.1967,-14.8792,6.68257,-0.8660254037844386,0.5000000000000001,18,0.6742690801620483,31.2,Paddy,High
-7.9374,-13.6859,5.74854,-0.8660254037844386,0.5000000000000001,18,0.6288099884986877,35.2,Paddy,High
-7.6399,-13.7779,6.13798,-0.8660254037844386,0.5000000000000001,18,0.6520453691482544,34.0,Paddy,High
-9.445,-14.235,4.789999999999999,-0.8660254037844386,0.5000000000000001,5,0.2721152305603027,45.5,Fallow,Very High
-8.6438,-14.5483,5.904430000000001,-0.8660254037844386,0.5000000000000001,18,0.6284915208816528,40.4666666666667,Paddy,High
-7.6749,-15.7533,8.078420000000001,-0.8660254037844386,0.5000000000000001,18,0.5338616371154785,20.9,Paddy,Medium
-9.9049,-16.3609,6.456000000000001,-0.8660254037844386,0.5000000000000001,18,0.5769422054290771,22.0,Paddy,Medium
-8.8451,-14.793,5.94787,-0.8660254037844386,0.5000000000000001,18,0.3330657482147217,32.6,Paddy,High
-6.0339,-14.7362,8.702300000000001,-0.8660254037844386,0.5000000000000001,18,0.5477644205093384,32.2,Paddy,High
-5.6819,-14.9039,9.22201,-0.8660254037844386,0.5000000000000001,18,0.5592432022094727,33.6666666666667,Paddy,High
-7.4839,-16.8542,9.37033,-0.8660254037844386,0.5000000000000001,18,0.6313773989677429,20.9,Paddy,Medium
-9.7351,-13.2716,3.5364700000000013,-0.8660254037844386,0.5000000000000001,18,0.7236652970314026,41.4,Paddy,Very High
-7.6177,-15.6109,7.99316,-0.8660254037844386,0.5000000000000001,5,0.2792830765247345,18.8,Fallow,Medium
-8.6438,-17.0072,8.36334,-0.8660254037844386,0.5000000000000001,5,0.6660203337669373,15.7,Fallow,Medium
-9.3089,-11.2695,1.9605200000000007,-0.8660254037844386,0.5000000000000001,18,0.5790391564369202,28.7333333333333,Paddy,High
-6.3096,-12.5201,6.210450000000001,-0.8660254037844386,0.5000000000000001,5,0.2463111132383346,14.6,Fallow,Medium
-8.8736,-14.1993,5.3256499999999996,-0.8660254037844386,0.5000000000000001,5,0.2609012126922607,13.0,Fallow,Medium
-4.4589,-17.1983,12.739429999999999,-0.8660254037844386,0.5000000000000001,5,0.2807037234306335,12.7,Fallow,Medium
-8.4007,-15.4095,7.0087600000000005,-0.8660254037844386,0.5000000000000001,5,0.3607231378555298,10.9,Fallow,Medium
-9.1015,-18.8687,9.76724,-0.8660254037844386,0.5000000000000001,5,0.3484769165515899,11.5666666666667,Fallow,Medium
-7.466,-15.8209,8.3549,-0.8660254037844386,0.5000000000000001,19,0.4846344888210296,10.3,Perl Millet,Medium
-9.7153,-14.2273,4.511980000000001,-0.8660254037844386,0.5000000000000001,19,0.5173735022544861,14.0,Perl Millet,Medium
-9.2994,-19.7905,10.491150000000001,-0.8660254037844386,0.5000000000000001,5,0.4623910784721374,8.5,Fallow,Low
-8.051,-18.9809,10.929899999999998,-0.8660254037844386,0.5000000000000001,5,0.2707676887512207,30.2,Fallow,High
-8.3326,-16.0843,7.751669999999999,-0.8660254037844386,0.5000000000000001,19,0.4166451394557953,12.4,Perl Millet,Medium
-8.2103,-13.6238,5.4135100000000005,-0.8660254037844386,0.5000000000000001,5,0.748765230178833,14.6,Fallow,Medium
-9.5711,-16.0568,6.48568,-0.8660254037844386,0.5000000000000001,5,0.227656215429306,11.5,Fallow,Medium
-9.712,-17.2148,7.5028500000000005,-0.8660254037844386,0.5000000000000001,5,0.3504236042499542,16.0,Fallow,Medium
-8.9321,-17.0604,8.12838,-0.8660254037844386,0.5000000000000001,18,0.6156420707702637,26.5,Paddy,High
-9.1826,-16.7745,7.59188,-0.8660254037844386,0.5000000000000001,5,0.3083739578723907,17.7,Fallow,Medium
-6.9007,-13.9201,7.0194600000000005,-0.8660254037844386,0.5000000000000001,19,0.5612640380859375,16.6,Perl Millet,Medium
-7.5311,-14.5072,6.97606,-0.8660254037844386,0.5000000000000001,19,0.4008357226848602,13.3,Perl Millet,Medium
-9.655,-11.2054,1.5503400000000003,-0.8660254037844386,0.5000000000000001,18,0.5809028148651123,23.8,Paddy,Medium
-4.1181,-13.1349,9.01672,-0.8660254037844386,0.5000000000000001,19,0.5516855120658875,17.6,Perl Millet,Medium
-5.9661,-13.6947,7.72861,-0.8660254037844386,0.5000000000000001,19,0.3593332171440124,17.3333333333333,Perl Millet,Medium
-8.1587,-13.8507,5.692030000000001,-0.8660254037844386,0.5000000000000001,5,0.4552748203277588,30.3,Fallow,High
-8.2963,-13.2156,4.919319999999999,-0.8660254037844386,0.5000000000000001,5,0.4960460066795349,25.0,Fallow,High
-7.4382,-13.2136,5.7754199999999996,-0.8660254037844386,0.5000000000000001,18,0.5596800446510315,30.4,Paddy,High
-7.154,-17.8454,10.69143,-0.8660254037844386,0.5000000000000001,5,0.5234940052032471,9.3,Fallow,Low
-7.526,-14.1695,6.643489999999999,-0.8660254037844386,0.5000000000000001,5,0.4244818985462188,26.0666666666667,Fallow,High
-9.981,-13.2577,3.2766899999999985,-0.8660254037844386,0.5000000000000001,5,0.1509638875722885,11.6,Fallow,Medium
-13.7665,-19.1326,5.366099999999999,-0.8660254037844386,0.5000000000000001,5,0.2088277786970138,7.3,Fallow,Low
-8.8727,-17.7428,8.87013,-0.8660254037844386,0.5000000000000001,5,0.1620821058750152,6.8,Fallow,Low
-8.4705,-17.1532,8.682680000000001,-0.8660254037844386,0.5000000000000001,5,0.1603892147541046,25.5,Fallow,High
-9.3176,-17.4972,8.17961,-0.8660254037844386,0.5000000000000001,5,0.2261507362127304,6.6,Fallow,Low
-7.1832,-16.1856,9.002369999999999,-0.8660254037844386,0.5000000000000001,5,0.2291475385427475,19.0,Fallow,Medium
-5.326,-13.4482,8.122119999999999,-0.8660254037844386,0.5000000000000001,5,0.1987245976924896,19.5,Fallow,Medium
-9.0057,-16.1422,7.13649,-0.8660254037844386,0.5000000000000001,5,0.2069695740938186,19.6,Fallow,Medium
-12.6097,-18.7169,6.10712,-0.8660254037844386,0.5000000000000001,5,0.2155565172433853,23.7,Fallow,Medium
-8.4295,-17.0573,8.627809999999998,-0.8660254037844386,0.5000000000000001,5,0.1966095715761184,18.8666666666667,Fallow,Medium
-6.6939,-13.5947,6.9008199999999995,-0.8660254037844386,0.5000000000000001,18,0.3722500801086426,16.1,Paddy,Medium
-7.7195,-12.8042,5.084700000000001,-0.8660254037844386,0.5000000000000001,18,0.4069786369800567,13.9,Paddy,Medium
-9.8768,-13.3255,3.4487500000000004,-0.8660254037844386,0.5000000000000001,18,0.3343474566936493,14.7,Paddy,Medium
-7.003,-12.8936,5.890560000000001,-0.8660254037844386,0.5000000000000001,18,0.2059024274349212,15.0,Paddy,Medium
-8.2671,-14.9938,6.72673,-0.8660254037844386,0.5000000000000001,18,0.3113964796066284,14.2,Paddy,Medium
-9.6718,-18.033,8.36122,-0.8660254037844386,0.5000000000000001,5,0.1836811155080795,8.4,Fallow,Low
-9.1888,-13.7638,4.57493,-0.8660254037844386,0.5000000000000001,5,0.324842244386673,7.5,Fallow,Low
-9.6165,-12.5773,2.9608399999999993,-0.8660254037844386,0.5000000000000001,5,0.4816491603851318,11.3,Fallow,Medium
-9.9292,-13.2096,3.2804199999999994,-0.8660254037844386,0.5000000000000001,5,0.4930311441421509,12.5,Fallow,Medium
-7.5807,-15.1945,7.613810000000001,-0.8660254037844386,0.5000000000000001,5,0.3322503566741943,29.0,Fallow,High
-11.0089,-15.4844,4.4755400000000005,-0.8660254037844386,0.5000000000000001,5,0.206025019288063,12.6,Fallow,Medium
-8.0313,-18.8682,10.836859999999998,-0.8660254037844386,0.5000000000000001,5,0.194934457540512,20.3,Fallow,Medium
-9.8944,-17.8276,7.93319,-0.8660254037844386,0.5000000000000001,18,0.5705258846282959,45.5,Paddy,Very High
-7.4586,-17.6693,10.210650000000001,-0.8660254037844386,0.5000000000000001,5,0.1957148164510727,11.6,Fallow,Medium
-9.6965,-16.3736,6.677050000000001,-0.8660254037844386,0.5000000000000001,5,0.2728298604488373,10.3333333333333,Fallow,Medium
-9.7884,-12.521,2.7326300000000003,-0.8660254037844386,0.5000000000000001,18,0.6389972567558289,16.0,Paddy,Medium
-9.1865,-14.8616,5.67507,-0.8660254037844386,0.5000000000000001,5,0.5480901598930359,14.1,Fallow,Medium
-5.8643,-14.7118,8.84749,-0.8660254037844386,0.5000000000000001,18,0.3549873828887939,22.4,Paddy,Medium
-6.8956,-14.9699,8.07434,-0.8660254037844386,0.5000000000000001,18,0.3743801116943359,24.0,Paddy,Medium
-8.7923,-13.8689,5.076599999999999,-0.8660254037844386,0.5000000000000001,18,0.4248408377170563,23.3,Paddy,Medium
-6.7724,-15.898,9.1256,-0.8660254037844386,0.5000000000000001,18,0.6342206597328186,12.9,Paddy,Medium
-7.6008,-13.913,6.31222,-0.8660254037844386,0.5000000000000001,18,0.5633447766304016,10.5,Paddy,Medium
-6.701,-15.0627,8.36169,-0.8660254037844386,0.5000000000000001,5,0.173996090888977,12.6,Fallow,Medium
-8.815,-16.6733,7.858280000000001,-0.8660254037844386,0.5000000000000001,5,0.2531975209712982,10.0,Fallow,Medium
-8.4624,-15.2437,6.781319999999999,-0.8660254037844386,0.5000000000000001,5,0.191879391670227,13.5333333333333,Fallow,Medium
-9.473,-15.6202,6.147169999999999,-0.8660254037844386,0.5000000000000001,18,0.5767438411712646,25.0,Paddy,High
-10.0994,-15.9901,5.890689999999999,-0.8660254037844386,0.5000000000000001,5,0.1716103106737136,14.7,Fallow,Medium
-6.9759,-15.3507,8.374770000000002,-0.8660254037844386,0.5000000000000001,5,0.244285449385643,13.4,Fallow,Medium
-6.176,-15.4625,9.28652,-0.8660254037844386,0.5000000000000001,5,0.1951197981834411,13.5,Fallow,Medium
-8.3586,-13.6347,5.27604,-0.8660254037844386,0.5000000000000001,5,0.1757980734109878,11.4,Fallow,Medium
-8.8324,-19.5581,10.725660000000001,-0.5000000000000004,0.8660254037844384,15,0.2832429111003876,6.0,Mustard,Low
-5.1396,-16.3699,11.230330000000002,-0.5000000000000004,0.8660254037844384,5,0.2011187672615051,16.6,Fallow,Medium
-8.5695,-13.325,4.75549,-0.5000000000000004,0.8660254037844384,1,0.2179677933454513,14.5,Chickori,Medium
-11.509,-15.1946,3.685549999999999,-0.5000000000000004,0.8660254037844384,13,0.3644804656505584,6.6,Lemon,Low
-6.6094,-17.2707,10.661299999999999,-0.5000000000000004,0.8660254037844384,1,0.3316527903079986,11.0333333333333,Chickori,Medium
-6.6232,-13.8726,7.24948,-0.5000000000000004,0.8660254037844384,5,0.2410776019096374,25.0,Fallow,High
-5.1986,-17.9024,12.703759999999999,-0.5000000000000004,0.8660254037844384,5,0.2146715372800827,27.0,Fallow,High
-7.1824,-12.1853,5.00291,-0.5000000000000004,0.8660254037844384,5,0.349866509437561,22.0,Fallow,Medium
-7.4147,-15.438,8.02325,-0.5000000000000004,0.8660254037844384,5,0.2465811520814895,23.5,Fallow,Medium
-6.3072,-16.4916,10.18441,-0.5000000000000004,0.8660254037844384,5,0.4405414164066314,25.6333333333333,Fallow,High
-6.52,-13.7252,7.2051799999999995,-0.5000000000000004,0.8660254037844384,5,0.3567981123924255,34.6,Fallow,High
-6.755,-14.3575,7.60247,-0.5000000000000004,0.8660254037844384,5,0.2677158713340759,35.2,Fallow,High
-8.0978,-17.2015,9.103770000000003,-0.5000000000000004,0.8660254037844384,5,0.2067548781633377,24.2,Fallow,High
-4.7054,-16.3184,11.612929999999999,-0.5000000000000004,0.8660254037844384,5,0.1527645140886306,28.6,Fallow,High
-7.1627,-16.8087,9.645970000000002,-0.5000000000000004,0.8660254037844384,5,0.2219147980213165,28.8,Fallow,High
-9.7058,-13.3971,3.6913400000000003,-0.5000000000000004,0.8660254037844384,5,0.2404073178768158,4.4,Fallow,Low
-12.1026,-20.8367,8.734030000000002,-0.5000000000000004,0.8660254037844384,5,0.2152841538190841,3.7,Fallow,Low
-8.2603,-22.6962,14.435849999999999,-0.5000000000000004,0.8660254037844384,5,0.281232625246048,50.0,Fallow,Very High
-9.7331,-14.2571,4.52402,-0.5000000000000004,0.8660254037844384,11,0.6173017621040344,26.5,Jowar,High
-11.5015,-20.7068,9.205319999999999,-0.5000000000000004,0.8660254037844384,5,0.2261086553335189,6.23333333333333,Fallow,Low
-10.258,-20.7818,10.523799999999998,-0.5000000000000004,0.8660254037844384,5,0.1938255727291107,4.3,Fallow,Low
-8.9028,-19.3542,10.451390000000002,-0.5000000000000004,0.8660254037844384,5,0.1582420468330383,5.2,Fallow,Low
-10.5962,-17.9255,7.3293099999999995,-0.5000000000000004,0.8660254037844384,5,0.1648108214139938,4.7,Fallow,Low
-10.2813,-14.2522,3.9709000000000003,-0.5000000000000004,0.8660254037844384,5,0.2012061476707458,5.2,Fallow,Low
-10.0447,-16.1719,6.127139999999999,-0.5000000000000004,0.8660254037844384,5,0.1792875081300735,4.26666666666667,Fallow,Low
-9.7436,-16.8228,7.079170000000001,-0.5000000000000004,0.8660254037844384,5,0.3230610191822052,50.0,Fallow,Very High
-3.1851,-18.2523,15.067200000000001,-0.5000000000000004,0.8660254037844384,5,0.2290217876434326,50.0,Fallow,Very High
-5.0538,-15.1386,10.08474,-0.5000000000000004,0.8660254037844384,5,0.1871342062950134,11.2,Fallow,Medium
-7.6359,-15.3069,7.6709499999999995,-0.5000000000000004,0.8660254037844384,5,0.2777976393699646,10.3,Fallow,Medium
-6.0877,-14.0054,7.91768,-0.5000000000000004,0.8660254037844384,5,0.2176331728696823,50.0,Fallow,Very High
-7.591,-15.528,7.937050000000001,-0.5000000000000004,0.8660254037844384,5,0.2205155342817306,7.3,Fallow,Low
-10.0579,-18.5031,8.445130000000002,-0.5000000000000004,0.8660254037844384,5,0.1698502749204635,4.7,Fallow,Low
-8.3873,-16.9049,8.51759,-0.5000000000000004,0.8660254037844384,5,0.2366556078195572,25.4,Fallow,High
-11.4819,-18.5017,7.019769999999999,-0.5000000000000004,0.8660254037844384,5,0.197049930691719,3.6,Fallow,Low
-9.0384,-17.2954,8.25702,-0.5000000000000004,0.8660254037844384,5,0.1814578622579574,10.0666666666667,Fallow,Medium
-9.0972,-12.1868,3.08957,-0.5000000000000004,0.8660254037844384,5,0.1994743943214416,9.3,Fallow,Low
-6.009,-11.0574,5.04835,-0.5000000000000004,0.8660254037844384,5,0.3765291273593902,44.0,Fallow,Very High
-9.8511,-18.1213,8.27013,-0.5000000000000004,0.8660254037844384,5,0.1783475130796432,10.4,Fallow,Medium
-8.743,-16.3932,7.650220000000001,-0.5000000000000004,0.8660254037844384,5,0.2286450862884521,9.5,Fallow,Low
-11.0745,-14.8132,3.7387700000000006,-0.5000000000000004,0.8660254037844384,5,0.2873909175395965,50.0,Fallow,Very High
-10.2556,-18.7216,8.466009999999999,-0.5000000000000004,0.8660254037844384,5,0.235119342803955,4.5,Fallow,Low
-9.8266,-14.9431,5.116539999999999,-0.5000000000000004,0.8660254037844384,5,0.3428821563720703,8.8,Fallow,Low
-7.5158,-14.7887,7.272900000000001,-0.5000000000000004,0.8660254037844384,5,0.3286278247833252,50.0,Fallow,Very High
-10.4334,-14.3769,3.943479999999999,-0.5000000000000004,0.8660254037844384,5,0.1870625913143158,48.9,Fallow,Very High
-10.6279,-15.1352,4.50728,-0.5000000000000004,0.8660254037844384,5,0.2277005314826965,9.83333333333333,Fallow,Medium
-8.8466,-18.3414,9.49477,-0.5000000000000004,0.8660254037844384,5,0.1980112791061401,27.9,Fallow,High
-5.547,-16.9786,11.43157,-0.5000000000000004,0.8660254037844384,5,0.2068182975053787,36.2,Fallow,High
-4.6067,-10.7921,6.18541,-0.5000000000000004,0.8660254037844384,5,0.2245400547981262,35.7,Fallow,High
-5.8113,-11.4304,5.619140000000001,-0.5000000000000004,0.8660254037844384,5,0.2261251658201217,36.4,Fallow,High
-4.2599,-12.1033,7.843370000000001,-0.5000000000000004,0.8660254037844384,5,0.215608924627304,38.8,Fallow,High
-6.2848,-16.2722,9.987359999999999,-0.5000000000000004,0.8660254037844384,5,0.2046630978584289,50.0,Fallow,Very High
-5.5629,-16.2288,10.66593,-0.5000000000000004,0.8660254037844384,5,0.2693148255348205,50.0,Fallow,Very High
-7.5982,-15.236,7.6377999999999995,-0.5000000000000004,0.8660254037844384,5,0.2841669917106628,50.0,Fallow,Very High
-6.111,-12.9147,6.803710000000001,-0.5000000000000004,0.8660254037844384,5,0.450529932975769,50.0,Fallow,Very High
-6.9028,-15.7894,8.88656,-0.5000000000000004,0.8660254037844384,5,0.2048557847738266,50.0,Fallow,Very High
-10.9742,-18.0641,7.0899899999999985,-0.5000000000000004,0.8660254037844384,5,0.2397464364767074,13.2,Fallow,Medium
-6.7127,-12.7405,6.027850000000001,-0.5000000000000004,0.8660254037844384,5,0.2180297672748565,6.4,Fallow,Low
-11.5097,-16.9849,5.475239999999999,-0.5000000000000004,0.8660254037844384,22,0.4041033983230591,31.7,Tobacco,High
-9.939,-14.5421,4.60309,-0.5000000000000004,0.8660254037844384,5,0.451039969921112,19.6,Fallow,Medium
-10.6552,-15.1802,4.525040000000001,-0.5000000000000004,0.8660254037844384,5,0.2352791875600814,10.6666666666667,Fallow,Medium
-8.734,-19.0875,10.353489999999999,-0.5000000000000004,0.8660254037844384,5,0.1824614703655243,22.6,Fallow,Medium
-8.5496,-16.3628,7.813219999999999,-0.5000000000000004,0.8660254037844384,5,0.2806352972984314,7.3,Fallow,Low
-4.4859,-15.7237,11.237770000000001,-0.5000000000000004,0.8660254037844384,5,0.1717111021280288,45.5,Fallow,Very High
-7.9121,-15.3249,7.41278,-0.5000000000000004,0.8660254037844384,5,0.3931484222412109,12.6,Fallow,Medium
-9.0115,-18.8411,9.829600000000001,-0.5000000000000004,0.8660254037844384,5,0.1964462548494339,50.0,Fallow,Very High
-8.7952,-18.0004,9.205190000000002,-0.5000000000000004,0.8660254037844384,5,0.2767941355705261,19.3,Fallow,Medium
-11.2594,-20.7269,9.46749,-0.5000000000000004,0.8660254037844384,5,0.1992453634738922,17.2,Fallow,Medium
-12.8078,-15.914,3.106209999999999,-0.5000000000000004,0.8660254037844384,5,0.2173422574996948,11.2,Fallow,Medium
-11.7715,-15.4967,3.7251899999999996,-0.5000000000000004,0.8660254037844384,5,0.1857126355171203,14.5,Fallow,Medium
-14.1164,-15.0017,0.8853500000000007,-0.5000000000000004,0.8660254037844384,5,0.181375503540039,18.5666666666667,Fallow,Medium
-8.7636,-20.3132,11.54951,-0.5000000000000004,0.8660254037844384,5,0.2696995437145233,4.9,Fallow,Low
-7.2741,-19.7108,12.436759999999998,-0.5000000000000004,0.8660254037844384,5,0.387746125459671,6.0,Fallow,Low
-8.8895,-20.07,11.18048,-0.5000000000000004,0.8660254037844384,5,0.2295164763927459,6.7,Fallow,Low
-8.8099,-14.2347,5.42488,-0.5000000000000004,0.8660254037844384,5,0.4434830844402313,2.4,Fallow,Low
-9.5878,-15.9541,6.36627,-0.5000000000000004,0.8660254037844384,5,0.214507520198822,16.2,Fallow,Medium
-9.5544,-16.9025,7.348189999999999,-0.5000000000000004,0.8660254037844384,23,0.2564278841018677,7.5,Tobacco&Chikori,Low
-8.2195,-20.5517,12.33221,-0.5000000000000004,0.8660254037844384,23,0.3492863178253174,5.4,Tobacco&Chikori,Low
-13.1768,-17.8273,4.650429999999998,-0.5000000000000004,0.8660254037844384,5,0.2128194570541381,13.5,Fallow,Medium
-9.4869,-17.9304,8.44354,-0.5000000000000004,0.8660254037844384,5,0.2914531528949737,12.2,Fallow,Medium
-11.8783,-17.0375,5.15912,-0.5000000000000004,0.8660254037844384,5,0.2650917768478393,14.0,Fallow,Medium
-9.0881,-19.5894,10.501290000000001,-0.5000000000000004,0.8660254037844384,5,0.3093668222427368,2.5,Fallow,Low
-10.5056,-14.9411,4.435499999999999,-0.5000000000000004,0.8660254037844384,5,0.3847159743309021,2.3,Fallow,Low
-9.9614,-17.6337,7.6723099999999995,-0.5000000000000004,0.8660254037844384,5,0.3831053972244262,6.4,Fallow,Low
-8.4862,-15.8564,7.37026,-0.5000000000000004,0.8660254037844384,1,0.2631561756134033,38.8,Chickori,High
-8.6125,-17.333,8.72056,-0.5000000000000004,0.8660254037844384,5,0.1998768895864486,2.13333333333333,Fallow,Low
-11.2209,-14.3435,3.1225999999999985,-0.5000000000000004,0.8660254037844384,5,0.4759717583656311,1.2,Fallow,Low
-8.3886,-17.5427,9.15413,-0.5000000000000004,0.8660254037844384,1,0.298065036535263,8.8,Chickori,Low
-3.3892,-15.4844,12.095210000000002,-0.5000000000000004,0.8660254037844384,1,0.4339654445648193,8.9,Chickori,Low
-9.2684,-18.1101,8.841770000000002,-0.5000000000000004,0.8660254037844384,5,0.2199468612670898,24.1,Fallow,Medium
-3.0745,-16.7986,13.72412,-0.5000000000000004,0.8660254037844384,5,0.3737362921237945,9.26666666666667,Fallow,Low
-5.5577,-17.4062,11.848500000000001,-0.5000000000000004,0.8660254037844384,5,0.2858723700046539,2.1,Fallow,Low
-10.9997,-18.6642,7.664530000000001,-0.5000000000000004,0.8660254037844384,5,0.3246964812278747,1.4,Fallow,Low
-7.8301,-20.467,12.636970000000002,-0.5000000000000004,0.8660254037844384,5,0.4908349812030792,21.9,Fallow,Medium
-8.9498,-16.6192,7.66935,-0.5000000000000004,0.8660254037844384,5,0.2164867371320724,2.3,Fallow,Low
-7.9805,-17.0565,9.076039999999999,-0.5000000000000004,0.8660254037844384,5,0.2155594676733017,20.3666666666667,Fallow,Medium
-7.9584,-13.9233,5.964919999999999,-0.5000000000000004,0.8660254037844384,8,0.5277047753334045,24.0,Fodder&Jowar,Medium
-6.4337,-16.8238,10.39011,-0.5000000000000004,0.8660254037844384,22,0.3417741358280182,11.0,Tobacco,Medium
-10.7045,-17.5772,6.872730000000001,-0.5000000000000004,0.8660254037844384,22,0.2626805901527405,11.5,Tobacco,Medium
-9.1828,-17.4358,8.252930000000001,-0.5000000000000004,0.8660254037844384,5,0.4720089733600616,34.3,Fallow,High
-7.3383,-16.1644,8.82612,-0.5000000000000004,0.8660254037844384,22,0.2519585788249969,11.2,Tobacco,Medium
-9.3009,-16.1324,6.831520000000001,-0.5000000000000004,0.8660254037844384,22,0.2257400751113891,11.4,Tobacco,Medium
-11.0518,-16.87,5.818179999999998,-0.5000000000000004,0.8660254037844384,5,0.1857132762670517,37.0,Fallow,High
-8.4594,-18.9579,10.498540000000002,-0.5000000000000004,0.8660254037844384,22,0.2127137631177902,12.6,Tobacco,Medium
-8.7945,-17.2377,8.443180000000002,-0.5000000000000004,0.8660254037844384,22,0.2193539142608642,10.2,Tobacco,Medium
-6.6571,-18.974,12.316939999999999,-0.5000000000000004,0.8660254037844384,22,0.2764840722084045,9.8,Tobacco,Low
-8.2568,-18.4017,10.14498,-0.5000000000000004,0.8660254037844384,22,0.3569034337997436,36.6,Tobacco,High
-7.0452,-16.6443,9.599130000000002,-0.5000000000000004,0.8660254037844384,22,0.3808929920196533,30.9,Tobacco,High
-4.4034,-15.2468,10.84347,-0.5000000000000004,0.8660254037844384,22,0.3260782361030578,27.1,Tobacco,High
-10.168,-18.5596,8.391619999999998,-0.5000000000000004,0.8660254037844384,15,0.4755385816097259,22.7,Mustard,Medium
-3.7319,-17.9769,14.245009999999999,-0.5000000000000004,0.8660254037844384,22,0.3427581787109375,31.5666666666667,Tobacco,High
-8.7056,-18.2903,9.584710000000001,-0.5000000000000004,0.8660254037844384,22,0.2521904706954956,11.1,Tobacco,Medium
-9.0146,-14.655,5.64035,-0.5000000000000004,0.8660254037844384,22,0.3425047993659973,10.7,Tobacco,Medium
-6.7282,-16.0103,9.282110000000001,-0.5000000000000004,0.8660254037844384,22,0.2845593392848968,10.5,Tobacco,Medium
-11.7358,-17.9244,6.188600000000001,-0.5000000000000004,0.8660254037844384,22,0.1903627514839172,9.0,Tobacco,Low
-11.2373,-18.8538,7.616490000000001,-0.5000000000000004,0.8660254037844384,22,0.2431417256593704,9.3,Tobacco,Low
-7.4954,-14.729,7.23368,-0.5000000000000004,0.8660254037844384,22,0.2305252701044082,11.3,Tobacco,Medium
-8.0445,-13.9152,5.87068,-0.5000000000000004,0.8660254037844384,22,0.4017057716846466,21.5,Tobacco,Medium
-8.5692,-15.4137,6.844469999999999,-0.5000000000000004,0.8660254037844384,22,0.2189622074365615,25.1,Tobacco,High
-9.768,-18.4485,8.680559999999998,-0.5000000000000004,0.8660254037844384,22,0.2047144174575805,17.4,Tobacco,Medium
-6.5785,-13.857,7.278460000000001,-0.5000000000000004,0.8660254037844384,5,0.201176181435585,32.0666666666667,Fallow,High
-8.7047,-20.816,12.11124,-0.5000000000000004,0.8660254037844384,5,0.1933058798313141,36.8,Fallow,High
-8.1142,-14.4277,6.31353,-0.5000000000000004,0.8660254037844384,5,0.2149904072284698,39.0,Fallow,High
-11.0841,-19.1276,8.04358,-0.5000000000000004,0.8660254037844384,5,0.227408081293106,50.0,Fallow,Very High
-5.8673,-15.2912,9.42384,-0.5000000000000004,0.8660254037844384,5,0.207845076918602,9.4,Fallow,Low
-6.0395,-15.3621,9.32262,-0.5000000000000004,0.8660254037844384,5,0.2564240396022796,35.6666666666667,Fallow,High
-5.1776,-12.6682,7.4906299999999995,-0.5000000000000004,0.8660254037844384,5,0.3428959250450134,25.1,Fallow,High
-7.4351,-15.9492,8.51414,-0.5000000000000004,0.8660254037844384,5,0.2946214973926544,15.0,Fallow,Medium
-8.1251,-16.8643,8.739279999999999,-0.5000000000000004,0.8660254037844384,5,0.2873179614543915,13.3,Fallow,Medium
-8.8195,-15.8856,7.06611,-0.5000000000000004,0.8660254037844384,5,0.1696497201919555,14.2,Fallow,Medium
-7.8939,-12.7493,4.85537,-0.5000000000000004,0.8660254037844384,5,0.209362581372261,14.3333333333333,Fallow,Medium
-4.2326,-17.764,13.531410000000001,-0.5000000000000004,0.8660254037844384,5,0.2657575309276581,43.5,Fallow,Very High
-7.094,-17.9483,10.85428,-0.5000000000000004,0.8660254037844384,5,0.2308701574802398,44.2,Fallow,Very High
-9.1245,-18.7345,9.60997,-0.5000000000000004,0.8660254037844384,22,0.3072397410869598,14.5,Tobacco,Medium
-6.3789,-17.5617,11.18283,-0.5000000000000004,0.8660254037844384,22,0.2525138854980469,26.4,Tobacco,High
-7.7292,-19.1701,11.4409,-0.5000000000000004,0.8660254037844384,22,0.3131646811962127,16.0,Tobacco,Medium
-5.0266,-14.4686,9.441959999999998,-0.5000000000000004,0.8660254037844384,5,0.2616278529167175,46.4,Fallow,Very High
-12.6272,-20.1478,7.520600000000002,-0.5000000000000004,0.8660254037844384,5,0.1568921208381652,2.5,Fallow,Low
-7.578,-19.1476,11.56958,-0.5000000000000004,0.8660254037844384,22,0.3558409512042999,37.2,Tobacco,High
-6.7711,-13.0772,6.306149999999999,-0.5000000000000004,0.8660254037844384,22,0.2803110480308532,38.3,Tobacco,High
-6.6513,-12.0711,5.4198,-0.5000000000000004,0.8660254037844384,22,0.336737185716629,36.5666666666667,Tobacco,High
-5.8229,-14.3065,8.48362,-2.4492935982947064e-16,1.0,15,0.8210040926933289,8.5,Mustard,Low
-6.148,-13.27,7.12202,-2.4492935982947064e-16,1.0,1,0.3843882977962494,35.9,Chickori,High
-6.1437,-12.3639,6.22025,-2.4492935982947064e-16,1.0,1,0.7520017623901367,25.1,Chickori,High
-8.145,-11.8354,3.6904900000000005,-2.4492935982947064e-16,1.0,13,0.4634129405021667,12.6,Lemon,Medium
-9.1068,-11.6177,2.510909999999999,-2.4492935982947064e-16,1.0,1,0.7012891173362732,23.6333333333333,Chickori,Medium
-4.5595,-17.2066,12.64706,-2.4492935982947064e-16,1.0,26,0.5056065917015076,36.3,Wheat,High
-2.3462,-13.5347,11.18853,-2.4492935982947064e-16,1.0,26,0.4411918520927429,32.6,Wheat,High
-2.5271,-13.3222,10.79505,-2.4492935982947064e-16,1.0,26,0.4928800761699676,30.6,Wheat,High
-9.4596,-17.137,7.6773099999999985,-2.4492935982947064e-16,1.0,26,0.5093377232551575,29.8,Wheat,High
-3.6616,-16.5869,12.925349999999998,-2.4492935982947064e-16,1.0,26,0.6214438676834106,36.7,Wheat,High
-8.9838,-14.1861,5.20227,-2.4492935982947064e-16,1.0,26,0.4545925259590149,53.6,Wheat,Very High
-3.9584,-14.7817,10.82329,-2.4492935982947064e-16,1.0,26,0.4193440675735473,44.9,Wheat,Very High
-8.6689,-16.9875,8.318590000000002,-2.4492935982947064e-16,1.0,26,0.33873251080513,35.1,Wheat,High
-7.2024,-14.4534,7.251030000000001,-2.4492935982947064e-16,1.0,26,0.3313853442668915,9.6,Wheat,Low
-7.1891,-15.7445,8.55546,-2.4492935982947064e-16,1.0,26,0.3031280040740967,43.7666666666667,Wheat,Very High
-9.042,-19.5387,10.496749999999999,-2.4492935982947064e-16,1.0,5,0.2332048714160919,14.0,Fallow,Medium
-9.0221,-18.7813,9.75919,-2.4492935982947064e-16,1.0,5,0.1788315325975418,8.2,Fallow,Low
-8.6846,-20.3458,11.66115,-2.4492935982947064e-16,1.0,5,0.334538847208023,18.1,Fallow,Medium
-7.7632,-17.1662,9.40297,-2.4492935982947064e-16,1.0,5,0.2325222343206405,26.0,Fallow,High
-8.3076,-19.5493,11.2417,-2.4492935982947064e-16,1.0,5,0.2147151231765747,18.1666666666667,Fallow,Medium
-10.3986,-18.5287,8.13009,-2.4492935982947064e-16,1.0,26,0.2615347802639007,7.8,Wheat,Low
-8.3077,-20.0373,11.72957,-2.4492935982947064e-16,1.0,26,0.2155508399009704,5.0,Wheat,Low
-10.8807,-20.2038,9.3231,-2.4492935982947064e-16,1.0,26,0.2023742645978927,7.0,Wheat,Low
-8.5461,-17.6739,9.127790000000001,-2.4492935982947064e-16,1.0,26,0.2473211735486984,11.1,Wheat,Medium
-9.8616,-18.9748,9.1133,-2.4492935982947064e-16,1.0,26,0.2603611648082733,11.2333333333333,Wheat,Medium
-8.4578,-18.663,10.205140000000002,-2.4492935982947064e-16,1.0,26,0.3362507224082947,16.9,Wheat,Medium
-7.4407,-17.6607,10.219980000000001,-2.4492935982947064e-16,1.0,26,0.2985467612743377,15.7,Wheat,Medium
-3.1793,-12.0463,8.86703,-2.4492935982947064e-16,1.0,26,0.3311070501804352,39.5,Wheat,High
-8.9229,-17.1978,8.2749,-2.4492935982947064e-16,1.0,26,0.4040727019309997,33.1,Wheat,High
-3.3637,-16.6315,13.26778,-2.4492935982947064e-16,1.0,26,0.2733775675296783,12.1666666666667,Wheat,Medium
-8.3282,-16.0517,7.7234500000000015,-2.4492935982947064e-16,1.0,5,0.2144498378038406,9.6,Fallow,Low
-11.3235,-18.2064,6.882940000000001,-2.4492935982947064e-16,1.0,5,0.162044420838356,11.2,Fallow,Medium
-7.6257,-17.3408,9.71511,-2.4492935982947064e-16,1.0,5,0.2023451179265976,12.4,Fallow,Medium
-10.6839,-17.2686,6.5846800000000005,-2.4492935982947064e-16,1.0,5,0.1521668136119842,11.6,Fallow,Medium
-11.2771,-16.9856,5.708469999999998,-2.4492935982947064e-16,1.0,5,0.1596153825521469,12.5333333333333,Fallow,Medium
-8.8744,-15.6532,6.7787500000000005,-2.4492935982947064e-16,1.0,26,0.3360104560852051,25.6,Wheat,High
-10.1818,-15.0864,4.90461,-2.4492935982947064e-16,1.0,26,0.4160293042659759,13.2,Wheat,Medium
-8.9972,-16.6706,7.67347,-2.4492935982947064e-16,1.0,26,0.2013377845287323,13.7,Wheat,Medium
-11.3704,-17.5714,6.200940000000001,-2.4492935982947064e-16,1.0,26,0.3301884531974792,26.2,Wheat,High
-10.1814,-18.8518,8.670469999999998,-2.4492935982947064e-16,1.0,26,0.3944614827632904,11.8666666666667,Wheat,Medium
-10.0481,-17.6676,7.619539999999999,-2.4492935982947064e-16,1.0,26,0.3452519476413727,9.1,Wheat,Low
-12.764,-20.6084,7.844449999999998,-2.4492935982947064e-16,1.0,26,0.4238941073417663,9.3,Wheat,Low
-8.3299,-14.5995,6.26953,-2.4492935982947064e-16,1.0,26,0.417168527841568,20.4,Wheat,Medium
-8.3591,-17.5727,9.21355,-2.4492935982947064e-16,1.0,26,0.2497972398996353,7.3,Wheat,Low
-8.6268,-19.9884,11.36167,-2.4492935982947064e-16,1.0,26,0.2632102966308594,8.13333333333333,Wheat,Low
-8.6528,-16.9546,8.3018,-2.4492935982947064e-16,1.0,26,0.2724236845970154,40.5,Wheat,High
-8.5053,-18.7713,10.26598,-2.4492935982947064e-16,1.0,26,0.3630439639091491,37.1,Wheat,High
-6.742,-13.2875,6.54555,-2.4492935982947064e-16,1.0,26,0.2585714757442474,13.0,Wheat,Medium
-7.0488,-17.7361,10.687369999999998,-2.4492935982947064e-16,1.0,26,0.2805759012699127,50.0,Wheat,Very High
-6.6592,-18.8166,12.157400000000003,-2.4492935982947064e-16,1.0,26,0.2615799009799957,50.0,Wheat,Very High
-11.0316,-16.7379,5.706250000000001,-2.4492935982947064e-16,1.0,26,0.2503005266189575,7.8,Wheat,Low
-9.7599,-16.7526,6.992730000000002,-2.4492935982947064e-16,1.0,26,0.2248997837305069,14.7,Wheat,Medium
-9.9176,-13.2964,3.3787900000000004,-2.4492935982947064e-16,1.0,26,0.4235825836658478,18.6,Wheat,Medium
-8.1179,-17.4453,9.327330000000002,-2.4492935982947064e-16,1.0,26,0.2511750161647796,6.83333333333333,Wheat,Low
-11.9697,-18.8665,6.8967800000000015,-2.4492935982947064e-16,1.0,26,0.2766007781028747,15.8,Wheat,Medium
-9.4307,-19.2856,9.85487,-2.4492935982947064e-16,1.0,26,0.2503405809402466,3.9,Wheat,Low
-9.2437,-20.3257,11.08202,-2.4492935982947064e-16,1.0,26,0.4615509510040283,52.3,Wheat,Very High
-8.379,-17.334,8.955050000000002,-2.4492935982947064e-16,1.0,26,0.5094134211540222,8.5,Wheat,Low
-11.0023,-21.6922,10.689879999999999,-2.4492935982947064e-16,1.0,26,0.2204241603612899,6.93333333333333,Wheat,Low
-10.712,-18.5594,7.8474699999999995,-2.4492935982947064e-16,1.0,26,0.4394965767860412,20.2,Wheat,Medium
-8.585,-15.9754,7.39039,-2.4492935982947064e-16,1.0,26,0.2847360372543335,19.5,Wheat,Medium
-7.3331,-17.1373,9.80414,-2.4492935982947064e-16,1.0,26,0.2530573308467865,21.2,Wheat,Medium
-10.1277,-17.8576,7.72986,-2.4492935982947064e-16,1.0,26,0.2360239923000335,19.5,Wheat,Medium
-9.576,-18.0565,8.48045,-2.4492935982947064e-16,1.0,26,0.2192175090312957,16.7,Wheat,Medium
-10.4084,-18.8362,8.42774,-2.4492935982947064e-16,1.0,5,0.2826681435108185,23.7,Fallow,Medium
-7.6015,-16.7313,9.129790000000002,-2.4492935982947064e-16,1.0,5,0.3365997970104217,29.9,Fallow,High
-9.5427,-18.7116,9.168959999999998,-2.4492935982947064e-16,1.0,26,0.2362097054719925,10.1,Wheat,Medium
-11.2267,-16.6094,5.382719999999999,-2.4492935982947064e-16,1.0,5,0.3868809342384338,7.2,Fallow,Low
-7.4465,-19.6682,12.22176,-2.4492935982947064e-16,1.0,18,0.1821323037147522,18.5,Paddy,Medium
-5.171,-16.471,11.30002,-2.4492935982947064e-16,1.0,23,0.5044195055961609,7.7,Tobacco&Chikori,Low
-5.4217,-16.1729,10.751199999999999,-2.4492935982947064e-16,1.0,23,0.7302055954933167,6.9,Tobacco&Chikori,Low
-7.279,-14.7857,7.50668,-2.4492935982947064e-16,1.0,26,0.4552390575408935,11.5,Wheat,Medium
-5.8236,-17.2864,11.462769999999999,-2.4492935982947064e-16,1.0,26,0.3559865951538086,10.2,Wheat,Medium
-5.9401,-17.0355,11.095369999999999,-2.4492935982947064e-16,1.0,26,0.2892274856567383,10.3333333333333,Wheat,Medium
-8.0914,-15.3342,7.2427800000000016,-2.4492935982947064e-16,1.0,26,0.3588258028030395,12.1,Wheat,Medium
-9.304,-13.5906,4.28665,-2.4492935982947064e-16,1.0,26,0.3889104127883911,6.1,Wheat,Low
-8.8812,-14.0498,5.16859,-2.4492935982947064e-16,1.0,1,0.5965002179145813,6.0,Chickori,Low
-7.6656,-16.9779,9.312350000000002,-2.4492935982947064e-16,1.0,1,0.6682140231132507,15.3,Chickori,Medium
-9.2821,-14.2026,4.920580000000001,-2.4492935982947064e-16,1.0,26,0.2640295028686523,11.2333333333333,Wheat,Medium
-9.0096,-13.8162,4.80664,-2.4492935982947064e-16,1.0,26,0.536904513835907,25.3,Wheat,High
-6.7218,-14.6519,7.93009,-2.4492935982947064e-16,1.0,1,0.6215702891349792,10.5,Chickori,Medium
-10.3016,-12.9483,2.6466400000000014,-2.4492935982947064e-16,1.0,1,0.6020252704620361,12.2,Chickori,Medium
-8.9444,-14.9149,5.97054,-2.4492935982947064e-16,1.0,26,0.3451732993125915,6.7,Wheat,Low
-8.0846,-15.9685,7.883900000000001,-2.4492935982947064e-16,1.0,1,0.741794228553772,11.7,Chickori,Medium
-9.8796,-14.9296,5.05003,-2.4492935982947064e-16,1.0,26,0.3994491696357727,10.7,Wheat,Medium
-7.5102,-14.7772,7.26704,-2.4492935982947064e-16,1.0,26,0.3205408155918121,8.3,Wheat,Low
-3.0496,-17.5354,14.48581,-2.4492935982947064e-16,1.0,26,0.515055239200592,9.2,Wheat,Low
-6.7635,-16.862,10.09856,-2.4492935982947064e-16,1.0,26,0.3202929198741913,8.9,Wheat,Low
-8.0844,-15.2362,7.151729999999999,-2.4492935982947064e-16,1.0,26,0.3544511795043945,11.2333333333333,Wheat,Medium
-3.9578,-16.8556,12.89783,-2.4492935982947064e-16,1.0,15,0.6342984437942505,37.1,Mustard,High
-3.7621,-15.6993,11.93721,-2.4492935982947064e-16,1.0,22,0.5928148031234741,34.4,Tobacco,High
-4.8896,-14.1344,9.2447,-2.4492935982947064e-16,1.0,22,0.4331821501255035,32.7,Tobacco,High
-7.5189,-16.4857,8.96684,-2.4492935982947064e-16,1.0,26,0.5586674213409424,8.7,Wheat,Low
-4.8656,-15.035,10.169360000000001,-2.4492935982947064e-16,1.0,22,0.5346657037734985,28.2333333333333,Tobacco,High
-6.2035,-12.5685,6.364949999999999,-2.4492935982947064e-16,1.0,22,0.7242873311042786,32.1,Tobacco,High
-1.4767,-13.4481,11.97143,-2.4492935982947064e-16,1.0,22,0.5099424123764038,41.9,Tobacco,Very High
-2.2082,-11.2065,8.99831,-2.4492935982947064e-16,1.0,26,0.6569430232048035,32.0,Wheat,High
-6.856,-14.3783,7.522320000000001,-2.4492935982947064e-16,1.0,26,0.6628499031066895,47.6,Wheat,Very High
-4.3788,-9.7222,5.343440000000001,-2.4492935982947064e-16,1.0,22,0.6763280630111694,40.4666666666667,Tobacco,High
-7.444,-12.776,5.331989999999999,-2.4492935982947064e-16,1.0,22,0.7541043758392334,30.7,Tobacco,High
-6.7648,-9.6295,2.864740000000001,-2.4492935982947064e-16,1.0,22,0.7335258722305298,22.7,Tobacco,Medium
-4.9225,-10.4888,5.566350000000001,-2.4492935982947064e-16,1.0,22,0.6670974493026733,5.1,Tobacco,Low
-7.5214,-12.1986,4.67723,-2.4492935982947064e-16,1.0,26,0.3141005337238312,29.1,Wheat,High
-6.0022,-8.7496,2.74742,-2.4492935982947064e-16,1.0,22,0.6924705505371094,31.2666666666667,Tobacco,High
-8.4992,-18.1327,9.63347,-2.4492935982947064e-16,1.0,22,0.3608487844467163,28.2,Tobacco,High
-8.6811,-16.876,8.194999999999999,-2.4492935982947064e-16,1.0,22,0.4172348082065582,27.2,Tobacco,High
-7.911,-17.0833,9.172229999999999,-2.4492935982947064e-16,1.0,22,0.4973979890346527,24.2,Tobacco,High
-6.8502,-15.9423,9.09216,-2.4492935982947064e-16,1.0,22,0.5029706954956055,25.8,Tobacco,High
-8.5222,-17.0353,8.51311,-2.4492935982947064e-16,1.0,22,0.4951201379299164,27.1,Tobacco,High
-5.0324,-12.6597,7.627389999999999,-2.4492935982947064e-16,1.0,5,0.6121622323989868,27.1,Fallow,High
-5.8382,-12.1848,6.34659,-2.4492935982947064e-16,1.0,5,0.6874670386314392,14.4,Fallow,Medium
-8.1341,-15.8576,7.723520000000001,-2.4492935982947064e-16,1.0,18,0.4439898431301117,14.9,Paddy,Medium
-6.1716,-14.259,8.08737,-2.4492935982947064e-16,1.0,18,0.4791769683361053,23.4,Paddy,Medium
-5.9062,-14.3241,8.41788,-2.4492935982947064e-16,1.0,18,0.4496490359306335,10.7,Paddy,Medium
-4.5674,-15.4648,10.89733,-2.4492935982947064e-16,1.0,22,0.5563989281654358,24.2,Tobacco,High
-4.4412,-15.778,11.33671,-2.4492935982947064e-16,1.0,22,0.5034719705581665,14.0,Tobacco,Medium
-7.4787,-16.4896,9.010820000000002,-2.4492935982947064e-16,1.0,22,0.3476962149143219,12.0,Tobacco,Medium
-4.055,-14.4041,10.34917,-2.4492935982947064e-16,1.0,22,0.5214716196060181,22.4,Tobacco,Medium
-2.8704,-13.3494,10.47902,-2.4492935982947064e-16,1.0,26,0.5834763050079346,22.7666666666667,Wheat,Medium
-7.8077,-12.0139,4.206230000000001,-2.4492935982947064e-16,1.0,26,0.5049344897270203,24.1,Wheat,Medium
-5.9577,-11.3947,5.437,-2.4492935982947064e-16,1.0,0,0.4758829176425934,17.7,Bhaji,Medium
-4.7664,-13.7177,8.951250000000002,-2.4492935982947064e-16,1.0,26,0.4647537767887115,26.7,Wheat,High
-9.3232,-15.4912,6.16797,-2.4492935982947064e-16,1.0,26,0.3471954762935638,32.1,Wheat,High
-4.4697,-13.023,8.55335,-2.4492935982947064e-16,1.0,26,0.4481348693370819,22.4666666666667,Wheat,Medium
-5.7152,-15.5372,9.82203,-2.4492935982947064e-16,1.0,26,0.3270759582519531,6.3,Wheat,Low
-6.6648,-12.8233,6.158450000000001,-2.4492935982947064e-16,1.0,26,0.320696622133255,7.0,Wheat,Low
-7.3605,-16.9644,9.603849999999998,-2.4492935982947064e-16,1.0,22,0.7806230187416077,14.8,Tobacco,Medium
-8.0036,-16.3558,8.35214,-2.4492935982947064e-16,1.0,22,0.4021105170249939,24.7,Tobacco,High
-8.1117,-18.683,10.571240000000001,-2.4492935982947064e-16,1.0,22,0.6841363310813904,20.3,Tobacco,Medium
-1.4833,-12.3933,10.90993,-2.4492935982947064e-16,1.0,26,0.5226775407791138,35.7,Wheat,High
-9.0543,-14.3159,5.261660000000001,-2.4492935982947064e-16,1.0,26,0.3425454199314117,8.9,Wheat,Low
-3.9846,-14.8398,10.85517,-2.4492935982947064e-16,1.0,22,0.6531760096549988,45.4,Tobacco,Very High
-0.9452,-9.1816,8.23636,-2.4492935982947064e-16,1.0,22,0.7509686350822449,34.0,Tobacco,High
-3.0418,-8.9284,5.886609999999999,-2.4492935982947064e-16,1.0,22,0.753886342048645,29.9,Tobacco,High
-7.3001,-13.6671,6.36696,0.49999999999999994,0.8660254037844387,15,0.7605001330375671,17.8,Mustard,Medium
-8.3787,-10.591,2.21237,0.49999999999999994,0.8660254037844387,1,0.6489165425300598,8.7,Chickori,Low
-7.4531,-13.1559,5.70275,0.49999999999999994,0.8660254037844387,1,0.6655798554420471,34.6,Chickori,High
-6.4939,-13.0765,6.5826,0.49999999999999994,0.8660254037844387,13,0.4102778434753418,8.5,Lemon,Low
-8.3134,-11.5365,3.2231000000000005,0.49999999999999994,0.8660254037844387,1,0.746097207069397,30.3666666666667,Chickori,High
-4.3282,-14.491,10.16274,0.49999999999999994,0.8660254037844387,26,0.7027522921562195,21.2,Wheat,Medium
-7.5227,-14.8857,7.362989999999999,0.49999999999999994,0.8660254037844387,26,0.7326712012290955,11.6,Wheat,Medium
-7.786,-20.3049,12.51893,0.49999999999999994,0.8660254037844387,26,0.7230008244514465,50.0,Wheat,Very High
-7.607,-15.3617,7.754669999999999,0.49999999999999994,0.8660254037844387,26,0.7060281038284302,50.0,Wheat,Very High
-6.0871,-15.6821,9.59499,0.49999999999999994,0.8660254037844387,26,0.727722704410553,8.13333333333333,Wheat,Low
-7.8815,-13.8136,5.9320699999999995,0.49999999999999994,0.8660254037844387,26,0.6423080563545227,12.7,Wheat,Medium
-7.7378,-13.8493,6.11148,0.49999999999999994,0.8660254037844387,26,0.6696239709854126,14.9,Wheat,Medium
-10.9162,-17.0743,6.158090000000001,0.49999999999999994,0.8660254037844387,26,0.6537919640541077,14.2,Wheat,Medium
-7.1687,-15.7283,8.559619999999999,0.49999999999999994,0.8660254037844387,26,0.6027076840400696,13.5,Wheat,Medium
-8.8124,-15.6937,6.88137,0.49999999999999994,0.8660254037844387,26,0.5927497744560242,11.6666666666667,Wheat,Medium
-4.4047,-13.941,9.536269999999998,0.49999999999999994,0.8660254037844387,26,0.398206889629364,14.0,Wheat,Medium
-3.7752,-15.532,11.75685,0.49999999999999994,0.8660254037844387,26,0.5157851576805115,45.6,Wheat,Very High
-7.3216,-13.2745,5.9528300000000005,0.49999999999999994,0.8660254037844387,26,0.4740464687347412,12.8,Wheat,Medium
-8.549,-13.8751,5.32605,0.49999999999999994,0.8660254037844387,26,0.3894920945167541,9.4,Wheat,Low
-4.1862,-15.5266,11.34035,0.49999999999999994,0.8660254037844387,26,0.4289454519748688,50.0,Wheat,Very High
-7.9416,-15.9209,7.979279999999999,0.49999999999999994,0.8660254037844387,26,0.6181093454360962,25.4,Wheat,High
-8.5138,-16.1829,7.6691199999999995,0.49999999999999994,0.8660254037844387,26,0.6811688542366028,22.7,Wheat,Medium
-8.6418,-18.4878,9.84605,0.49999999999999994,0.8660254037844387,26,0.6283323764801025,20.4,Wheat,Medium
-9.8672,-14.8591,4.9918499999999995,0.49999999999999994,0.8660254037844387,26,0.6331788897514343,25.6,Wheat,High
-9.7651,-18.3654,8.60027,0.49999999999999994,0.8660254037844387,26,0.6272552013397217,33.9333333333333,Wheat,High
-9.5495,-18.5525,9.00296,0.49999999999999994,0.8660254037844387,26,0.5571041107177734,32.6,Wheat,High
-11.0079,-18.8486,7.840689999999999,0.49999999999999994,0.8660254037844387,26,0.613735556602478,27.5,Wheat,High
-10.3598,-18.8014,8.441630000000002,0.49999999999999994,0.8660254037844387,26,0.6598708629608154,16.0,Wheat,Medium
-9.9256,-15.5713,5.6457,0.49999999999999994,0.8660254037844387,26,0.6048166751861572,20.2,Wheat,Medium
-11.089,-18.1151,7.026130000000002,0.49999999999999994,0.8660254037844387,26,0.6173767447471619,18.6,Wheat,Medium
-8.8042,-17.8039,8.999709999999999,0.49999999999999994,0.8660254037844387,5,0.2253900170326233,2.7,Fallow,Low
-9.4725,-17.3905,7.918050000000001,0.49999999999999994,0.8660254037844387,5,0.143404483795166,50.0,Fallow,Very High
-10.9695,-16.1139,5.144379999999998,0.49999999999999994,0.8660254037844387,5,0.2090469002723693,6.2,Fallow,Low
-10.693,-18.5272,7.8341899999999995,0.49999999999999994,0.8660254037844387,5,0.2014783173799514,2.8,Fallow,Low
-13.1714,-20.5878,7.416460000000001,0.49999999999999994,0.8660254037844387,5,0.1829724162817001,2.93333333333333,Fallow,Low
-6.4205,-15.6927,9.27214,0.49999999999999994,0.8660254037844387,26,0.4166948795318603,29.0,Wheat,High
-5.7208,-15.0328,9.31193,0.49999999999999994,0.8660254037844387,26,0.4309625029563904,14.8,Wheat,Medium
-9.6345,-15.3406,5.706100000000001,0.49999999999999994,0.8660254037844387,26,0.3424194157123565,5.9,Wheat,Low
-8.7545,-12.2317,3.477169999999999,0.49999999999999994,0.8660254037844387,26,0.4127075970172882,12.3,Wheat,Medium
-9.2005,-13.1856,3.98512,0.49999999999999994,0.8660254037844387,26,0.3860346376895904,24.1666666666667,Wheat,High
-3.5516,-15.5475,11.99596,0.49999999999999994,0.8660254037844387,26,0.3567522764205932,19.3,Wheat,Medium
-5.1822,-18.3254,13.143270000000001,0.49999999999999994,0.8660254037844387,26,0.4491648972034454,21.3,Wheat,Medium
-8.3102,-17.522,9.211839999999999,0.49999999999999994,0.8660254037844387,26,0.5160167217254639,21.0,Wheat,Medium
-8.2951,-15.6407,7.345559999999999,0.49999999999999994,0.8660254037844387,26,0.293212354183197,33.7,Wheat,High
-5.496,-15.3386,9.84253,0.49999999999999994,0.8660254037844387,26,0.318647563457489,24.7,Wheat,High
-10.118,-17.9606,7.8425699999999985,0.49999999999999994,0.8660254037844387,26,0.5492599010467529,13.3,Wheat,Medium
-8.4361,-16.4269,7.990780000000001,0.49999999999999994,0.8660254037844387,26,0.6125178337097168,11.4,Wheat,Medium
-13.1892,-17.6542,4.465059999999999,0.49999999999999994,0.8660254037844387,26,0.3567124009132385,24.1,Wheat,Medium
-11.2326,-17.9471,6.714410000000001,0.49999999999999994,0.8660254037844387,26,0.5533999800682068,19.0,Wheat,Medium
-10.2158,-17.0668,6.85106,0.49999999999999994,0.8660254037844387,26,0.4690350890159607,13.6333333333333,Wheat,Medium
-8.3975,-11.819,3.4215300000000006,0.49999999999999994,0.8660254037844387,26,0.5467026829719543,50.0,Wheat,Very High
-10.6558,-12.9064,2.25061,0.49999999999999994,0.8660254037844387,26,0.4395337402820587,50.0,Wheat,Very High
-9.2178,-18.2116,8.993719999999998,0.49999999999999994,0.8660254037844387,26,0.5082135796546936,50.0,Wheat,Very High
-6.9783,-14.7112,7.73285,0.49999999999999994,0.8660254037844387,26,0.4589017629623413,50.0,Wheat,Very High
-8.3614,-16.1641,7.802629999999999,0.49999999999999994,0.8660254037844387,26,0.5585781931877136,50.0,Wheat,Very High
-6.5727,-11.4713,4.898610000000001,0.49999999999999994,0.8660254037844387,26,0.7689294815063477,39.5,Wheat,High
-5.7939,-14.3113,8.517409999999998,0.49999999999999994,0.8660254037844387,26,0.5483200550079346,21.2,Wheat,Medium
-5.5436,-14.2526,8.7091,0.49999999999999994,0.8660254037844387,26,0.5872523784637451,39.1,Wheat,High
-7.3749,-12.7231,5.34814,0.49999999999999994,0.8660254037844387,26,0.7090064883232117,30.8,Wheat,High
-7.4002,-13.5658,6.16557,0.49999999999999994,0.8660254037844387,26,0.4715536534786224,32.8666666666667,Wheat,High
-8.6506,-17.0424,8.391769999999998,0.49999999999999994,0.8660254037844387,26,0.5885316729545593,27.6,Wheat,High
-5.8055,-17.4235,11.61801,0.49999999999999994,0.8660254037844387,26,0.582446277141571,28.6,Wheat,High
-6.1408,-12.6916,6.55083,0.49999999999999994,0.8660254037844387,26,0.6013796925544739,29.2,Wheat,High
-5.0472,-14.0178,8.97069,0.49999999999999994,0.8660254037844387,26,0.5560879111289978,33.3,Wheat,High
-7.3216,-16.915,9.593350000000001,0.49999999999999994,0.8660254037844387,26,0.6272019743919373,29.4,Wheat,High
-8.5911,-17.9071,9.316039999999997,0.49999999999999994,0.8660254037844387,26,0.2898705005645752,18.8,Wheat,Medium
-10.7876,-14.7471,3.959430000000001,0.49999999999999994,0.8660254037844387,26,0.3340669274330139,14.2,Wheat,Medium
-11.1675,-15.5535,4.386049999999999,0.49999999999999994,0.8660254037844387,26,0.356290340423584,18.1,Wheat,Medium
-9.7258,-16.8333,7.107559999999999,0.49999999999999994,0.8660254037844387,5,0.3566174805164337,3.3,Fallow,Low
-9.7306,-17.1711,7.440539999999999,0.49999999999999994,0.8660254037844387,26,0.3010917603969574,11.1,Wheat,Medium
-6.2888,-17.2164,10.92756,0.49999999999999994,0.8660254037844387,23,0.4916684031486511,6.1,Tobacco&Chikori,Low
-8.3514,-15.1808,6.829359999999999,0.49999999999999994,0.8660254037844387,23,0.6381963491439819,5.8,Tobacco&Chikori,Low
-8.6208,-13.4055,4.784680000000002,0.49999999999999994,0.8660254037844387,1,0.5611565113067627,6.0,Chickori,Low
-5.8305,-17.1317,11.301200000000001,0.49999999999999994,0.8660254037844387,1,0.4186627864837646,7.8,Chickori,Low
-7.7406,-14.3259,6.585350000000001,0.49999999999999994,0.8660254037844387,1,0.4101163148880005,7.1,Chickori,Low
-6.7888,-12.6128,5.82397,0.49999999999999994,0.8660254037844387,26,0.5095558762550354,29.4,Wheat,High
-10.6295,-16.8478,6.218330000000002,0.49999999999999994,0.8660254037844387,1,0.481010228395462,30.3,Chickori,High
-7.1742,-13.6343,6.46013,0.49999999999999994,0.8660254037844387,1,0.6196606755256653,13.8,Chickori,Medium
-7.2481,-13.6517,6.4036,0.49999999999999994,0.8660254037844387,26,0.6519155502319336,32.4,Wheat,High
-7.3478,-13.4704,6.12259,0.49999999999999994,0.8660254037844387,26,0.4127528369426727,36.6666666666667,Wheat,High
-9.5374,-15.0797,5.542250000000001,0.49999999999999994,0.8660254037844387,26,0.5260505676269531,13.3,Wheat,Medium
-5.5579,-13.2104,7.65248,0.49999999999999994,0.8660254037844387,26,0.6040629148483276,29.4,Wheat,High
-6.4842,-11.3633,4.879039999999999,0.49999999999999994,0.8660254037844387,1,0.6165308356285095,25.6,Chickori,High
-7.3603,-14.1414,6.78113,0.49999999999999994,0.8660254037844387,1,0.5126609206199646,22.4,Chickori,Medium
-4.3427,-12.8636,8.520859999999999,0.49999999999999994,0.8660254037844387,1,0.6813610196113586,35.0,Chickori,High
-8.4672,-16.7169,8.249690000000001,0.49999999999999994,0.8660254037844387,26,0.5260619521141052,15.9,Wheat,Medium
-8.5331,-14.9585,6.425320000000001,0.49999999999999994,0.8660254037844387,26,0.4493336975574493,11.8,Wheat,Medium
-7.8782,-15.527,7.6488499999999995,0.49999999999999994,0.8660254037844387,25,0.5236310362815857,15.2,Weed&Chickori,Medium
-11.0555,-14.979,3.92347,0.49999999999999994,0.8660254037844387,26,0.4602272808551788,22.0,Wheat,Medium
-9.4353,-16.8444,7.409049999999999,0.49999999999999994,0.8660254037844387,26,0.5527350306510925,14.4333333333333,Wheat,Medium
-8.5691,-15.8553,7.28622,0.49999999999999994,0.8660254037844387,15,0.542949914932251,37.1,Mustard,High
-5.3571,-16.6045,11.24742,0.49999999999999994,0.8660254037844387,22,0.6376072764396667,34.4,Tobacco,High
-6.3389,-15.9936,9.6547,0.49999999999999994,0.8660254037844387,22,0.5405780673027039,32.7,Tobacco,High
-5.403,-14.6491,9.24615,0.49999999999999994,0.8660254037844387,26,0.5302752256393433,8.7,Wheat,Low
-7.3334,-14.7344,7.40101,0.49999999999999994,0.8660254037844387,22,0.5913680195808411,28.2333333333333,Tobacco,High
-8.6412,-11.7171,3.075850000000001,0.49999999999999994,0.8660254037844387,22,0.6908685564994812,17.5,Tobacco,Medium
-7.147,-12.8386,5.69159,0.49999999999999994,0.8660254037844387,26,0.5827949643135071,15.8,Wheat,Medium
-7.0137,-11.2785,4.264809999999999,0.49999999999999994,0.8660254037844387,26,0.668907642364502,21.6,Wheat,Medium
-5.7641,-13.4599,7.695749999999999,0.49999999999999994,0.8660254037844387,26,0.596956729888916,21.7,Wheat,Medium
-4.6908,-10.597,5.9061900000000005,0.49999999999999994,0.8660254037844387,26,0.6646387577056885,23.4666666666667,Wheat,Medium
-5.5487,-10.5348,4.986119999999999,0.49999999999999994,0.8660254037844387,22,0.6878465414047241,20.2,Tobacco,Medium
-7.1468,-12.9762,5.82939,0.49999999999999994,0.8660254037844387,22,0.7053333520889282,13.5,Tobacco,Medium
-2.9272,-9.3325,6.40529,0.49999999999999994,0.8660254037844387,22,0.6517223119735718,18.5,Tobacco,Medium
-8.9152,-11.8418,2.926689999999999,0.49999999999999994,0.8660254037844387,26,0.4364713132381439,16.3,Wheat,Medium
-4.7834,-8.6115,3.828109999999999,0.49999999999999994,0.8660254037844387,22,0.6870359778404236,17.9333333333333,Tobacco,Medium
-8.8013,-14.3679,5.56663,0.49999999999999994,0.8660254037844387,22,0.4131146669387817,23.5,Tobacco,Medium
-8.0117,-16.489,8.477290000000002,0.49999999999999994,0.8660254037844387,22,0.4302271902561188,15.0,Tobacco,Medium
-7.2335,-16.9455,9.712049999999998,0.49999999999999994,0.8660254037844387,22,0.5213673710823059,19.5,Tobacco,Medium
-6.05,-13.2755,7.225499999999999,0.49999999999999994,0.8660254037844387,22,0.5551666617393494,20.6,Tobacco,Medium
-7.4922,-14.0228,6.5306,0.49999999999999994,0.8660254037844387,22,0.5646188855171204,15.0,Tobacco,Medium
-6.1727,-11.3497,5.17705,0.49999999999999994,0.8660254037844387,22,0.6118420958518982,21.8,Tobacco,Medium
-5.0382,-12.5688,7.53063,0.49999999999999994,0.8660254037844387,22,0.6191166639328003,42.5,Tobacco,Very High
-4.2651,-14.5668,10.301749999999998,0.49999999999999994,0.8660254037844387,22,0.4493348002433777,18.7,Tobacco,Medium
-3.8687,-14.8599,10.99117,0.49999999999999994,0.8660254037844387,5,0.2824200987815857,8.8,Fallow,Low
-7.2243,-16.412,9.18766,0.49999999999999994,0.8660254037844387,26,0.5700386166572571,18.5,Wheat,Medium
-2.159,-10.4934,8.3344,0.49999999999999994,0.8660254037844387,26,0.783094048500061,50.0,Wheat,Very High
-6.4118,-13.3722,6.960489999999999,0.49999999999999994,0.8660254037844387,26,0.7977970838546753,50.0,Wheat,Very High
-6.5568,-15.536,8.97919,0.49999999999999994,0.8660254037844387,26,0.6429616808891296,50.0,Wheat,Very High
-7.9253,-13.3435,5.41821,0.49999999999999994,0.8660254037844387,26,0.7946034669876099,16.5,Wheat,Medium
-5.6842,-14.2303,8.546040000000001,0.49999999999999994,0.8660254037844387,26,0.7814039587974548,50.0,Wheat,Very High
-8.5489,-14.5337,5.9848300000000005,0.49999999999999994,0.8660254037844387,26,0.5362804532051086,25.0,Wheat,High
-8.2665,-12.8182,4.551640000000001,0.49999999999999994,0.8660254037844387,26,0.5587981939315796,15.7,Wheat,Medium
-4.3621,-14.2615,9.899339999999999,0.49999999999999994,0.8660254037844387,26,0.5145964622497559,50.0,Wheat,Very High
-6.2708,-12.7647,6.493900000000001,0.49999999999999994,0.8660254037844387,26,0.4818592071533203,50.0,Wheat,Very High
-8.301,-13.7628,5.461880000000001,0.49999999999999994,0.8660254037844387,26,0.52097088098526,50.0,Wheat,Very High
-7.1002,-14.7562,7.65599,0.49999999999999994,0.8660254037844387,26,0.4694218337535858,23.1,Wheat,Medium
-5.2826,-12.6074,7.324739999999999,0.49999999999999994,0.8660254037844387,26,0.4680840373039245,19.2,Wheat,Medium
-1.1734,-13.923,12.74967,0.49999999999999994,0.8660254037844387,26,0.7666372656822205,15.7,Wheat,Medium
-8.7608,-11.8852,3.1243499999999997,0.49999999999999994,0.8660254037844387,26,0.4181179106235504,30.3,Wheat,High
-1.2403,-12.8394,11.5991,0.49999999999999994,0.8660254037844387,26,0.6212325096130371,18.0,Wheat,Medium
-4.9255,-12.9363,8.010750000000002,0.49999999999999994,0.8660254037844387,26,0.6148350238800049,13.4,Wheat,Medium
-7.8482,-16.555,8.70681,0.49999999999999994,0.8660254037844387,26,0.526961624622345,29.8,Wheat,High
-9.0211,-13.3603,4.339180000000001,0.49999999999999994,0.8660254037844387,22,0.5781340599060059,33.7,Tobacco,High
-1.1701,-11.9145,10.74446,0.49999999999999994,0.8660254037844387,22,0.6585016846656799,31.9,Tobacco,High
-4.524,-11.8352,7.311229999999999,0.49999999999999994,0.8660254037844387,22,0.6306373476982117,31.7,Tobacco,High
-9.4066,-10.9208,1.51422,0.49999999999999994,0.8660254037844387,15,0.7192896008491516,5.4,Mustard,Low
-9.0491,-16.0064,6.95729,0.49999999999999994,0.8660254037844387,1,0.7924238443374634,34.9,Chickori,High
-4.085,-15.3982,11.31316,0.49999999999999994,0.8660254037844387,1,0.8179989457130432,23.4,Chickori,Medium
-5.8408,-14.1161,8.275310000000001,0.49999999999999994,0.8660254037844387,13,0.3971463441848755,9.8,Lemon,Low
-6.8055,-12.0493,5.24378,0.49999999999999994,0.8660254037844387,1,0.7897819876670837,24.2666666666667,Chickori,High
-9.765,-14.8114,5.046390000000001,0.49999999999999994,0.8660254037844387,26,0.8184151649475098,17.2,Wheat,Medium
-8.7133,-15.3044,6.591049999999999,0.49999999999999994,0.8660254037844387,26,0.83259117603302,19.2,Wheat,Medium
-8.4761,-14.391,5.914859999999999,0.49999999999999994,0.8660254037844387,26,0.795099139213562,6.9,Wheat,Low
-8.6837,-17.2201,8.53643,0.49999999999999994,0.8660254037844387,26,0.7941645979881287,11.8,Wheat,Medium
-8.7918,-14.7092,5.91746,0.49999999999999994,0.8660254037844387,26,0.7761538028717041,8.63333333333333,Wheat,Low
-5.1592,-15.5951,10.43589,0.49999999999999994,0.8660254037844387,26,0.7690652012825012,31.2,Wheat,High
-7.0669,-11.8732,4.8063400000000005,0.49999999999999994,0.8660254037844387,26,0.8042039275169373,23.2,Wheat,Medium
-9.4506,-15.4256,5.975020000000001,0.49999999999999994,0.8660254037844387,26,0.8384625315666199,20.8,Wheat,Medium
-9.269,-14.472,5.2029499999999995,0.49999999999999994,0.8660254037844387,26,0.7962200045585632,32.0,Wheat,High
-8.1471,-16.2554,8.108299999999998,0.49999999999999994,0.8660254037844387,26,0.8053486943244934,17.5333333333333,Wheat,Medium
-10.8504,-18.268,7.41765,0.49999999999999994,0.8660254037844387,26,0.5759048461914062,11.1,Wheat,Medium
-12.0901,-17.1359,5.045859999999999,0.49999999999999994,0.8660254037844387,26,0.7548084855079651,8.2,Wheat,Low
-7.4558,-18.7544,11.29868,0.49999999999999994,0.8660254037844387,26,0.6383128762245178,27.7,Wheat,High
-9.287,-17.6881,8.40106,0.49999999999999994,0.8660254037844387,26,0.6469771265983582,22.4,Wheat,Medium
-9.9377,-17.8459,7.90827,0.49999999999999994,0.8660254037844387,26,0.5730479955673218,18.0666666666667,Wheat,Medium
-8.2881,-17.905,9.616879999999998,0.49999999999999994,0.8660254037844387,26,0.7834855318069458,19.3,Wheat,Medium
-8.9305,-19.7784,10.847909999999999,0.49999999999999994,0.8660254037844387,26,0.8271362781524658,6.2,Wheat,Low
-9.6866,-16.7159,7.029350000000001,0.49999999999999994,0.8660254037844387,26,0.81410151720047,50.0,Wheat,Very High
-11.9965,-16.4793,4.482799999999999,0.49999999999999994,0.8660254037844387,26,0.8319684267044067,50.0,Wheat,Very High
-10.6798,-15.3613,4.681510000000001,0.49999999999999994,0.8660254037844387,26,0.81903475522995,50.0,Wheat,Very High
-9.2285,-14.9018,5.67329,0.49999999999999994,0.8660254037844387,26,0.6839627623558044,39.6,Wheat,High
-9.3374,-19.6359,10.298560000000002,0.49999999999999994,0.8660254037844387,26,0.7867131233215332,40.6,Wheat,High
-7.0534,-13.5097,6.456320000000001,0.49999999999999994,0.8660254037844387,26,0.816272497177124,30.4,Wheat,High
-5.0927,-16.4774,11.38472,0.49999999999999994,0.8660254037844387,26,0.7575000524520874,41.4,Wheat,Very High
-7.7058,-14.9768,7.27093,0.49999999999999994,0.8660254037844387,26,0.75853431224823,43.6,Wheat,Very High
-11.3321,-18.6006,7.268509999999999,0.49999999999999994,0.8660254037844387,5,0.3499206900596618,50.0,Fallow,Very High
-9.6944,-17.0121,7.317730000000001,0.49999999999999994,0.8660254037844387,5,0.3612078428268432,50.0,Fallow,Very High
-12.2493,-16.6397,4.390379999999999,0.49999999999999994,0.8660254037844387,5,0.3876778781414032,50.0,Fallow,Very High
-9.1731,-18.5074,9.33429,0.49999999999999994,0.8660254037844387,5,0.3238053023815155,50.0,Fallow,Very High
-13.8072,-18.8156,5.0083400000000005,0.49999999999999994,0.8660254037844387,5,0.3090760409832001,50.0,Fallow,Very High
-6.9771,-12.9088,5.9317,0.49999999999999994,0.8660254037844387,26,0.7468985319137573,31.2,Wheat,High
-5.7528,-15.6715,9.91866,0.49999999999999994,0.8660254037844387,26,0.6028085350990295,24.5,Wheat,High
-8.584,-17.0563,8.47228,0.49999999999999994,0.8660254037844387,26,0.6480631828308105,26.8,Wheat,High
-9.3099,-14.2807,4.9707799999999995,0.49999999999999994,0.8660254037844387,26,0.7211688160896301,27.2,Wheat,High
-10.3644,-13.6265,3.2621400000000005,0.49999999999999994,0.8660254037844387,26,0.6598378419876099,40.9,Wheat,Very High
-8.8636,-15.2687,6.40517,0.49999999999999994,0.8660254037844387,26,0.5888888835906982,34.2,Wheat,High
-5.2103,-13.6308,8.420490000000001,0.49999999999999994,0.8660254037844387,26,0.738567054271698,34.4,Wheat,High
-3.8603,-14.2019,10.341529999999999,0.49999999999999994,0.8660254037844387,26,0.72539222240448,34.9,Wheat,High
-8.82,-17.8699,9.049819999999999,0.49999999999999994,0.8660254037844387,26,0.5087108016014099,46.0,Wheat,Very High
-6.0646,-16.4678,10.403289999999998,0.49999999999999994,0.8660254037844387,26,0.535719633102417,40.1666666666667,Wheat,High
-7.4729,-16.8686,9.395689999999998,0.49999999999999994,0.8660254037844387,26,0.7831141948699951,18.5,Wheat,Medium
-11.2724,-15.8539,4.5815,0.49999999999999994,0.8660254037844387,26,0.8046388626098633,33.0,Wheat,High
-7.7948,-17.3486,9.55384,0.49999999999999994,0.8660254037844387,26,0.6071926951408386,3.7,Wheat,Low
-9.3791,-12.03,2.6508900000000004,0.49999999999999994,0.8660254037844387,26,0.7902163863182068,26.0,Wheat,High
-9.9073,-15.6682,5.76093,0.49999999999999994,0.8660254037844387,26,0.7176797389984131,23.6333333333333,Wheat,Medium
-7.2263,-15.6473,8.421030000000002,0.49999999999999994,0.8660254037844387,26,0.3749734163284302,36.4,Wheat,High
-7.5886,-17.5649,9.97632,0.49999999999999994,0.8660254037844387,26,0.7419419884681702,26.8,Wheat,High
-7.4151,-16.5036,9.08845,0.49999999999999994,0.8660254037844387,26,0.4975040853023529,50.0,Wheat,Very High
-6.1927,-13.3488,7.156090000000001,0.49999999999999994,0.8660254037844387,26,0.5053393244743347,44.2,Wheat,Very High
-6.6829,-17.3896,10.70672,0.49999999999999994,0.8660254037844387,26,0.3393377065658569,46.9,Wheat,Very High
-7.2838,-16.9834,9.699520000000001,0.49999999999999994,0.8660254037844387,26,0.7860581874847412,20.7,Wheat,Medium
-10.1361,-17.0994,6.96327,0.49999999999999994,0.8660254037844387,26,0.750558078289032,44.1,Wheat,Very High
-4.2168,-14.0374,9.8205,0.49999999999999994,0.8660254037844387,22,0.6574466824531555,31.8,Tobacco,High
-6.8,-13.6837,6.883649999999999,0.49999999999999994,0.8660254037844387,26,0.5903291702270508,15.5,Wheat,Medium
-6.1441,-13.3524,7.208379999999999,0.49999999999999994,0.8660254037844387,26,0.8028239011764526,49.5333333333333,Wheat,Very High
-9.3143,-17.2565,7.94215,0.49999999999999994,0.8660254037844387,26,0.8620753288269043,50.0,Wheat,Very High
-9.6656,-19.2955,9.629870000000002,0.49999999999999994,0.8660254037844387,26,0.8083005547523499,41.5,Wheat,Very High
-9.3112,-15.5569,6.245760000000001,0.49999999999999994,0.8660254037844387,26,0.8203887939453125,30.5,Wheat,High
-6.0026,-17.2374,11.234790000000002,0.49999999999999994,0.8660254037844387,26,0.8221702575683594,37.5,Wheat,High
-8.3027,-17.786,9.48334,0.49999999999999994,0.8660254037844387,26,0.6473550200462341,48.7666666666667,Wheat,Very High
-6.7803,-14.0818,7.301569999999999,0.49999999999999994,0.8660254037844387,26,0.7402423620223999,39.3,Wheat,High
-5.8515,-12.034,6.18249,0.49999999999999994,0.8660254037844387,26,0.724826455116272,44.5,Wheat,Very High
-9.3208,-13.3112,3.99038,0.49999999999999994,0.8660254037844387,26,0.7398861050605774,39.2,Wheat,High
-4.9821,-15.7124,10.73027,0.49999999999999994,0.8660254037844387,26,0.7734189629554749,42.1,Wheat,Very High
-6.1584,-13.5291,7.37074,0.49999999999999994,0.8660254037844387,26,0.7990441918373108,36.3,Wheat,High
-7.8866,-16.2765,8.389929999999998,0.49999999999999994,0.8660254037844387,26,0.4461207091808319,30.3,Wheat,High
-5.9047,-13.9747,8.070039999999999,0.49999999999999994,0.8660254037844387,26,0.4229681491851806,28.0,Wheat,High
-10.9246,-17.4983,6.573690000000001,0.49999999999999994,0.8660254037844387,26,0.5285800695419312,38.0,Wheat,High
-8.6444,-16.0484,7.403980000000001,0.49999999999999994,0.8660254037844387,5,0.3880892992019653,50.0,Fallow,Very High
-6.9004,-14.8618,7.961430000000001,0.49999999999999994,0.8660254037844387,26,0.5398676991462708,32.2333333333333,Wheat,High
-7.2369,-13.0922,5.85522,0.49999999999999994,0.8660254037844387,23,0.6310006976127625,9.3,Tobacco&Chikori,Low
-6.9198,-13.8805,6.9607399999999995,0.49999999999999994,0.8660254037844387,23,0.7759665846824646,50.0,Tobacco&Chikori,Very High
-7.5706,-15.6327,8.06204,0.49999999999999994,0.8660254037844387,1,0.7777377367019653,50.0,Chickori,Very High
-10.3108,-16.6584,6.347559999999998,0.49999999999999994,0.8660254037844387,1,0.6601487994194031,50.0,Chickori,Very High
-7.1107,-14.4702,7.359540000000001,0.49999999999999994,0.8660254037844387,1,0.6993626356124878,23.2666666666667,Chickori,Medium
-5.8676,-13.7868,7.91928,0.49999999999999994,0.8660254037844387,26,0.6487035751342773,50.0,Wheat,Very High
-6.3473,-12.6867,6.339390000000001,0.49999999999999994,0.8660254037844387,26,0.6591395735740662,50.0,Wheat,Very High
-5.9469,-12.6293,6.68235,0.49999999999999994,0.8660254037844387,1,0.7650941610336304,25.0,Chickori,High
-8.4924,-14.0406,5.548159999999999,0.49999999999999994,0.8660254037844387,1,0.814028799533844,21.5,Chickori,Medium
-5.8443,-12.5745,6.7302100000000005,0.49999999999999994,0.8660254037844387,26,0.660824179649353,31.9333333333333,Wheat,High
-6.8885,-16.758,9.869530000000001,0.49999999999999994,0.8660254037844387,26,0.6801199913024902,15.6,Wheat,Medium
-8.0793,-15.4311,7.351789999999999,0.49999999999999994,0.8660254037844387,26,0.7679988741874695,50.0,Wheat,Very High
-8.3518,-15.7204,7.36863,0.49999999999999994,0.8660254037844387,1,0.7141234278678894,50.0,Chickori,Very High
-5.4988,-15.0618,9.56295,0.49999999999999994,0.8660254037844387,26,0.7799375653266907,29.6,Wheat,High
-8.9127,-15.8827,6.96996,0.49999999999999994,0.8660254037844387,1,0.7682265639305115,28.4333333333333,Chickori,High
-8.857,-19.5064,10.64942,0.49999999999999994,0.8660254037844387,26,0.771557092666626,27.0,Wheat,High
-9.3444,-14.5739,5.229469999999999,0.49999999999999994,0.8660254037844387,26,0.6951605081558228,16.9,Wheat,Medium
-6.9109,-14.9838,8.07285,0.49999999999999994,0.8660254037844387,25,0.7285927534103394,22.6,Weed&Chickori,Medium
-10.0134,-17.2981,7.284680000000002,0.49999999999999994,0.8660254037844387,26,0.6853463053703308,50.0,Wheat,Very High
-11.2139,-17.9788,6.764830000000002,0.49999999999999994,0.8660254037844387,26,0.824650764465332,19.8333333333333,Wheat,Medium
-2.2777,-12.3148,10.03711,0.49999999999999994,0.8660254037844387,15,0.5071485638618469,37.6,Mustard,High
-4.7036,-13.0278,8.3242,0.49999999999999994,0.8660254037844387,22,0.7670171856880188,31.6,Tobacco,High
-7.1486,-15.0456,7.8970400000000005,0.49999999999999994,0.8660254037844387,22,0.6512710452079773,28.4,Tobacco,High
-8.84,-15.0588,6.218819999999999,0.49999999999999994,0.8660254037844387,26,0.783216118812561,28.3,Wheat,High
-4.9148,-13.1431,8.228349999999999,0.49999999999999994,0.8660254037844387,22,0.7463507652282715,23.6333333333333,Tobacco,Medium
-5.2335,-16.2521,11.01862,0.49999999999999994,0.8660254037844387,22,0.8174371719360352,33.7,Tobacco,High
-5.2556,-12.902,7.646449999999999,0.49999999999999994,0.8660254037844387,26,0.8053170442581177,34.7,Wheat,High
-5.3588,-10.1762,4.817340000000001,0.49999999999999994,0.8660254037844387,22,0.8142969012260437,36.3,Tobacco,High
-3.9721,-15.1756,11.20347,0.49999999999999994,0.8660254037844387,22,0.7441704869270325,38.3,Tobacco,High
-5.5046,-12.7762,7.27163,0.49999999999999994,0.8660254037844387,22,0.8140177130699158,31.1333333333333,Tobacco,High
-4.279,-11.4177,7.13869,0.49999999999999994,0.8660254037844387,22,0.7836728096008301,50.0,Tobacco,Very High
-6.0888,-10.9877,4.898930000000001,0.49999999999999994,0.8660254037844387,22,0.8153184056282043,50.0,Tobacco,Very High
-3.337,-10.0278,6.69078,0.49999999999999994,0.8660254037844387,22,0.7725445628166199,50.0,Tobacco,Very High
-5.0331,-8.3302,3.297080000000001,0.49999999999999994,0.8660254037844387,26,0.7142998576164246,15.5,Wheat,Medium
-1.615,-7.7426,6.127599999999999,0.49999999999999994,0.8660254037844387,22,0.8021166324615479,24.0333333333333,Tobacco,Medium
-4.5149,-12.012,7.4971,0.49999999999999994,0.8660254037844387,22,0.5077265501022339,27.2,Tobacco,High
-8.7029,-13.3978,4.694899999999999,0.49999999999999994,0.8660254037844387,22,0.4853847920894623,27.2,Tobacco,High
-8.9552,-15.2072,6.2520299999999995,0.49999999999999994,0.8660254037844387,22,0.7081035375595093,50.0,Tobacco,Very High
-4.1695,-14.7091,10.53956,0.49999999999999994,0.8660254037844387,22,0.7421274781227112,50.0,Tobacco,Very High
-7.8792,-12.4551,4.5759300000000005,0.49999999999999994,0.8660254037844387,22,0.7597754597663879,32.3,Tobacco,High
-5.6636,-14.5264,8.86275,0.49999999999999994,0.8660254037844387,22,0.764538049697876,40.8,Tobacco,High
-5.576,-14.2685,8.692499999999999,0.49999999999999994,0.8660254037844387,22,0.7697269916534424,27.2,Tobacco,High
-4.8785,-10.8154,5.9369,0.49999999999999994,0.8660254037844387,22,0.6059917211532593,34.9,Tobacco,High
-5.3875,-15.0906,9.7031,0.49999999999999994,0.8660254037844387,5,0.332729697227478,17.4,Fallow,Medium
-7.3735,-13.3435,5.97002,0.49999999999999994,0.8660254037844387,26,0.7886859774589539,30.8666666666667,Wheat,High
-3.5257,-10.9129,7.387230000000001,0.49999999999999994,0.8660254037844387,26,0.8794965744018555,40.0,Wheat,High
-8.2505,-12.307,4.056469999999999,0.49999999999999994,0.8660254037844387,0,0.8896320462226868,41.5,Bhaji,Very High
-8.9617,-18.5209,9.559170000000002,0.49999999999999994,0.8660254037844387,26,0.8560886979103088,33.3,Wheat,High
-9.1593,-15.9706,6.8113600000000005,0.49999999999999994,0.8660254037844387,26,0.8601906895637512,50.0,Wheat,Very High
-8.6591,-15.495,6.835940000000001,0.49999999999999994,0.8660254037844387,26,0.8766987919807434,29.8333333333333,Wheat,High
-8.8092,-14.4501,5.64085,0.49999999999999994,0.8660254037844387,26,0.7147998213768005,27.4,Wheat,High
-6.9757,-16.1279,9.152179999999998,0.49999999999999994,0.8660254037844387,26,0.7211723327636719,14.6,Wheat,Medium
-7.8335,-15.2694,7.435910000000001,0.49999999999999994,0.8660254037844387,26,0.6898569464683533,50.0,Wheat,Very High
-11.1266,-16.7347,5.608169999999998,0.49999999999999994,0.8660254037844387,26,0.7258942127227783,50.0,Wheat,Very High
-10.4233,-15.4024,4.979049999999999,0.49999999999999994,0.8660254037844387,26,0.7053495049476624,14.6,Wheat,Medium
-9.267,-17.2733,8.00626,0.49999999999999994,0.8660254037844387,26,0.7302460670471191,50.0,Wheat,Very High
-4.2184,-16.4393,12.22085,0.49999999999999994,0.8660254037844387,26,0.7687080502510071,50.0,Wheat,Very High
-4.0783,-12.6549,8.57658,0.49999999999999994,0.8660254037844387,22,0.8130841851234436,50.0,Tobacco,Very High
-4.3431,-16.0221,11.67906,0.49999999999999994,0.8660254037844387,22,0.6217923164367676,50.0,Tobacco,Very High
-2.0373,-17.1912,15.15391,0.49999999999999994,0.8660254037844387,22,0.7621394395828247,50.0,Tobacco,Very High
-3.6492,-11.5553,7.90611,0.49999999999999994,0.8660254037844387,26,0.8351327776908875,50.0,Wheat,Very High
-5.1271,-15.8403,10.71327,0.49999999999999994,0.8660254037844387,22,0.8163496851921082,50.0,Tobacco,Very High
-6.3091,-13.941,7.63187,0.49999999999999994,0.8660254037844387,22,0.7052347660064697,50.0,Tobacco,Very High
-4.8058,-10.1101,5.304309999999999,0.49999999999999994,0.8660254037844387,22,0.7735217213630676,50.0,Tobacco,Very High
-5.6251,-11.6438,6.01866,0.49999999999999994,0.8660254037844387,22,0.7407367825508118,50.0,Tobacco,Very High
-6.6589,-16.048,9.389040000000001,0.8660254037844386,0.5000000000000001,5,0.4092406332492828,31.7,Fallow,High
-8.3941,-14.4306,6.0365400000000005,0.8660254037844386,0.5000000000000001,1,0.846638023853302,15.0,Chickori,Medium
-7.1618,-18.0511,10.88935,0.8660254037844386,0.5000000000000001,1,0.8579398989677429,30.4,Chickori,High
-6.1654,-14.5907,8.42532,0.8660254037844386,0.5000000000000001,13,0.357879638671875,1.9,Lemon,Low
-9.407,-16.3584,6.951420000000001,0.8660254037844386,0.5000000000000001,1,0.8293548822402954,32.7,Chickori,High
-8.6144,-15.3249,6.71053,0.8660254037844386,0.5000000000000001,26,0.87892746925354,25.5,Wheat,High
-6.7279,-15.8843,9.15645,0.8660254037844386,0.5000000000000001,26,0.8669365644454956,29.1,Wheat,High
-9.0198,-14.0051,4.98531,0.8660254037844386,0.5000000000000001,26,0.8410068154335022,21.8,Wheat,Medium
-9.334,-15.3566,6.02256,0.8660254037844386,0.5000000000000001,26,0.8111699819564819,14.7,Wheat,Medium
-8.8849,-15.0613,6.17634,0.8660254037844386,0.5000000000000001,26,0.8109196424484253,21.2,Wheat,Medium
-7.8686,-17.0768,9.208180000000002,0.8660254037844386,0.5000000000000001,26,0.8325033783912659,33.6,Wheat,High
-8.369,-14.577,6.20801,0.8660254037844386,0.5000000000000001,26,0.8578881025314331,31.3,Wheat,High
-7.6684,-16.765,9.09665,0.8660254037844386,0.5000000000000001,26,0.8675727248191833,30.7,Wheat,High
-8.575,-16.2823,7.707280000000003,0.8660254037844386,0.5000000000000001,26,0.8664335012435913,35.1,Wheat,High
-6.7718,-14.4252,7.653450000000001,0.8660254037844386,0.5000000000000001,26,0.8593926429748535,33.7666666666667,Wheat,High
-7.1646,-15.2403,8.07569,0.8660254037844386,0.5000000000000001,26,0.8007796406745911,24.4,Wheat,High
-4.484,-15.4693,10.98535,0.8660254037844386,0.5000000000000001,26,0.8830379843711853,26.4,Wheat,High
-6.2103,-21.1132,14.902899999999999,0.8660254037844386,0.5000000000000001,26,0.7426942586898804,39.4,Wheat,High
-8.8051,-17.5157,8.7106,0.8660254037844386,0.5000000000000001,26,0.8103203177452087,29.8,Wheat,High
-4.7085,-21.489,16.78051,0.8660254037844386,0.5000000000000001,26,0.7934911251068115,35.0,Wheat,High
-9.3731,-15.7861,6.41301,0.8660254037844386,0.5000000000000001,26,0.8623838424682617,24.4,Wheat,High
-5.9415,-19.0547,13.11317,0.8660254037844386,0.5000000000000001,26,0.8770034313201904,21.1,Wheat,Medium
-10.2065,-18.148,7.941530000000002,0.8660254037844386,0.5000000000000001,26,0.8984187841415405,26.1,Wheat,High
-11.4897,-17.1222,5.632450000000002,0.8660254037844386,0.5000000000000001,26,0.8936365842819214,20.5,Wheat,Medium
-12.5312,-16.4873,3.9560999999999993,0.8660254037844386,0.5000000000000001,26,0.886473536491394,24.1,Wheat,Medium
-10.2561,-16.5817,6.32555,0.8660254037844386,0.5000000000000001,26,0.7972859144210815,36.1,Wheat,High
-6.4674,-16.9714,10.503990000000002,0.8660254037844386,0.5000000000000001,26,0.8668203353881836,23.6,Wheat,Medium
-7.1448,-14.8634,7.718679999999999,0.8660254037844386,0.5000000000000001,26,0.8197914958000183,42.8,Wheat,Very High
-9.2357,-15.2969,6.061150000000001,0.8660254037844386,0.5000000000000001,26,0.7823847532272339,36.5,Wheat,High
-6.7184,-15.1378,8.419369999999999,0.8660254037844386,0.5000000000000001,26,0.8430957794189453,24.1333333333333,Wheat,High
-10.4852,-19.6821,9.19699,0.8660254037844386,0.5000000000000001,5,0.5111754536628723,50.0,Fallow,Very High
-8.7007,-15.3299,6.6292300000000015,0.8660254037844386,0.5000000000000001,5,0.3904879093170166,50.0,Fallow,Very High
-8.7537,-15.8308,7.0770599999999995,0.8660254037844386,0.5000000000000001,5,0.2127365320920944,50.0,Fallow,Very High
-11.0408,-17.5658,6.525009999999998,0.8660254037844386,0.5000000000000001,5,0.236516535282135,50.0,Fallow,Very High
-12.0803,-17.7778,5.69745,0.8660254037844386,0.5000000000000001,5,0.2634961307048797,50.0,Fallow,Very High
-5.8975,-15.6792,9.781690000000001,0.8660254037844386,0.5000000000000001,26,0.8329830169677734,26.6,Wheat,High
-7.6436,-13.7301,6.08651,0.8660254037844386,0.5000000000000001,26,0.7877753973007202,33.7,Wheat,High
-8.1654,-14.628,6.4626,0.8660254037844386,0.5000000000000001,26,0.8599166870117188,24.4,Wheat,High
-6.9809,-14.3076,7.32671,0.8660254037844386,0.5000000000000001,26,0.7886269688606262,33.9,Wheat,High
-4.9854,-15.3516,10.36623,0.8660254037844386,0.5000000000000001,26,0.6925313472747803,47.9666666666667,Wheat,Very High
-7.2017,-15.2295,8.027759999999999,0.8660254037844386,0.5000000000000001,26,0.6340007185935974,49.1,Wheat,Very High
-6.4943,-17.1242,10.629859999999999,0.8660254037844386,0.5000000000000001,26,0.7704702615737915,48.9,Wheat,Very High
-5.4193,-13.0935,7.674250000000001,0.8660254037844386,0.5000000000000001,26,0.7943128943443298,53.8,Wheat,Very High
-8.1388,-17.6036,9.464789999999999,0.8660254037844386,0.5000000000000001,26,0.6007429957389832,48.0,Wheat,Very High
-4.2557,-14.6202,10.36447,0.8660254037844386,0.5000000000000001,26,0.5610145926475525,51.9666666666667,Wheat,Very High
-8.2136,-15.5814,7.367800000000001,0.8660254037844386,0.5000000000000001,26,0.8242611885070801,28.1,Wheat,High
-6.8782,-16.8135,9.935280000000002,0.8660254037844386,0.5000000000000001,26,0.8511335253715515,30.2,Wheat,High
-9.8718,-15.089,5.217219999999999,0.8660254037844386,0.5000000000000001,26,0.6549658179283142,16.8,Wheat,Medium
-8.9361,-15.0246,6.088509999999999,0.8660254037844386,0.5000000000000001,26,0.8343484997749329,29.7,Wheat,High
-7.5912,-14.3574,6.76622,0.8660254037844386,0.5000000000000001,26,0.8020169138908386,28.5666666666667,Wheat,High
-8.0251,-14.6106,6.58544,0.8660254037844386,0.5000000000000001,26,0.8432469367980957,41.8,Wheat,Very High
-6.9646,-11.0991,4.134500000000001,0.8660254037844386,0.5000000000000001,26,0.8532639741897583,46.6,Wheat,Very High
-5.9335,-13.9345,8.001000000000001,0.8660254037844386,0.5000000000000001,22,0.7345833778381348,29.9,Tobacco,High
-5.3924,-16.3356,10.943169999999999,0.8660254037844386,0.5000000000000001,26,0.6607922911643982,28.6,Wheat,High
-4.0316,-15.5995,11.56784,0.8660254037844386,0.5000000000000001,26,0.8765095472335815,42.1,Wheat,Very High
-8.5235,-18.0445,9.52098,0.8660254037844386,0.5000000000000001,26,0.9004751443862915,27.7,Wheat,High
-11.6432,-17.0846,5.441410000000001,0.8660254037844386,0.5000000000000001,26,0.8655550479888916,37.0,Wheat,High
-6.3172,-13.5808,7.26362,0.8660254037844386,0.5000000000000001,26,0.8615058660507202,39.2,Wheat,High
-7.9409,-13.098,5.157050000000001,0.8660254037844386,0.5000000000000001,26,0.8623064160346985,21.0,Wheat,Medium
-11.9194,-18.422,6.502560000000001,0.8660254037844386,0.5000000000000001,26,0.7862099409103394,23.07,Wheat,Medium
-5.1119,-17.1848,12.072950000000002,0.8660254037844386,0.5000000000000001,26,0.8060720562934875,42.6,Wheat,Very High
-8.4748,-16.6788,8.203999999999999,0.8660254037844386,0.5000000000000001,26,0.7893718481063843,37.6,Wheat,High
-6.5693,-15.163,8.59374,0.8660254037844386,0.5000000000000001,26,0.8591418266296387,36.6,Wheat,High
-6.1928,-15.86,9.6672,0.8660254037844386,0.5000000000000001,26,0.8378682136535645,45.14,Wheat,Very High
-7.1302,-18.2299,11.099689999999999,0.8660254037844386,0.5000000000000001,26,0.8462032675743103,38.6,Wheat,High
-6.4743,-17.7723,11.29803,0.8660254037844386,0.5000000000000001,26,0.6842734217643738,27.5,Wheat,High
-6.8815,-14.3131,7.43165,0.8660254037844386,0.5000000000000001,26,0.5366518497467041,32.6,Wheat,High
-7.0003,-16.5754,9.57515,0.8660254037844386,0.5000000000000001,26,0.6081038117408752,15.4,Wheat,Medium
-4.4708,-16.0227,11.551830000000002,0.8660254037844386,0.5000000000000001,5,0.4260687530040741,50.0,Fallow,Very High
-6.8945,-13.1146,6.2200999999999995,0.8660254037844386,0.5000000000000001,26,0.7836798429489136,33.2666666666667,Wheat,High
-7.0328,-14.8477,7.81486,0.8660254037844386,0.5000000000000001,23,0.651856541633606,10.6,Tobacco&Chikori,Medium
-4.1456,-11.8469,7.701309999999999,0.8660254037844386,0.5000000000000001,23,0.7672629952430725,9.0,Tobacco&Chikori,Low
-7.683,-14.294,6.61094,0.8660254037844386,0.5000000000000001,1,0.7816092371940613,20.8,Chickori,Medium
-8.7029,-14.6517,5.9488199999999996,0.8660254037844386,0.5000000000000001,1,0.7060100436210632,34.6,Chickori,High
-8.373,-14.0061,5.63316,0.8660254037844386,0.5000000000000001,1,0.6021626591682434,31.2333333333333,Chickori,High
-7.7271,-14.0125,6.2854,0.8660254037844386,0.5000000000000001,26,0.7073163986206055,50.0,Wheat,Very High
-11.7047,-16.0798,4.375120000000001,0.8660254037844386,0.5000000000000001,26,0.7206010222434998,50.0,Wheat,Very High
-8.0502,-14.5116,6.461449999999999,0.8660254037844386,0.5000000000000001,1,0.788568913936615,50.0,Chickori,Very High
-7.9529,-14.2015,6.248570000000001,0.8660254037844386,0.5000000000000001,1,0.7810910940170288,50.0,Chickori,Very High
-9.5014,-15.1691,5.667719999999999,0.8660254037844386,0.5000000000000001,26,0.6935657858848572,50.0,Wheat,Very High
-6.9903,-12.351,5.360729999999999,0.8660254037844386,0.5000000000000001,26,0.750617265701294,21.5,Wheat,Medium
-7.3552,-15.6406,8.28541,0.8660254037844386,0.5000000000000001,1,0.7985556721687317,32.6,Chickori,High
-2.1602,-14.893,12.73282,0.8660254037844386,0.5000000000000001,26,0.8127905130386353,28.9,Wheat,High
-7.0064,-15.3478,8.3414,0.8660254037844386,0.5000000000000001,1,0.7490009665489197,34.6666666666667,Chickori,High
-7.6763,-16.3932,8.716819999999998,0.8660254037844386,0.5000000000000001,26,0.821295976638794,26.8,Wheat,High
-4.558,-12.6518,8.09385,0.8660254037844386,0.5000000000000001,26,0.7983057498931885,13.3,Wheat,Medium
-6.7743,-15.8556,9.081240000000001,0.8660254037844386,0.5000000000000001,25,0.8231377601623535,38.8,Weed&Chickori,High
-6.2904,-12.7382,6.44782,0.8660254037844386,0.5000000000000001,26,0.735361635684967,27.9,Wheat,High
-9.4288,-13.3729,3.9440299999999997,0.8660254037844386,0.5000000000000001,26,0.8770557045936584,22.6333333333333,Wheat,Medium
-4.4016,-12.4211,8.01951,0.8660254037844386,0.5000000000000001,15,0.544124960899353,16.5,Mustard,Medium
-6.0994,-11.7267,5.62731,0.8660254037844386,0.5000000000000001,22,0.7281820774078369,36.2,Tobacco,High
-10.0063,-15.0908,5.084530000000001,0.8660254037844386,0.5000000000000001,22,0.7075698375701904,33.5,Tobacco,High
-4.7357,-14.7606,10.02492,0.8660254037844386,0.5000000000000001,26,0.8509861826896667,22.7,Wheat,Medium
-5.324,-15.6077,10.28364,0.8660254037844386,0.5000000000000001,22,0.7643441557884216,32.6333333333333,Tobacco,High
-7.7972,-14.6058,6.808659999999999,0.8660254037844386,0.5000000000000001,22,0.8382431864738464,14.4,Tobacco,Medium
-3.5392,-13.7562,10.21699,0.8660254037844386,0.5000000000000001,26,0.8216631412506104,49.6,Wheat,Very High
-3.1302,-9.9457,6.815570000000001,0.8660254037844386,0.5000000000000001,22,0.8151358366012573,39.3,Tobacco,High
-4.51,-12.9883,8.47831,0.8660254037844386,0.5000000000000001,22,0.7854928374290466,36.6,Tobacco,High
-3.623,-10.1066,6.483569999999999,0.8660254037844386,0.5000000000000001,22,0.8184395432472229,36.5333333333333,Tobacco,High
-4.4982,-11.6928,7.19468,0.8660254037844386,0.5000000000000001,22,0.7560133337974548,22.5,Tobacco,Medium
-6.6767,-12.6169,5.94016,0.8660254037844386,0.5000000000000001,22,0.7998555302619934,25.1,Tobacco,High
-5.4394,-9.5887,4.149349999999999,0.8660254037844386,0.5000000000000001,22,0.729556143283844,22.7,Tobacco,Medium
-7.8174,-12.9178,5.10035,0.8660254037844386,0.5000000000000001,26,0.7607414722442627,21.4,Wheat,Medium
-7.2616,-11.7402,4.4786,0.8660254037844386,0.5000000000000001,22,0.7784267663955688,24.0,Tobacco,Medium
-6.3689,-12.3503,5.98138,0.8660254037844386,0.5000000000000001,22,0.6546537280082703,32.3,Tobacco,High
-5.2556,-13.7072,8.45165,0.8660254037844386,0.5000000000000001,22,0.633338987827301,30.5,Tobacco,High
-8.7302,-17.1863,8.45613,0.8660254037844386,0.5000000000000001,22,0.7083551287651062,52.3,Tobacco,Very High
-5.7685,-11.1917,5.42322,0.8660254037844386,0.5000000000000001,22,0.7388052940368652,32.9,Tobacco,High
-8.5567,-12.7989,4.24217,0.8660254037844386,0.5000000000000001,22,0.7310203909873962,34.7,Tobacco,High
-3.4361,-11.4696,8.03359,0.8660254037844386,0.5000000000000001,22,0.7457797527313232,35.3,Tobacco,High
-6.1575,-9.2927,3.13521,0.8660254037844386,0.5000000000000001,22,0.7729859352111816,43.3,Tobacco,Very High
-5.9094,-10.7516,4.842289999999999,0.8660254037844386,0.5000000000000001,22,0.716130793094635,32.2,Tobacco,High
-3.6554,-14.425,10.76955,0.8660254037844386,0.5000000000000001,5,0.2755844295024872,40.0,Fallow,High
-4.354,-12.4398,8.08576,0.8660254037844386,0.5000000000000001,26,0.8295825123786926,39.6,Wheat,High
-4.4986,-10.193,5.6944300000000005,0.8660254037844386,0.5000000000000001,26,0.8937801718711853,17.2,Wheat,Medium
-8.4238,-15.7022,7.278410000000001,0.8660254037844386,0.5000000000000001,0,0.9045761823654176,13.6,Bhaji,Medium
-8.9144,-17.7229,8.80844,0.8660254037844386,0.5000000000000001,26,0.9020408391952516,20.0,Wheat,Medium
-7.5392,-15.213,7.673779999999999,0.8660254037844386,0.5000000000000001,26,0.8836818337440491,9.8,Wheat,Low
-6.2977,-12.4269,6.129180000000001,0.8660254037844386,0.5000000000000001,26,0.8991281986236572,12.8333333333333,Wheat,Medium
-11.3903,-14.4574,3.0670699999999993,0.8660254037844386,0.5000000000000001,26,0.737360417842865,22.3,Wheat,Medium
-7.2759,-14.8954,7.61951,0.8660254037844386,0.5000000000000001,26,0.7847349047660828,43.6,Wheat,Very High
-6.3516,-11.71,5.35831,0.8660254037844386,0.5000000000000001,26,0.7443296313285828,43.9,Wheat,Very High
-10.1121,-14.3698,4.257710000000001,0.8660254037844386,0.5000000000000001,26,0.8606721758842468,39.5,Wheat,High
-6.8885,-14.6312,7.742660000000001,0.8660254037844386,0.5000000000000001,26,0.7900270223617554,44.2333333333333,Wheat,Very High
-7.8374,-17.8437,10.00629,0.8660254037844386,0.5000000000000001,26,0.7412108778953552,15.8,Wheat,Medium
-8.4333,-13.0224,4.589089999999999,0.8660254037844386,0.5000000000000001,26,0.809621274471283,10.0,Wheat,Medium
-3.8258,-16.7093,12.883479999999999,0.8660254037844386,0.5000000000000001,22,0.7868872284889221,17.3,Tobacco,Medium
-8.3758,-15.1083,6.73255,0.8660254037844386,0.5000000000000001,22,0.7123161554336548,26.6,Tobacco,High
-4.4632,-13.0537,8.59055,0.8660254037844386,0.5000000000000001,22,0.7713940143585205,22.1,Tobacco,Medium
-5.8793,-13.89,8.01071,0.8660254037844386,0.5000000000000001,26,0.8292223811149597,50.0,Wheat,Very High
-6.1427,-15.0076,8.8649,0.8660254037844386,0.5000000000000001,22,0.8463298678398132,38.7,Tobacco,High
-8.5515,-15.367,6.8154699999999995,0.8660254037844386,0.5000000000000001,22,0.6281536817550659,32.1,Tobacco,High
-3.8286,-15.1196,11.291,0.8660254037844386,0.5000000000000001,22,0.7307416796684265,21.2,Tobacco,Medium
-7.1353,-14.134,6.9986999999999995,0.8660254037844386,0.5000000000000001,22,0.670581042766571,24.6,Tobacco,High
-5.1509,-15.0399,9.889,0.8660254037844386,0.5000000000000001,5,0.2667944133281708,8.7,Fallow,Low
-6.3254,-17.6933,11.36796,0.8660254037844386,0.5000000000000001,1,0.8395294547080994,25.9,Chickori,High
-7.84,-14.9222,7.08219,0.8660254037844386,0.5000000000000001,1,0.8082704544067383,49.7,Chickori,Very High
-8.4638,-17.3686,8.904739999999999,0.8660254037844386,0.5000000000000001,13,0.3975611925125122,3.3,Lemon,Low
-4.9218,-14.6292,9.70746,0.8660254037844386,0.5000000000000001,1,0.7906404137611389,49.0666666666667,Chickori,Very High
-8.6234,-17.729,9.10557,0.8660254037844386,0.5000000000000001,26,0.5863723158836365,25.2,Wheat,High
-6.3887,-15.9444,9.55576,0.8660254037844386,0.5000000000000001,26,0.5179210901260376,26.4,Wheat,High
-6.4529,-15.243,8.79017,0.8660254037844386,0.5000000000000001,26,0.5812368392944336,25.6,Wheat,High
-8.5705,-13.5368,4.966289999999999,0.8660254037844386,0.5000000000000001,26,0.508509635925293,30.0,Wheat,High
-5.9615,-17.2277,11.266210000000001,0.8660254037844386,0.5000000000000001,26,0.5552211403846741,21.8,Wheat,Medium
-5.9782,-13.961,7.982880000000001,0.8660254037844386,0.5000000000000001,26,0.6021001935005188,41.0,Wheat,Very High
-8.986,-15.9601,6.97414,0.8660254037844386,0.5000000000000001,26,0.5698703527450562,37.7,Wheat,High
-9.5506,-15.246,5.6953700000000005,0.8660254037844386,0.5000000000000001,26,0.5728445649147034,32.3,Wheat,High
-7.5641,-15.1609,7.59684,0.8660254037844386,0.5000000000000001,26,0.573323667049408,37.0,Wheat,High
-10.2294,-16.2511,6.021689999999998,0.8660254037844386,0.5000000000000001,26,0.5770398378372192,33.1666666666667,Wheat,High
-7.9063,-17.3672,9.46089,0.8660254037844386,0.5000000000000001,26,0.647913932800293,25.4,Wheat,High
-7.2307,-17.148,9.917290000000001,0.8660254037844386,0.5000000000000001,26,0.6979624032974243,20.2,Wheat,Medium
-5.6646,-16.1026,10.438000000000002,0.8660254037844386,0.5000000000000001,26,0.4801380038261413,31.6,Wheat,High
-8.8695,-13.5868,4.7172399999999985,0.8660254037844386,0.5000000000000001,26,0.636766254901886,54.1,Wheat,Very High
-4.4092,-14.4732,10.064060000000001,0.8660254037844386,0.5000000000000001,26,0.6460590958595276,29.6,Wheat,High
-9.745,-19.4482,9.703180000000001,0.8660254037844386,0.5000000000000001,26,0.6197975873947144,20.8,Wheat,Medium
-8.157,-20.4988,12.34183,0.8660254037844386,0.5000000000000001,26,0.6519320607185364,14.1,Wheat,Medium
-10.6915,-19.5654,8.873949999999999,0.8660254037844386,0.5000000000000001,26,0.7052904367446899,12.4,Wheat,Medium
-7.8936,-18.0427,10.14912,0.8660254037844386,0.5000000000000001,26,0.6814009547233582,7.0,Wheat,Low
-9.292,-18.5164,9.22438,0.8660254037844386,0.5000000000000001,26,0.7080605030059814,21.0666666666667,Wheat,Medium
-8.5989,-18.9701,10.37116,0.8660254037844386,0.5000000000000001,26,0.5402064323425293,39.0,Wheat,High
-7.1507,-16.5662,9.415490000000002,0.8660254037844386,0.5000000000000001,26,0.6277406811714172,39.8,Wheat,High
-7.4737,-18.0263,10.552609999999998,0.8660254037844386,0.5000000000000001,26,0.4488388299942016,21.3,Wheat,Medium
-6.6512,-16.1194,9.46814,0.8660254037844386,0.5000000000000001,26,0.472702294588089,40.4,Wheat,High
-7.1369,-19.1005,11.963619999999999,0.8660254037844386,0.5000000000000001,26,0.6066651940345764,39.8666666666667,Wheat,High
-5.6728,-18.208,12.535160000000001,0.8660254037844386,0.5000000000000001,5,0.7879917025566101,50.0,Fallow,Very High
-4.802,-18.6468,13.84473,0.8660254037844386,0.5000000000000001,5,0.8428561091423035,50.0,Fallow,Very High
-7.8213,-15.6427,7.821429999999999,0.8660254037844386,0.5000000000000001,5,0.6846666932106018,50.0,Fallow,Very High
-6.3192,-17.8175,11.49828,0.8660254037844386,0.5000000000000001,5,0.810215175151825,50.0,Fallow,Very High
-5.3022,-19.092,13.78981,0.8660254037844386,0.5000000000000001,5,0.7756537199020386,50.0,Fallow,Very High
-9.4588,-15.6438,6.18501,0.8660254037844386,0.5000000000000001,26,0.6028918623924255,34.2,Wheat,High
-11.5688,-13.5589,1.99005,0.8660254037844386,0.5000000000000001,26,0.6609301567077637,27.7,Wheat,High
-8.3422,-15.0674,6.72523,0.8660254037844386,0.5000000000000001,26,0.684849739074707,26.1,Wheat,High
-8.4367,-14.749,6.31231,0.8660254037844386,0.5000000000000001,26,0.5303203463554382,29.6,Wheat,High
-8.5865,-14.5216,5.93505,0.8660254037844386,0.5000000000000001,26,0.512704074382782,39.0333333333333,Wheat,High
-6.9422,-16.5872,9.645029999999998,0.8660254037844386,0.5000000000000001,26,0.4329204261302948,27.8,Wheat,High
-10.3336,-12.9217,2.58817,0.8660254037844386,0.5000000000000001,26,0.525672972202301,25.7,Wheat,High
-3.181,-11.656,8.47504,0.8660254037844386,0.5000000000000001,26,0.5611803531646729,30.2,Wheat,High
-10.3078,-16.0567,5.74882,0.8660254037844386,0.5000000000000001,26,0.4399668574333191,23.3,Wheat,Medium
-7.3941,-15.763,8.36891,0.8660254037844386,0.5000000000000001,26,0.3827152848243713,37.2,Wheat,High
-11.0634,-17.512,6.448679999999998,0.8660254037844386,0.5000000000000001,26,0.4489966630935669,15.5,Wheat,Medium
-7.667,-16.951,9.283919999999998,0.8660254037844386,0.5000000000000001,26,0.4524201154708862,16.7,Wheat,Medium
-8.8914,-17.197,8.305589999999999,0.8660254037844386,0.5000000000000001,26,0.4531175494194031,25.6,Wheat,High
-8.5674,-14.9046,6.337250000000001,0.8660254037844386,0.5000000000000001,26,0.5074307322502136,24.5,Wheat,High
-8.7284,-15.6186,6.8901,0.8660254037844386,0.5000000000000001,26,0.4968929886817932,19.8666666666667,Wheat,Medium
-6.0355,-16.6328,10.597349999999999,0.8660254037844386,0.5000000000000001,26,0.6153115630149841,10.6,Wheat,Medium
-6.5527,-16.0866,9.533819999999999,0.8660254037844386,0.5000000000000001,26,0.7355282306671143,37.3,Wheat,High
-6.323,-16.966,10.64302,0.8660254037844386,0.5000000000000001,22,0.7040815353393555,24.1,Tobacco,Medium
-10.5148,-17.2885,6.7737099999999995,0.8660254037844386,0.5000000000000001,26,0.5335147380828857,17.5,Wheat,Medium
-10.9255,-16.8931,5.96762,0.8660254037844386,0.5000000000000001,26,0.7361228466033936,12.9666666666667,Wheat,Medium
-9.8471,-14.1256,4.278450000000001,0.8660254037844386,0.5000000000000001,26,0.7335106730461121,42.3,Wheat,Very High
-12.2505,-16.273,4.02243,0.8660254037844386,0.5000000000000001,26,0.7051596641540527,24.5,Wheat,High
-7.974,-15.1585,7.184520000000001,0.8660254037844386,0.5000000000000001,26,0.5052712559700012,34.6,Wheat,High
-10.4582,-15.9799,5.521659999999999,0.8660254037844386,0.5000000000000001,26,0.6949446797370911,33.2,Wheat,High
-11.0947,-17.7896,6.694840000000001,0.8660254037844386,0.5000000000000001,26,0.6934424638748169,21.5666666666667,Wheat,Medium
-8.401,-20.0229,11.62191,0.8660254037844386,0.5000000000000001,26,0.5657959580421448,21.4,Wheat,Medium
-8.311,-17.6673,9.35631,0.8660254037844386,0.5000000000000001,26,0.5543004274368286,39.3,Wheat,High
-10.4966,-14.0381,3.541550000000001,0.8660254037844386,0.5000000000000001,26,0.686448872089386,26.7,Wheat,High
-7.0904,-14.7889,7.69858,0.8660254037844386,0.5000000000000001,26,0.5331700444221497,21.4,Wheat,Medium
-7.1402,-18.2518,11.111650000000001,0.8660254037844386,0.5000000000000001,26,0.5576132535934448,37.9666666666667,Wheat,High
-5.5408,-14.3962,8.85538,0.8660254037844386,0.5000000000000001,26,0.6406081914901733,50.0,Wheat,Very High
-6.3078,-14.3113,8.00349,0.8660254037844386,0.5000000000000001,26,0.4610148668289184,34.6,Wheat,High
-9.7141,-15.9234,6.20933,0.8660254037844386,0.5000000000000001,26,0.365725427865982,17.3,Wheat,Medium
-7.9229,-16.2736,8.35065,0.8660254037844386,0.5000000000000001,5,0.4389498233795166,50.0,Fallow,Very High
-4.89,-14.5516,9.661560000000001,0.8660254037844386,0.5000000000000001,26,0.6565164923667908,37.7,Wheat,High
-6.0286,-16.9004,10.87179,0.8660254037844386,0.5000000000000001,23,0.6884072422981262,23.9,Tobacco&Chikori,Medium
-7.6311,-14.1056,6.474540000000001,0.8660254037844386,0.5000000000000001,23,0.7412600517272949,26.4,Tobacco&Chikori,High
-9.1168,-13.8685,4.75174,0.8660254037844386,0.5000000000000001,1,0.7488161325454712,16.3,Chickori,Medium
-11.0451,-13.4866,2.4414799999999985,0.8660254037844386,0.5000000000000001,1,0.6479113101959229,14.9,Chickori,Medium
-10.3126,-13.3066,2.994019999999999,0.8660254037844386,0.5000000000000001,1,0.5694898366928101,16.0666666666667,Chickori,Medium
-8.9966,-13.7178,4.7212499999999995,0.8660254037844386,0.5000000000000001,26,0.6017878651618958,12.0,Wheat,Medium
-10.3682,-15.6768,5.30857,0.8660254037844386,0.5000000000000001,26,0.7045474052429199,16.9,Wheat,Medium
-8.9739,-13.0633,4.08938,0.8660254037844386,0.5000000000000001,1,0.7769810557365417,38.0,Chickori,High
-10.7928,-14.1169,3.3241300000000003,0.8660254037844386,0.5000000000000001,1,0.7605381608009338,25.3,Chickori,High
-9.6676,-13.0728,3.4051100000000005,0.8660254037844386,0.5000000000000001,26,0.6231261491775513,10.5,Wheat,Medium
-12.6769,-14.9532,2.2763299999999997,0.8660254037844386,0.5000000000000001,26,0.6203651428222656,24.4,Wheat,High
-10.6722,-15.2502,4.577999999999999,0.8660254037844386,0.5000000000000001,26,0.7643872499465942,30.2,Wheat,High
-7.2563,-16.8507,9.59442,0.8660254037844386,0.5000000000000001,1,0.7232376933097839,38.3,Chickori,High
-8.408,-16.3695,7.961489999999998,0.8660254037844386,0.5000000000000001,26,0.4117332994937897,20.0,Wheat,Medium
-10.3453,-15.6037,5.2584,0.8660254037844386,0.5000000000000001,1,0.7227283120155334,38.8,Chickori,High
-10.7708,-14.872,4.10126,0.8660254037844386,0.5000000000000001,26,0.5587750673294067,21.7,Wheat,Medium
-11.7161,-12.9387,1.222570000000001,0.8660254037844386,0.5000000000000001,26,0.7139986157417297,14.1,Wheat,Medium
-9.3376,-16.3584,7.0207000000000015,0.8660254037844386,0.5000000000000001,25,0.7547309994697571,33.8,Weed&Chickori,High
-6.5758,-17.2158,10.64001,0.8660254037844386,0.5000000000000001,26,0.5208863615989685,19.2,Wheat,Medium
-8.0457,-16.2486,8.202879999999999,0.8660254037844386,0.5000000000000001,26,0.6424810886383057,17.1,Wheat,Medium
-6.9634,-14.1819,7.21856,0.8660254037844386,0.5000000000000001,15,0.5390419363975525,21.4,Mustard,Medium
-7.5555,-14.1052,6.5497000000000005,0.8660254037844386,0.5000000000000001,22,0.656915545463562,36.9,Tobacco,High
-8.7233,-15.142,6.41869,0.8660254037844386,0.5000000000000001,22,0.5825597643852234,27.4,Tobacco,High
-10.4102,-18.7094,8.299240000000001,0.8660254037844386,0.5000000000000001,26,0.6801242232322693,26.4,Wheat,High
-7.1066,-13.0714,5.96482,0.8660254037844386,0.5000000000000001,22,0.6409258246421814,30.5,Tobacco,High
-6.8528,-15.5577,8.70494,0.8660254037844386,0.5000000000000001,22,0.7489814162254333,25.2,Tobacco,High
-5.0244,-14.0223,8.997910000000001,0.8660254037844386,0.5000000000000001,26,0.4934918284416199,29.3,Wheat,High
-5.8884,-13.7671,7.87874,0.8660254037844386,0.5000000000000001,22,0.7105290293693542,29.4,Tobacco,High
-2.2609,-14.4895,12.22868,0.8660254037844386,0.5000000000000001,22,0.7312930822372437,29.3,Tobacco,High
-5.3137,-11.9346,6.62093,0.8660254037844386,0.5000000000000001,22,0.7237093448638916,26.8666666666667,Tobacco,High
-7.5343,-13.9357,6.401330000000001,0.8660254037844386,0.5000000000000001,22,0.5879728198051453,19.6,Tobacco,Medium
-7.8646,-12.0288,4.1641200000000005,0.8660254037844386,0.5000000000000001,22,0.6523022055625916,27.3,Tobacco,High
-5.7172,-11.8516,6.13442,0.8660254037844386,0.5000000000000001,22,0.5749783515930176,23.3,Tobacco,Medium
-5.4232,-16.6157,11.19259,0.8660254037844386,0.5000000000000001,26,0.4378071427345276,5.3,Wheat,Low
-5.1935,-12.6118,7.418290000000001,0.8660254037844386,0.5000000000000001,22,0.6218875646591187,25.1333333333333,Tobacco,High
-7.3673,-12.0916,4.72433,0.8660254037844386,0.5000000000000001,22,0.2692661881446838,13.1,Tobacco,Medium
-6.8742,-15.3317,8.457540000000002,0.8660254037844386,0.5000000000000001,22,0.4108368754386902,13.4,Tobacco,Medium
-6.0424,-15.7905,9.74811,0.8660254037844386,0.5000000000000001,22,0.6549974083900452,26.4,Tobacco,High
-5.0528,-12.9475,7.894709999999999,0.8660254037844386,0.5000000000000001,22,0.6479228734970093,37.8,Tobacco,High
-4.8934,-11.6324,6.7391000000000005,0.8660254037844386,0.5000000000000001,22,0.6420190930366516,28.8333333333333,Tobacco,High
-8.0531,-13.9545,5.901400000000001,0.8660254037844386,0.5000000000000001,22,0.3528823852539062,11.5,Tobacco,Medium
-7.2609,-15.614,8.35309,0.8660254037844386,0.5000000000000001,22,0.6537141799926758,15.7,Tobacco,Medium
-5.8676,-14.1786,8.311040000000002,0.8660254037844386,0.5000000000000001,22,0.5936911106109619,17.4,Tobacco,Medium
-8.4938,-19.4004,10.906699999999999,0.8660254037844386,0.5000000000000001,5,0.2481542229652404,33.9,Fallow,High
-8.1076,-18.044,9.936399999999999,0.8660254037844386,0.5000000000000001,26,0.5146292448043823,8.5,Wheat,Low
-7.1954,-11.9365,4.741059999999999,0.8660254037844386,0.5000000000000001,26,0.5907676219940186,9.6,Wheat,Low
-8.5443,-14.5055,5.9612300000000005,0.8660254037844386,0.5000000000000001,0,0.6450100541114807,23.2,Bhaji,Medium
-7.7903,-17.7777,9.987400000000001,0.8660254037844386,0.5000000000000001,26,0.7159854769706726,11.9,Wheat,Medium
-8.5492,-17.3545,8.80529,0.8660254037844386,0.5000000000000001,26,0.6135593056678772,14.6,Wheat,Medium
-9.3101,-15.8901,6.58,0.8660254037844386,0.5000000000000001,26,0.6480268239974976,8.93333333333333,Wheat,Low
-7.1213,-16.5198,9.39854,0.8660254037844386,0.5000000000000001,26,0.5444605946540833,19.4,Wheat,Medium
-5.8664,-15.1165,9.25009,0.8660254037844386,0.5000000000000001,26,0.723679780960083,19.3,Wheat,Medium
-7.8772,-14.4182,6.54098,0.8660254037844386,0.5000000000000001,26,0.5214954018592834,9.7,Wheat,Low
-12.3203,-15.1557,2.8354300000000006,0.8660254037844386,0.5000000000000001,26,0.590095579624176,6.5,Wheat,Low
-8.8513,-15.6518,6.80048,0.8660254037844386,0.5000000000000001,26,0.5525873303413391,7.53333333333333,Wheat,Low
-11.527,-16.7996,5.272590000000001,0.8660254037844386,0.5000000000000001,26,0.5393921732902527,50.0,Wheat,Very High
-8.0741,-13.5532,5.479149999999999,0.8660254037844386,0.5000000000000001,26,0.6167330741882324,50.0,Wheat,Very High
-5.3553,-13.7728,8.41744,0.8660254037844386,0.5000000000000001,22,0.6273162364959717,29.9,Tobacco,High
-5.9294,-15.9287,9.999279999999999,0.8660254037844386,0.5000000000000001,22,0.6049920320510864,24.7,Tobacco,High
-6.0846,-15.9127,9.828119999999998,0.8660254037844386,0.5000000000000001,22,0.5776345133781433,39.7333333333333,Tobacco,High
-8.6927,-14.1569,5.464139999999999,0.8660254037844386,0.5000000000000001,26,0.4947681128978729,50.0,Wheat,Very High
-6.4827,-15.5608,9.078050000000001,0.8660254037844386,0.5000000000000001,22,0.57076495885849,50.0,Tobacco,Very High
-6.2066,-14.7314,8.52481,0.8660254037844386,0.5000000000000001,22,0.2509313225746155,50.0,Tobacco,Very High
-9.4341,-20.5299,11.09573,0.8660254037844386,0.5000000000000001,22,0.2304640114307403,50.0,Tobacco,Very High
-7.4774,-15.4238,7.94639,0.8660254037844386,0.5000000000000001,22,0.2050709426403045,50.0,Tobacco,Very High
-10.0017,-19.9221,9.92042,0.8660254037844387,-0.4999999999999998,19,0.7779281139373779,16.3,Perl Millet,Medium
-8.6463,-16.3134,7.667059999999999,0.8660254037844387,-0.4999999999999998,5,0.1658142805099487,2.4,Fallow,Low
-9.6457,-15.3552,5.709569999999999,0.8660254037844387,-0.4999999999999998,5,0.1785202622413635,1.6,Fallow,Low
-8.2142,-14.1562,5.94201,0.8660254037844387,-0.4999999999999998,13,0.3799952268600464,4.3,Lemon,Low
-9.2195,-14.9765,5.757019999999999,0.8660254037844387,-0.4999999999999998,5,0.2441975176334381,2.8,Fallow,Low
-8.1999,-18.8778,10.6779,0.8660254037844387,-0.4999999999999998,19,0.621453583240509,27.4,Perl Millet,High
-8.9466,-17.3369,8.390250000000002,0.8660254037844387,-0.4999999999999998,19,0.5536453127861023,28.1,Perl Millet,High
-11.7311,-16.3252,4.594100000000001,0.8660254037844387,-0.4999999999999998,5,0.2668066918849945,15.1,Fallow,Medium
-9.4678,-20.7118,11.243960000000001,0.8660254037844387,-0.4999999999999998,5,0.2881502211093902,22.4,Fallow,Medium
-10.4328,-18.9206,8.487719999999998,0.8660254037844387,-0.4999999999999998,19,0.5978308320045471,18.9,Perl Millet,Medium
-5.8695,-15.8278,9.95832,0.8660254037844387,-0.4999999999999998,5,0.1962616145610809,17.1,Fallow,Medium
-9.3925,-16.4563,7.06377,0.8660254037844387,-0.4999999999999998,5,0.1349515318870544,15.3,Fallow,Medium
-7.6494,-16.4518,8.802429999999998,0.8660254037844387,-0.4999999999999998,5,0.1121212989091873,16.7,Fallow,Medium
-9.9662,-13.7555,3.7893100000000004,0.8660254037844387,-0.4999999999999998,5,0.11939437687397,17.2,Fallow,Medium
-8.5925,-14.8136,6.221080000000001,0.8660254037844387,-0.4999999999999998,5,0.1089328676462173,12.3666666666667,Fallow,Medium
-10.2575,-15.2685,5.010959999999999,0.8660254037844387,-0.4999999999999998,5,0.1944013386964798,16.4,Fallow,Medium
-11.1337,-20.1633,9.02961,0.8660254037844387,-0.4999999999999998,5,0.1424008011817932,11.5,Fallow,Medium
-12.3091,-18.1222,5.813139999999999,0.8660254037844387,-0.4999999999999998,5,0.1866503655910492,13.0,Fallow,Medium
-12.6527,-16.6491,3.9963900000000017,0.8660254037844387,-0.4999999999999998,5,0.1323457509279251,13.9,Fallow,Medium
-13.7464,-18.8742,5.127800000000001,0.8660254037844387,-0.4999999999999998,5,0.1670660972595214,11.5666666666667,Fallow,Medium
-9.1493,-16.2859,7.136660000000001,0.8660254037844387,-0.4999999999999998,5,0.1500529944896698,8.3,Fallow,Low
-12.0435,-16.5274,4.48391,0.8660254037844387,-0.4999999999999998,5,0.1235349625349044,7.9,Fallow,Low
-11.5716,-17.9457,6.37401,0.8660254037844387,-0.4999999999999998,5,0.1264584511518478,6.3,Fallow,Low
-8.7048,-19.8832,11.178399999999998,0.8660254037844387,-0.4999999999999998,5,0.1412820965051651,6.4,Fallow,Low
-11.022,-20.458,9.435979999999999,0.8660254037844387,-0.4999999999999998,5,0.1371805667877197,7.26666666666667,Fallow,Low
-11.7562,-15.2501,3.4938800000000008,0.8660254037844387,-0.4999999999999998,18,0.768231213092804,16.4,Paddy,Medium
-7.8027,-18.6203,10.817619999999998,0.8660254037844387,-0.4999999999999998,18,0.7457230687141418,31.1,Paddy,High
-7.4974,-17.3916,9.894200000000001,0.8660254037844387,-0.4999999999999998,18,0.616908073425293,32.3,Paddy,High
-9.3559,-11.2428,1.8868800000000014,0.8660254037844387,-0.4999999999999998,18,0.8099851012229919,44.1,Paddy,Very High
-9.5778,-13.5984,4.0206,0.8660254037844387,-0.4999999999999998,18,0.8322751522064209,40.0666666666667,Paddy,High
-10.4613,-17.0288,6.56752,0.8660254037844387,-0.4999999999999998,5,0.173119381070137,14.2,Fallow,Medium
-9.639,-16.984,7.34493,0.8660254037844387,-0.4999999999999998,5,0.262805163860321,12.6,Fallow,Medium
-8.8935,-21.3318,12.43835,0.8660254037844387,-0.4999999999999998,5,0.1417324542999267,16.7,Fallow,Medium
-13.0041,-21.535,8.530929999999998,0.8660254037844387,-0.4999999999999998,5,0.1721355020999908,15.1,Fallow,Medium
-11.5123,-21.9694,10.457149999999999,0.8660254037844387,-0.4999999999999998,5,0.2086667120456695,13.0666666666667,Fallow,Medium
-8.7568,-18.0677,9.310890000000002,0.8660254037844387,-0.4999999999999998,5,0.2375446856021881,16.2,Fallow,Medium
-9.4657,-20.1278,10.662090000000001,0.8660254037844387,-0.4999999999999998,5,0.2489638030529022,16.5,Fallow,Medium
-8.7002,-17.9202,9.22005,0.8660254037844387,-0.4999999999999998,5,0.295392245054245,6.6,Fallow,Low
-6.5437,-14.7716,8.22787,0.8660254037844387,-0.4999999999999998,5,0.1441701203584671,4.1,Fallow,Low
-7.835,-19.3125,11.477500000000001,0.8660254037844387,-0.4999999999999998,5,0.160523310303688,15.2666666666667,Fallow,Medium
-14.7778,-16.4023,1.624489999999998,0.8660254037844387,-0.4999999999999998,14,0.1222610622644424,14.2,Maize,Medium
-9.2534,-18.1469,8.893489999999998,0.8660254037844387,-0.4999999999999998,14,0.2609432935714721,19.4,Maize,Medium
-11.0069,-18.6662,7.659300000000002,0.8660254037844387,-0.4999999999999998,5,0.15369813144207,15.1,Fallow,Medium
-13.5766,-19.4132,5.836670000000002,0.8660254037844387,-0.4999999999999998,5,0.2108320295810699,13.4,Fallow,Medium
-11.229,-17.6609,6.4319299999999995,0.8660254037844387,-0.4999999999999998,14,0.2284100800752639,15.6333333333333,Maize,Medium
-12.4898,-15.4301,2.94027,0.8660254037844387,-0.4999999999999998,5,0.2678070068359375,17.7,Fallow,Medium
-10.3527,-23.3297,12.977070000000001,0.8660254037844387,-0.4999999999999998,5,0.2396960407495498,19.1,Fallow,Medium
-9.6223,-19.0236,9.40137,0.8660254037844387,-0.4999999999999998,5,0.2153147011995315,13.7,Fallow,Medium
-9.8516,-17.1643,7.312639999999998,0.8660254037844387,-0.4999999999999998,5,0.2947957813739776,9.6,Fallow,Low
-10.898,-16.9778,6.079829999999999,0.8660254037844387,-0.4999999999999998,5,0.2909870445728302,19.3333333333333,Fallow,Medium
-8.4676,-17.8106,9.342979999999999,0.8660254037844387,-0.4999999999999998,5,0.1253362745046615,16.1,Fallow,Medium
-10.9682,-16.1185,5.150319999999999,0.8660254037844387,-0.4999999999999998,5,0.1950757801532745,10.9,Fallow,Medium
-12.3767,-19.9925,7.615740000000002,0.8660254037844387,-0.4999999999999998,5,0.266145646572113,18.9,Fallow,Medium
-9.9524,-16.7232,6.7707999999999995,0.8660254037844387,-0.4999999999999998,19,0.2744356095790863,18.6,Perl Millet,Medium
-10.3905,-17.6328,7.242330000000001,0.8660254037844387,-0.4999999999999998,7,0.1874403953552246,10.1,Fodder,Medium
-8.11,-20.4596,12.34954,0.8660254037844387,-0.4999999999999998,5,0.2913301289081573,16.1,Fallow,Medium
-7.6597,-22.8233,15.163540000000001,0.8660254037844387,-0.4999999999999998,5,0.238795980811119,9.8,Fallow,Low
-8.9448,-18.0926,9.14779,0.8660254037844387,-0.4999999999999998,19,0.500544011592865,18.0,Perl Millet,Medium
-10.0861,-16.1782,6.09211,0.8660254037844387,-0.4999999999999998,19,0.4861122071743011,25.2,Perl Millet,High
-8.8737,-22.2399,13.366219999999998,0.8660254037844387,-0.4999999999999998,5,0.1558975428342819,20.2666666666667,Fallow,Medium
-9.8972,-20.1869,10.28965,0.8660254037844387,-0.4999999999999998,5,0.2574633657932281,9.8,Fallow,Low
-8.7602,-24.2974,15.53717,0.8660254037844387,-0.4999999999999998,5,0.1627452820539474,7.6,Fallow,Low
-9.3348,-20.1129,10.77812,0.8660254037844387,-0.4999999999999998,5,0.188903123140335,6.2,Fallow,Low
-10.588,-16.5801,5.992099999999999,0.8660254037844387,-0.4999999999999998,5,0.1274374276399612,7.1,Fallow,Low
-9.6317,-20.4666,10.834900000000001,0.8660254037844387,-0.4999999999999998,5,0.1204856410622596,7.36666666666667,Fallow,Low
-9.0743,-18.346,9.271630000000002,0.8660254037844387,-0.4999999999999998,5,0.2053180932998657,9.4,Fallow,Low
-8.3848,-19.3825,10.99772,0.8660254037844387,-0.4999999999999998,5,0.1867011934518814,7.2,Fallow,Low
-12.4168,-20.0784,7.661629999999999,0.8660254037844387,-0.4999999999999998,5,0.1438729763031005,6.1,Fallow,Low
-9.6451,-18.8656,9.220430000000002,0.8660254037844387,-0.4999999999999998,5,0.275039792060852,7.7,Fallow,Low
-8.9529,-19.8176,10.864740000000001,0.8660254037844387,-0.4999999999999998,5,0.1382331699132919,8.16666666666667,Fallow,Low
-9.1246,-13.7024,4.5778,0.8660254037844387,-0.4999999999999998,1,0.4535849094390869,22.6,Chickori,Medium
-8.1047,-13.2684,5.1636500000000005,0.8660254037844387,-0.4999999999999998,1,0.3640584647655487,12.8,Chickori,Medium
-10.3588,-15.1596,4.800789999999999,0.8660254037844387,-0.4999999999999998,1,0.3068795800209045,33.0,Chickori,High
-8.7931,-17.5653,8.772130000000002,0.8660254037844387,-0.4999999999999998,1,0.2407656162977218,35.2,Chickori,High
-11.2618,-17.9935,6.731700000000002,0.8660254037844387,-0.4999999999999998,1,0.5790697336196899,30.4,Chickori,High
-9.2836,-16.7235,7.43993,0.8660254037844387,-0.4999999999999998,19,0.4567166268825531,35.1,Perl Millet,High
-7.5137,-17.177,9.663339999999998,0.8660254037844387,-0.4999999999999998,19,0.5390541553497314,35.2,Perl Millet,High
-8.413,-14.8257,6.41272,0.8660254037844387,-0.4999999999999998,19,0.4675787985324859,21.7,Perl Millet,Medium
-10.4047,-16.6754,6.270670000000001,0.8660254037844387,-0.4999999999999998,19,0.6862735152244568,9.4,Perl Millet,Low
-6.8978,-15.8197,8.921869999999998,0.8660254037844387,-0.4999999999999998,19,0.3074565529823303,31.0333333333333,Perl Millet,High
-9.1237,-17.2709,8.147200000000002,0.8660254037844387,-0.4999999999999998,19,0.3926791250705719,21.2,Perl Millet,Medium
-11.5184,-16.9809,5.462580000000001,0.8660254037844387,-0.4999999999999998,5,0.1984016448259353,6.7,Fallow,Low
-8.947,-12.8078,3.8608499999999992,0.8660254037844387,-0.4999999999999998,5,0.2016626000404358,6.9,Fallow,Low
-11.2334,-14.4437,3.21035,0.8660254037844387,-0.4999999999999998,19,0.136952593922615,12.1,Perl Millet,Medium
-10.145,-15.5731,5.428109999999998,0.8660254037844387,-0.4999999999999998,5,0.3252611458301544,7.4,Fallow,Low
-6.9787,-12.1139,5.13525,0.8660254037844387,-0.4999999999999998,5,0.1889557093381881,5.2,Fallow,Low
-11.0799,-16.1934,5.11351,0.8660254037844387,-0.4999999999999998,5,0.2628255784511566,3.1,Fallow,Low
-8.4453,-12.2412,3.7958299999999987,0.8660254037844387,-0.4999999999999998,5,0.3333401978015899,7.1,Fallow,Low
-6.7739,-13.5438,6.769909999999999,0.8660254037844387,-0.4999999999999998,5,0.2707732915878296,6.2,Fallow,Low
-7.5251,-14.4771,6.9519400000000005,0.8660254037844387,-0.4999999999999998,5,0.169212132692337,7.36666666666667,Fallow,Low
-4.4482,-12.2737,7.825489999999999,0.8660254037844387,-0.4999999999999998,5,0.441660076379776,4.5,Fallow,Low
-7.0301,-15.6346,8.604410000000001,0.8660254037844387,-0.4999999999999998,19,0.5349480509757996,39.1,Perl Millet,High
-12.0853,-16.1422,4.056929999999998,0.8660254037844387,-0.4999999999999998,19,0.4940507709980011,34.8,Perl Millet,High
-7.3916,-13.8194,6.42783,0.8660254037844387,-0.4999999999999998,19,0.3705123364925384,16.5,Perl Millet,Medium
-8.9463,-14.6473,5.7010000000000005,0.8660254037844387,-0.4999999999999998,19,0.5155168175697327,38.0,Perl Millet,High
-8.0358,-15.5921,7.556279999999999,0.8660254037844387,-0.4999999999999998,19,0.8105061650276184,9.5,Perl Millet,Low
-8.5385,-16.8826,8.344149999999999,0.8660254037844387,-0.4999999999999998,19,0.1363250762224197,11.9,Perl Millet,Medium
-10.0733,-15.2028,5.129479999999999,0.8660254037844387,-0.4999999999999998,19,0.8024072051048279,16.1,Perl Millet,Medium
-8.0259,-17.3464,9.320520000000002,0.8660254037844387,-0.4999999999999998,5,0.6784712076187134,9.1,Fallow,Low
-9.7628,-15.2756,5.512839999999999,0.8660254037844387,-0.4999999999999998,19,0.8157052993774414,13.7,Perl Millet,Medium
-11.067,-15.5444,4.47744,0.8660254037844387,-0.4999999999999998,5,0.0982203781604766,6.7,Fallow,Low
-10.985,-18.09,7.104910000000002,0.8660254037844387,-0.4999999999999998,5,0.0987283363938331,11.3,Fallow,Medium
-10.5576,-18.1413,7.583779999999999,0.8660254037844387,-0.4999999999999998,5,0.0925013348460197,13.2,Fallow,Medium
-10.2514,-16.5847,6.3333400000000015,0.8660254037844387,-0.4999999999999998,19,0.3736975491046905,17.2,Perl Millet,Medium
-10.3858,-16.6982,6.312429999999999,0.8660254037844387,-0.4999999999999998,5,0.1164822727441787,12.2333333333333,Fallow,Medium
-9.7261,-16.333,6.606890000000002,0.8660254037844387,-0.4999999999999998,19,0.7320621013641357,10.3,Perl Millet,Medium
-9.788,-17.7127,7.9246099999999995,0.8660254037844387,-0.4999999999999998,19,0.6156987547874451,18.7,Perl Millet,Medium
-8.4046,-15.9423,7.53768,0.8660254037844387,-0.4999999999999998,5,0.7550339102745056,6.1,Fallow,Low
-8.5023,-17.0088,8.506479999999998,0.8660254037844387,-0.4999999999999998,19,0.7829785943031311,13.3,Perl Millet,Medium
-6.8303,-16.077,9.246780000000001,0.8660254037844387,-0.4999999999999998,19,0.7878402471542358,12.6333333333333,Perl Millet,Medium
-8.2789,-14.173,5.8941300000000005,0.8660254037844387,-0.4999999999999998,5,0.1375012546777725,4.3,Fallow,Low
-6.9077,-13.2931,6.385370000000001,0.8660254037844387,-0.4999999999999998,19,0.7392300963401794,13.6,Perl Millet,Medium
-6.2087,-14.106,7.897279999999999,0.8660254037844387,-0.4999999999999998,19,0.6131064891815186,35.6,Perl Millet,High
-7.9055,-14.834,6.92854,0.8660254037844387,-0.4999999999999998,5,0.4286215603351593,16.5,Fallow,Medium
-8.666,-15.6193,6.95332,0.8660254037844387,-0.4999999999999998,5,0.1461593210697174,6.2,Fallow,Low
-6.6712,-16.7928,10.121599999999999,0.8660254037844387,-0.4999999999999998,5,0.2385320365428924,9.7,Fallow,Low
-5.8426,-15.3554,9.51276,0.8660254037844387,-0.4999999999999998,19,0.6487449407577515,3.8,Perl Millet,Low
-9.3622,-21.96,12.597809999999999,0.8660254037844387,-0.4999999999999998,5,0.5529778003692627,12.4,Fallow,Medium
-8.3679,-15.6049,7.23701,0.8660254037844387,-0.4999999999999998,19,0.1683041751384735,30.7,Perl Millet,High
-7.2609,-14.8216,7.56074,0.8660254037844387,-0.4999999999999998,5,0.2050618529319763,12.4666666666667,Fallow,Medium
-9.0297,-18.8847,9.855029999999998,0.8660254037844387,-0.4999999999999998,5,0.2170425206422805,6.2,Fallow,Low
-10.8003,-16.522,5.721690000000001,0.8660254037844387,-0.4999999999999998,5,0.2453925311565399,7.3,Fallow,Low
-11.6296,-17.4552,5.825609999999999,0.8660254037844387,-0.4999999999999998,5,0.2040105015039444,8.1,Fallow,Low
-11.1331,-17.6352,6.50217,0.8660254037844387,-0.4999999999999998,5,0.1389749646186828,8.2,Fallow,Low
-10.0976,-19.2103,9.112650000000002,0.8660254037844387,-0.4999999999999998,5,0.1743540316820144,7.96666666666667,Fallow,Low
-7.3607,-16.1818,8.821139999999998,0.8660254037844387,-0.4999999999999998,5,0.1857270449399948,7.7,Fallow,Low
-8.3408,-15.6483,7.307549999999999,0.8660254037844387,-0.4999999999999998,5,0.1704807728528976,3.3,Fallow,Low
-6.5352,-13.7836,7.248480000000001,0.8660254037844387,-0.4999999999999998,19,0.744539201259613,18.5,Perl Millet,Medium
-9.6926,-17.6417,7.949100000000001,0.8660254037844387,-0.4999999999999998,19,0.7903613448143005,29.7,Perl Millet,High
-6.1217,-13.344,7.222220000000001,0.8660254037844387,-0.4999999999999998,19,0.7411378622055054,19.1333333333333,Perl Millet,Medium
-11.8193,-15.8278,4.008509999999999,0.49999999999999994,-0.8660254037844387,19,0.6885560750961304,9.7,Perl Millet,Low
-9.5544,-15.4067,5.85228,0.49999999999999994,-0.8660254037844387,13,0.1439848989248275,3.6,Lemon,Low
-8.4957,-15.2925,6.796800000000001,0.49999999999999994,-0.8660254037844387,5,0.2175634950399398,29.8,Fallow,High
-11.0272,-15.0158,3.9885400000000004,0.49999999999999994,-0.8660254037844387,5,0.4034973978996277,5.9,Fallow,Low
-8.8522,-16.3476,7.495400000000002,0.49999999999999994,-0.8660254037844387,5,0.3039396405220032,23.1666666666667,Fallow,Medium
-8.6877,-17.925,9.237369999999999,0.49999999999999994,-0.8660254037844387,19,0.7552195191383362,18.2,Perl Millet,Medium
-10.8276,-16.7137,5.886010000000001,0.49999999999999994,-0.8660254037844387,19,0.7384373545646667,13.7,Perl Millet,Medium
-8.0861,-18.782,10.695959999999998,0.49999999999999994,-0.8660254037844387,19,0.1770690232515335,6.4,Perl Millet,Low
-11.7393,-17.0729,5.333530000000001,0.49999999999999994,-0.8660254037844387,19,0.2040078341960907,5.7,Perl Millet,Low
-8.5621,-18.4333,9.87121,0.49999999999999994,-0.8660254037844387,19,0.6487837433815002,10.9,Perl Millet,Medium
-10.1328,-14.6899,4.55711,0.49999999999999994,-0.8660254037844387,5,0.1966978013515472,18.2,Fallow,Medium
-7.675,-18.0294,10.3544,0.49999999999999994,-0.8660254037844387,5,0.1251767426729202,2.9,Fallow,Low
-9.4927,-19.5737,10.08101,0.49999999999999994,-0.8660254037844387,5,0.0945024862885475,3.2,Fallow,Low
-7.6444,-16.2092,8.564860000000001,0.49999999999999994,-0.8660254037844387,5,0.0966959074139595,15.2,Fallow,Medium
-7.2961,-17.3133,10.01721,0.49999999999999994,-0.8660254037844387,5,0.0891797468066215,2.5,Fallow,Low
-9.7773,-17.2911,7.51379,0.49999999999999994,-0.8660254037844387,5,0.1530336439609527,8.0,Fallow,Low
-10.8673,-20.6698,9.80247,0.49999999999999994,-0.8660254037844387,5,0.1105476692318916,9.6,Fallow,Low
-12.3331,-19.7727,7.439589999999999,0.49999999999999994,-0.8660254037844387,5,0.1847495585680008,7.2,Fallow,Low
-11.8056,-17.7504,5.944849999999999,0.49999999999999994,-0.8660254037844387,5,0.1947756707668304,44.6,Fallow,Very High
-10.6887,-18.7094,8.02072,0.49999999999999994,-0.8660254037844387,5,0.1450433731079101,4.2,Fallow,Low
-10.6596,-19.7863,9.126669999999999,0.49999999999999994,-0.8660254037844387,5,0.111378476023674,7.8,Fallow,Low
-12.0746,-17.1268,5.05212,0.49999999999999994,-0.8660254037844387,5,0.0951059162616729,5.7,Fallow,Low
-9.7341,-18.3192,8.5851,0.49999999999999994,-0.8660254037844387,5,0.1041868552565574,6.2,Fallow,Low
-13.737,-19.3535,5.616530000000001,0.49999999999999994,-0.8660254037844387,5,0.1099976971745491,7.1,Fallow,Low
-13.463,-20.2511,6.78815,0.49999999999999994,-0.8660254037844387,5,0.1190639808773994,6.76666666666667,Fallow,Low
-11.062,-17.5236,6.461600000000001,0.49999999999999994,-0.8660254037844387,5,0.1503368318080902,7.4,Fallow,Low
-11.1248,-18.0475,6.92267,0.49999999999999994,-0.8660254037844387,5,0.1840351074934005,7.9,Fallow,Low
-11.5744,-20.5246,8.950250000000002,0.49999999999999994,-0.8660254037844387,5,0.1547109186649322,7.3,Fallow,Low
-9.413,-17.3895,7.976510000000001,0.49999999999999994,-0.8660254037844387,5,0.1492919027805328,6.7,Fallow,Low
-10.2966,-18.9557,8.6591,0.49999999999999994,-0.8660254037844387,5,0.136937528848648,7.46666666666667,Fallow,Low
-8.8045,-17.7901,8.98567,0.49999999999999994,-0.8660254037844387,18,0.4846641421318054,5.8,Paddy,Low
-9.6777,-16.602,6.924290000000001,0.49999999999999994,-0.8660254037844387,18,0.4390400648117065,19.1,Paddy,Medium
-7.7767,-17.3649,9.588169999999998,0.49999999999999994,-0.8660254037844387,18,0.2846369445323944,10.5,Paddy,Medium
-9.2623,-18.1724,8.910090000000002,0.49999999999999994,-0.8660254037844387,18,0.5290780067443848,18.7,Paddy,Medium
-9.8779,-19.2689,9.391039999999998,0.49999999999999994,-0.8660254037844387,18,0.5210978388786316,18.0666666666667,Paddy,Medium
-11.3566,-18.0677,6.711079999999999,0.49999999999999994,-0.8660254037844387,5,0.1477382779121399,3.8,Fallow,Low
-7.8173,-16.1882,8.37098,0.49999999999999994,-0.8660254037844387,5,0.26465904712677,5.1,Fallow,Low
-9.6808,-15.5803,5.899570000000001,0.49999999999999994,-0.8660254037844387,5,0.1190484911203384,6.2,Fallow,Low
-13.505,-18.1912,4.686219999999999,0.49999999999999994,-0.8660254037844387,5,0.1525281816720962,7.4,Fallow,Low
-11.6475,-15.1289,3.4813800000000015,0.49999999999999994,-0.8660254037844387,5,0.1868183463811874,8.26666666666667,Fallow,Low
-10.1069,-18.5012,8.394239999999998,0.49999999999999994,-0.8660254037844387,5,0.2163444906473159,6.2,Fallow,Low
-6.8382,-19.4618,12.623589999999998,0.49999999999999994,-0.8660254037844387,5,0.231157898902893,5.8,Fallow,Low
-10.9337,-20.0104,9.076690000000001,0.49999999999999994,-0.8660254037844387,5,0.2888194024562835,3.8,Fallow,Low
-9.7827,-15.3466,5.5639,0.49999999999999994,-0.8660254037844387,5,0.117266908288002,3.9,Fallow,Low
-9.9839,-18.078,8.09404,0.49999999999999994,-0.8660254037844387,5,0.1307080090045929,6.8,Fallow,Low
-10.1426,-20.3776,10.23499,0.49999999999999994,-0.8660254037844387,5,0.2877055704593658,8.5,Fallow,Low
-15.021,-17.2268,2.2057900000000004,0.49999999999999994,-0.8660254037844387,5,0.5558944344520569,11.4,Fallow,Medium
-10.5807,-16.1342,5.55353,0.49999999999999994,-0.8660254037844387,5,0.1246843039989471,5.1,Fallow,Low
-12.3549,-16.9242,4.5692699999999995,0.49999999999999994,-0.8660254037844387,7,0.4105559289455414,14.1,Fodder,Medium
-12.9403,-16.705,3.76464,0.49999999999999994,-0.8660254037844387,7,0.5628460049629211,13.5666666666667,Fodder,Medium
-10.7185,-16.7974,6.078860000000001,0.49999999999999994,-0.8660254037844387,5,0.1952082961797714,9.3,Fallow,Low
-11.5678,-20.0526,8.48478,0.49999999999999994,-0.8660254037844387,5,0.1971737295389175,17.1,Fallow,Medium
-8.3187,-16.1022,7.783499999999998,0.49999999999999994,-0.8660254037844387,5,0.1994256973266601,8.8,Fallow,Low
-9.9471,-20.022,10.074940000000002,0.49999999999999994,-0.8660254037844387,5,0.2319012880325317,6.9,Fallow,Low
-10.5576,-20.2148,9.657199999999998,0.49999999999999994,-0.8660254037844387,5,0.2153130620718002,6.53333333333333,Fallow,Low
-8.2127,-16.5974,8.38475,0.49999999999999994,-0.8660254037844387,5,0.1288195699453354,4.7,Fallow,Low
-8.3034,-15.8035,7.50015,0.49999999999999994,-0.8660254037844387,5,0.1399398446083068,3.6,Fallow,Low
-11.2739,-16.2629,4.98893,0.49999999999999994,-0.8660254037844387,5,0.5142839550971985,19.5,Fallow,Medium
-8.8756,-15.2899,6.414340000000001,0.49999999999999994,-0.8660254037844387,7,0.327839732170105,7.1,Fodder,Low
-11.2275,-17.5385,6.310979999999999,0.49999999999999994,-0.8660254037844387,7,0.1634143888950348,12.3,Fodder,Medium
-7.4989,-12.519,5.02002,0.49999999999999994,-0.8660254037844387,19,0.3679015338420868,6.7,Perl Millet,Low
-11.0095,-25.3586,14.349020000000001,0.49999999999999994,-0.8660254037844387,19,0.2986914813518524,15.1,Perl Millet,Medium
-9.9314,-17.5236,7.592240000000002,0.49999999999999994,-0.8660254037844387,5,0.7425824403762817,8.3,Fallow,Low
-11.7604,-15.9511,4.190719999999999,0.49999999999999994,-0.8660254037844387,5,0.7607942819595337,7.5,Fallow,Low
-10.0056,-17.5551,7.549499999999998,0.49999999999999994,-0.8660254037844387,5,0.1445310562849044,12.3666666666667,Fallow,Medium
-11.5928,-19.0681,7.475240000000001,0.49999999999999994,-0.8660254037844387,5,0.2355234324932098,7.3,Fallow,Low
-7.9156,-13.8029,5.887269999999999,0.49999999999999994,-0.8660254037844387,5,0.1421413272619247,6.7,Fallow,Low
-9.301,-16.797,7.496,0.49999999999999994,-0.8660254037844387,5,0.1797119677066803,7.2,Fallow,Low
-11.2479,-16.5811,5.333209999999999,0.49999999999999994,-0.8660254037844387,5,0.1145321801304817,7.1,Fallow,Low
-10.2571,-16.907,6.64992,0.49999999999999994,-0.8660254037844387,5,0.1034498140215873,6.96666666666667,Fallow,Low
-14.1966,-16.4906,2.29396,0.49999999999999994,-0.8660254037844387,5,0.1822065412998199,3.7,Fallow,Low
-11.4325,-18.0873,6.654770000000001,0.49999999999999994,-0.8660254037844387,5,0.1736431866884231,6.5,Fallow,Low
-10.0145,-19.0944,9.079920000000001,0.49999999999999994,-0.8660254037844387,5,0.1256336420774459,4.9,Fallow,Low
-10.3322,-18.8221,8.48992,0.49999999999999994,-0.8660254037844387,5,0.2461299151182174,50.0,Fallow,Very High
-9.9837,-17.2227,7.239039999999999,0.49999999999999994,-0.8660254037844387,5,0.1377085745334625,7.16666666666667,Fallow,Low
-9.9624,-12.7385,2.7761000000000013,0.49999999999999994,-0.8660254037844387,5,0.142343670129776,5.3,Fallow,Low
-12.911,-16.8585,3.9475000000000016,0.49999999999999994,-0.8660254037844387,5,0.2582756876945495,11.9,Fallow,Medium
-7.7261,-21.4027,13.676670000000001,0.49999999999999994,-0.8660254037844387,5,0.4568412005901336,5.2,Fallow,Low
-8.4076,-17.5376,9.12998,0.49999999999999994,-0.8660254037844387,5,0.6410648822784424,12.3,Fallow,Medium
-6.8932,-18.2126,11.319400000000002,0.49999999999999994,-0.8660254037844387,5,0.1597527861595153,12.0,Fallow,Medium
-5.3849,-14.7077,9.32283,0.49999999999999994,-0.8660254037844387,19,0.6105360388755798,22.5,Perl Millet,Medium
-11.1502,-15.0883,3.9380900000000008,0.49999999999999994,-0.8660254037844387,19,0.757735550403595,36.6,Perl Millet,High
-7.4035,-14.9347,7.531250000000001,0.49999999999999994,-0.8660254037844387,19,0.7267469167709351,32.7,Perl Millet,High
-6.7926,-14.5378,7.745160000000001,0.49999999999999994,-0.8660254037844387,19,0.788174569606781,8.8,Perl Millet,Low
-8.1837,-15.4279,7.24424,0.49999999999999994,-0.8660254037844387,19,0.4435570538043976,10.5333333333333,Perl Millet,Medium
-6.7314,-17.2012,10.469730000000002,0.49999999999999994,-0.8660254037844387,19,0.5380748510360718,16.4,Perl Millet,Medium
-8.3028,-14.0919,5.7890999999999995,0.49999999999999994,-0.8660254037844387,5,0.1685925722122192,8.1,Fallow,Low
-10.3092,-15.8381,5.528889999999999,0.49999999999999994,-0.8660254037844387,5,0.1757271140813827,9.1,Fallow,Low
-10.2173,-17.0327,6.815440000000001,0.49999999999999994,-0.8660254037844387,5,0.1303868293762207,7.3,Fallow,Low
-8.4213,-15.5387,7.11741,0.49999999999999994,-0.8660254037844387,5,0.3089296519756317,7.1,Fallow,Low
-6.3625,-17.2158,10.85333,0.49999999999999994,-0.8660254037844387,5,0.145924225449562,3.2,Fallow,Low
-12.7479,-17.5613,4.813379999999999,0.49999999999999994,-0.8660254037844387,5,0.2456447184085846,6.1,Fallow,Low
-8.7404,-16.4698,7.729450000000002,0.49999999999999994,-0.8660254037844387,5,0.2840588092803955,7.8,Fallow,Low
-7.6575,-13.1164,5.458890000000001,0.49999999999999994,-0.8660254037844387,5,0.3509806096553802,4.2,Fallow,Low
-8.4499,-15.6902,7.240269999999999,0.49999999999999994,-0.8660254037844387,5,0.1365127861499786,6.43333333333333,Fallow,Low
-7.1179,-12.9143,5.796409999999999,0.49999999999999994,-0.8660254037844387,5,0.6006487607955933,7.9,Fallow,Low
-10.7273,-14.0684,3.341099999999999,0.49999999999999994,-0.8660254037844387,19,0.7285169363021851,28.9,Perl Millet,High
-9.0447,-14.9026,5.857849999999999,0.49999999999999994,-0.8660254037844387,19,0.7134955525398254,38.5,Perl Millet,High
-8.0356,-14.2423,6.20678,0.49999999999999994,-0.8660254037844387,19,0.336314857006073,26.9,Perl Millet,High
-8.5913,-13.305,4.71377,0.49999999999999994,-0.8660254037844387,19,0.7668805718421936,35.7666666666667,Perl Millet,High
-6.4973,-15.976,9.478739999999998,0.49999999999999994,-0.8660254037844387,19,0.7698160409927368,30.3,Perl Millet,High
-9.285,-13.0253,3.7403700000000004,0.49999999999999994,-0.8660254037844387,19,0.1429724246263504,32.0,Perl Millet,High
-7.2211,-14.9756,7.754529999999999,0.49999999999999994,-0.8660254037844387,19,0.7780362367630005,34.7,Perl Millet,High
-8.1432,-17.5295,9.386339999999999,0.49999999999999994,-0.8660254037844387,5,0.8154539465904236,7.8,Fallow,Low
-6.7182,-14.1535,7.435360000000001,0.49999999999999994,-0.8660254037844387,19,0.7816320657730103,38.6333333333333,Perl Millet,High
-9.6425,-14.6893,5.04679,0.49999999999999994,-0.8660254037844387,19,0.1779757738113403,27.1,Perl Millet,High
-5.1106,-18.3883,13.277710000000003,0.49999999999999994,-0.8660254037844387,19,0.1530127823352813,50.0,Perl Millet,Very High
-3.1766,-14.3214,11.14478,0.49999999999999994,-0.8660254037844387,19,0.1819563508033752,50.0,Perl Millet,Very High
-7.3575,-13.3391,5.9816,0.49999999999999994,-0.8660254037844387,7,0.6452237963676453,21.0,Fodder,Medium
-4.3027,-13.839,9.536370000000002,0.49999999999999994,-0.8660254037844387,5,0.2308629304170608,50.0,Fallow,Very High
-8.0198,-13.6618,5.64195,0.49999999999999994,-0.8660254037844387,19,0.6647191047668457,29.6,Perl Millet,High
-9.1248,-16.7112,7.586369999999999,0.49999999999999994,-0.8660254037844387,19,0.5731818675994873,32.5,Perl Millet,High
-8.1383,-18.0734,9.93509,0.49999999999999994,-0.8660254037844387,5,0.7411090135574341,12.1,Fallow,Medium
-6.5124,-13.7438,7.23136,0.49999999999999994,-0.8660254037844387,19,0.741658091545105,29.6,Perl Millet,High
-8.9214,-16.1045,7.183109999999999,0.49999999999999994,-0.8660254037844387,19,0.7607195973396301,29.9333333333333,Perl Millet,High
-8.7252,-19.1642,10.43901,0.49999999999999994,-0.8660254037844387,5,0.1191200613975524,19.7,Fallow,Medium
-8.8268,-16.6753,7.848559999999999,0.49999999999999994,-0.8660254037844387,19,0.7106648087501526,40.4,Perl Millet,High
-7.125,-15.6587,8.53371,0.49999999999999994,-0.8660254037844387,19,0.7908620238304138,18.8,Perl Millet,Medium
-7.7127,-18.1656,10.452900000000001,0.49999999999999994,-0.8660254037844387,5,0.1648058444261551,13.6,Fallow,Medium
-8.6255,-15.8298,7.2043099999999995,0.49999999999999994,-0.8660254037844387,5,0.1294153332710266,14.3333333333333,Fallow,Medium
-8.0241,-13.6249,5.600770000000001,0.49999999999999994,-0.8660254037844387,5,0.1846340894699096,12.7,Fallow,Medium
-11.9958,-15.6252,3.6294500000000003,0.49999999999999994,-0.8660254037844387,5,0.784684956073761,31.9,Fallow,High
-10.0293,-16.8415,6.812170000000002,0.49999999999999994,-0.8660254037844387,5,0.7775920629501343,14.1,Fallow,Medium
-9.0171,-17.0997,8.082579999999998,0.49999999999999994,-0.8660254037844387,19,0.1563844680786132,23.0,Perl Millet,Medium
-7.7895,-16.2085,8.41899,0.49999999999999994,-0.8660254037844387,5,0.2233413755893707,12.4333333333333,Fallow,Medium
-9.0688,-17.9618,8.89299,0.49999999999999994,-0.8660254037844387,5,0.2209701389074325,6.2,Fallow,Low
-8.276,-19.1201,10.844100000000001,0.49999999999999994,-0.8660254037844387,5,0.2298475801944732,7.3,Fallow,Low
-10.1091,-19.1807,9.071620000000001,0.49999999999999994,-0.8660254037844387,5,0.1935444772243499,6.9,Fallow,Low
-9.3513,-18.4341,9.082740000000001,0.49999999999999994,-0.8660254037844387,5,0.1265278160572052,5.2,Fallow,Low
-8.7549,-17.2138,8.45885,0.49999999999999994,-0.8660254037844387,5,0.1545317023992538,9.7,Fallow,Low
-11.2292,-17.0547,5.825589999999998,0.49999999999999994,-0.8660254037844387,5,0.1525120586156845,16.8,Fallow,Medium
-5.4513,-16.5076,11.05629,0.49999999999999994,-0.8660254037844387,5,0.130517303943634,12.3,Fallow,Medium
-9.4868,-16.953,7.466149999999999,0.49999999999999994,-0.8660254037844387,19,0.8049471378326416,21.9,Perl Millet,Medium
-10.9168,-14.3065,3.3897499999999994,0.49999999999999994,-0.8660254037844387,19,0.8174697756767273,16.7,Perl Millet,Medium
-7.5572,-16.6802,9.12301,0.49999999999999994,-0.8660254037844387,19,0.7949789762496948,22.7333333333333,Perl Millet,Medium
-12.902,-17.7772,4.875279999999998,0.49999999999999994,-0.8660254037844387,5,0.2220623195171356,13.6,Fallow,Medium
-11.6159,-18.2267,6.610770000000002,0.49999999999999994,-0.8660254037844387,5,0.1105733066797256,13.9,Fallow,Medium
-8.2611,-15.4348,7.1737,0.49999999999999994,-0.8660254037844387,5,0.1546812653541565,16.6,Fallow,Medium
-8.9678,-18.532,9.56424,0.49999999999999994,-0.8660254037844387,5,0.1115353778004646,14.6,Fallow,Medium
-8.6347,-17.6473,9.01256,0.49999999999999994,-0.8660254037844387,5,0.1236669272184372,13.2333333333333,Fallow,Medium
-8.5193,-14.2786,5.75933,0.49999999999999994,-0.8660254037844387,5,0.1584168523550033,6.3,Fallow,Low
-10.5337,-17.0563,6.522600000000001,0.49999999999999994,-0.8660254037844387,13,0.1316716074943542,8.4,Lemon,Low
-9.8847,-17.0137,7.1289500000000015,0.49999999999999994,-0.8660254037844387,1,0.1570351421833038,11.1,Chickori,Medium
-9.954,-17.0027,7.048609999999998,0.49999999999999994,-0.8660254037844387,5,0.3437636494636535,10.4,Fallow,Medium
-9.0196,-17.7087,8.68911,0.49999999999999994,-0.8660254037844387,5,0.1934929937124252,12.2,Fallow,Medium
-8.2606,-17.5847,9.324069999999999,0.49999999999999994,-0.8660254037844387,19,0.5849988460540771,25.3,Perl Millet,High
-12.2916,-18.3901,6.098579999999998,0.49999999999999994,-0.8660254037844387,19,0.5226853489875793,24.2,Perl Millet,High
-12.9249,-18.5296,5.604699999999999,0.49999999999999994,-0.8660254037844387,5,0.1816213876008987,18.7,Fallow,Medium
-12.7389,-20.5879,7.849000000000002,0.49999999999999994,-0.8660254037844387,5,0.1995578855276107,5.6,Fallow,Low
-9.6275,-20.153,10.525530000000002,0.49999999999999994,-0.8660254037844387,5,0.4806174039840698,24.8,Fallow,High
-13.4454,-15.1996,1.7541899999999995,0.49999999999999994,-0.8660254037844387,5,0.168675497174263,7.9,Fallow,Low
-9.7028,-16.8371,7.1342300000000005,0.49999999999999994,-0.8660254037844387,5,0.1227410212159156,8.2,Fallow,Low
-9.6389,-18.286,8.64713,0.49999999999999994,-0.8660254037844387,5,0.110996164381504,7.1,Fallow,Low
-8.186,-20.4146,12.22856,0.49999999999999994,-0.8660254037844387,5,0.1183484494686126,7.3,Fallow,Low
-9.297,-16.7144,7.41736,0.49999999999999994,-0.8660254037844387,5,0.0896955579519271,8.13333333333333,Fallow,Low
-8.9784,-18.8941,9.915709999999999,0.49999999999999994,-0.8660254037844387,5,0.2043136656284332,6.8,Fallow,Low
-9.9946,-19.4808,9.486160000000002,0.49999999999999994,-0.8660254037844387,5,0.1587952673435211,8.8,Fallow,Low
-11.4861,-18.327,6.840869999999999,0.49999999999999994,-0.8660254037844387,5,0.1872393041849136,8.9,Fallow,Low
-11.9705,-20.539,8.56846,0.49999999999999994,-0.8660254037844387,5,0.1288377344608307,6.7,Fallow,Low
-10.4119,-19.0963,8.684439999999999,0.49999999999999994,-0.8660254037844387,5,0.1473530381917953,8.8,Fallow,Low
-12.9152,-19.6249,6.709660000000001,0.49999999999999994,-0.8660254037844387,5,0.1406863629817962,7.0,Fallow,Low
-13.6562,-20.303,6.64683,0.49999999999999994,-0.8660254037844387,5,0.1321979761123657,8.5,Fallow,Low
-9.9972,-20.093,10.095799999999999,0.49999999999999994,-0.8660254037844387,5,0.1350597292184829,8.5,Fallow,Low
-12.3971,-19.4477,7.050560000000001,0.49999999999999994,-0.8660254037844387,5,0.1506970077753067,7.9,Fallow,Low
-15.6511,-20.3801,4.728989999999998,0.49999999999999994,-0.8660254037844387,5,0.1458963304758072,7.53333333333333,Fallow,Low
-9.7824,-18.7993,9.01691,0.49999999999999994,-0.8660254037844387,5,0.1803791522979736,6.0,Fallow,Low
-13.1635,-19.0969,5.93346,0.49999999999999994,-0.8660254037844387,5,0.2086039334535598,5.4,Fallow,Low
-11.2235,-20.0038,8.78026,0.49999999999999994,-0.8660254037844387,5,0.1376771479845047,3.2,Fallow,Low
-11.2509,-16.9341,5.683209999999999,0.49999999999999994,-0.8660254037844387,5,0.1567886769771576,3.7,Fallow,Low
-10.4834,-19.3263,8.842929999999999,0.49999999999999994,-0.8660254037844387,5,0.1464791148900985,6.2,Fallow,Low
-10.472,-18.6956,8.223590000000002,0.49999999999999994,-0.8660254037844387,5,0.1479176729917526,2.5,Fallow,Low
-8.5428,-15.1393,6.596540000000001,0.49999999999999994,-0.8660254037844387,5,0.1339994668960571,3.5,Fallow,Low
-10.2475,-19.1413,8.893789999999997,0.49999999999999994,-0.8660254037844387,5,0.1359597593545913,7.9,Fallow,Low
-10.8533,-19.2339,8.38054,0.49999999999999994,-0.8660254037844387,5,0.1239299774169921,7.2,Fallow,Low
-10.7513,-20.4352,9.68387,0.49999999999999994,-0.8660254037844387,5,0.1370733231306076,6.93333333333333,Fallow,Low
-14.4095,-18.5202,4.110689999999998,0.49999999999999994,-0.8660254037844387,5,0.1395184993743896,6.8,Fallow,Low
-12.918,-15.9588,3.04077,0.49999999999999994,-0.8660254037844387,5,0.2255429774522781,6.4,Fallow,Low
-11.2752,-16.5906,5.315349999999999,0.49999999999999994,-0.8660254037844387,5,0.1152915358543396,5.8,Fallow,Low
-12.4964,-18.914,6.417570000000001,0.49999999999999994,-0.8660254037844387,5,0.1475874632596969,4.5,Fallow,Low
-12.681,-18.6138,5.932749999999999,0.49999999999999994,-0.8660254037844387,5,0.1577608287334442,5.76666666666667,Fallow,Low
-9.6956,-17.2416,7.546060000000001,0.49999999999999994,-0.8660254037844387,5,0.2010242044925689,5.8,Fallow,Low
-11.0905,-19.5647,8.474229999999999,0.49999999999999994,-0.8660254037844387,5,0.1992538273334503,5.4,Fallow,Low
-9.3196,-17.1585,7.83892,0.49999999999999994,-0.8660254037844387,5,0.2622414231300354,3.7,Fallow,Low
-7.7106,-14.1265,6.41589,0.49999999999999994,-0.8660254037844387,5,0.1198025792837143,1.2,Fallow,Low
-8.7744,-18.4225,9.64807,0.49999999999999994,-0.8660254037844387,5,0.1458800137042999,6.9,Fallow,Low
-9.3446,-17.9358,8.591169999999998,0.49999999999999994,-0.8660254037844387,9,0.5687133073806763,9.0,Grass,Low
-7.8098,-16.8654,9.055579999999999,0.49999999999999994,-0.8660254037844387,9,0.7119888663291931,50.0,Grass,Very High
-9.5749,-17.7051,8.13025,0.49999999999999994,-0.8660254037844387,5,0.150167778134346,4.2,Fallow,Low
-11.1326,-16.5776,5.445069999999999,0.49999999999999994,-0.8660254037844387,9,0.6960312724113464,16.7,Grass,Medium
-9.2002,-16.4183,7.218120000000001,0.49999999999999994,-0.8660254037844387,9,0.7324125170707703,15.2,Grass,Medium
-9.0172,-19.7578,10.740580000000001,0.49999999999999994,-0.8660254037844387,5,0.1737409681081771,4.2,Fallow,Low
-11.3889,-20.4351,9.046159999999999,0.49999999999999994,-0.8660254037844387,5,0.2076521068811416,5.1,Fallow,Low
-10.5043,-19.554,9.0497,0.49999999999999994,-0.8660254037844387,5,0.2311053574085235,3.9,Fallow,Low
-9.5231,-17.2182,7.69509,0.49999999999999994,-0.8660254037844387,5,0.2169348150491714,4.8,Fallow,Low
-8.9139,-17.6928,8.778910000000002,0.49999999999999994,-0.8660254037844387,5,0.1655513197183609,5.63333333333333,Fallow,Low
-11.3547,-19.1664,7.811780000000001,0.49999999999999994,-0.8660254037844387,5,0.1410540044307708,3.8,Fallow,Low
-7.422,-15.5507,8.1287,0.49999999999999994,-0.8660254037844387,19,0.2122078537940979,19.2,Perl Millet,Medium
-7.8967,-18.0408,10.14415,0.49999999999999994,-0.8660254037844387,19,0.675864040851593,20.8,Perl Millet,Medium
-8.1204,-18.5109,10.390499999999998,0.49999999999999994,-0.8660254037844387,7,0.5105909109115601,50.0,Fodder,Very High
-7.1678,-18.5411,11.373240000000001,0.49999999999999994,-0.8660254037844387,5,0.1814751923084259,7.4,Fallow,Low
-9.5487,-15.3622,5.81359,0.49999999999999994,-0.8660254037844387,5,0.4327698349952698,6.8,Fallow,Low
-9.5645,-19.5319,9.967320000000003,0.49999999999999994,-0.8660254037844387,5,0.2292549163103103,6.7,Fallow,Low
-7.8118,-12.8416,5.0297600000000005,0.49999999999999994,-0.8660254037844387,19,0.5684207677841187,21.4,Perl Millet,Medium
-7.6944,-14.5533,6.8589400000000005,0.49999999999999994,-0.8660254037844387,19,0.6246055364608765,20.4,Perl Millet,Medium
-7.6917,-16.0711,8.37944,0.49999999999999994,-0.8660254037844387,5,0.1657648831605911,10.3,Fallow,Medium
-10.4614,-18.5953,8.1339,0.49999999999999994,-0.8660254037844387,5,0.2768411338329315,9.1,Fallow,Low
-8.2576,-18.067,9.809350000000002,0.49999999999999994,-0.8660254037844387,5,0.1629902124404907,8.2,Fallow,Low
-10.6587,-12.8958,2.237119999999999,0.49999999999999994,-0.8660254037844387,5,0.169718250632286,7.8,Fallow,Low
-7.342,-13.361,6.01903,0.49999999999999994,-0.8660254037844387,5,0.1288193017244339,7.1,Fallow,Low
-8.5656,-15.6161,7.05044,0.49999999999999994,-0.8660254037844387,5,0.1144349724054336,9.93333333333333,Fallow,Medium
-11.6668,-17.5192,5.85238,0.49999999999999994,-0.8660254037844387,5,0.1897876411676406,8.4,Fallow,Low
-10.6714,-19.2294,8.55802,0.49999999999999994,-0.8660254037844387,5,0.1929902285337448,7.4,Fallow,Low
-9.1359,-21.4873,12.351389999999999,0.49999999999999994,-0.8660254037844387,5,0.1481572091579437,7.1,Fallow,Low
-9.5896,-18.6739,9.0843,0.49999999999999994,-0.8660254037844387,5,0.2223446667194366,6.9,Fallow,Low
-9.8902,-20.7247,10.834539999999999,0.49999999999999994,-0.8660254037844387,5,0.1444955915212631,7.8,Fallow,Low
-9.8431,-17.9676,8.124479999999998,0.49999999999999994,-0.8660254037844387,5,0.1731133162975311,5.7,Fallow,Low
-11.4602,-21.9882,10.527989999999999,0.49999999999999994,-0.8660254037844387,5,0.1938633024692535,4.9,Fallow,Low
-8.0304,-17.8721,9.841610000000001,0.49999999999999994,-0.8660254037844387,5,0.4954687654972076,6.1,Fallow,Low
-10.7503,-16.155,5.4047,0.49999999999999994,-0.8660254037844387,5,0.6817328929901123,6.4,Fallow,Low
-10.8107,-18.9441,8.133400000000002,0.49999999999999994,-0.8660254037844387,5,0.1913808584213256,7.0,Fallow,Low
-9.4532,-11.4965,2.04336,0.49999999999999994,-0.8660254037844387,19,0.5478336811065674,29.7,Perl Millet,High
-8.148,-15.0096,6.861600000000001,0.49999999999999994,-0.8660254037844387,19,0.6309348940849304,28.1,Perl Millet,High
-8.8727,-13.0456,4.172890000000001,0.49999999999999994,-0.8660254037844387,19,0.5091442465782166,35.2,Perl Millet,High
-12.2282,-13.1389,0.9107000000000003,0.49999999999999994,-0.8660254037844387,19,0.5125078558921814,27.0,Perl Millet,High
-10.1756,-12.8088,2.633190000000001,0.49999999999999994,-0.8660254037844387,19,0.3950221240520477,26.2333333333333,Perl Millet,High
-8.5634,-18.5386,9.97511,0.49999999999999994,-0.8660254037844387,19,0.6072816252708435,48.5,Perl Millet,Very High
-11.8428,-15.55,3.7072400000000005,0.49999999999999994,-0.8660254037844387,19,0.1764106154441833,18.2,Perl Millet,Medium
-7.6452,-14.866,7.22083,0.49999999999999994,-0.8660254037844387,19,0.1891060322523117,20.2,Perl Millet,Medium
-7.754,-16.4303,8.676300000000001,0.49999999999999994,-0.8660254037844387,5,0.1377037465572357,9.3,Fallow,Low
-9.0282,-18.1644,9.13625,0.49999999999999994,-0.8660254037844387,19,0.2855633199214935,21.9,Perl Millet,Medium
-9.7794,-17.6453,7.86589,0.49999999999999994,-0.8660254037844387,5,0.16769640147686,5.1,Fallow,Low
-9.3817,-16.7643,7.382670000000001,0.49999999999999994,-0.8660254037844387,5,0.2126572877168655,5.6,Fallow,Low
-10.115,-19.6032,9.48818,0.49999999999999994,-0.8660254037844387,5,0.3212206363677978,4.9,Fallow,Low
-11.0592,-21.9229,10.86378,0.49999999999999994,-0.8660254037844387,5,0.2654668688774109,6.2,Fallow,Low
-8.8187,-20.8079,11.98923,0.49999999999999994,-0.8660254037844387,5,0.1536770164966583,7.6,Fallow,Low
-8.4206,-15.6283,7.20777,0.49999999999999994,-0.8660254037844387,19,0.4947649836540222,19.8,Perl Millet,Medium
-6.8353,-15.4948,8.659479999999999,0.49999999999999994,-0.8660254037844387,5,0.6240245699882507,11.7,Fallow,Medium
-9.4404,-17.5721,8.131700000000002,0.49999999999999994,-0.8660254037844387,5,0.6122027039527893,9.5,Fallow,Low
-9.2819,-15.5801,6.298160000000001,0.49999999999999994,-0.8660254037844387,5,0.3838134706020355,8.5,Fallow,Low
-10.0162,-13.671,3.654779999999999,0.49999999999999994,-0.8660254037844387,5,0.5781521201133728,10.6666666666667,Fallow,Medium
-9.7933,-14.7291,4.93581,0.49999999999999994,-0.8660254037844387,19,0.5740846991539001,9.8,Perl Millet,Low
-7.998,-14.2954,6.29731,0.49999999999999994,-0.8660254037844387,19,0.1402899920940399,24.4,Perl Millet,High
-10.591,-16.4607,5.869690000000002,0.49999999999999994,-0.8660254037844387,19,0.4622361361980438,14.0,Perl Millet,Medium
-8.6096,-14.4611,5.851479999999999,0.49999999999999994,-0.8660254037844387,5,0.672291100025177,4.0,Fallow,Low
-8.5053,-14.5035,5.998159999999999,0.49999999999999994,-0.8660254037844387,19,0.5209952592849731,14.8666666666667,Perl Millet,Medium
-9.9829,-19.5571,9.57424,0.49999999999999994,-0.8660254037844387,5,0.1498713344335556,9.8,Fallow,Low
-8.1621,-20.0598,11.89767,0.49999999999999994,-0.8660254037844387,5,0.1388226747512817,10.1,Fallow,Medium
-9.1322,-16.2044,7.0722000000000005,0.49999999999999994,-0.8660254037844387,5,0.1371557861566543,7.9,Fallow,Low
-8.2333,-19.884,11.65072,0.49999999999999994,-0.8660254037844387,20,0.6738066673278809,25.4,Sorgham,High
-7.7087,-22.3234,14.6147,0.49999999999999994,-0.8660254037844387,5,0.1766483932733535,11.7333333333333,Fallow,Medium
-10.2335,-19.5073,9.273760000000001,0.49999999999999994,-0.8660254037844387,5,0.1635942012071609,6.3,Fallow,Low
-9.8015,-20.1151,10.313609999999999,0.49999999999999994,-0.8660254037844387,5,0.2172915935516357,7.2,Fallow,Low
-12.5383,-17.0272,4.48893,0.49999999999999994,-0.8660254037844387,5,0.3932366967201233,8.2,Fallow,Low
-5.2944,-15.4923,10.197879999999998,0.49999999999999994,-0.8660254037844387,5,0.3736003637313843,9.1,Fallow,Low
-8.0859,-18.5072,10.421300000000002,0.49999999999999994,-0.8660254037844387,5,0.3850286602973938,7.06666666666667,Fallow,Low
-8.2492,-20.3755,12.12628,0.49999999999999994,-0.8660254037844387,5,0.1232196390628814,10.2,Fallow,Medium
-9.4967,-15.8659,6.369179999999998,0.49999999999999994,-0.8660254037844387,19,0.5280561447143555,13.6,Perl Millet,Medium
-7.3748,-13.501,6.12616,0.49999999999999994,-0.8660254037844387,19,0.579113245010376,33.2,Perl Millet,High
-10.0362,-18.4838,8.44759,0.49999999999999994,-0.8660254037844387,5,0.14926578104496,8.1,Fallow,Low
-8.4247,-16.069,7.64437,0.49999999999999994,-0.8660254037844387,5,0.1321364045143127,9.6,Fallow,Low
-8.3543,-16.2201,7.865820000000001,0.49999999999999994,-0.8660254037844387,5,0.1883036941289901,6.4,Fallow,Low
-9.5201,-17.4915,7.9714100000000006,0.49999999999999994,-0.8660254037844387,24,0.5997340083122253,24.1,Weed,Medium
-7.1521,-18.6388,11.48668,0.49999999999999994,-0.8660254037844387,19,0.6202113628387451,50.0,Perl Millet,Very High
-8.6646,-15.0286,6.36398,0.49999999999999994,-0.8660254037844387,19,0.168074682354927,5.3,Perl Millet,Low
-8.3627,-15.9796,7.616859999999999,0.49999999999999994,-0.8660254037844387,5,0.154408648610115,6.73333333333333,Fallow,Low
-13.3476,-16.2093,2.8617100000000004,0.49999999999999994,-0.8660254037844387,5,0.234151691198349,6.1,Fallow,Low
-10.7627,-15.9325,5.169790000000001,0.49999999999999994,-0.8660254037844387,5,0.2320076823234558,5.2,Fallow,Low
-10.4352,-20.148,9.71286,0.49999999999999994,-0.8660254037844387,5,0.1973798722028732,4.7,Fallow,Low
-12.5768,-18.2055,5.628729999999999,0.49999999999999994,-0.8660254037844387,5,0.1428496241569519,6.7,Fallow,Low
-12.165,-18.3078,6.14279,0.49999999999999994,-0.8660254037844387,5,0.1716345101594925,6.76666666666667,Fallow,Low
-8.5409,-14.9414,6.40048,0.49999999999999994,-0.8660254037844387,5,0.1564668715000152,28.4,Fallow,High
-10.6795,-17.2943,6.614849999999999,0.49999999999999994,-0.8660254037844387,5,0.1356407552957534,7.6,Fallow,Low
-8.6306,-15.2178,6.587100000000001,0.49999999999999994,-0.8660254037844387,19,0.5862159132957458,38.0,Perl Millet,High
-8.8305,-17.0361,8.20561,0.49999999999999994,-0.8660254037844387,21,0.6969417929649353,23.1,Sorgham&PerlMillet,Medium
-6.6993,-14.8683,8.16901,0.49999999999999994,-0.8660254037844387,19,0.5846489071846008,42.6,Perl Millet,Very High
-4.863,-17.5304,12.66743,-0.4999999999999997,-0.8660254037844388,16,0.2800973951816559,33.8,Orchad,High
-7.8012,-22.1568,14.355540000000001,-0.4999999999999997,-0.8660254037844388,18,0.2800973951816559,50.0,Paddy,Very High
-11.4058,-20.0699,8.66408,-0.4999999999999997,-0.8660254037844388,18,0.2800973951816559,50.0,Paddy,Very High
-6.4518,-17.7462,11.294419999999999,-0.4999999999999997,-0.8660254037844388,18,0.6359571814537048,50.0,Paddy,Very High
-9.8992,-25.6616,15.762469999999999,-0.4999999999999997,-0.8660254037844388,18,0.2800973951816559,50.0,Paddy,Very High
-6.9255,-15.8781,8.95256,-0.4999999999999997,-0.8660254037844388,18,0.2800973951816559,50.0,Paddy,Very High
-3.3084,-19.9422,16.633770000000002,-0.4999999999999997,-0.8660254037844388,18,0.2800973951816559,50.0,Paddy,Very High
-7.3162,-14.8712,7.555000000000001,-0.4999999999999997,-0.8660254037844388,18,0.2800973951816559,50.0,Paddy,Very High
-8.3398,-16.2977,7.957929999999999,-0.4999999999999997,-0.8660254037844388,18,0.2800973951816559,50.0,Paddy,Very High
-6.9237,-20.0071,13.08341,-0.4999999999999997,-0.8660254037844388,18,0.2800973951816559,50.0,Paddy,Very High
-6.6308,-14.7104,8.079519999999999,-0.4999999999999997,-0.8660254037844388,18,0.2800973951816559,50.0,Paddy,Very High
-8.6326,-15.5774,6.9447800000000015,-0.4999999999999997,-0.8660254037844388,18,0.2800973951816559,50.0,Paddy,Very High
-5.4004,-21.793,16.39262,-0.4999999999999997,-0.8660254037844388,18,0.2800973951816559,50.0,Paddy,Very High
-7.666,-15.7602,8.09422,-0.4999999999999997,-0.8660254037844388,18,0.2800973951816559,50.0,Paddy,Very High
-7.6199,-15.9025,8.282620000000001,-0.4999999999999997,-0.8660254037844388,18,0.2800973951816559,50.0,Paddy,Very High
-6.6789,-18.758,12.079039999999999,-0.4999999999999997,-0.8660254037844388,18,0.2800973951816559,50.0,Paddy,Very High
-4.3902,-19.9873,15.597129999999998,-0.4999999999999997,-0.8660254037844388,18,0.2800973951816559,50.0,Paddy,Very High
-11.5023,-21.447,9.944679999999998,-0.4999999999999997,-0.8660254037844388,18,0.2800973951816559,50.0,Paddy,Very High
-10.8667,-17.6002,6.7334900000000015,-0.4999999999999997,-0.8660254037844388,18,0.2800973951816559,50.0,Paddy,Very High
-11.3424,-22.4307,11.088330000000001,-0.4999999999999997,-0.8660254037844388,18,0.2800973951816559,50.0,Paddy,Very High
-11.2324,-20.124,8.891650000000002,-0.4999999999999997,-0.8660254037844388,18,0.2800973951816559,50.0,Paddy,Very High
-12.7505,-22.0741,9.323609999999999,-0.4999999999999997,-0.8660254037844388,18,0.2800973951816559,50.0,Paddy,Very High
-11.5047,-17.6142,6.10948,-0.4999999999999997,-0.8660254037844388,18,0.2800973951816559,50.0,Paddy,Very High
-11.9092,-15.3075,3.3983099999999986,-0.4999999999999997,-0.8660254037844388,18,0.2800973951816559,50.0,Paddy,Very High
-11.9781,-18.4103,6.43214,-0.4999999999999997,-0.8660254037844388,18,0.2800973951816559,50.0,Paddy,Very High
-11.8106,-19.1584,7.34783,-0.4999999999999997,-0.8660254037844388,18,0.2800973951816559,50.0,Paddy,Very High
-10.5588,-19.5063,8.94749,-0.4999999999999997,-0.8660254037844388,18,0.2800973951816559,50.0,Paddy,Very High
-6.8434,-20.4927,13.649259999999998,-0.4999999999999997,-0.8660254037844388,18,0.2800973951816559,50.0,Paddy,Very High
-10.0284,-17.1126,7.08417,-0.4999999999999997,-0.8660254037844388,18,0.2800973951816559,50.0,Paddy,Very High
-5.5909,-20.0527,14.4618,-0.4999999999999997,-0.8660254037844388,18,0.2800973951816559,50.0,Paddy,Very High
-10.8374,-24.1227,13.28532,-0.4999999999999997,-0.8660254037844388,5,0.336378663778305,50.0,Fallow,Very High
-10.4579,-17.4862,7.028270000000001,-0.4999999999999997,-0.8660254037844388,5,0.0990067720413208,50.0,Fallow,Very High
-11.926,-15.9415,4.015459999999999,-0.4999999999999997,-0.8660254037844388,5,0.1592702120542526,50.0,Fallow,Very High
-7.776,-18.8128,11.03678,-0.4999999999999997,-0.8660254037844388,5,0.0881002470850944,50.0,Fallow,Very High
-12.309,-23.0464,10.73734,-0.4999999999999997,-0.8660254037844388,5,0.0417417474091053,50.0,Fallow,Very High
-10.7378,-17.6702,6.932409999999999,-0.4999999999999997,-0.8660254037844388,18,0.1160862520337104,50.0,Paddy,Very High
-13.9917,-16.5789,2.58723,-0.4999999999999997,-0.8660254037844388,18,0.3328138291835785,50.0,Paddy,Very High
-13.8474,-18.4565,4.609139999999998,-0.4999999999999997,-0.8660254037844388,18,0.1016347184777259,50.0,Paddy,Very High
-11.42,-18.2861,6.866040000000002,-0.4999999999999997,-0.8660254037844388,18,0.0751008316874504,50.0,Paddy,Very High
-12.5765,-17.9154,5.33892,-0.4999999999999997,-0.8660254037844388,18,0.0895712003111839,50.0,Paddy,Very High
-8.008,-17.1585,9.150440000000001,-0.4999999999999997,-0.8660254037844388,18,0.1836946755647659,50.0,Paddy,Very High
-11.015,-17.2731,6.25806,-0.4999999999999997,-0.8660254037844388,18,0.2813700437545776,50.0,Paddy,Very High
-7.4678,-18.9105,11.442720000000001,-0.4999999999999997,-0.8660254037844388,18,0.3228641748428345,50.0,Paddy,Very High
-4.784,-17.6634,12.87939,-0.4999999999999997,-0.8660254037844388,18,0.0807567164301872,50.0,Paddy,Very High
-8.2748,-18.6007,10.32585,-0.4999999999999997,-0.8660254037844388,18,0.1492435783147812,50.0,Paddy,Very High
-7.6352,-18.5217,10.886570000000003,-0.4999999999999997,-0.8660254037844388,18,0.1477798968553543,50.0,Paddy,Very High
-5.9089,-16.5169,10.60796,-0.4999999999999997,-0.8660254037844388,18,0.1757262200117111,50.0,Paddy,Very High
-6.1271,-16.5869,10.45982,-0.4999999999999997,-0.8660254037844388,18,0.2631714344024658,50.0,Paddy,Very High
-13.7486,-20.6436,6.894990000000002,-0.4999999999999997,-0.8660254037844388,18,0.2070984989404678,50.0,Paddy,Very High
-11.4875,-18.4022,6.914649999999998,-0.4999999999999997,-0.8660254037844388,18,0.1878924518823623,50.0,Paddy,Very High
-10.8846,-18.5178,7.633139999999999,-0.4999999999999997,-0.8660254037844388,18,0.0056298631243407,50.0,Paddy,Very High
-14.1042,-21.5859,7.48166,-0.4999999999999997,-0.8660254037844388,18,0.1018164083361625,50.0,Paddy,Very High
-6.3559,-17.8656,11.509720000000002,-0.4999999999999997,-0.8660254037844388,18,0.2800973951816559,50.0,Paddy,Very High
-11.0663,-19.5059,8.43958,-0.4999999999999997,-0.8660254037844388,18,0.2877223789691925,50.0,Paddy,Very High
-9.7198,-18.0797,8.359890000000002,-0.4999999999999997,-0.8660254037844388,18,0.2654656171798706,50.0,Paddy,Very High
-9.0266,-17.8073,8.78071,-0.4999999999999997,-0.8660254037844388,18,0.1260746419429779,50.0,Paddy,Very High
-12.5165,-22.0646,9.5481,-0.4999999999999997,-0.8660254037844388,18,0.4698319137096405,50.0,Paddy,Very High
-8.6997,-18.517,9.81727,-0.4999999999999997,-0.8660254037844388,18,0.3048025965690613,50.0,Paddy,Very High
-6.6238,-15.2326,8.608889999999999,-0.4999999999999997,-0.8660254037844388,7,0.2800973951816559,29.3,Fodder,High
-7.9425,-17.1072,9.16461,-0.4999999999999997,-0.8660254037844388,7,0.3960794806480407,31.3,Fodder,High
-5.7994,-13.413,7.61361,-0.4999999999999997,-0.8660254037844388,6,0.1916302889585495,33.5,Fallow&Grass,High
-4.3544,-11.9544,7.5999099999999995,-0.4999999999999997,-0.8660254037844388,6,0.2562494874000549,36.8,Fallow&Grass,High
-3.7771,-12.7502,8.97315,-0.4999999999999997,-0.8660254037844388,6,0.2132445722818374,35.7333333333333,Fallow&Grass,High
-7.7876,-14.771,6.983410000000001,-0.4999999999999997,-0.8660254037844388,18,0.2800973951816559,50.0,Paddy,Very High
-7.7614,-11.9014,4.1401,-0.4999999999999997,-0.8660254037844388,5,0.2800973951816559,32.1,Fallow,High
-5.0148,-12.0714,7.05651,-0.4999999999999997,-0.8660254037844388,7,0.2800973951816559,40.1,Fodder,High
-5.3108,-14.7738,9.463069999999998,-0.4999999999999997,-0.8660254037844388,7,0.2800973951816559,40.4,Fodder,High
-10.531,-15.831,5.29992,-0.4999999999999997,-0.8660254037844388,18,0.2800973951816559,50.0,Paddy,Very High
-7.0361,-14.1877,7.1516,-0.4999999999999997,-0.8660254037844388,7,0.2800973951816559,35.6333333333333,Fodder,High
-9.1274,-18.0169,8.88947,-0.4999999999999997,-0.8660254037844388,18,0.2800973951816559,50.0,Paddy,Very High
-12.2996,-16.2657,3.9660399999999996,-0.4999999999999997,-0.8660254037844388,5,0.2800973951816559,50.0,Fallow,Very High
-9.2615,-18.2794,9.01792,-0.4999999999999997,-0.8660254037844388,18,0.2800973951816559,50.0,Paddy,Very High
-8.7497,-19.0223,10.272619999999998,-0.4999999999999997,-0.8660254037844388,18,0.2800973951816559,40.4,Paddy,High
-7.9816,-16.0528,8.071219999999999,-0.4999999999999997,-0.8660254037844388,5,0.2800973951816559,50.0,Fallow,Very High
-10.6489,-19.2906,8.6417,-0.4999999999999997,-0.8660254037844388,18,0.2800973951816559,50.0,Paddy,Very High
-7.446,-16.4558,9.00978,-0.4999999999999997,-0.8660254037844388,5,0.2800973951816559,50.0,Fallow,Very High
-8.1495,-16.1459,7.996450000000001,-0.4999999999999997,-0.8660254037844388,5,0.2800973951816559,50.0,Fallow,Very High
-6.4618,-12.9172,6.4553400000000005,-0.4999999999999997,-0.8660254037844388,18,0.2800973951816559,50.0,Paddy,Very High
-6.0311,-11.11,5.078860000000001,-0.4999999999999997,-0.8660254037844388,5,0.2800973951816559,50.0,Fallow,Very High
-5.8507,-14.843,8.992270000000001,-0.4999999999999997,-0.8660254037844388,18,0.2800973951816559,50.0,Paddy,Very High
-5.1152,-17.079,11.963830000000002,-0.4999999999999997,-0.8660254037844388,18,0.2800973951816559,50.0,Paddy,Very High
-4.9648,-18.4157,13.450889999999998,-0.4999999999999997,-0.8660254037844388,18,0.2800973951816559,50.0,Paddy,Very High
-7.0825,-15.2224,8.13986,-0.4999999999999997,-0.8660254037844388,14,0.43144291639328,50.0,Maize,Very High
-5.3611,-16.767,11.40596,-0.4999999999999997,-0.8660254037844388,18,0.2800973951816559,50.0,Paddy,Very High
-7.9946,-17.3494,9.354859999999999,-0.4999999999999997,-0.8660254037844388,18,0.2800973951816559,50.0,Paddy,Very High
-10.414,-17.4993,7.085259999999998,-0.4999999999999997,-0.8660254037844388,18,0.2800973951816559,50.0,Paddy,Very High
-7.8922,-19.076,11.18386,-0.4999999999999997,-0.8660254037844388,18,0.2800973951816559,50.0,Paddy,Very High
-9.8772,-18.1121,8.23497,-0.4999999999999997,-0.8660254037844388,18,0.2800973951816559,50.0,Paddy,Very High
-8.5916,-16.9198,8.328240000000001,-0.4999999999999997,-0.8660254037844388,18,0.2800973951816559,50.0,Paddy,Very High
-9.0817,-16.0258,6.944100000000001,-0.4999999999999997,-0.8660254037844388,18,0.2800973951816559,50.0,Paddy,Very High
-10.1288,-17.8018,7.673020000000001,-0.4999999999999997,-0.8660254037844388,18,0.4914707839488983,50.0,Paddy,Very High
-10.9135,-18.7861,7.872629999999999,-0.4999999999999997,-0.8660254037844388,18,0.2800973951816559,50.0,Paddy,Very High
-8.0888,-18.4693,10.38055,-0.4999999999999997,-0.8660254037844388,18,0.2800973951816559,50.0,Paddy,Very High
-11.8642,-19.1184,7.254209999999999,-0.4999999999999997,-0.8660254037844388,18,0.2800973951816559,50.0,Paddy,Very High
-6.8143,-13.7189,6.90462,-0.4999999999999997,-0.8660254037844388,18,0.3377876877784729,50.0,Paddy,Very High
-4.3108,-16.6502,12.339380000000002,-0.4999999999999997,-0.8660254037844388,18,0.1872244179248809,50.0,Paddy,Very High
-8.0893,-15.2064,7.11712,-0.4999999999999997,-0.8660254037844388,18,0.3258721828460693,50.0,Paddy,Very High
-9.2879,-14.4061,5.11819,-0.4999999999999997,-0.8660254037844388,18,0.3570348024368286,50.0,Paddy,Very High
-6.7889,-13.3105,6.52163,-0.4999999999999997,-0.8660254037844388,18,0.2759124040603637,50.0,Paddy,Very High
-5.8976,-17.0536,11.156,-0.4999999999999997,-0.8660254037844388,18,0.4100996255874634,50.0,Paddy,Very High
-8.8617,-17.087,8.225380000000001,-0.4999999999999997,-0.8660254037844388,18,0.4089298248291015,50.0,Paddy,Very High
-9.6247,-15.8364,6.21175,-0.4999999999999997,-0.8660254037844388,18,0.3017921149730682,50.0,Paddy,Very High
-4.7081,-16.4296,11.72152,-0.4999999999999997,-0.8660254037844388,18,0.2848585247993469,50.0,Paddy,Very High
-8.1908,-17.5786,9.38773,-0.4999999999999997,-0.8660254037844388,18,0.2990114390850067,50.0,Paddy,Very High
-7.8609,-17.7962,9.93525,-0.4999999999999997,-0.8660254037844388,18,0.3259240686893463,50.0,Paddy,Very High
-8.841,-16.8116,7.970630000000002,-0.4999999999999997,-0.8660254037844388,18,0.3065662682056427,50.0,Paddy,Very High
-7.5536,-16.9685,9.414949999999997,-0.4999999999999997,-0.8660254037844388,18,0.8665794730186462,50.0,Paddy,Very High
-7.5939,-12.4722,4.8782700000000006,-0.4999999999999997,-0.8660254037844388,18,0.3690398335456848,50.0,Paddy,Very High
-7.7753,-16.6251,8.849720000000001,-0.4999999999999997,-0.8660254037844388,18,0.8517462611198425,50.0,Paddy,Very High
-5.8565,-15.1643,9.30787,-0.4999999999999997,-0.8660254037844388,18,0.2662517428398132,50.0,Paddy,Very High
-8.7517,-20.0423,11.290659999999999,1.2246467991473532e-16,-1.0,5,0.1306689232587814,9.7,Fallow,Low
-7.8885,-18.3217,10.43325,1.2246467991473532e-16,-1.0,5,0.1160546764731407,10.4,Fallow,Medium
-8.9586,-15.9229,6.964269999999999,1.2246467991473532e-16,-1.0,5,0.1141650974750518,5.2,Fallow,Low
-10.8765,-15.2882,4.41174,1.2246467991473532e-16,-1.0,13,0.3506252467632293,4.1,Lemon,Low
-9.5217,-16.8555,7.3337900000000005,1.2246467991473532e-16,-1.0,5,0.1783783733844757,6.1,Fallow,Low
-9.8145,-19.4531,9.638609999999998,1.2246467991473532e-16,-1.0,5,0.2433615177869796,5.8,Fallow,Low
-10.397,-17.5506,7.153620000000002,1.2246467991473532e-16,-1.0,5,0.2301293909549713,5.5,Fallow,Low
-10.1828,-22.8113,12.628449999999999,1.2246467991473532e-16,-1.0,5,0.1891514956951141,9.2,Fallow,Low
-10.9927,-23.1511,12.15843,1.2246467991473532e-16,-1.0,5,0.1457142829895019,9.6,Fallow,Low
-10.1072,-18.3406,8.23341,1.2246467991473532e-16,-1.0,5,0.3272234499454498,7.53333333333333,Fallow,Low
-9.6531,-17.3745,7.721389999999998,1.2246467991473532e-16,-1.0,5,0.182487204670906,34.6,Fallow,High
-10.9748,-16.9006,5.925799999999999,1.2246467991473532e-16,-1.0,5,0.1502829194068908,10.7,Fallow,Medium
-11.6078,-19.9834,8.375580000000001,1.2246467991473532e-16,-1.0,5,0.1117148697376251,9.8,Fallow,Low
-9.7752,-18.1746,8.399430000000002,1.2246467991473532e-16,-1.0,5,0.1181319206953048,6.9,Fallow,Low
-8.4115,-18.483,10.071530000000001,1.2246467991473532e-16,-1.0,5,0.1064392179250717,7.7,Fallow,Low
-11.9721,-17.8365,5.86439,1.2246467991473532e-16,-1.0,5,0.1806513965129852,19.6,Fallow,Medium
-9.4181,-19.719,10.30092,1.2246467991473532e-16,-1.0,5,0.1278137266635894,16.0,Fallow,Medium
-8.5973,-19.8598,11.262559999999999,1.2246467991473532e-16,-1.0,5,0.180740088224411,7.3,Fallow,Low
-12.5868,-18.9184,6.3316500000000016,1.2246467991473532e-16,-1.0,5,0.1200937181711196,14.0,Fallow,Medium
-12.8587,-19.9916,7.13297,1.2246467991473532e-16,-1.0,5,0.1479582041501999,13.7,Fallow,Medium
-12.3111,-21.8925,9.58137,1.2246467991473532e-16,-1.0,5,0.1071159020066261,16.2,Fallow,Medium
-13.6238,-21.5276,7.90377,1.2246467991473532e-16,-1.0,5,0.0910123288631439,8.0,Fallow,Low
-13.7408,-22.7705,9.029659999999998,1.2246467991473532e-16,-1.0,5,0.1002052873373031,12.2,Fallow,Medium
-13.5932,-18.8038,5.210610000000001,1.2246467991473532e-16,-1.0,5,0.1085648238658905,13.2,Fallow,Medium
-15.2292,-22.9485,7.719310000000002,1.2246467991473532e-16,-1.0,5,0.1016464829444885,10.6666666666667,Fallow,Medium
-9.4483,-25.042,15.59377,1.2246467991473532e-16,-1.0,5,0.1580531895160675,6.9,Fallow,Low
-9.5769,-23.1715,13.594570000000001,1.2246467991473532e-16,-1.0,5,0.1772164106369018,8.6,Fallow,Low
-9.2172,-20.3944,11.177219999999998,1.2246467991473532e-16,-1.0,5,0.1077850461006164,7.2,Fallow,Low
-12.5912,-16.9657,4.374419999999999,1.2246467991473532e-16,-1.0,5,0.1371161490678787,7.7,Fallow,Low
-10.1812,-20.9932,10.812030000000002,1.2246467991473532e-16,-1.0,5,0.1352340877056121,11.2333333333333,Fallow,Medium
-10.3818,-17.4108,7.02896,1.2246467991473532e-16,-1.0,5,0.1433998048305511,10.1,Fallow,Medium
-11.8069,-19.5259,7.718979999999998,1.2246467991473532e-16,-1.0,5,0.1095473915338516,6.4,Fallow,Low
-10.1885,-19.6512,9.462749999999998,1.2246467991473532e-16,-1.0,5,0.1507125049829483,11.2,Fallow,Medium
-9.418,-16.7228,7.304740000000001,1.2246467991473532e-16,-1.0,5,0.1269380152225494,15.7,Fallow,Medium
-8.9869,-17.2933,8.30641,1.2246467991473532e-16,-1.0,5,0.1292896419763565,15.3,Fallow,Medium
-9.31,-17.1425,7.832519999999999,1.2246467991473532e-16,-1.0,5,0.1339392364025116,5.0,Fallow,Low
-9.4232,-19.2513,9.82812,1.2246467991473532e-16,-1.0,5,0.2148375064134597,5.9,Fallow,Low
-9.4533,-18.3934,8.940169999999998,1.2246467991473532e-16,-1.0,5,0.1010806262493133,20.0,Fallow,Medium
-9.2809,-21.3398,12.058880000000002,1.2246467991473532e-16,-1.0,5,0.1389213651418686,11.8,Fallow,Medium
-9.5433,-19.9158,10.372499999999999,1.2246467991473532e-16,-1.0,5,0.1800664961338043,4.9,Fallow,Low
-12.1106,-20.4564,8.345770000000002,1.2246467991473532e-16,-1.0,5,0.2167811542749405,6.8,Fallow,Low
-15.5368,-21.05,5.51319,1.2246467991473532e-16,-1.0,5,0.1455074101686477,16.6,Fallow,Medium
-11.6158,-21.586,9.970270000000001,1.2246467991473532e-16,-1.0,5,0.2796334624290466,6.1,Fallow,Low
-8.8936,-21.7973,12.90369,1.2246467991473532e-16,-1.0,5,0.1068609580397605,17.3,Fallow,Medium
-11.9947,-23.2227,11.22798,1.2246467991473532e-16,-1.0,5,0.1411413699388504,8.6,Fallow,Low
-10.8903,-17.5135,6.623190000000001,1.2246467991473532e-16,-1.0,5,0.6065353751182556,7.0,Fallow,Low
-9.709,-17.8188,8.10979,1.2246467991473532e-16,-1.0,5,0.6486002206802368,14.0,Fallow,Medium
-8.4137,-16.4218,8.00802,1.2246467991473532e-16,-1.0,5,0.1894669532775879,6.7,Fallow,Low
-9.1901,-15.175,5.984900000000001,1.2246467991473532e-16,-1.0,20,0.6953873634338379,18.9,Sorgham,Medium
-7.8034,-14.7938,6.990470000000001,1.2246467991473532e-16,-1.0,5,0.717393696308136,17.6666666666667,Fallow,Medium
-12.5645,-18.0945,5.53004,1.2246467991473532e-16,-1.0,5,0.1251778900623321,18.7,Fallow,Medium
-11.5038,-19.3272,7.823359999999999,1.2246467991473532e-16,-1.0,5,0.2289586365222931,1.9,Fallow,Low
-10.0298,-18.7628,8.73293,1.2246467991473532e-16,-1.0,5,0.2208484411239624,10.8,Fallow,Medium
-8.6444,-17.5658,8.92136,1.2246467991473532e-16,-1.0,5,0.2416494786739349,12.2,Fallow,Medium
-11.7848,-20.3229,8.53803,1.2246467991473532e-16,-1.0,5,0.1234990358352661,17.8333333333333,Fallow,Medium
-10.3806,-17.18,6.799449999999998,1.2246467991473532e-16,-1.0,5,0.1231893673539161,2.5,Fallow,Low
-7.7477,-17.3354,9.58773,1.2246467991473532e-16,-1.0,2,0.6547418832778931,13.3,Daicha,Medium
-10.6776,-18.3925,7.7149100000000015,1.2246467991473532e-16,-1.0,19,0.6520769000053406,23.8,Perl Millet,Medium
-11.3407,-17.1486,5.807869999999999,1.2246467991473532e-16,-1.0,20,0.6155869960784912,7.6,Sorgham,Low
-10.6901,-17.5787,6.888630000000001,1.2246467991473532e-16,-1.0,5,0.1621062159538269,14.3666666666667,Fallow,Medium
-10.8277,-16.9033,6.075589999999998,1.2246467991473532e-16,-1.0,5,0.1098347604274749,9.9,Fallow,Medium
-11.5044,-22.5291,11.02475,1.2246467991473532e-16,-1.0,5,0.1141254007816314,4.1,Fallow,Low
-10.7775,-19.3294,8.551889999999998,1.2246467991473532e-16,-1.0,5,0.1464790999889373,12.2,Fallow,Medium
-10.3667,-17.9676,7.60093,1.2246467991473532e-16,-1.0,5,0.3283077478408813,10.8,Fallow,Medium
-10.852,-19.8458,8.993760000000002,1.2246467991473532e-16,-1.0,5,0.1232598572969436,12.1,Fallow,Medium
-8.1069,-19.9482,11.841270000000002,1.2246467991473532e-16,-1.0,5,0.2084450721740722,7.2,Fallow,Low
-8.7488,-15.057,6.30819,1.2246467991473532e-16,-1.0,5,0.1268994510173797,8.2,Fallow,Low
-9.938,-17.8672,7.9292799999999986,1.2246467991473532e-16,-1.0,5,0.1431725919246673,9.3,Fallow,Low
-7.4286,-19.0936,11.664929999999998,1.2246467991473532e-16,-1.0,5,0.0909615084528923,7.9,Fallow,Low
-7.7079,-21.4967,13.788770000000001,1.2246467991473532e-16,-1.0,5,0.0847482085227966,7.16666666666667,Fallow,Low
-13.207,-19.0324,5.82536,1.2246467991473532e-16,-1.0,5,0.1881386488676071,4.2,Fallow,Low
-9.205,-20.1236,10.918590000000002,1.2246467991473532e-16,-1.0,5,0.1760185211896896,7.9,Fallow,Low
-10.5021,-18.7613,8.259220000000001,1.2246467991473532e-16,-1.0,5,0.1344451606273651,8.5,Fallow,Low
-10.101,-16.4685,6.367529999999999,1.2246467991473532e-16,-1.0,9,0.2895148694515228,11.6,Grass,Medium
-9.5342,-18.1388,8.604599999999998,1.2246467991473532e-16,-1.0,5,0.1201135441660881,6.16666666666667,Fallow,Low
-10.7943,-15.2684,4.474129999999999,1.2246467991473532e-16,-1.0,5,0.1869191378355026,9.4,Fallow,Low
-13.3611,-19.7285,6.367379999999999,1.2246467991473532e-16,-1.0,5,0.1901431232690811,9.0,Fallow,Low
-10.3195,-19.8542,9.53476,1.2246467991473532e-16,-1.0,5,0.546579897403717,8.9,Fallow,Low
-10.183,-20.8425,10.659510000000001,1.2246467991473532e-16,-1.0,5,0.6633205413818359,8.0,Fallow,Low
-11.5278,-21.3591,9.831259999999999,1.2246467991473532e-16,-1.0,5,0.1611372977495193,10.2666666666667,Fallow,Medium
-10.2034,-20.3452,10.141850000000002,1.2246467991473532e-16,-1.0,5,0.3723340332508087,17.0,Fallow,Medium
-9.4883,-17.04,7.551679999999999,1.2246467991473532e-16,-1.0,5,0.3410809636116028,12.6,Fallow,Medium
-10.3945,-18.0589,7.664339999999999,1.2246467991473532e-16,-1.0,5,0.3808251321315765,12.3,Fallow,Medium
-6.2726,-15.9144,9.641770000000001,1.2246467991473532e-16,-1.0,5,0.1609279066324234,15.1,Fallow,Medium
-8.6279,-18.2875,9.659579999999998,1.2246467991473532e-16,-1.0,5,0.2791525721549988,15.0,Fallow,Medium
-10.1743,-14.2737,4.09939,1.2246467991473532e-16,-1.0,5,0.4171904325485229,12.2,Fallow,Medium
-10.568,-16.3915,5.823419999999999,1.2246467991473532e-16,-1.0,5,0.1816309094429016,11.6,Fallow,Medium
-11.387,-16.6928,5.305760000000001,1.2246467991473532e-16,-1.0,5,0.2612479925155639,5.6,Fallow,Low
-12.2741,-17.2852,5.011050000000001,1.2246467991473532e-16,-1.0,5,0.1663964092731475,7.8,Fallow,Low
-11.1501,-15.375,4.2249300000000005,1.2246467991473532e-16,-1.0,5,0.2219036668539047,8.23333333333333,Fallow,Low
-11.7364,-16.3743,4.63782,1.2246467991473532e-16,-1.0,5,0.1875293105840683,15.2,Fallow,Medium
-10.5461,-18.6225,8.07634,1.2246467991473532e-16,-1.0,5,0.1382193565368652,12.4,Fallow,Medium
-9.8062,-14.9603,5.154170000000001,1.2246467991473532e-16,-1.0,5,0.3012992143630981,7.7,Fallow,Low
-9.1659,-15.003,5.8371200000000005,1.2246467991473532e-16,-1.0,5,0.2139463424682617,9.5,Fallow,Low
-10.9195,-15.5,4.58048,1.2246467991473532e-16,-1.0,5,0.1479066014289856,6.63333333333333,Fallow,Low
-9.8317,-14.3155,4.4838000000000005,1.2246467991473532e-16,-1.0,19,0.4751054942607879,7.2,Perl Millet,Low
-9.8774,-15.7015,5.824120000000001,1.2246467991473532e-16,-1.0,5,0.4426211714744568,4.9,Fallow,Low
-11.1714,-16.4043,5.232980000000001,1.2246467991473532e-16,-1.0,5,0.3963187336921692,7.9,Fallow,Low
-9.9777,-15.5812,5.603530000000001,1.2246467991473532e-16,-1.0,5,0.3437332510948181,12.1,Fallow,Medium
-9.8671,-15.2365,5.369400000000001,1.2246467991473532e-16,-1.0,5,0.3146702945232391,6.0,Fallow,Low
-9.611,-14.9619,5.35093,1.2246467991473532e-16,-1.0,5,0.2699648737907409,10.8,Fallow,Medium
-9.6276,-18.4361,8.80846,1.2246467991473532e-16,-1.0,5,0.1519316434860229,19.6,Fallow,Medium
-7.3165,-15.9533,8.636790000000001,1.2246467991473532e-16,-1.0,5,0.2474297434091568,15.7,Fallow,Medium
-7.6159,-14.1712,6.55533,1.2246467991473532e-16,-1.0,5,0.603693425655365,8.2,Fallow,Low
-7.0966,-16.1768,9.08023,1.2246467991473532e-16,-1.0,5,0.3073164224624634,13.5666666666667,Fallow,Medium
-12.335,-24.5812,12.246250000000002,1.2246467991473532e-16,-1.0,5,0.1338283121585846,12.7,Fallow,Medium
-9.7311,-21.0818,11.35061,1.2246467991473532e-16,-1.0,5,0.1251287460327148,20.2,Fallow,Medium
-8.207,-18.8151,10.60816,1.2246467991473532e-16,-1.0,5,0.1329695284366607,16.7,Fallow,Medium
-9.9854,-17.5066,7.52122,1.2246467991473532e-16,-1.0,20,0.7349923253059387,9.2,Sorgham,Low
-10.5944,-18.6578,8.06339,1.2246467991473532e-16,-1.0,5,0.2105435878038406,8.5,Fallow,Low
-12.043,-19.6794,7.6363900000000005,1.2246467991473532e-16,-1.0,5,0.1800167113542556,7.6,Fallow,Low
-9.475,-14.9823,5.50727,1.2246467991473532e-16,-1.0,5,0.2591246366500854,8.3,Fallow,Low
-12.2148,-19.779,7.564219999999999,1.2246467991473532e-16,-1.0,5,0.1682574301958084,8.5,Fallow,Low
-12.2768,-18.1658,5.8890699999999985,1.2246467991473532e-16,-1.0,5,0.1620974093675613,9.2,Fallow,Low
-11.2244,-16.4866,5.262179999999999,1.2246467991473532e-16,-1.0,5,0.1519534885883331,11.2,Fallow,Medium
-7.8958,-16.3589,8.463130000000001,1.2246467991473532e-16,-1.0,5,0.1470851600170135,10.9,Fallow,Medium
-11.7406,-18.0371,6.296449999999998,1.2246467991473532e-16,-1.0,5,0.3529437780380249,6.0,Fallow,Low
-8.4502,-17.0766,8.62638,1.2246467991473532e-16,-1.0,5,0.2715502381324768,8.1,Fallow,Low
-10.9477,-19.8447,8.89702,1.2246467991473532e-16,-1.0,5,0.1554546505212783,10.5,Fallow,Medium
-8.6939,-19.2537,10.55979,1.2246467991473532e-16,-1.0,5,0.1380098164081573,12.0333333333333,Fallow,Medium
-6.2162,-18.9661,12.749970000000001,1.2246467991473532e-16,-1.0,5,0.1497313231229782,12.3,Fallow,Medium
-6.2274,-18.984,12.75667,1.2246467991473532e-16,-1.0,9,0.254380315542221,15.2,Grass,Medium
-8.3972,-13.3304,4.93319,1.2246467991473532e-16,-1.0,5,0.2461411356925964,11.2,Fallow,Medium
-13.1476,-20.4934,7.34581,1.2246467991473532e-16,-1.0,5,0.171017125248909,10.3,Fallow,Medium
-12.3843,-16.7216,4.337289999999999,1.2246467991473532e-16,-1.0,5,0.1798288524150848,10.7,Fallow,Medium
-11.764,-21.8581,10.094129999999998,1.2246467991473532e-16,-1.0,5,0.2100264877080917,8.0,Fallow,Low
-13.5569,-19.0709,5.514040000000001,1.2246467991473532e-16,-1.0,5,0.2394542247056961,41.4,Fallow,Very High
-11.3447,-19.2001,7.855429999999998,1.2246467991473532e-16,-1.0,5,0.1832767575979232,16.0,Fallow,Medium
-9.3434,-18.3995,9.056109999999999,1.2246467991473532e-16,-1.0,5,0.1507921665906906,4.3,Fallow,Low
-12.3067,-19.0302,6.723469999999999,1.2246467991473532e-16,-1.0,5,0.1555090695619583,9.26666666666667,Fallow,Low
-7.5322,-20.0408,12.50863,1.2246467991473532e-16,-1.0,5,0.1604287475347519,8.6,Fallow,Low
-7.5152,-19.3157,11.800569999999999,1.2246467991473532e-16,-1.0,5,0.138022243976593,12.6,Fallow,Medium
-11.0616,-19.1014,8.03976,1.2246467991473532e-16,-1.0,5,0.3743832111358642,9.0,Fallow,Low
-7.0386,-16.7415,9.702849999999998,1.2246467991473532e-16,-1.0,5,0.2687273025512695,12.0,Fallow,Medium
-9.4104,-18.7442,9.333830000000003,1.2246467991473532e-16,-1.0,5,0.3237384259700775,6.4,Fallow,Low
-12.354,-17.9594,5.605380000000002,1.2246467991473532e-16,-1.0,5,0.1670184582471847,6.7,Fallow,Low
-10.3879,-16.9754,6.58752,1.2246467991473532e-16,-1.0,5,0.1295234858989715,9.1,Fallow,Low
-9.9066,-14.8566,4.949949999999999,1.2246467991473532e-16,-1.0,5,0.1494743824005127,7.4,Fallow,Low
-10.7633,-20.0748,9.31153,1.2246467991473532e-16,-1.0,5,0.1383403241634369,8.0,Fallow,Low
-10.2643,-18.2049,7.940590000000002,1.2246467991473532e-16,-1.0,5,0.1475232988595962,10.5333333333333,Fallow,Medium
-11.6321,-19.135,7.50296,-0.4999999999999997,-0.8660254037844388,18,0.2800973951816559,50.0,Paddy,Very High
-7.477,-19.9879,12.510909999999999,-0.4999999999999997,-0.8660254037844388,5,0.2800973951816559,50.0,Fallow,Very High
-13.2076,-21.3546,8.14699,-0.4999999999999997,-0.8660254037844388,4,0.2800973951816559,50.0,Datura,Very High
-9.472,-15.7656,6.2935500000000015,-0.4999999999999997,-0.8660254037844388,16,0.6359571814537048,35.8,Orchad,High
-12.3492,-20.2029,7.853719999999999,-0.4999999999999997,-0.8660254037844388,5,0.2800973951816559,50.0,Fallow,Very High
-11.3286,-21.1874,9.858859999999998,-0.4999999999999997,-0.8660254037844388,18,0.2800973951816559,50.0,Paddy,Very High
-9.2789,-17.133,7.85403,-0.4999999999999997,-0.8660254037844388,18,0.2800973951816559,50.0,Paddy,Very High
-14.7736,-17.0764,2.3027300000000004,-0.4999999999999997,-0.8660254037844388,18,0.2800973951816559,50.0,Paddy,Very High
-11.6646,-17.5363,5.8716599999999985,-0.4999999999999997,-0.8660254037844388,18,0.2800973951816559,50.0,Paddy,Very High
-11.4078,-15.6533,4.245529999999999,-0.4999999999999997,-0.8660254037844388,18,0.2800973951816559,50.0,Paddy,Very High
-11.5542,-15.9158,4.361560000000001,-0.4999999999999997,-0.8660254037844388,18,0.2800973951816559,50.0,Paddy,Very High
-10.0823,-16.5143,6.432040000000001,-0.4999999999999997,-0.8660254037844388,18,0.2800973951816559,50.0,Paddy,Very High
-7.2706,-20.4119,13.14123,-0.4999999999999997,-0.8660254037844388,18,0.2800973951816559,50.0,Paddy,Very High
-14.2126,-19.6886,5.4759899999999995,-0.4999999999999997,-0.8660254037844388,18,0.2800973951816559,50.0,Paddy,Very High
-13.5224,-20.1913,6.66891,-0.4999999999999997,-0.8660254037844388,18,0.2800973951816559,50.0,Paddy,Very High
-13.835,-18.1741,4.3390699999999995,-0.4999999999999997,-0.8660254037844388,18,0.2800973951816559,50.0,Paddy,Very High
-11.3573,-18.3556,6.998330000000001,-0.4999999999999997,-0.8660254037844388,18,0.2800973951816559,50.0,Paddy,Very High
-9.6319,-18.8895,9.25765,-0.4999999999999997,-0.8660254037844388,18,0.2800973951816559,50.0,Paddy,Very High
-12.2783,-17.2114,4.933120000000001,-0.4999999999999997,-0.8660254037844388,18,0.2800973951816559,50.0,Paddy,Very High
-13.815,-20.772,6.95697,-0.4999999999999997,-0.8660254037844388,18,0.336378663778305,50.0,Paddy,Very High
-18.7279,-19.635,0.9070999999999998,-0.4999999999999997,-0.8660254037844388,18,0.0990067720413208,50.0,Paddy,Very High
-9.4742,-17.9355,8.461330000000002,-0.4999999999999997,-0.8660254037844388,18,0.1592702120542526,50.0,Paddy,Very High
-11.9852,-17.9555,5.970309999999998,-0.4999999999999997,-0.8660254037844388,18,0.0881002470850944,50.0,Paddy,Very High
-13.1486,-19.4337,6.2851300000000005,-0.4999999999999997,-0.8660254037844388,18,0.0417417474091053,50.0,Paddy,Very High
-12.7466,-15.3654,2.6187199999999997,-0.4999999999999997,-0.8660254037844388,18,0.1160862520337104,50.0,Paddy,Very High
-10.356,-18.8565,8.500419999999998,-0.4999999999999997,-0.8660254037844388,18,0.1836946755647659,50.0,Paddy,Very High
-12.8956,-21.3983,8.502770000000002,-0.4999999999999997,-0.8660254037844388,18,0.1477798968553543,50.0,Paddy,Very High
-10.0346,-17.411,7.376370000000001,-0.4999999999999997,-0.8660254037844388,18,0.0056298631243407,50.0,Paddy,Very High
-13.4897,-21.2514,7.7616700000000005,-0.4999999999999997,-0.8660254037844388,18,0.0477777831256389,50.0,Paddy,Very High
-11.9217,-21.6519,9.73015,-0.4999999999999997,-0.8660254037844388,18,0.0620028972625732,50.0,Paddy,Very High
-8.0911,-17.4998,9.408649999999998,-0.4999999999999997,-0.8660254037844388,18,-0.0414053276181221,50.0,Paddy,Very High
-12.2044,-19.9243,7.719899999999999,-0.4999999999999997,-0.8660254037844388,18,-0.0606092996895313,50.0,Paddy,Very High
-13.7496,-22.97,9.220430000000002,-0.4999999999999997,-0.8660254037844388,18,0.1018164083361625,50.0,Paddy,Very High
-8.6688,-13.9296,5.2608799999999984,-0.4999999999999997,-0.8660254037844388,18,0.2800973951816559,50.0,Paddy,Very High
-8.4984,-19.783,11.284540000000002,-0.4999999999999997,-0.8660254037844388,18,0.2877223789691925,50.0,Paddy,Very High
-7.1651,-15.0712,7.90616,-0.4999999999999997,-0.8660254037844388,18,0.2654656171798706,50.0,Paddy,Very High
-14.3076,-22.6176,8.30995,-0.4999999999999997,-0.8660254037844388,18,0.1260746419429779,50.0,Paddy,Very High
-7.5252,-16.6984,9.17315,-0.4999999999999997,-0.8660254037844388,18,0.4698319137096405,50.0,Paddy,Very High
-13.8069,-21.6544,7.847480000000001,-0.4999999999999997,-0.8660254037844388,18,0.0745531767606735,50.0,Paddy,Very High
-10.5654,-18.1029,7.537489999999998,-0.4999999999999997,-0.8660254037844388,18,0.1165932267904281,50.0,Paddy,Very High
-8.378,-14.1392,5.761140000000001,-0.4999999999999997,-0.8660254037844388,18,0.3893170356750488,50.0,Paddy,Very High
-10.4141,-17.4816,7.0675599999999985,-0.4999999999999997,-0.8660254037844388,18,0.0999072939157486,50.0,Paddy,Very High
-12.6268,-18.1822,5.555389999999999,-0.4999999999999997,-0.8660254037844388,18,0.3048025965690613,50.0,Paddy,Very High
-13.3124,-16.9112,3.5987199999999984,-0.4999999999999997,-0.8660254037844388,18,0.2463911771774292,50.0,Paddy,Very High
-10.7993,-17.2851,6.48582,-0.4999999999999997,-0.8660254037844388,18,0.3360050618648529,50.0,Paddy,Very High
-13.3014,-15.9874,2.6860300000000006,-0.4999999999999997,-0.8660254037844388,18,0.2044798284769058,50.0,Paddy,Very High
-14.6873,-18.8614,4.1741199999999985,-0.4999999999999997,-0.8660254037844388,18,0.258381724357605,50.0,Paddy,Very High
-11.7508,-19.0185,7.26764,-0.4999999999999997,-0.8660254037844388,5,0.1012448072433471,50.0,Fallow,Very High
-11.9373,-15.5223,3.5850600000000004,-0.4999999999999997,-0.8660254037844388,5,0.4277015328407287,50.0,Fallow,Very High
-9.4634,-17.4693,8.00589,-0.4999999999999997,-0.8660254037844388,5,0.4591901898384094,50.0,Fallow,Very High
-5.8258,-18.2977,12.471889999999998,-0.4999999999999997,-0.8660254037844388,6,0.531316339969635,50.0,Fallow&Grass,Very High
-5.7182,-11.9913,6.27306,-0.4999999999999997,-0.8660254037844388,7,0.2800973951816559,25.3,Fodder,High
-10.1464,-14.363,4.216519999999999,-0.4999999999999997,-0.8660254037844388,7,0.3960794806480407,25.3,Fodder,High
-9.4794,-15.3903,5.91086,-0.4999999999999997,-0.8660254037844388,5,0.1916302889585495,27.5,Fallow,High
-8.0364,-15.4346,7.39822,-0.4999999999999997,-0.8660254037844388,5,0.2562494874000549,26.3,Fallow,High
-7.144,-15.0364,7.89233,-0.4999999999999997,-0.8660254037844388,5,0.2132445722818374,27.5666666666667,Fallow,High
-6.2521,-15.094,8.84184,-0.4999999999999997,-0.8660254037844388,5,0.2800973951816559,34.7,Fallow,High
-9.0099,-17.9343,8.92439,-0.4999999999999997,-0.8660254037844388,5,0.2800973951816559,31.3,Fallow,High
-5.9442,-17.2665,11.322280000000001,-0.4999999999999997,-0.8660254037844388,18,0.2800973951816559,50.0,Paddy,Very High
-9.583,-14.8952,5.31222,-0.4999999999999997,-0.8660254037844388,5,0.2800973951816559,32.9,Fallow,High
-7.0611,-17.556,10.49487,-0.4999999999999997,-0.8660254037844388,5,0.2800973951816559,31.5666666666667,Fallow,High
-8.9599,-16.53,7.570129999999999,-0.4999999999999997,-0.8660254037844388,5,0.2800973951816559,34.7,Fallow,High
-10.8193,-19.0336,8.21435,-0.4999999999999997,-0.8660254037844388,5,0.2800973951816559,50.0,Fallow,Very High
-13.2286,-19.2076,5.978979999999998,-0.4999999999999997,-0.8660254037844388,18,0.2800973951816559,50.0,Paddy,Very High
-11.4495,-15.7242,4.274710000000001,-0.4999999999999997,-0.8660254037844388,5,0.2800973951816559,33.0,Fallow,High
-11.1706,-17.3507,6.180119999999999,-0.4999999999999997,-0.8660254037844388,5,0.2800973951816559,30.1,Fallow,High
-10.6691,-15.4125,4.743350000000001,-0.4999999999999997,-0.8660254037844388,19,0.2800973951816559,31.1,Perl Millet,High
-11.163,-18.7514,7.588400000000002,-0.4999999999999997,-0.8660254037844388,5,0.2800973951816559,34.2,Fallow,High
-7.0968,-15.6516,8.55482,-0.4999999999999997,-0.8660254037844388,18,0.2800973951816559,50.0,Paddy,Very High
-9.4969,-13.7237,4.22678,-0.4999999999999997,-0.8660254037844388,5,0.2800973951816559,34.0,Fallow,High
-10.6688,-14.778,4.1092200000000005,-0.4999999999999997,-0.8660254037844388,5,0.2800973951816559,32.6666666666667,Fallow,High
-9.8471,-15.206,5.358939999999999,-0.4999999999999997,-0.8660254037844388,5,0.2800973951816559,34.5,Fallow,High
-9.543,-15.1289,5.585940000000001,-0.4999999999999997,-0.8660254037844388,5,0.2800973951816559,37.4,Fallow,High
-8.3577,-13.1779,4.82025,-0.4999999999999997,-0.8660254037844388,5,0.2800973951816559,39.1,Fallow,High
-6.7523,-15.6961,8.943740000000002,-0.4999999999999997,-0.8660254037844388,18,0.2800973951816559,50.0,Paddy,Very High
-8.6239,-15.2585,6.6345800000000015,-0.4999999999999997,-0.8660254037844388,5,0.2800973951816559,39.6333333333333,Fallow,High
-8.5132,-17.9517,9.43846,-0.4999999999999997,-0.8660254037844388,18,0.2800973951816559,50.0,Paddy,Very High
-9.5081,-18.5377,9.02965,-0.4999999999999997,-0.8660254037844388,18,0.2800973951816559,50.0,Paddy,Very High
-12.5982,-17.0932,4.495010000000001,-0.4999999999999997,-0.8660254037844388,18,0.2800973951816559,50.0,Paddy,Very High
-5.999,-13.4554,7.45642,-0.4999999999999997,-0.8660254037844388,19,0.43144291639328,39.0,Perl Millet,High
-8.775,-14.6494,5.8744,-0.4999999999999997,-0.8660254037844388,18,0.2800973951816559,50.0,Paddy,Very High
-9.0734,-15.7953,6.721910000000001,-0.4999999999999997,-0.8660254037844388,18,0.2800973951816559,50.0,Paddy,Very High
-8.9098,-17.2081,8.298340000000001,-0.4999999999999997,-0.8660254037844388,18,0.2800973951816559,50.0,Paddy,Very High
-10.5487,-16.1458,5.5970900000000015,-0.4999999999999997,-0.8660254037844388,18,0.2800973951816559,50.0,Paddy,Very High
-11.0571,-17.7683,6.71125,-0.4999999999999997,-0.8660254037844388,18,0.2800973951816559,50.0,Paddy,Very High
-13.2929,-17.3054,4.012550000000001,-0.4999999999999997,-0.8660254037844388,18,0.2800973951816559,50.0,Paddy,Very High
-11.0651,-19.006,7.940899999999999,-0.4999999999999997,-0.8660254037844388,18,0.2800973951816559,50.0,Paddy,Very High
-11.0773,-19.0775,8.00022,-0.4999999999999997,-0.8660254037844388,18,0.4914707839488983,50.0,Paddy,Very High
-14.2778,-19.5408,5.263079999999999,-0.4999999999999997,-0.8660254037844388,18,0.2800973951816559,50.0,Paddy,Very High
-11.6804,-19.941,8.26061,-0.4999999999999997,-0.8660254037844388,18,0.2800973951816559,50.0,Paddy,Very High
-11.4213,-17.6497,6.22842,-0.4999999999999997,-0.8660254037844388,18,0.2800973951816559,50.0,Paddy,Very High
-10.7969,-20.6487,9.85184,-0.4999999999999997,-0.8660254037844388,18,0.3377876877784729,50.0,Paddy,Very High
-10.6223,-18.8336,8.211319999999999,-0.4999999999999997,-0.8660254037844388,18,0.1872244179248809,50.0,Paddy,Very High
-11.5503,-20.631,9.080620000000001,-0.4999999999999997,-0.8660254037844388,18,0.3258721828460693,50.0,Paddy,Very High
-12.3033,-18.8892,6.585889999999999,-0.4999999999999997,-0.8660254037844388,18,0.3570348024368286,50.0,Paddy,Very High
-11.3936,-19.0797,7.6861,-0.4999999999999997,-0.8660254037844388,18,0.2759124040603637,50.0,Paddy,Very High
-8.5478,-18.0506,9.502880000000001,-0.4999999999999997,-0.8660254037844388,18,0.4100996255874634,50.0,Paddy,Very High
-10.2058,-18.2633,8.05746,-0.4999999999999997,-0.8660254037844388,18,0.4089298248291015,50.0,Paddy,Very High
-9.0251,-19.1109,10.08587,-0.4999999999999997,-0.8660254037844388,18,0.3017921149730682,50.0,Paddy,Very High
-11.8568,-19.6376,7.7808199999999985,-0.4999999999999997,-0.8660254037844388,18,0.2848585247993469,50.0,Paddy,Very High
-9.8055,-19.7225,9.917010000000001,-0.4999999999999997,-0.8660254037844388,18,0.2990114390850067,50.0,Paddy,Very High
-7.7542,-13.9968,6.242630000000001,-0.4999999999999997,-0.8660254037844388,18,0.3259240686893463,50.0,Paddy,Very High
-9.7253,-17.2235,7.498219999999998,-0.4999999999999997,-0.8660254037844388,18,0.3065662682056427,50.0,Paddy,Very High
-7.0381,-17.0045,9.966400000000002,-0.4999999999999997,-0.8660254037844388,10,0.8665794730186462,45.0,Green Manary,Very High
-8.2143,-15.8704,7.656140000000001,-0.4999999999999997,-0.8660254037844388,18,0.3690398335456848,50.0,Paddy,Very High
-7.4585,-16.643,9.1845,-0.4999999999999997,-0.8660254037844388,10,0.8517462611198425,40.5333333333333,Green Manary,High
-5.4906,-17.9882,12.49755,-0.4999999999999997,-0.8660254037844388,18,0.2662517428398132,50.0,Paddy,Very High
-10.1942,-20.1105,9.91637,-0.4999999999999997,-0.8660254037844388,18,0.2800973951816559,50.0,Paddy,Very High
-11.8039,-19.4638,7.6598299999999995,-0.4999999999999997,-0.8660254037844388,18,0.2800973951816559,50.0,Paddy,Very High
-10.8503,-20.0652,9.21488,-0.4999999999999997,-0.8660254037844388,18,0.4486930966377258,50.0,Paddy,Very High
