HH-pol,HV-pol,cross_pol_ratio,month_sin,month_cos,crop_encoded,SM1 (%),Crop Name,label
-9.30941,-17.00176,7.692350000000001,1.2246467991473532e-16,-1.0,5,8.2,Fallow,Low
-8.10325,-15.88235,7.7791000000000015,1.2246467991473532e-16,-1.0,19,44.8,Perl Millet,Very High
-9.62345,-17.15174,7.52829,1.2246467991473532e-16,-1.0,5,6.0,Fallow,Low
-9.94934,-19.37645,9.427109999999999,1.2246467991473532e-16,-1.0,17,5.7,Ortho,Low
-6.80651,-17.59076,10.78425,1.2246467991473532e-16,-1.0,5,2.7,Fallow,Low
-9.78643,-10.79381,1.0073800000000013,1.2246467991473532e-16,-1.0,19,37.4,Perl Millet,High
-8.44387,-15.33186,6.88799,1.2246467991473532e-16,-1.0,19,27.3,Perl Millet,High
-8.75233,-18.93091,10.17858,1.2246467991473532e-16,-1.0,19,15.2,Perl Millet,Medium
-12.47915,-18.12421,5.645060000000001,1.2246467991473532e-16,-1.0,19,9.1,Perl Millet,Low
-9.48801,-14.64609,5.15808,1.2246467991473532e-16,-1.0,19,26.9,Perl Millet,High
-7.93055,-19.29293,11.362379999999998,1.2246467991473532e-16,-1.0,5,3.8,Fallow,Low
-10.35046,-17.05132,6.7008600000000005,1.2246467991473532e-16,-1.0,5,4.7,Fallow,Low
-10.06136,-19.13012,9.068760000000001,1.2246467991473532e-16,-1.0,5,5.0,Fallow,Low
-12.05981,-19.29424,7.234429999999998,1.2246467991473532e-16,-1.0,5,2.1,Fallow,Low
-10.30704,-19.45123,9.144189999999998,1.2246467991473532e-16,-1.0,5,2.4,Fallow,Low
-12.82574,-21.29368,8.467939999999999,1.2246467991473532e-16,-1.0,5,12.6,Fallow,Medium
-10.22037,-19.06915,8.84878,1.2246467991473532e-16,-1.0,5,5.0,Fallow,Low
-8.61756,-20.42012,11.802560000000001,1.2246467991473532e-16,-1.0,5,6.8,Fallow,Low
-12.73595,-17.84052,5.104570000000001,1.2246467991473532e-16,-1.0,5,6.2,Fallow,Low
-12.2253,-22.54355,10.318249999999999,1.2246467991473532e-16,-1.0,5,5.83333333333333,Fallow,Low
-10.92568,-15.49919,4.573510000000001,1.2246467991473532e-16,-1.0,5,6.3,Fallow,Low
-12.65881,-16.4699,3.8110899999999983,1.2246467991473532e-16,-1.0,5,3.8,Fallow,Low
-12.57115,-20.66377,8.09262,1.2246467991473532e-16,-1.0,5,6.3,Fallow,Low
-12.63191,-15.34244,2.7105300000000003,1.2246467991473532e-16,-1.0,5,7.0,Fallow,Low
-13.02122,-15.69567,2.67445,1.2246467991473532e-16,-1.0,5,7.6,Fallow,Low
-11.54633,-13.21472,1.6683900000000005,1.2246467991473532e-16,-1.0,5,8.7,Fallow,Low
-10.58841,-15.85361,5.2652,1.2246467991473532e-16,-1.0,5,5.0,Fallow,Low
-8.42513,-17.40769,8.98256,1.2246467991473532e-16,-1.0,5,4.0,Fallow,Low
-12.02991,-15.60047,3.5705600000000004,1.2246467991473532e-16,-1.0,5,3.4,Fallow,Low
-13.06616,-14.96992,1.9037600000000001,1.2246467991473532e-16,-1.0,5,5.3,Fallow,Low
-12.04677,-19.2503,7.203529999999999,1.2246467991473532e-16,-1.0,5,2.4,Fallow,Low
-8.4518,-17.31775,8.86595,1.2246467991473532e-16,-1.0,5,6.8,Fallow,Low
-9.3763,-19.00197,9.62567,1.2246467991473532e-16,-1.0,5,3.0,Fallow,Low
-8.84624,-15.81384,6.967600000000001,1.2246467991473532e-16,-1.0,5,4.3,Fallow,Low
-9.50577,-15.5643,6.058529999999999,1.2246467991473532e-16,-1.0,5,3.03333333333333,Fallow,Low
-7.24491,-18.34963,11.10472,1.2246467991473532e-16,-1.0,5,3.6,Fallow,Low
-9.55814,-16.25389,6.6957499999999985,1.2246467991473532e-16,-1.0,5,4.2,Fallow,Low
-12.91854,-19.12096,6.20242,1.2246467991473532e-16,-1.0,5,6.0,Fallow,Low
-10.35664,-17.43173,7.075090000000001,1.2246467991473532e-16,-1.0,5,2.3,Fallow,Low
-11.89789,-19.27818,7.380289999999999,1.2246467991473532e-16,-1.0,5,4.53333333333333,Fallow,Low
-7.08127,-15.57441,8.49314,1.2246467991473532e-16,-1.0,5,2.6,Fallow,Low
-9.99693,-18.66412,8.66719,1.2246467991473532e-16,-1.0,5,2.4,Fallow,Low
-9.61241,-16.59726,6.984849999999998,1.2246467991473532e-16,-1.0,5,2.8,Fallow,Low
-9.83582,-15.61723,5.781409999999999,1.2246467991473532e-16,-1.0,5,32.1,Fallow,High
-9.15462,-14.64847,5.49385,1.2246467991473532e-16,-1.0,5,5.86666666666667,Fallow,Low
-5.9622,-16.00036,10.038160000000001,1.2246467991473532e-16,-1.0,5,14.4,Fallow,Medium
-7.39929,-16.99431,9.595019999999998,1.2246467991473532e-16,-1.0,5,23.3,Fallow,Medium
-12.4412,-18.07345,5.632250000000001,1.2246467991473532e-16,-1.0,5,4.3,Fallow,Low
-9.06017,-20.28106,11.22089,1.2246467991473532e-16,-1.0,5,40.6,Fallow,High
-10.5291,-19.31998,8.790880000000001,1.2246467991473532e-16,-1.0,5,25.4666666666667,Fallow,High
-9.95405,-12.73768,2.7836299999999987,1.2246467991473532e-16,-1.0,5,4.5,Fallow,Low
-9.48952,-17.54862,8.059099999999999,1.2246467991473532e-16,-1.0,3,52.2,Dalia,Very High
-10.76591,-18.80001,8.0341,1.2246467991473532e-16,-1.0,19,25.1,Perl Millet,High
-12.10011,-13.80231,1.7021999999999995,1.2246467991473532e-16,-1.0,11,17.2,Jowar,Medium
-10.91712,-19.1987,8.281579999999998,1.2246467991473532e-16,-1.0,5,5.2,Fallow,Low
-7.81574,-18.94311,11.12737,1.2246467991473532e-16,-1.0,5,4.8,Fallow,Low
-6.59767,-18.39282,11.79515,1.2246467991473532e-16,-1.0,5,27.4,Fallow,High
-10.1896,-14.50748,4.317879999999999,1.2246467991473532e-16,-1.0,5,37.3,Fallow,High
-9.96887,-15.24612,5.277249999999999,1.2246467991473532e-16,-1.0,5,8.2,Fallow,Low
-12.61298,-20.17157,7.558589999999999,1.2246467991473532e-16,-1.0,5,5.86666666666667,Fallow,Low
-13.38488,-19.73572,6.35084,1.2246467991473532e-16,-1.0,5,4.1,Fallow,Low
-9.36742,-16.36509,6.997669999999999,1.2246467991473532e-16,-1.0,5,3.5,Fallow,Low
-8.86449,-15.5614,6.696910000000001,1.2246467991473532e-16,-1.0,5,4.0,Fallow,Low
-10.81193,-15.77439,4.96246,1.2246467991473532e-16,-1.0,5,3.8,Fallow,Low
-12.77497,-17.40721,4.6322399999999995,1.2246467991473532e-16,-1.0,5,5.13333333333333,Fallow,Low
-9.92453,-18.7951,8.87057,1.2246467991473532e-16,-1.0,5,3.6,Fallow,Low
-11.65075,-17.92907,6.278319999999999,1.2246467991473532e-16,-1.0,5,5.1,Fallow,Low
-12.55268,-17.39989,4.847209999999999,1.2246467991473532e-16,-1.0,5,16.0,Fallow,Medium
-8.42385,-19.05501,10.63116,1.2246467991473532e-16,-1.0,5,2.8,Fallow,Low
-10.12433,-19.84436,9.720030000000001,1.2246467991473532e-16,-1.0,5,10.7666666666667,Fallow,Medium
-8.62324,-17.74773,9.124490000000002,1.2246467991473532e-16,-1.0,5,3.2,Fallow,Low
-13.38404,-18.17859,4.794549999999999,1.2246467991473532e-16,-1.0,5,6.5,Fallow,Low
-9.93938,-18.48502,8.545639999999999,1.2246467991473532e-16,-1.0,5,6.0,Fallow,Low
-12.57221,-19.60516,7.032950000000001,1.2246467991473532e-16,-1.0,5,4.9,Fallow,Low
-11.58666,-22.13792,10.551260000000001,1.2246467991473532e-16,-1.0,5,6.06666666666667,Fallow,Low
-11.84989,-18.48023,6.630339999999999,1.2246467991473532e-16,-1.0,5,9.6,Fallow,Low
-10.29152,-16.81516,6.5236399999999986,1.2246467991473532e-16,-1.0,5,3.4,Fallow,Low
-11.18491,-20.68605,9.501140000000001,1.2246467991473532e-16,-1.0,5,21.8,Fallow,Medium
-9.20688,-19.93405,10.72717,1.2246467991473532e-16,-1.0,5,5.9,Fallow,Low
-9.82747,-20.41621,10.58874,1.2246467991473532e-16,-1.0,5,4.6,Fallow,Low
-11.9066,-15.6542,3.7476000000000003,1.2246467991473532e-16,-1.0,5,3.9,Fallow,Low
-8.62748,-16.12485,7.497369999999998,1.2246467991473532e-16,-1.0,19,21.5,Perl Millet,Medium
-10.26128,-17.77907,7.5177900000000015,1.2246467991473532e-16,-1.0,19,15.8,Perl Millet,Medium
-9.58333,-15.26672,5.683389999999999,1.2246467991473532e-16,-1.0,5,3.8,Fallow,Low
-10.80369,-16.14764,5.3439499999999995,1.2246467991473532e-16,-1.0,19,23.8,Perl Millet,Medium
-11.40774,-16.74591,5.338169999999998,1.2246467991473532e-16,-1.0,5,2.7,Fallow,Low
-10.66648,-18.70679,8.040310000000002,1.2246467991473532e-16,-1.0,5,2.3,Fallow,Low
-10.40914,-19.00854,8.5994,1.2246467991473532e-16,-1.0,5,3.8,Fallow,Low
-10.64451,-14.9134,4.268889999999999,1.2246467991473532e-16,-1.0,5,4.4,Fallow,Low
-10.85311,-15.57489,4.721780000000001,1.2246467991473532e-16,-1.0,5,3.03333333333333,Fallow,Low
-8.71543,-16.33234,7.616909999999999,1.2246467991473532e-16,-1.0,5,5.2,Fallow,Low
-7.59162,-17.00725,9.41563,1.2246467991473532e-16,-1.0,19,18.1,Perl Millet,Medium
-9.77731,-14.99134,5.214029999999999,1.2246467991473532e-16,-1.0,19,14.3,Perl Millet,Medium
-9.90516,-15.88723,5.98207,1.2246467991473532e-16,-1.0,7,10.0,Fodder,Medium
-7.98585,-13.54009,5.554239999999999,1.2246467991473532e-16,-1.0,19,11.0666666666667,Perl Millet,Medium
-11.59984,-15.24045,3.640609999999999,1.2246467991473532e-16,-1.0,5,2.7,Fallow,Low
-10.15491,-16.6594,6.504490000000002,1.2246467991473532e-16,-1.0,5,1.8,Fallow,Low
-10.27771,-15.62443,5.3467199999999995,1.2246467991473532e-16,-1.0,5,6.5,Fallow,Low
-11.41008,-14.18518,2.7751,1.2246467991473532e-16,-1.0,5,4.3,Fallow,Low
-9.99171,-17.71975,7.728040000000002,1.2246467991473532e-16,-1.0,5,4.3,Fallow,Low
-9.99353,-17.59457,7.601040000000001,1.2246467991473532e-16,-1.0,19,11.1,Perl Millet,Medium
-16.11224,-16.47931,0.3670700000000018,1.2246467991473532e-16,-1.0,5,3.4,Fallow,Low
-12.40588,-18.25706,5.851179999999999,1.2246467991473532e-16,-1.0,5,3.4,Fallow,Low
-10.10306,-20.26867,10.165610000000001,1.2246467991473532e-16,-1.0,19,10.0,Perl Millet,Medium
-11.42363,-18.8493,7.42567,1.2246467991473532e-16,-1.0,5,3.5,Fallow,Low
-10.27678,-15.48715,5.210369999999999,1.2246467991473532e-16,-1.0,19,24.0,Perl Millet,Medium
-10.50687,-19.34296,8.836090000000002,1.2246467991473532e-16,-1.0,19,9.0,Perl Millet,Low
-9.73199,-20.68956,10.95757,1.2246467991473532e-16,-1.0,5,8.1,Fallow,Low
-4.61541,-16.63832,12.02291,1.2246467991473532e-16,-1.0,5,8.2,Fallow,Low
-5.96827,-17.78609,11.817820000000001,1.2246467991473532e-16,-1.0,5,7.63333333333333,Fallow,Low
-8.34858,-15.88976,7.541180000000001,1.2246467991473532e-16,-1.0,5,6.7,Fallow,Low
-11.14656,-17.52194,6.375380000000002,1.2246467991473532e-16,-1.0,5,4.5,Fallow,Low
-8.52316,-20.67591,12.152749999999997,1.2246467991473532e-16,-1.0,5,7.2,Fallow,Low
-10.1982,-20.33198,10.133780000000002,1.2246467991473532e-16,-1.0,5,10.9,Fallow,Medium
-8.41919,-16.53362,8.114429999999999,1.2246467991473532e-16,-1.0,5,7.3,Fallow,Low
-12.539,-19.59726,7.058259999999999,1.2246467991473532e-16,-1.0,5,3.1,Fallow,Low
-9.71709,-19.0863,9.36921,1.2246467991473532e-16,-1.0,5,6.3,Fallow,Low
-8.58314,-19.84718,11.264040000000001,1.2246467991473532e-16,-1.0,5,8.2,Fallow,Low
-10.10585,-19.30422,9.19837,1.2246467991473532e-16,-1.0,5,3.1,Fallow,Low
-8.63957,-17.63755,8.99798,1.2246467991473532e-16,-1.0,5,3.06666666666667,Fallow,Low
-11.70591,-19.3558,7.649889999999999,1.2246467991473532e-16,-1.0,5,4.8,Fallow,Low
-12.5956,-18.66204,6.066440000000002,1.2246467991473532e-16,-1.0,5,6.0,Fallow,Low
-8.31751,-16.24288,7.925369999999999,1.2246467991473532e-16,-1.0,5,4.7,Fallow,Low
-13.69957,-17.91339,4.21382,1.2246467991473532e-16,-1.0,5,5.3,Fallow,Low
-12.82822,-17.00291,4.17469,1.2246467991473532e-16,-1.0,5,3.93333333333333,Fallow,Low
-10.14318,-16.18518,6.042,1.2246467991473532e-16,-1.0,5,7.5,Fallow,Low
-9.92714,-13.4896,3.5624599999999997,1.2246467991473532e-16,-1.0,5,5.5,Fallow,Low
-8.02571,-17.00131,8.9756,1.2246467991473532e-16,-1.0,5,3.6,Fallow,Low
-8.50091,-14.90316,6.40225,1.2246467991473532e-16,-1.0,19,24.3,Perl Millet,High
-6.79147,-13.40384,6.61237,1.2246467991473532e-16,-1.0,5,4.13333333333333,Fallow,Low
-11.39931,-16.95714,5.557829999999999,1.2246467991473532e-16,-1.0,5,3.9,Fallow,Low
-10.37276,-18.10662,7.73386,1.2246467991473532e-16,-1.0,5,3.2,Fallow,Low
-12.73931,-18.60884,5.869530000000001,1.2246467991473532e-16,-1.0,5,6.2,Fallow,Low
-13.7772,-20.55642,6.779219999999999,1.2246467991473532e-16,-1.0,5,6.0,Fallow,Low
-13.01777,-18.87309,5.855320000000001,1.2246467991473532e-16,-1.0,5,5.2,Fallow,Low
-12.12883,-17.83792,5.70909,1.2246467991473532e-16,-1.0,5,4.6,Fallow,Low
-10.56085,-18.90542,8.34457,1.2246467991473532e-16,-1.0,19,7.2,Perl Millet,Low
-10.87192,-17.31002,6.438100000000002,1.2246467991473532e-16,-1.0,5,6.4,Fallow,Low
-11.11697,-17.88612,6.769149999999998,1.2246467991473532e-16,-1.0,13,9.6,Lemon,Low
-8.47505,-17.83606,9.36101,1.2246467991473532e-16,-1.0,5,3.9,Fallow,Low
-13.27059,-18.08,4.809409999999998,1.2246467991473532e-16,-1.0,5,9.9,Fallow,Medium
-9.52774,-15.92632,6.398580000000001,1.2246467991473532e-16,-1.0,5,4.6,Fallow,Low
-11.35041,-18.37833,7.027919999999998,1.2246467991473532e-16,-1.0,19,9.4,Perl Millet,Low
-11.05268,-20.60588,9.553199999999999,1.2246467991473532e-16,-1.0,19,5.6,Perl Millet,Low
-10.55465,-18.73426,8.179609999999998,1.2246467991473532e-16,-1.0,5,3.63333333333333,Fallow,Low
-8.04576,-16.04432,7.9985599999999994,1.2246467991473532e-16,-1.0,5,4.8,Fallow,Low
-11.49121,-14.58091,3.089699999999999,1.2246467991473532e-16,-1.0,5,6.0,Fallow,Low
-12.41822,-19.93744,7.519219999999999,1.2246467991473532e-16,-1.0,5,7.0,Fallow,Low
-8.47065,-18.07469,9.604040000000001,1.2246467991473532e-16,-1.0,5,6.1,Fallow,Low
-9.38149,-15.65567,6.274180000000001,1.2246467991473532e-16,-1.0,5,4.66666666666667,Fallow,Low
-9.76782,-19.85343,10.085609999999999,1.2246467991473532e-16,-1.0,5,5.6,Fallow,Low
-8.08993,-20.00043,11.9105,1.2246467991473532e-16,-1.0,5,6.0,Fallow,Low
-13.25882,-19.69639,6.437570000000001,1.2246467991473532e-16,-1.0,5,7.5,Fallow,Low
-12.57703,-18.34802,5.770990000000001,1.2246467991473532e-16,-1.0,5,6.0,Fallow,Low
-12.42413,-21.58351,9.15938,1.2246467991473532e-16,-1.0,5,4.23333333333333,Fallow,Low
-8.81033,-16.99902,8.188690000000001,1.2246467991473532e-16,-1.0,5,4.5,Fallow,Low
-9.55602,-20.43587,10.879850000000001,1.2246467991473532e-16,-1.0,5,4.4,Fallow,Low
-10.88357,-19.17058,8.28701,1.2246467991473532e-16,-1.0,5,4.9,Fallow,Low
-9.89672,-18.51013,8.61341,1.2246467991473532e-16,-1.0,5,5.1,Fallow,Low
-9.94744,-19.98977,10.04233,1.2246467991473532e-16,-1.0,5,5.23333333333333,Fallow,Low
-9.73473,-17.54627,7.811539999999999,1.2246467991473532e-16,-1.0,5,3.1,Fallow,Low
-8.39772,-18.18887,9.791150000000002,1.2246467991473532e-16,-1.0,5,3.4,Fallow,Low
-10.90219,-20.4282,9.526010000000001,1.2246467991473532e-16,-1.0,5,5.3,Fallow,Low
-9.06636,-20.15195,11.08559,1.2246467991473532e-16,-1.0,5,5.9,Fallow,Low
-9.98621,-19.54142,9.555209999999999,1.2246467991473532e-16,-1.0,5,5.1,Fallow,Low
-13.52166,-18.06394,4.542279999999998,1.2246467991473532e-16,-1.0,5,5.3,Fallow,Low
-9.53244,-21.01332,11.48088,1.2246467991473532e-16,-1.0,5,2.0,Fallow,Low
-12.92742,-18.34117,5.413750000000002,1.2246467991473532e-16,-1.0,5,5.6,Fallow,Low
-12.30961,-18.75179,6.4421800000000005,1.2246467991473532e-16,-1.0,5,4.5,Fallow,Low
-7.23649,-17.44619,10.209700000000002,1.2246467991473532e-16,-1.0,5,2.9,Fallow,Low
-5.30355,-16.9171,11.61355,1.2246467991473532e-16,-1.0,5,4.4,Fallow,Low
-10.80022,-20.36597,9.565750000000001,1.2246467991473532e-16,-1.0,5,5.2,Fallow,Low
-9.4701,-20.03633,10.56623,1.2246467991473532e-16,-1.0,5,4.4,Fallow,Low
-8.81859,-20.72062,11.90203,1.2246467991473532e-16,-1.0,5,6.33333333333333,Fallow,Low
-6.31535,-14.88891,8.57356,1.2246467991473532e-16,-1.0,5,5.9,Fallow,Low
-10.88244,-17.12181,6.239369999999999,1.2246467991473532e-16,-1.0,5,9.6,Fallow,Low
-13.55108,-17.08879,3.537709999999999,1.2246467991473532e-16,-1.0,5,10.6,Fallow,Medium
-6.13137,-14.66002,8.528649999999999,1.2246467991473532e-16,-1.0,5,8.4,Fallow,Low
-5.91162,-15.37017,9.458549999999999,1.2246467991473532e-16,-1.0,11,3.0,Jowar,Low
-10.59007,-20.75805,10.16798,1.2246467991473532e-16,-1.0,5,5.2,Fallow,Low
-11.84047,-20.21469,8.374220000000001,1.2246467991473532e-16,-1.0,5,3.6,Fallow,Low
-12.92395,-17.17836,4.254410000000002,1.2246467991473532e-16,-1.0,5,4.0,Fallow,Low
-11.04887,-19.74615,8.69728,1.2246467991473532e-16,-1.0,5,14.3,Fallow,Medium
-10.3795,-19.64087,9.26137,1.2246467991473532e-16,-1.0,5,4.73333333333333,Fallow,Low
-10.67191,-17.0116,6.339690000000001,1.2246467991473532e-16,-1.0,5,8.8,Fallow,Low
-11.12071,-17.89982,6.7791099999999975,1.2246467991473532e-16,-1.0,5,7.5,Fallow,Low
-6.98058,-19.11699,12.136410000000001,1.2246467991473532e-16,-1.0,5,16.5,Fallow,Medium
-11.10559,-15.65273,4.547140000000001,1.2246467991473532e-16,-1.0,5,5.1,Fallow,Low
-12.85345,-16.76506,3.911609999999998,1.2246467991473532e-16,-1.0,5,5.03333333333333,Fallow,Low
-10.27833,-19.20464,8.92631,1.2246467991473532e-16,-1.0,5,10.1,Fallow,Medium
-11.12096,-18.51127,7.3903099999999995,1.2246467991473532e-16,-1.0,5,4.0,Fallow,Low
-10.82477,-17.25841,6.433640000000002,1.2246467991473532e-16,-1.0,5,10.9,Fallow,Medium
-9.44621,-20.6972,11.250989999999998,1.2246467991473532e-16,-1.0,5,12.1,Fallow,Medium
-8.39153,-21.29637,12.90484,1.2246467991473532e-16,-1.0,11,7.6,Jowar,Low
-11.58569,-18.73344,7.147750000000002,1.2246467991473532e-16,-1.0,5,4.5,Fallow,Low
-11.61284,-21.14886,9.536019999999999,1.2246467991473532e-16,-1.0,5,9.2,Fallow,Low
-10.98072,-20.57076,9.59004,1.2246467991473532e-16,-1.0,5,8.6,Fallow,Low
-11.73344,-14.9529,3.2194599999999998,1.2246467991473532e-16,-1.0,5,5.3,Fallow,Low
-12.89758,-22.37228,9.4747,1.2246467991473532e-16,-1.0,5,8.8,Fallow,Low
-11.03072,-22.94161,11.91089,1.2246467991473532e-16,-1.0,5,7.9,Fallow,Low
-9.26711,-18.83701,9.569899999999999,1.2246467991473532e-16,-1.0,5,8.0,Fallow,Low
-9.15293,-16.9023,7.749370000000001,1.2246467991473532e-16,-1.0,5,7.5,Fallow,Low
-9.37779,-18.77598,9.398190000000001,1.2246467991473532e-16,-1.0,5,7.7,Fallow,Low
-10.19527,-21.27054,11.07527,1.2246467991473532e-16,-1.0,5,6.53333333333333,Fallow,Low
-13.58312,-19.5702,5.987080000000001,1.2246467991473532e-16,-1.0,5,10.1,Fallow,Medium
-7.60856,-17.88892,10.280359999999998,1.2246467991473532e-16,-1.0,5,7.3,Fallow,Low
-11.93629,-20.25759,8.3213,1.2246467991473532e-16,-1.0,5,5.7,Fallow,Low
-10.76908,-18.3809,7.61182,1.2246467991473532e-16,-1.0,5,10.9,Fallow,Medium
-10.11747,-17.90145,7.78398,1.2246467991473532e-16,-1.0,5,11.1666666666667,Fallow,Medium
-9.63513,-14.17819,4.5430600000000005,1.2246467991473532e-16,-1.0,5,7.2,Fallow,Low
-10.83231,-19.34392,8.511610000000001,1.2246467991473532e-16,-1.0,5,12.2,Fallow,Medium
-12.4923,-17.70054,5.20824,1.2246467991473532e-16,-1.0,5,3.6,Fallow,Low
-13.35141,-18.0166,4.665190000000001,1.2246467991473532e-16,-1.0,5,3.5,Fallow,Low
-12.41044,-19.67101,7.2605699999999995,1.2246467991473532e-16,-1.0,5,5.0,Fallow,Low
-11.44702,-19.2646,7.817580000000001,1.2246467991473532e-16,-1.0,5,4.1,Fallow,Low
-11.85436,-17.14774,5.293379999999999,1.2246467991473532e-16,-1.0,5,2.0,Fallow,Low
-9.85575,-18.12351,8.267759999999999,1.2246467991473532e-16,-1.0,5,3.3,Fallow,Low
-8.82562,-17.03471,8.20909,1.2246467991473532e-16,-1.0,5,26.5,Fallow,High
-12.17636,-19.5592,7.38284,1.2246467991473532e-16,-1.0,5,3.56666666666667,Fallow,Low
-8.50558,-15.9439,7.438319999999999,1.2246467991473532e-16,-1.0,5,3.5,Fallow,Low
-9.61547,-16.58741,6.971939999999998,1.2246467991473532e-16,-1.0,19,9.7,Perl Millet,Low
-8.48319,-14.92623,6.44304,1.2246467991473532e-16,-1.0,19,8.1,Perl Millet,Low
-9.25361,-16.75519,7.501579999999999,1.2246467991473532e-16,-1.0,5,4.2,Fallow,Low
-7.76838,-15.93639,8.168009999999999,1.2246467991473532e-16,-1.0,19,9.8,Perl Millet,Low
-10.4109,-17.86766,7.456760000000001,1.2246467991473532e-16,-1.0,5,2.3,Fallow,Low
-11.28137,-19.2223,7.94093,1.2246467991473532e-16,-1.0,5,3.8,Fallow,Low
-14.32589,-18.3308,4.004910000000001,1.2246467991473532e-16,-1.0,5,5.8,Fallow,Low
-12.17004,-15.89186,3.7218199999999992,1.2246467991473532e-16,-1.0,5,3.4,Fallow,Low
-10.30995,-18.01309,7.703139999999998,1.2246467991473532e-16,-1.0,5,3.73333333333333,Fallow,Low
-10.97115,-19.15121,8.18006,1.2246467991473532e-16,-1.0,5,5.8,Fallow,Low
-10.79507,-18.25691,7.4618400000000005,1.2246467991473532e-16,-1.0,5,5.9,Fallow,Low
-10.51529,-17.58019,7.0649000000000015,1.2246467991473532e-16,-1.0,5,4.9,Fallow,Low
-11.15279,-18.58536,7.432570000000002,1.2246467991473532e-16,-1.0,5,8.9,Fallow,Low
-12.51155,-16.91809,4.40654,1.2246467991473532e-16,-1.0,14,4.1,Maize,Low
-9.56054,-14.20705,4.646510000000001,1.2246467991473532e-16,-1.0,5,5.0,Fallow,Low
-9.97564,-17.33197,7.356329999999998,1.2246467991473532e-16,-1.0,5,21.7,Fallow,Medium
-12.70208,-21.24128,8.5392,1.2246467991473532e-16,-1.0,5,6.0,Fallow,Low
-8.70931,-15.94359,7.23428,1.2246467991473532e-16,-1.0,5,5.7,Fallow,Low
-8.82938,-20.02662,11.19724,1.2246467991473532e-16,-1.0,5,4.93333333333333,Fallow,Low
-12.36847,-17.67123,5.302760000000001,1.2246467991473532e-16,-1.0,5,6.6,Fallow,Low
-9.98334,-20.29229,10.308950000000001,1.2246467991473532e-16,-1.0,5,4.5,Fallow,Low
-11.12333,-22.18016,11.056830000000001,1.2246467991473532e-16,-1.0,5,4.9,Fallow,Low
-10.66911,-18.22038,7.551269999999999,1.2246467991473532e-16,-1.0,5,6.5,Fallow,Low
-11.66468,-20.84065,9.17597,1.2246467991473532e-16,-1.0,5,6.7,Fallow,Low
-11.27748,-18.23177,6.95429,1.2246467991473532e-16,-1.0,5,1.3,Fallow,Low
-9.71333,-14.93049,5.217160000000002,1.2246467991473532e-16,-1.0,5,1.5,Fallow,Low
-12.87783,-17.31876,4.440930000000002,1.2246467991473532e-16,-1.0,5,5.5,Fallow,Low
-11.93946,-16.6588,4.719339999999999,1.2246467991473532e-16,-1.0,5,6.6,Fallow,Low
-11.75839,-16.83139,5.072999999999999,1.2246467991473532e-16,-1.0,5,4.73333333333333,Fallow,Low
-10.72236,-17.07624,6.353879999999998,1.2246467991473532e-16,-1.0,5,6.7,Fallow,Low
-8.76442,-20.7882,12.02378,1.2246467991473532e-16,-1.0,5,5.1,Fallow,Low
-12.13231,-19.25582,7.12351,1.2246467991473532e-16,-1.0,5,4.5,Fallow,Low
-9.63208,-18.72573,9.093649999999998,1.2246467991473532e-16,-1.0,5,12.3,Fallow,Medium
-8.37543,-19.00868,10.633249999999999,1.2246467991473532e-16,-1.0,5,5.46666666666667,Fallow,Low
-10.17586,-19.2662,9.090340000000001,1.2246467991473532e-16,-1.0,5,5.8,Fallow,Low
-12.2818,-18.61947,6.337669999999999,1.2246467991473532e-16,-1.0,5,24.8,Fallow,High
-9.11226,-17.7916,8.67934,1.2246467991473532e-16,-1.0,5,10.7,Fallow,Medium
-10.8465,-17.73043,6.883929999999998,1.2246467991473532e-16,-1.0,5,5.0,Fallow,Low
-8.68175,-17.82693,9.145180000000002,1.2246467991473532e-16,-1.0,5,5.9,Fallow,Low
-13.66941,-17.14915,3.4797399999999996,1.2246467991473532e-16,-1.0,5,31.9,Fallow,High
-15.03101,-20.1679,5.136889999999999,1.2246467991473532e-16,-1.0,5,5.4,Fallow,Low
-13.244,-19.5706,6.326599999999999,1.2246467991473532e-16,-1.0,5,4.7,Fallow,Low
-11.22909,-17.73561,6.506520000000002,1.2246467991473532e-16,-1.0,5,1.9,Fallow,Low
-15.27264,-18.05136,2.778719999999998,1.2246467991473532e-16,-1.0,5,2.13333333333333,Fallow,Low
-8.04853,-17.97629,9.92776,1.2246467991473532e-16,-1.0,5,23.3,Fallow,Medium
-10.66532,-15.91695,5.2516300000000005,1.2246467991473532e-16,-1.0,5,7.1,Fallow,Low
-10.26165,-19.33342,9.07177,1.2246467991473532e-16,-1.0,5,5.2,Fallow,Low
-9.21452,-15.38738,6.17286,1.2246467991473532e-16,-1.0,5,5.7,Fallow,Low
-10.16959,-19.17929,9.009700000000002,1.2246467991473532e-16,-1.0,5,5.16666666666667,Fallow,Low
-11.8137,-18.54244,6.728739999999998,1.2246467991473532e-16,-1.0,5,5.5,Fallow,Low
-11.95471,-20.28526,8.33055,1.2246467991473532e-16,-1.0,5,3.6,Fallow,Low
-9.54902,-17.59835,8.04933,1.2246467991473532e-16,-1.0,5,6.2,Fallow,Low
-11.22326,-18.5828,7.359539999999999,1.2246467991473532e-16,-1.0,5,7.3,Fallow,Low
-11.10386,-17.03619,5.932330000000002,1.2246467991473532e-16,-1.0,5,7.33333333333333,Fallow,Low
-8.5308,-15.03628,6.50548,-0.4999999999999997,-0.8660254037844388,18,45.5,Paddy,Very High
-11.34406,-15.7179,4.3738399999999995,-0.4999999999999997,-0.8660254037844388,18,50.0,Paddy,Very High
-9.4332,-21.29746,11.864260000000002,-0.4999999999999997,-0.8660254037844388,18,50.0,Paddy,Very High
-12.2483,-17.42746,5.1791599999999995,-0.4999999999999997,-0.8660254037844388,13,30.7,Lemon,High
-10.26339,-17.23349,6.9701,-0.4999999999999997,-0.8660254037844388,18,50.0,Paddy,Very High
-9.16349,-17.78382,8.62033,-0.4999999999999997,-0.8660254037844388,18,50.0,Paddy,Very High
-8.15553,-17.89625,9.740719999999998,-0.4999999999999997,-0.8660254037844388,18,50.0,Paddy,Very High
-4.34219,-19.40525,15.063059999999998,-0.4999999999999997,-0.8660254037844388,18,50.0,Paddy,Very High
-6.3311,-18.77193,12.440830000000002,-0.4999999999999997,-0.8660254037844388,18,50.0,Paddy,Very High
-7.96304,-18.63305,10.670010000000001,-0.4999999999999997,-0.8660254037844388,18,50.0,Paddy,Very High
-5.82978,-13.20335,7.37357,-0.4999999999999997,-0.8660254037844388,18,50.0,Paddy,Very High
-9.47855,-18.2966,8.818050000000001,-0.4999999999999997,-0.8660254037844388,18,50.0,Paddy,Very High
-11.74358,-19.7147,7.971120000000001,-0.4999999999999997,-0.8660254037844388,18,50.0,Paddy,Very High
-9.98594,-13.46176,3.4758200000000006,-0.4999999999999997,-0.8660254037844388,18,50.0,Paddy,Very High
-9.51948,-13.80209,4.28261,-0.4999999999999997,-0.8660254037844388,18,50.0,Paddy,Very High
-11.09481,-21.20652,10.11171,-0.4999999999999997,-0.8660254037844388,5,50.0,Fallow,Very High
-4.99003,-17.23485,12.24482,-0.4999999999999997,-0.8660254037844388,5,50.0,Fallow,Very High
-10.82931,-20.12851,9.299199999999999,-0.4999999999999997,-0.8660254037844388,18,50.0,Paddy,Very High
-12.24493,-22.67266,10.42773,-0.4999999999999997,-0.8660254037844388,5,41.8,Fallow,Very High
-11.27731,-22.56109,11.28378,-0.4999999999999997,-0.8660254037844388,18,50.0,Paddy,Very High
-12.15875,-19.22189,7.063139999999999,-0.4999999999999997,-0.8660254037844388,18,50.0,Paddy,Very High
-13.97678,-20.70181,6.7250299999999985,-0.4999999999999997,-0.8660254037844388,18,50.0,Paddy,Very High
-10.52266,-20.00559,9.482930000000001,-0.4999999999999997,-0.8660254037844388,18,50.0,Paddy,Very High
-11.1282,-21.04484,9.916640000000001,-0.4999999999999997,-0.8660254037844388,18,50.0,Paddy,Very High
-13.01533,-21.96145,8.946119999999999,-0.4999999999999997,-0.8660254037844388,18,50.0,Paddy,Very High
-12.51616,-18.8468,6.3306400000000025,-0.4999999999999997,-0.8660254037844388,18,50.0,Paddy,Very High
-16.27731,-22.62097,6.34366,-0.4999999999999997,-0.8660254037844388,18,50.0,Paddy,Very High
-11.82443,-21.86456,10.040130000000001,-0.4999999999999997,-0.8660254037844388,18,50.0,Paddy,Very High
-9.90692,-14.64921,4.742290000000001,-0.4999999999999997,-0.8660254037844388,18,50.0,Paddy,Very High
-13.48555,-20.10587,6.6203199999999995,-0.4999999999999997,-0.8660254037844388,18,50.0,Paddy,Very High
-14.04271,-19.5161,5.473390000000002,-0.4999999999999997,-0.8660254037844388,18,50.0,Paddy,Very High
-12.64351,-21.33518,8.691670000000002,-0.4999999999999997,-0.8660254037844388,5,50.0,Fallow,Very High
-11.07345,-17.89273,6.819280000000001,-0.4999999999999997,-0.8660254037844388,18,50.0,Paddy,Very High
-12.87642,-20.74323,7.866810000000001,-0.4999999999999997,-0.8660254037844388,18,50.0,Paddy,Very High
-6.82333,-16.20901,9.385679999999999,-0.4999999999999997,-0.8660254037844388,18,50.0,Paddy,Very High
-11.31522,-15.84673,4.531510000000001,-0.4999999999999997,-0.8660254037844388,18,38.9,Paddy,High
-6.14152,-17.384,11.24248,-0.4999999999999997,-0.8660254037844388,18,50.0,Paddy,Very High
-11.68878,-13.91453,2.2257499999999997,-0.4999999999999997,-0.8660254037844388,11,43.4,Jowar,Very High
-8.29516,-15.47847,7.1833100000000005,-0.4999999999999997,-0.8660254037844388,18,50.0,Paddy,Very High
-10.7819,-19.28788,8.505980000000001,-0.4999999999999997,-0.8660254037844388,18,50.0,Paddy,Very High
-13.13772,-20.08251,6.944789999999999,-0.4999999999999997,-0.8660254037844388,18,50.0,Paddy,Very High
-16.96575,-21.34628,4.38053,-0.4999999999999997,-0.8660254037844388,5,50.0,Fallow,Very High
-17.27041,-19.42139,2.1509800000000006,-0.4999999999999997,-0.8660254037844388,5,50.0,Fallow,Very High
-8.05964,-16.01037,7.950730000000002,-0.4999999999999997,-0.8660254037844388,5,50.0,Fallow,Very High
-16.05697,-21.51727,5.4603,-0.4999999999999997,-0.8660254037844388,18,50.0,Paddy,Very High
-8.15488,-18.29449,10.13961,-0.4999999999999997,-0.8660254037844388,18,50.0,Paddy,Very High
-12.88873,-21.12575,8.23702,-0.4999999999999997,-0.8660254037844388,18,50.0,Paddy,Very High
-13.56555,-20.2449,6.679350000000001,-0.4999999999999997,-0.8660254037844388,18,50.0,Paddy,Very High
-13.04687,-18.27802,5.231150000000001,-0.4999999999999997,-0.8660254037844388,5,50.0,Fallow,Very High
-8.50332,-15.65694,7.15362,-0.4999999999999997,-0.8660254037844388,18,50.0,Paddy,Very High
-8.41803,-15.43912,7.021090000000001,-0.4999999999999997,-0.8660254037844388,5,43.7,Fallow,Very High
-10.00566,-16.41489,6.409229999999999,-0.4999999999999997,-0.8660254037844388,5,50.0,Fallow,Very High
-7.309,-14.17957,6.87057,-0.4999999999999997,-0.8660254037844388,12,19.3,Kshan,Medium
-6.33322,-17.6409,11.307679999999998,-0.4999999999999997,-0.8660254037844388,12,23.1,Kshan,Medium
-9.58935,-13.73057,4.141220000000001,-0.4999999999999997,-0.8660254037844388,5,23.8,Fallow,Medium
-8.3461,-13.12251,4.77641,-0.4999999999999997,-0.8660254037844388,5,25.2,Fallow,High
-8.21738,-12.56861,4.351229999999999,-0.4999999999999997,-0.8660254037844388,5,24.3333333333333,Fallow,High
-6.86609,-14.60348,7.7373899999999995,-0.4999999999999997,-0.8660254037844388,5,26.7,Fallow,High
-6.02413,-13.26454,7.24041,-0.4999999999999997,-0.8660254037844388,5,36.7,Fallow,High
-10.45769,-16.53224,6.074550000000002,-0.4999999999999997,-0.8660254037844388,5,29.0,Fallow,High
-6.12466,-14.20569,8.08103,-0.4999999999999997,-0.8660254037844388,11,37.0,Jowar,High
-8.62571,-15.0882,6.462490000000001,-0.4999999999999997,-0.8660254037844388,5,31.6,Fallow,High
-8.56671,-15.51097,6.94426,-0.4999999999999997,-0.8660254037844388,5,33.5,Fallow,High
-10.35874,-10.90153,0.5427900000000001,-0.4999999999999997,-0.8660254037844388,5,32.3,Fallow,High
-10.86261,-17.07296,6.210349999999998,-0.4999999999999997,-0.8660254037844388,5,31.2,Fallow,High
-5.86578,-12.9668,7.101019999999999,-0.4999999999999997,-0.8660254037844388,5,41.9,Fallow,Very High
-10.08786,-13.93044,3.8425800000000017,-0.4999999999999997,-0.8660254037844388,5,31.5666666666667,Fallow,High
-8.25635,-18.71127,10.45492,-0.4999999999999997,-0.8660254037844388,5,27.6,Fallow,High
-7.98556,-17.91144,9.92588,-0.4999999999999997,-0.8660254037844388,5,28.3,Fallow,High
-8.47568,-16.03512,7.559439999999999,-0.4999999999999997,-0.8660254037844388,18,50.0,Paddy,Very High
-6.38065,-14.61677,8.23612,-0.4999999999999997,-0.8660254037844388,5,34.9,Fallow,High
-6.75783,-17.04476,10.28693,-0.4999999999999997,-0.8660254037844388,18,27.6333333333333,Paddy,High
-8.97659,-15.62152,6.6449300000000004,-0.4999999999999997,-0.8660254037844388,5,37.8,Fallow,High
-8.68369,-15.51584,6.83215,-0.4999999999999997,-0.8660254037844388,19,32.6,Perl Millet,High
-10.83341,-20.98558,10.152169999999998,-0.4999999999999997,-0.8660254037844388,18,50.0,Paddy,Very High
-13.02923,-16.41008,3.3808500000000006,-0.4999999999999997,-0.8660254037844388,11,29.2,Jowar,High
-11.38574,-18.39531,7.009569999999998,-0.4999999999999997,-0.8660254037844388,19,31.7333333333333,Perl Millet,High
-7.39612,-19.49279,12.09667,-0.4999999999999997,-0.8660254037844388,5,37.7,Fallow,High
-5.66686,-14.14722,8.480360000000001,-0.4999999999999997,-0.8660254037844388,18,50.0,Paddy,Very High
-8.8775,-15.21464,6.33714,-0.4999999999999997,-0.8660254037844388,5,39.1,Fallow,High
-9.44876,-15.68499,6.236230000000001,-0.4999999999999997,-0.8660254037844388,5,36.6,Fallow,High
-8.01311,-14.96839,6.95528,-0.4999999999999997,-0.8660254037844388,5,37.5,Fallow,High
-11.44493,-14.73063,3.2857000000000003,-0.4999999999999997,-0.8660254037844388,18,50.0,Paddy,Very High
-11.8559,-18.77247,6.916569999999998,-0.4999999999999997,-0.8660254037844388,18,50.0,Paddy,Very High
-9.06436,-16.29996,7.235599999999998,-0.4999999999999997,-0.8660254037844388,18,50.0,Paddy,Very High
-10.27836,-16.04705,5.768689999999999,-0.4999999999999997,-0.8660254037844388,18,50.0,Paddy,Very High
-8.51599,-20.99684,12.480849999999998,-0.4999999999999997,-0.8660254037844388,18,50.0,Paddy,Very High
-10.96273,-18.79009,7.827359999999999,-0.4999999999999997,-0.8660254037844388,18,50.0,Paddy,Very High
-12.03098,-17.67436,5.6433800000000005,-0.4999999999999997,-0.8660254037844388,5,50.0,Fallow,Very High
-9.40011,-17.84343,8.443320000000002,-0.4999999999999997,-0.8660254037844388,18,31.1,Paddy,High
-10.59467,-17.05055,6.4558800000000005,-0.4999999999999997,-0.8660254037844388,18,50.0,Paddy,Very High
-10.86994,-18.5496,7.679660000000002,-0.4999999999999997,-0.8660254037844388,18,39.7,Paddy,High
-10.83925,-18.9779,8.138650000000002,-0.4999999999999997,-0.8660254037844388,5,27.7,Fallow,High
-10.18749,-20.28508,10.09759,-0.4999999999999997,-0.8660254037844388,5,31.0,Fallow,High
-10.3624,-16.83933,6.476930000000001,-0.4999999999999997,-0.8660254037844388,18,50.0,Paddy,Very High
-11.24673,-17.86069,6.613960000000002,-0.4999999999999997,-0.8660254037844388,18,50.0,Paddy,Very High
-12.67938,-16.12312,3.44374,-0.4999999999999997,-0.8660254037844388,18,50.0,Paddy,Very High
-9.09611,-16.8896,7.793490000000002,-0.4999999999999997,-0.8660254037844388,5,36.3,Fallow,High
-7.3754,-17.26604,9.890640000000001,-0.4999999999999997,-0.8660254037844388,5,50.0,Fallow,Very High
-12.89968,-18.29554,5.395859999999999,-0.4999999999999997,-0.8660254037844388,5,35.1666666666667,Fallow,High
-10.53195,-18.60829,8.07634,-0.4999999999999997,-0.8660254037844388,18,50.0,Paddy,Very High
-12.03672,-16.73884,4.702119999999999,-0.4999999999999997,-0.8660254037844388,5,36.1,Fallow,High
-10.63929,-16.29804,5.6587499999999995,-0.4999999999999997,-0.8660254037844388,5,35.2,Fallow,High
-12.70363,-18.54269,5.83906,-0.4999999999999997,-0.8660254037844388,5,40.9,Fallow,Very High
-10.34854,-18.27671,7.9281700000000015,-0.4999999999999997,-0.8660254037844388,5,40.8666666666667,Fallow,Very High
-7.29373,-12.14712,4.853389999999999,-0.8660254037844384,-0.5000000000000004,5,38.9,Fallow,High
-6.18405,-16.34395,10.1599,-0.8660254037844384,-0.5000000000000004,18,50.0,Paddy,Very High
-5.47001,-16.20899,10.73898,-0.8660254037844384,-0.5000000000000004,18,50.0,Paddy,Very High
-4.38481,-14.81886,10.434050000000001,-0.8660254037844384,-0.5000000000000004,13,25.0,Lemon,High
-6.36916,-17.59889,11.22973,-0.8660254037844384,-0.5000000000000004,18,50.0,Paddy,Very High
-4.58597,-16.34784,11.761870000000002,-0.8660254037844384,-0.5000000000000004,18,51.9,Paddy,Very High
-8.4368,-18.56791,10.131110000000001,-0.8660254037844384,-0.5000000000000004,18,50.0,Paddy,Very High
-7.55066,-15.89843,8.34777,-0.8660254037844384,-0.5000000000000004,18,50.0,Paddy,Very High
-9.92803,-14.14654,4.21851,-0.8660254037844384,-0.5000000000000004,18,50.0,Paddy,Very High
-6.27212,-18.32305,12.050929999999997,-0.8660254037844384,-0.5000000000000004,18,50.0,Paddy,Very High
-3.19903,-14.53877,11.339739999999999,-0.8660254037844384,-0.5000000000000004,18,50.0,Paddy,Very High
-6.1912,-15.74326,9.552059999999999,-0.8660254037844384,-0.5000000000000004,18,50.0,Paddy,Very High
-9.42683,-17.74835,8.321519999999998,-0.8660254037844384,-0.5000000000000004,18,50.0,Paddy,Very High
-6.85237,-14.40415,7.55178,-0.8660254037844384,-0.5000000000000004,18,50.0,Paddy,Very High
-6.7946,-15.25469,8.460090000000001,-0.8660254037844384,-0.5000000000000004,18,50.0,Paddy,Very High
-7.82381,-18.21699,10.39318,-0.8660254037844384,-0.5000000000000004,18,47.2,Paddy,Very High
-4.7548,-17.94712,13.192320000000002,-0.8660254037844384,-0.5000000000000004,18,50.0,Paddy,Very High
-11.70137,-16.59612,4.894749999999998,-0.8660254037844384,-0.5000000000000004,18,50.0,Paddy,Very High
-7.11744,-18.59997,11.482529999999999,-0.8660254037844384,-0.5000000000000004,5,37.8,Fallow,High
-11.65993,-18.40831,6.748380000000001,-0.8660254037844384,-0.5000000000000004,18,50.0,Paddy,Very High
-6.49692,-17.11342,10.616500000000002,-0.8660254037844384,-0.5000000000000004,18,44.1,Paddy,Very High
-6.09195,-17.99396,11.90201,-0.8660254037844384,-0.5000000000000004,18,47.7,Paddy,Very High
-7.27144,-16.68757,9.41613,-0.8660254037844384,-0.5000000000000004,18,46.9,Paddy,Very High
-8.5525,-17.10312,8.55062,-0.8660254037844384,-0.5000000000000004,18,50.0,Paddy,Very High
-8.39989,-17.42946,9.02957,-0.8660254037844384,-0.5000000000000004,18,50.0,Paddy,Very High
-9.96563,-14.62218,4.656549999999999,-0.8660254037844384,-0.5000000000000004,18,50.0,Paddy,Very High
-8.95811,-15.11142,6.153310000000001,-0.8660254037844384,-0.5000000000000004,18,50.0,Paddy,Very High
-9.31051,-14.73217,5.421659999999999,-0.8660254037844384,-0.5000000000000004,18,50.0,Paddy,Very High
-8.57977,-12.50566,3.9258900000000008,-0.8660254037844384,-0.5000000000000004,18,50.0,Paddy,Very High
-8.41679,-13.83682,5.420029999999999,-0.8660254037844384,-0.5000000000000004,18,50.0,Paddy,Very High
-4.54688,-15.08678,10.5399,-0.8660254037844384,-0.5000000000000004,18,50.0,Paddy,Very High
-11.72673,-17.33714,5.610410000000002,-0.8660254037844384,-0.5000000000000004,18,50.0,Paddy,Very High
-6.34147,-18.35529,12.013819999999999,-0.8660254037844384,-0.5000000000000004,18,50.0,Paddy,Very High
-8.96873,-18.02634,9.05761,-0.8660254037844384,-0.5000000000000004,18,44.0,Paddy,Very High
-6.07186,-15.19654,9.124680000000001,-0.8660254037844384,-0.5000000000000004,18,46.1,Paddy,Very High
-7.72652,-18.17919,10.452669999999998,-0.8660254037844384,-0.5000000000000004,11,43.7,Jowar,Very High
-4.40809,-15.64045,11.23236,-0.8660254037844384,-0.5000000000000004,18,50.0,Paddy,Very High
-12.03091,-16.1165,4.085589999999998,-0.8660254037844384,-0.5000000000000004,18,50.0,Paddy,Very High
-12.07203,-18.54006,6.468030000000001,-0.8660254037844384,-0.5000000000000004,18,50.0,Paddy,Very High
-6.93895,-17.66455,10.725599999999998,-0.8660254037844384,-0.5000000000000004,18,50.0,Paddy,Very High
-13.9828,-24.9935,11.010700000000002,-0.8660254037844384,-0.5000000000000004,18,50.0,Paddy,Very High
-12.28186,-13.79171,1.5098500000000001,-0.8660254037844384,-0.5000000000000004,18,50.0,Paddy,Very High
-10.84241,-18.51539,7.672980000000001,-0.8660254037844384,-0.5000000000000004,18,50.0,Paddy,Very High
-13.30624,-17.67404,4.367800000000001,-0.8660254037844384,-0.5000000000000004,18,50.0,Paddy,Very High
-7.6572,-17.76231,10.10511,-0.8660254037844384,-0.5000000000000004,18,50.0,Paddy,Very High
-8.01907,-18.70567,10.686600000000002,-0.8660254037844384,-0.5000000000000004,5,38.4,Fallow,High
-9.9391,-20.1757,10.2366,-0.8660254037844384,-0.5000000000000004,18,50.0,Paddy,Very High
-6.64937,-14.96786,8.31849,-0.8660254037844384,-0.5000000000000004,5,24.6,Fallow,High
-8.23447,-17.53228,9.29781,-0.8660254037844384,-0.5000000000000004,5,17.9,Fallow,Medium
-7.0817,-15.82356,8.74186,-0.8660254037844384,-0.5000000000000004,5,33.2,Fallow,High
-8.14,-12.49061,4.35061,-0.8660254037844384,-0.5000000000000004,5,27.8,Fallow,High
-8.70077,-15.50631,6.805539999999999,-0.8660254037844384,-0.5000000000000004,5,28.3333333333333,Fallow,High
-7.50349,-14.51266,7.00917,-0.8660254037844384,-0.5000000000000004,11,27.3,Jowar,High
-6.33829,-13.4996,7.161309999999999,-0.8660254037844384,-0.5000000000000004,11,31.3,Jowar,High
-7.46843,-12.3931,4.924670000000001,-0.8660254037844384,-0.5000000000000004,11,36.8,Jowar,High
-12.44615,-15.96233,3.5161800000000003,-0.8660254037844384,-0.5000000000000004,11,38.9,Jowar,High
-7.35386,-14.12052,6.766660000000001,-0.8660254037844384,-0.5000000000000004,11,29.2666666666667,Jowar,High
-8.56139,-15.68347,7.12208,-0.8660254037844384,-0.5000000000000004,5,36.5,Fallow,High
-4.48916,-16.62357,12.13441,-0.8660254037844384,-0.5000000000000004,5,32.5,Fallow,High
-6.70969,-17.98182,11.272129999999999,-0.8660254037844384,-0.5000000000000004,5,42.0,Fallow,Very High
-7.98202,-16.25261,8.27059,-0.8660254037844384,-0.5000000000000004,18,50.0,Paddy,Very High
-7.48484,-19.04729,11.56245,-0.8660254037844384,-0.5000000000000004,5,36.3666666666667,Fallow,High
-4.76422,-12.6668,7.90258,-0.8660254037844384,-0.5000000000000004,11,34.0,Jowar,High
-5.72056,-15.0184,9.29784,-0.8660254037844384,-0.5000000000000004,11,26.3,Jowar,High
-7.72644,-17.10797,9.381530000000001,-0.8660254037844384,-0.5000000000000004,18,50.0,Paddy,Very High
-7.55017,-15.41769,7.867520000000001,-0.8660254037844384,-0.5000000000000004,11,34.1,Jowar,High
-5.43762,-14.48507,9.047450000000001,-0.8660254037844384,-0.5000000000000004,11,29.3333333333333,Jowar,High
-7.65977,-15.2958,7.63603,-0.8660254037844384,-0.5000000000000004,5,40.8,Fallow,High
-8.54116,-16.96816,8.427000000000001,-0.8660254037844384,-0.5000000000000004,19,30.0,Perl Millet,High
-9.52052,-16.26146,6.74094,-0.8660254037844384,-0.5000000000000004,18,50.0,Paddy,Very High
-10.25364,-13.55352,3.29988,-0.8660254037844384,-0.5000000000000004,5,29.0,Fallow,High
-8.50553,-16.4293,7.923770000000001,-0.8660254037844384,-0.5000000000000004,19,32.6333333333333,Perl Millet,High
-5.44225,-14.39821,8.955960000000001,-0.8660254037844384,-0.5000000000000004,5,36.8,Fallow,High
-4.3588,-16.12111,11.762310000000003,-0.8660254037844384,-0.5000000000000004,18,50.0,Paddy,Very High
-6.14225,-16.39474,10.252489999999998,-0.8660254037844384,-0.5000000000000004,5,36.4,Fallow,High
-4.11842,-14.55967,10.44125,-0.8660254037844384,-0.5000000000000004,5,38.5,Fallow,High
-5.1737,-14.60308,9.42938,-0.8660254037844384,-0.5000000000000004,5,36.0,Fallow,High
-8.06514,-15.1054,7.04026,-0.8660254037844384,-0.5000000000000004,18,46.9,Paddy,Very High
-7.68397,-18.48664,10.80267,-0.8660254037844384,-0.5000000000000004,18,42.0,Paddy,Very High
-6.95712,-16.41238,9.455259999999999,-0.8660254037844384,-0.5000000000000004,18,48.5,Paddy,Very High
-6.57781,-13.33375,6.75594,-0.8660254037844384,-0.5000000000000004,18,50.0,Paddy,Very High
-8.34875,-14.48604,6.137289999999998,-0.8660254037844384,-0.5000000000000004,18,38.8666666666667,Paddy,High
-8.98571,-14.66324,5.677530000000001,-0.8660254037844384,-0.5000000000000004,18,50.0,Paddy,Very High
-5.88914,-15.26398,9.374839999999999,-0.8660254037844384,-0.5000000000000004,18,44.6,Paddy,Very High
-8.6018,-16.29018,7.688379999999999,-0.8660254037844384,-0.5000000000000004,5,34.4,Fallow,High
-7.02499,-15.68814,8.663150000000002,-0.8660254037844384,-0.5000000000000004,18,32.2,Paddy,High
-8.57395,-14.50222,5.9282699999999995,-0.8660254037844384,-0.5000000000000004,18,50.0,Paddy,Very High
-6.82182,-16.61835,9.79653,-0.8660254037844384,-0.5000000000000004,18,50.0,Paddy,Very High
-8.69237,-19.28199,10.58962,-0.8660254037844384,-0.5000000000000004,5,30.0,Fallow,High
-5.97735,-15.46773,9.490379999999998,-0.8660254037844384,-0.5000000000000004,18,50.0,Paddy,Very High
-4.20397,-14.73294,10.52897,-0.8660254037844384,-0.5000000000000004,18,41.4,Paddy,Very High
-5.97702,-11.54259,5.56557,-0.8660254037844384,-0.5000000000000004,5,24.7,Fallow,High
-4.27793,-12.46743,8.1895,-0.8660254037844384,-0.5000000000000004,5,27.7,Fallow,High
-9.24373,-13.12367,3.8799400000000013,-0.8660254037844384,-0.5000000000000004,18,50.0,Paddy,Very High
-5.32011,-16.12759,10.807480000000002,-0.8660254037844384,-0.5000000000000004,18,35.1,Paddy,High
-6.66367,-14.79861,8.13494,-0.8660254037844384,-0.5000000000000004,18,40.7,Paddy,High
-7.88414,-15.73399,7.84985,-0.8660254037844384,-0.5000000000000004,18,40.9,Paddy,Very High
-7.58686,-14.04316,6.456300000000001,-0.8660254037844384,-0.5000000000000004,18,42.0,Paddy,Very High
-7.49553,-13.07635,5.58082,-0.8660254037844384,-0.5000000000000004,18,46.1,Paddy,Very High
-8.01217,-12.84601,4.83384,-0.8660254037844384,-0.5000000000000004,18,46.4,Paddy,Very High
-6.05729,-16.02069,9.963399999999998,-0.8660254037844384,-0.5000000000000004,5,30.7,Fallow,High
-5.75495,-13.02981,7.274859999999999,-0.8660254037844384,-0.5000000000000004,18,50.0,Paddy,Very High
-6.81345,-14.52173,7.70828,-0.8660254037844384,-0.5000000000000004,5,40.9,Fallow,Very High
-4.70898,-13.49072,8.78174,-0.8660254037844384,-0.5000000000000004,5,50.0,Fallow,Very High
-4.99884,-13.33651,8.33767,-0.8660254037844384,-0.5000000000000004,5,30.5,Fallow,High
-8.76236,-16.08855,7.326190000000002,-0.8660254037844384,-0.5000000000000004,18,46.9,Paddy,Very High
-8.06031,-15.74053,7.68022,-0.8660254037844384,-0.5000000000000004,18,50.0,Paddy,Very High
-7.11428,-11.90641,4.792129999999999,-0.8660254037844384,-0.5000000000000004,13,18.1,Lemon,Medium
-8.73264,-15.6103,6.8776600000000006,-0.8660254037844384,-0.5000000000000004,18,50.0,Paddy,Very High
-8.32358,-15.11733,6.793750000000001,-0.8660254037844384,-0.5000000000000004,18,34.4,Paddy,High
-5.27314,-15.93518,10.662040000000001,-0.8660254037844384,-0.5000000000000004,18,41.1,Paddy,Very High
-4.6602,-12.17197,7.51177,-0.8660254037844384,-0.5000000000000004,18,43.0,Paddy,Very High
-8.35388,-15.54511,7.191229999999999,-0.8660254037844384,-0.5000000000000004,18,46.7,Paddy,Very High
-6.66882,-14.40144,7.732619999999999,-0.8660254037844384,-0.5000000000000004,18,41.1333333333333,Paddy,Very High
-4.35199,-11.88953,7.537540000000001,-0.8660254037844384,-0.5000000000000004,18,50.0,Paddy,Very High
-1.8608,-14.00908,12.148280000000002,-0.8660254037844384,-0.5000000000000004,18,50.0,Paddy,Very High
-4.47322,-14.55493,10.081710000000001,-0.8660254037844384,-0.5000000000000004,18,36.4,Paddy,High
-6.66511,-15.17774,8.51263,-0.8660254037844384,-0.5000000000000004,18,24.6,Paddy,High
-4.99897,-13.89358,8.89461,-0.8660254037844384,-0.5000000000000004,18,43.9666666666667,Paddy,Very High
-4.48987,-16.22099,11.73112,-0.8660254037844384,-0.5000000000000004,18,47.9,Paddy,Very High
-5.83306,-13.3987,7.56564,-0.8660254037844384,-0.5000000000000004,18,44.3,Paddy,Very High
-6.48017,-13.16828,6.688109999999999,-0.8660254037844384,-0.5000000000000004,18,52.5,Paddy,Very High
-5.55754,-15.08214,9.5246,-0.8660254037844384,-0.5000000000000004,5,41.1,Fallow,Very High
-7.28152,-13.28189,6.00037,-0.8660254037844384,-0.5000000000000004,18,37.3666666666667,Paddy,High
-4.08988,-14.32754,10.237660000000002,-0.8660254037844384,-0.5000000000000004,18,38.5,Paddy,High
-4.8644,-19.51873,14.654330000000002,-0.8660254037844384,-0.5000000000000004,18,33.8,Paddy,High
-5.32052,-12.68728,7.366759999999999,-0.8660254037844384,-0.5000000000000004,18,40.7,Paddy,High
-4.50244,-14.0559,9.55346,-0.8660254037844384,-0.5000000000000004,18,37.9,Paddy,High
-5.62248,-12.87219,7.249709999999999,-0.8660254037844384,-0.5000000000000004,18,43.8,Paddy,Very High
-7.75879,-17.50017,9.74138,-0.8660254037844384,-0.5000000000000004,18,48.1,Paddy,Very High
-8.62711,-16.22842,7.60131,-0.8660254037844384,-0.5000000000000004,18,50.4,Paddy,Very High
-5.83336,-15.59575,9.76239,-0.8660254037844384,-0.5000000000000004,18,34.0,Paddy,High
-7.10793,-15.47552,8.36759,-0.8660254037844384,-0.5000000000000004,18,45.7,Paddy,Very High
-6.65469,-13.96096,7.30627,-0.8660254037844384,-0.5000000000000004,18,48.1,Paddy,Very High
-5.06773,-13.6938,8.626069999999999,-0.8660254037844384,-0.5000000000000004,18,32.0,Paddy,High
-4.07858,-14.66934,10.59076,-0.8660254037844384,-0.5000000000000004,18,32.0,Paddy,High
-6.50964,-13.4572,6.94756,-0.8660254037844384,-0.5000000000000004,18,50.0,Paddy,Very High
-8.56189,-14.49474,5.93285,-0.8660254037844384,-0.5000000000000004,18,40.4,Paddy,High
-6.54663,-14.60627,8.05964,-0.8660254037844384,-0.5000000000000004,18,46.1,Paddy,Very High
-5.29002,-18.48192,13.191899999999999,-0.8660254037844384,-0.5000000000000004,20,41.4,Sorgham,Very High
-6.33641,-13.52044,7.184030000000001,-0.8660254037844384,-0.5000000000000004,18,50.0,Paddy,Very High
-8.10189,-17.94307,9.84118,-0.8660254037844384,-0.5000000000000004,18,46.1,Paddy,Very High
-6.47336,-16.44584,9.972480000000001,-0.8660254037844384,-0.5000000000000004,18,46.6,Paddy,Very High
-5.83898,-15.54271,9.70373,-0.8660254037844384,-0.5000000000000004,18,41.6,Paddy,Very High
-8.05631,-15.32829,7.271980000000001,-0.8660254037844384,-0.5000000000000004,18,50.0,Paddy,Very High
-6.26478,-16.16601,9.90123,-0.8660254037844384,-0.5000000000000004,18,38.7666666666667,Paddy,High
-5.16772,-17.85686,12.689140000000002,-0.8660254037844384,-0.5000000000000004,18,32.0,Paddy,High
-4.63326,-17.51054,12.877279999999999,-0.8660254037844384,-0.5000000000000004,18,33.0,Paddy,High
-6.58812,-15.59142,9.0033,-0.8660254037844384,-0.5000000000000004,18,35.0,Paddy,High
-8.07244,-13.98138,5.908939999999999,-0.8660254037844384,-0.5000000000000004,18,36.0,Paddy,High
-6.0819,-17.50151,11.419609999999999,-0.8660254037844384,-0.5000000000000004,18,12.6666666666667,Paddy,Medium
-5.2147,-16.84822,11.63352,-0.8660254037844384,-0.5000000000000004,18,32.0,Paddy,High
-4.64057,-13.77984,9.13927,-0.8660254037844384,-0.5000000000000004,18,33.0,Paddy,High
-7.45518,-15.36296,7.907779999999999,-0.8660254037844384,-0.5000000000000004,18,35.0,Paddy,High
-5.25265,-16.18699,10.934340000000002,-0.8660254037844384,-0.5000000000000004,18,36.0,Paddy,High
-7.85296,-12.8293,4.9763399999999995,-0.8660254037844384,-0.5000000000000004,18,12.6666666666667,Paddy,Medium
-5.43428,-17.25871,11.82443,-0.8660254037844384,-0.5000000000000004,18,32.0,Paddy,High
-5.47961,-17.69059,12.21098,-0.8660254037844384,-0.5000000000000004,18,33.0,Paddy,High
-5.36748,-14.50275,9.135270000000002,-0.8660254037844384,-0.5000000000000004,18,35.0,Paddy,High
-5.93136,-16.04081,10.10945,-0.8660254037844384,-0.5000000000000004,18,36.0,Paddy,High
-4.05484,-15.50216,11.44732,-0.8660254037844384,-0.5000000000000004,18,12.6666666666667,Paddy,Medium
-4.29823,-17.39193,13.093699999999998,-0.8660254037844384,-0.5000000000000004,18,32.0,Paddy,High
-5.9704,-18.23486,12.264460000000001,-0.8660254037844384,-0.5000000000000004,18,33.0,Paddy,High
-7.15453,-15.02996,7.875430000000001,-0.8660254037844384,-0.5000000000000004,18,35.0,Paddy,High
-5.10828,-13.87133,8.76305,-0.8660254037844384,-0.5000000000000004,18,36.0,Paddy,High
-5.83141,-16.57474,10.743329999999998,-0.8660254037844384,-0.5000000000000004,18,12.6666666666667,Paddy,Medium
-6.3091,-14.7848,8.4757,-0.8660254037844384,-0.5000000000000004,18,50.0,Paddy,Very High
-9.13262,-14.72121,5.58859,-0.8660254037844384,-0.5000000000000004,18,50.0,Paddy,Very High
-8.45834,-13.09418,4.63584,-0.8660254037844384,-0.5000000000000004,18,50.0,Paddy,Very High
-5.25104,-15.03094,9.7799,-0.8660254037844384,-0.5000000000000004,5,44.1,Fallow,Very High
-4.5851,-16.06787,11.482769999999999,-0.8660254037844384,-0.5000000000000004,18,50.0,Paddy,Very High
-10.71792,-13.33568,2.6177600000000005,-0.8660254037844384,-0.5000000000000004,5,22.7,Fallow,Medium
-5.37054,-14.10747,8.73693,-0.8660254037844384,-0.5000000000000004,5,15.6,Fallow,Medium
-8.74534,-15.00133,6.255989999999999,-0.8660254037844384,-0.5000000000000004,19,22.9,Perl Millet,Medium
-9.57462,-17.80553,8.230910000000002,-0.8660254037844384,-0.5000000000000004,19,16.5,Perl Millet,Medium
-9.09491,-15.77481,6.6799,-0.8660254037844384,-0.5000000000000004,19,20.8333333333333,Perl Millet,Medium
-6.95776,-14.11567,7.157909999999999,-0.8660254037844384,-0.5000000000000004,7,19.0,Fodder,Medium
-6.27938,-14.12466,7.845280000000001,-0.8660254037844384,-0.5000000000000004,7,21.2,Fodder,Medium
-5.0082,-13.58419,8.57599,-0.8660254037844384,-0.5000000000000004,7,25.4,Fodder,High
-7.77221,-12.65154,4.87933,-0.8660254037844384,-0.5000000000000004,5,32.7,Fallow,High
-4.57311,-12.97232,8.39921,-0.8660254037844384,-0.5000000000000004,7,23.7,Fodder,Medium
-9.98429,-13.89482,3.9105299999999996,-0.8660254037844384,-0.5000000000000004,5,26.1,Fallow,High
-7.70979,-10.56117,2.8513800000000007,-0.8660254037844384,-0.5000000000000004,5,19.9,Fallow,Medium
-4.21573,-12.36695,8.151219999999999,-0.8660254037844384,-0.5000000000000004,5,25.2,Fallow,High
-5.42929,-14.73629,9.307,-0.8660254037844384,-0.5000000000000004,18,44.1,Paddy,Very High
-5.82171,-11.99275,6.171039999999999,-0.8660254037844384,-0.5000000000000004,5,25.3333333333333,Fallow,High
-6.83583,-12.53825,5.70242,-0.8660254037844384,-0.5000000000000004,19,32.7,Perl Millet,High
-6.62373,-13.16136,6.53763,-0.8660254037844384,-0.5000000000000004,19,15.6,Perl Millet,Medium
-6.49366,-16.58032,10.08666,-0.8660254037844384,-0.5000000000000004,18,48.6,Paddy,Very High
-5.71479,-15.29142,9.576630000000002,-0.8660254037844384,-0.5000000000000004,19,32.8,Perl Millet,High
-4.76671,-14.12548,9.35877,-0.8660254037844384,-0.5000000000000004,19,37.3333333333333,Perl Millet,High
-6.12961,-15.56835,9.438740000000001,-0.8660254037844384,-0.5000000000000004,5,32.2,Fallow,High
-7.06738,-15.0869,8.01952,-0.8660254037844384,-0.5000000000000004,19,35.3,Perl Millet,High
-4.94165,-14.08518,9.143529999999998,-0.8660254037844384,-0.5000000000000004,18,40.5,Paddy,High
-6.09963,-12.48138,6.381749999999999,-0.8660254037844384,-0.5000000000000004,5,26.2,Fallow,High
-5.24226,-15.49371,10.25145,-0.8660254037844384,-0.5000000000000004,19,37.2333333333333,Perl Millet,High
-9.20043,-12.16521,2.9647799999999993,-0.8660254037844384,-0.5000000000000004,5,29.8,Fallow,High
-6.027,-15.79688,9.76988,-0.8660254037844384,-0.5000000000000004,18,50.0,Paddy,Very High
-8.80665,-11.36516,2.55851,-0.8660254037844384,-0.5000000000000004,5,27.7,Fallow,High
-4.36921,-17.11619,12.74698,-0.8660254037844384,-0.5000000000000004,5,25.4,Fallow,High
-5.25829,-13.97995,8.72166,-0.8660254037844384,-0.5000000000000004,5,29.2666666666667,Fallow,High
-8.18872,-14.55643,6.367710000000001,-0.8660254037844384,-0.5000000000000004,18,39.0,Paddy,High
-5.30542,-12.30038,6.994960000000001,-0.8660254037844384,-0.5000000000000004,18,39.6,Paddy,High
-3.21495,-13.81128,10.59633,-0.8660254037844384,-0.5000000000000004,18,45.3,Paddy,Very High
-6.95738,-16.2576,9.30022,-0.8660254037844384,-0.5000000000000004,18,42.1,Paddy,Very High
-7.07188,-13.64715,6.57527,-0.8660254037844384,-0.5000000000000004,18,38.5,Paddy,High
-4.02301,-17.24557,13.222560000000001,-0.8660254037844384,-0.5000000000000004,18,50.0,Paddy,Very High
-8.49218,-16.03073,7.538549999999999,-0.8660254037844384,-0.5000000000000004,18,50.0,Paddy,Very High
-5.05138,-15.49632,10.44494,-0.8660254037844384,-0.5000000000000004,18,50.0,Paddy,Very High
-1.85849,-17.99376,16.135270000000002,-0.8660254037844384,-0.5000000000000004,18,50.0,Paddy,Very High
-2.11521,-16.72054,14.60533,-0.8660254037844384,-0.5000000000000004,18,50.0,Paddy,Very High
-6.36912,-13.75119,7.38207,-0.8660254037844384,-0.5000000000000004,18,33.2,Paddy,High
-5.19342,-15.52219,10.32877,-0.8660254037844384,-0.5000000000000004,5,50.0,Fallow,Very High
-3.6856,-16.30875,12.623149999999999,-0.8660254037844384,-0.5000000000000004,18,21.1,Paddy,Medium
-8.95153,-15.54802,6.596489999999999,-0.8660254037844384,-0.5000000000000004,18,41.2,Paddy,Very High
-4.96792,-14.74616,9.77824,-0.8660254037844384,-0.5000000000000004,18,40.7333333333333,Paddy,High
-7.1087,-14.12915,7.020449999999999,-0.8660254037844384,-0.5000000000000004,5,28.3,Fallow,High
-9.30291,-12.86556,3.5626499999999997,-0.8660254037844384,-0.5000000000000004,18,50.0,Paddy,Very High
-8.75691,-15.40885,6.65194,-0.8660254037844384,-0.5000000000000004,18,50.0,Paddy,Very High
-7.12508,-13.7808,6.65572,-0.8660254037844384,-0.5000000000000004,5,21.3,Fallow,Medium
-8.59081,-14.06468,5.47387,-0.8660254037844384,-0.5000000000000004,5,21.1,Fallow,Medium
-6.70794,-16.0276,9.319659999999999,-0.8660254037844384,-0.5000000000000004,18,44.3,Paddy,Very High
-7.30944,-14.52715,7.21771,-0.8660254037844384,-0.5000000000000004,18,24.3,Paddy,High
-7.64711,-16.6676,9.02049,-0.8660254037844384,-0.5000000000000004,18,27.6,Paddy,High
-4.90405,-14.00856,9.10451,-0.8660254037844384,-0.5000000000000004,18,33.9,Paddy,High
-6.97647,-13.94084,6.96437,-0.8660254037844384,-0.5000000000000004,18,33.0333333333333,Paddy,High
-7.06393,-14.37601,7.312080000000001,-0.8660254037844384,-0.5000000000000004,18,25.3,Paddy,High
-4.55831,-14.321,9.76269,-0.8660254037844384,-0.5000000000000004,18,36.1,Paddy,High
-7.21936,-12.94086,5.721500000000001,-0.8660254037844384,-0.5000000000000004,5,28.8,Fallow,High
-4.74375,-14.61305,9.869299999999999,-0.8660254037844384,-0.5000000000000004,18,44.2,Paddy,Very High
-4.4083,-14.32181,9.913509999999999,-0.8660254037844384,-0.5000000000000004,5,36.6666666666667,Fallow,High
-5.90796,-12.52526,6.617299999999999,-0.8660254037844384,-0.5000000000000004,5,50.0,Fallow,Very High
-7.38713,-15.09099,7.70386,-1.0,-1.8369701987210297e-16,5,24.4,Fallow,High
-6.2574,-12.05392,5.79652,-1.0,-1.8369701987210297e-16,18,41.0,Paddy,Very High
-8.44134,-16.46069,8.01935,-1.0,-1.8369701987210297e-16,18,25.3,Paddy,High
-2.85467,-17.00499,14.150319999999999,-1.0,-1.8369701987210297e-16,16,53.7,Orchad,Very High
-6.88868,-12.32378,5.435099999999999,-1.0,-1.8369701987210297e-16,18,49.3,Paddy,Very High
-3.97072,-16.29953,12.32881,-1.0,-1.8369701987210297e-16,18,50.0,Paddy,Very High
-4.72315,-14.51099,9.78784,-1.0,-1.8369701987210297e-16,18,50.0,Paddy,Very High
-6.20342,-14.23523,8.03181,-1.0,-1.8369701987210297e-16,18,50.0,Paddy,Very High
-3.75298,-15.14806,11.39508,-1.0,-1.8369701987210297e-16,18,50.0,Paddy,Very High
-5.38613,-17.08112,11.694989999999999,-1.0,-1.8369701987210297e-16,18,50.0,Paddy,Very High
-7.39166,-9.1063,1.7146399999999993,-1.0,-1.8369701987210297e-16,18,50.0,Paddy,Very High
-5.273,-12.95383,7.68083,-1.0,-1.8369701987210297e-16,18,50.0,Paddy,Very High
-5.28297,-14.08056,8.79759,-1.0,-1.8369701987210297e-16,18,44.2,Paddy,Very High
-6.95083,-13.64403,6.693200000000001,-1.0,-1.8369701987210297e-16,18,39.8,Paddy,High
-7.09757,-14.043,6.945429999999999,-1.0,-1.8369701987210297e-16,18,37.8333333333333,Paddy,High
-8.20464,-16.64977,8.44513,-1.0,-1.8369701987210297e-16,18,40.8,Paddy,High
-4.87058,-16.89353,12.022949999999998,-1.0,-1.8369701987210297e-16,18,43.7,Paddy,Very High
-4.55784,-16.67149,12.11365,-1.0,-1.8369701987210297e-16,18,46.5,Paddy,Very High
-6.59729,-13.9734,7.37611,-1.0,-1.8369701987210297e-16,5,20.8,Fallow,Medium
-6.60565,-16.34644,9.74079,-1.0,-1.8369701987210297e-16,18,50.0,Paddy,Very High
-4.76756,-13.00728,8.23972,-1.0,-1.8369701987210297e-16,18,50.0,Paddy,Very High
-6.36367,-15.02861,8.664940000000001,-1.0,-1.8369701987210297e-16,18,50.0,Paddy,Very High
-7.27669,-16.78046,9.503770000000001,-1.0,-1.8369701987210297e-16,18,50.0,Paddy,Very High
-3.74459,-15.64025,11.89566,-1.0,-1.8369701987210297e-16,18,50.0,Paddy,Very High
-7.22014,-16.0361,8.81596,-1.0,-1.8369701987210297e-16,18,50.0,Paddy,Very High
-6.95673,-15.10044,8.14371,-1.0,-1.8369701987210297e-16,18,50.0,Paddy,Very High
-8.25937,-14.49804,6.238669999999999,-1.0,-1.8369701987210297e-16,18,50.0,Paddy,Very High
-7.20351,-12.98312,5.77961,-1.0,-1.8369701987210297e-16,18,50.0,Paddy,Very High
-4.98963,-16.98427,11.994639999999999,-1.0,-1.8369701987210297e-16,18,50.0,Paddy,Very High
-6.0826,-14.58547,8.502870000000001,-1.0,-1.8369701987210297e-16,18,50.0,Paddy,Very High
-6.19544,-13.75025,7.55481,-1.0,-1.8369701987210297e-16,18,50.0,Paddy,Very High
-10.42013,-18.08521,7.66508,-1.0,-1.8369701987210297e-16,18,50.0,Paddy,Very High
-6.72844,-16.71515,9.986710000000002,-1.0,-1.8369701987210297e-16,18,50.0,Paddy,Very High
-6.49229,-16.83213,10.339839999999999,-1.0,-1.8369701987210297e-16,18,50.0,Paddy,Very High
-10.29932,-15.73432,5.4350000000000005,-1.0,-1.8369701987210297e-16,18,50.0,Paddy,Very High
-9.37322,-13.50721,4.133990000000001,-1.0,-1.8369701987210297e-16,18,50.0,Paddy,Very High
-6.11948,-14.53983,8.42035,-1.0,-1.8369701987210297e-16,18,50.0,Paddy,Very High
-6.07232,-16.53215,10.45983,-1.0,-1.8369701987210297e-16,18,50.0,Paddy,Very High
-6.63722,-12.84217,6.204949999999999,-1.0,-1.8369701987210297e-16,18,50.0,Paddy,Very High
-5.9934,-13.82399,7.83059,-1.0,-1.8369701987210297e-16,18,50.0,Paddy,Very High
-7.50381,-18.24995,10.746139999999999,-1.0,-1.8369701987210297e-16,18,50.0,Paddy,Very High
-5.88805,-14.23372,8.34567,-1.0,-1.8369701987210297e-16,18,33.1,Paddy,High
-4.52708,-15.08702,10.559940000000001,-1.0,-1.8369701987210297e-16,18,50.0,Paddy,Very High
-7.98117,-18.49023,10.509060000000002,-1.0,-1.8369701987210297e-16,5,22.5,Fallow,Medium
-6.66725,-18.4706,11.803350000000002,-1.0,-1.8369701987210297e-16,18,50.0,Paddy,Very High
-6.41655,-16.98897,10.572419999999997,-1.0,-1.8369701987210297e-16,18,50.0,Paddy,Very High
-4.60409,-16.83565,12.231560000000002,-1.0,-1.8369701987210297e-16,18,50.0,Paddy,Very High
-5.1949,-14.37999,9.185089999999999,-1.0,-1.8369701987210297e-16,18,50.0,Paddy,Very High
-4.85469,-15.77813,10.923440000000001,-1.0,-1.8369701987210297e-16,18,40.4,Paddy,High
-5.05693,-16.71887,11.661939999999998,-1.0,-1.8369701987210297e-16,18,50.0,Paddy,Very High
-6.35198,-15.12945,8.777470000000001,-1.0,-1.8369701987210297e-16,18,50.0,Paddy,Very High
-4.52847,-14.65907,10.1306,-1.0,-1.8369701987210297e-16,18,50.0,Paddy,Very High
-4.95791,-16.31956,11.36165,-1.0,-1.8369701987210297e-16,18,42.7,Paddy,Very High
-4.80316,-14.81964,10.01648,-1.0,-1.8369701987210297e-16,5,38.1,Fallow,High
-3.79642,-16.69548,12.89906,-1.0,-1.8369701987210297e-16,18,50.0,Paddy,Very High
-8.03541,-12.67302,4.637609999999999,-1.0,-1.8369701987210297e-16,5,25.7,Fallow,High
-7.59181,-12.08597,4.49416,-1.0,-1.8369701987210297e-16,5,24.4,Fallow,High
-8.10765,-12.8694,4.761750000000001,-1.0,-1.8369701987210297e-16,19,30.2,Perl Millet,High
-9.55976,-12.23526,2.6754999999999995,-1.0,-1.8369701987210297e-16,19,32.3,Perl Millet,High
-9.57895,-11.0488,1.4698499999999992,-1.0,-1.8369701987210297e-16,19,26.9333333333333,Perl Millet,High
-6.66593,-13.70446,7.038529999999999,-1.0,-1.8369701987210297e-16,11,25.7,Jowar,High
-5.73409,-11.53527,5.8011800000000004,-1.0,-1.8369701987210297e-16,11,25.0,Jowar,High
-5.36592,-13.03373,7.66781,-1.0,-1.8369701987210297e-16,19,37.7,Perl Millet,High
-6.55107,-12.55879,6.00772,-1.0,-1.8369701987210297e-16,5,30.5,Fallow,High
-5.17544,-13.14677,7.97133,-1.0,-1.8369701987210297e-16,11,29.8,Jowar,High
-7.81748,-12.70248,4.885,-1.0,-1.8369701987210297e-16,11,29.4,Jowar,High
-8.20132,-11.33044,3.1291199999999986,-1.0,-1.8369701987210297e-16,5,32.2,Fallow,High
-6.81515,-14.83563,8.02048,-1.0,-1.8369701987210297e-16,5,36.8,Fallow,High
-7.53377,-11.8508,4.31703,-1.0,-1.8369701987210297e-16,18,41.1,Paddy,Very High
-7.23958,-12.56512,5.32554,-1.0,-1.8369701987210297e-16,5,30.9666666666667,Fallow,High
-8.14768,-15.77665,7.628970000000001,-1.0,-1.8369701987210297e-16,19,36.1,Perl Millet,High
-8.23199,-13.13017,4.89818,-1.0,-1.8369701987210297e-16,19,35.5,Perl Millet,High
-8.43148,-13.11874,4.68726,-1.0,-1.8369701987210297e-16,18,50.0,Paddy,Very High
-6.11649,-16.90045,10.78396,-1.0,-1.8369701987210297e-16,19,35.9,Perl Millet,High
-9.42138,-17.96617,8.544790000000003,-1.0,-1.8369701987210297e-16,19,34.4333333333333,Perl Millet,High
-5.36583,-13.46388,8.09805,-1.0,-1.8369701987210297e-16,5,29.3,Fallow,High
-5.68236,-11.82191,6.139550000000001,-1.0,-1.8369701987210297e-16,19,35.7,Perl Millet,High
-7.58366,-15.71152,8.12786,-1.0,-1.8369701987210297e-16,18,39.1,Paddy,High
-2.94859,-13.97028,11.021690000000001,-1.0,-1.8369701987210297e-16,11,28.1,Jowar,High
-1.43595,-13.23508,11.79913,-1.0,-1.8369701987210297e-16,19,36.5,Perl Millet,High
-5.49269,-14.88128,9.38859,-1.0,-1.8369701987210297e-16,5,26.0,Fallow,High
-4.19633,-13.65325,9.45692,-1.0,-1.8369701987210297e-16,18,50.0,Paddy,Very High
-4.70233,-11.76186,7.0595300000000005,-1.0,-1.8369701987210297e-16,5,23.8,Fallow,Medium
-4.99361,-9.55766,4.56405,-1.0,-1.8369701987210297e-16,5,26.5,Fallow,High
-3.81434,-8.98321,5.16887,-1.0,-1.8369701987210297e-16,5,32.9666666666667,Fallow,High
-10.1728,-14.82236,4.649559999999999,-1.0,-1.8369701987210297e-16,18,48.7,Paddy,Very High
-9.50731,-14.07459,4.56728,-1.0,-1.8369701987210297e-16,18,43.5,Paddy,Very High
-8.31541,-14.23503,5.91962,-1.0,-1.8369701987210297e-16,18,43.0,Paddy,Very High
-8.77887,-15.80917,7.0303,-1.0,-1.8369701987210297e-16,18,43.9,Paddy,Very High
-8.26804,-16.34328,8.07524,-1.0,-1.8369701987210297e-16,18,45.9333333333333,Paddy,Very High
-8.25896,-15.51185,7.252890000000001,-1.0,-1.8369701987210297e-16,18,50.0,Paddy,Very High
-4.07168,-13.62378,9.5521,-1.0,-1.8369701987210297e-16,18,50.0,Paddy,Very High
-3.24645,-16.70486,13.45841,-1.0,-1.8369701987210297e-16,19,50.0,Perl Millet,Very High
-6.0956,-14.8831,8.787500000000001,-1.0,-1.8369701987210297e-16,19,50.0,Perl Millet,Very High
-7.57461,-16.45597,8.88136,-1.0,-1.8369701987210297e-16,19,50.0,Perl Millet,Very High
-10.36355,-15.29136,4.927809999999999,-1.0,-1.8369701987210297e-16,18,26.2,Paddy,High
-8.44209,-14.3791,5.937009999999999,-1.0,-1.8369701987210297e-16,5,13.4,Fallow,Medium
-5.87107,-15.78801,9.91694,-1.0,-1.8369701987210297e-16,18,50.0,Paddy,Very High
-7.77546,-12.98961,5.214150000000001,-1.0,-1.8369701987210297e-16,18,37.5,Paddy,High
-7.12148,-10.30859,3.1871100000000006,-1.0,-1.8369701987210297e-16,18,35.4333333333333,Paddy,High
-7.23443,-12.65618,5.421750000000001,-1.0,-1.8369701987210297e-16,5,24.5,Fallow,High
-7.72299,-13.91962,6.19663,-1.0,-1.8369701987210297e-16,18,48.8,Paddy,Very High
-6.89739,-12.67178,5.77439,-1.0,-1.8369701987210297e-16,18,43.7,Paddy,Very High
-4.56618,-11.84326,7.277080000000001,-1.0,-1.8369701987210297e-16,5,19.9,Fallow,Medium
-6.09577,-12.73796,6.642189999999999,-1.0,-1.8369701987210297e-16,5,26.8666666666667,Fallow,High
-7.69476,-15.0524,7.357640000000001,-1.0,-1.8369701987210297e-16,18,40.0,Paddy,High
-5.04545,-15.27458,10.229130000000001,-1.0,-1.8369701987210297e-16,18,29.1,Paddy,High
-5.76332,-16.14313,10.379809999999999,-1.0,-1.8369701987210297e-16,18,43.7,Paddy,Very High
-8.85327,-14.98321,6.1299399999999995,-1.0,-1.8369701987210297e-16,18,30.3,Paddy,High
-7.76935,-16.99055,9.2212,-1.0,-1.8369701987210297e-16,18,43.1,Paddy,Very High
-6.04081,-11.59471,5.5539,-1.0,-1.8369701987210297e-16,18,47.4,Paddy,Very High
-7.12837,-14.80381,7.67544,-1.0,-1.8369701987210297e-16,18,50.0,Paddy,Very High
-4.52744,-13.2964,8.76896,-1.0,-1.8369701987210297e-16,5,28.7,Fallow,High
-8.73387,-13.20201,4.46814,-1.0,-1.8369701987210297e-16,18,46.0,Paddy,Very High
-4.37301,-14.05658,9.68357,-1.0,-1.8369701987210297e-16,5,28.8333333333333,Fallow,High
-9.67993,-17.06888,7.3889499999999995,-1.0,-1.8369701987210297e-16,5,8.6,Fallow,Low
-6.8702,-16.07295,9.202749999999998,-1.0,-1.8369701987210297e-16,18,31.6,Paddy,High
-9.79337,-13.75319,3.9598200000000006,-1.0,-1.8369701987210297e-16,18,13.7,Paddy,Medium
-7.31254,-14.62754,7.3149999999999995,-1.0,-1.8369701987210297e-16,13,29.2,Lemon,High
-7.58662,-14.73556,7.14894,-1.0,-1.8369701987210297e-16,18,8.93333333333333,Paddy,Low
-7.78498,-13.26301,5.4780299999999995,-1.0,-1.8369701987210297e-16,18,37.4,Paddy,High
-9.07334,-14.50024,5.4269,-1.0,-1.8369701987210297e-16,18,40.9,Paddy,Very High
-9.23549,-16.15772,6.922230000000001,-1.0,-1.8369701987210297e-16,18,24.7,Paddy,High
-9.41912,-14.03018,4.61106,-1.0,-1.8369701987210297e-16,18,29.4,Paddy,High
-7.69788,-13.62584,5.927960000000001,-1.0,-1.8369701987210297e-16,18,38.3666666666667,Paddy,High
-4.22983,-14.17036,9.94053,-1.0,-1.8369701987210297e-16,18,36.6,Paddy,High
-9.40017,-13.39128,3.991110000000001,-1.0,-1.8369701987210297e-16,18,35.2,Paddy,High
-5.8318,-15.231,9.3992,-1.0,-1.8369701987210297e-16,18,35.9,Paddy,High
-6.41246,-11.81783,5.4053700000000005,-1.0,-1.8369701987210297e-16,18,40.8,Paddy,High
-6.39611,-13.92856,7.532449999999999,-1.0,-1.8369701987210297e-16,18,44.3333333333333,Paddy,Very High
-7.62499,-17.3326,9.707609999999999,-1.0,-1.8369701987210297e-16,18,26.6,Paddy,High
-9.90959,-18.79653,8.886940000000001,-1.0,-1.8369701987210297e-16,18,21.3,Paddy,Medium
-10.23597,-17.30018,7.064210000000001,-1.0,-1.8369701987210297e-16,18,38.2,Paddy,High
-10.87947,-16.49611,5.616640000000002,-1.0,-1.8369701987210297e-16,5,19.7,Fallow,Medium
-10.36803,-18.50712,8.139090000000001,-1.0,-1.8369701987210297e-16,18,20.1333333333333,Paddy,Medium
-7.69793,-17.60595,9.90802,-1.0,-1.8369701987210297e-16,18,30.6,Paddy,High
-8.81273,-17.85205,9.039319999999998,-1.0,-1.8369701987210297e-16,18,30.4,Paddy,High
-9.02416,-15.41681,6.39265,-1.0,-1.8369701987210297e-16,18,24.8,Paddy,High
-6.71782,-17.32557,10.60775,-1.0,-1.8369701987210297e-16,18,34.9,Paddy,High
-6.23676,-18.16079,11.924029999999998,-1.0,-1.8369701987210297e-16,18,33.0333333333333,Paddy,High
-7.473,-13.92515,6.4521500000000005,-1.0,-1.8369701987210297e-16,18,30.3,Paddy,High
-5.13573,-15.53998,10.404250000000001,-1.0,-1.8369701987210297e-16,18,31.0,Paddy,High
-10.0797,-11.75667,1.676969999999999,-1.0,-1.8369701987210297e-16,18,22.4,Paddy,Medium
-8.12062,-14.28938,6.168759999999999,-1.0,-1.8369701987210297e-16,18,29.8,Paddy,High
-8.9432,-17.14628,8.203080000000002,-1.0,-1.8369701987210297e-16,18,24.5,Paddy,High
-7.58157,-12.42122,4.83965,-1.0,-1.8369701987210297e-16,18,52.4,Paddy,Very High
-8.01205,-13.44829,5.43624,-1.0,-1.8369701987210297e-16,18,50.0,Paddy,Very High
-5.95296,-15.15676,9.203800000000001,-1.0,-1.8369701987210297e-16,18,50.0,Paddy,Very High
-9.17134,-15.60565,6.43431,-1.0,-1.8369701987210297e-16,18,50.0,Paddy,Very High
-10.9238,-14.99635,4.07255,-1.0,-1.8369701987210297e-16,18,50.0,Paddy,Very High
-7.69929,-13.02082,5.32153,-1.0,-1.8369701987210297e-16,18,50.0,Paddy,Very High
-9.1117,-16.77862,7.666919999999999,-1.0,-1.8369701987210297e-16,18,52.7,Paddy,Very High
-6.35071,-12.19522,5.8445100000000005,-1.0,-1.8369701987210297e-16,18,27.9,Paddy,High
-9.28166,-17.65554,8.373879999999998,-1.0,-1.8369701987210297e-16,18,31.8,Paddy,High
-4.76673,-15.52828,10.76155,-1.0,-1.8369701987210297e-16,5,28.2,Fallow,High
-7.87006,-15.14446,7.274400000000001,-1.0,-1.8369701987210297e-16,18,50.0,Paddy,Very High
-11.05152,-16.3981,5.346579999999999,-1.0,-1.8369701987210297e-16,18,14.1,Paddy,Medium
-10.92141,-17.05293,6.13152,-1.0,-1.8369701987210297e-16,18,23.0,Paddy,Medium
-4.21314,-15.7392,11.526060000000001,-1.0,-1.8369701987210297e-16,18,44.4,Paddy,Very High
-6.47818,-13.12915,6.650969999999999,-1.0,-1.8369701987210297e-16,18,50.0,Paddy,Very High
-6.14736,-14.43242,8.285060000000001,-1.0,-1.8369701987210297e-16,18,39.0666666666667,Paddy,High
-3.62777,-13.21088,9.58311,-1.0,-1.8369701987210297e-16,18,50.0,Paddy,Very High
-4.0697,-15.21458,11.14488,-1.0,-1.8369701987210297e-16,18,50.0,Paddy,Very High
-6.7287,-14.78814,8.05944,-1.0,-1.8369701987210297e-16,18,50.0,Paddy,Very High
-4.56948,-14.55198,9.9825,-1.0,-1.8369701987210297e-16,18,50.0,Paddy,Very High
-4.80457,-13.92447,9.1199,-1.0,-1.8369701987210297e-16,18,50.0,Paddy,Very High
-5.82408,-14.0258,8.20172,-1.0,-1.8369701987210297e-16,18,50.2,Paddy,Very High
-5.21816,-15.5259,10.307739999999999,-1.0,-1.8369701987210297e-16,18,50.0,Paddy,Very High
-5.90603,-10.93259,5.026559999999999,-1.0,-1.8369701987210297e-16,18,34.2,Paddy,High
-6.46341,-18.11471,11.651299999999999,-1.0,-1.8369701987210297e-16,5,31.3,Fallow,High
-5.34019,-14.61141,9.27122,-1.0,-1.8369701987210297e-16,18,50.0,Paddy,Very High
-9.47756,-12.58843,3.1108700000000002,-1.0,-1.8369701987210297e-16,5,16.2,Fallow,Medium
-7.00555,-15.2191,8.213549999999998,-1.0,-1.8369701987210297e-16,5,12.9,Fallow,Medium
-6.14996,-14.44698,8.29702,-1.0,-1.8369701987210297e-16,19,15.6,Perl Millet,Medium
-8.43812,-17.32951,8.89139,-1.0,-1.8369701987210297e-16,19,12.7,Perl Millet,Medium
-10.12827,-18.05722,7.92895,-1.0,-1.8369701987210297e-16,19,12.6,Perl Millet,Medium
-5.08836,-12.31809,7.22973,-1.0,-1.8369701987210297e-16,19,8.8,Perl Millet,Low
-6.68482,-15.1893,8.50448,-1.0,-1.8369701987210297e-16,19,8.8,Perl Millet,Low
-11.915,-16.77444,4.859439999999999,-1.0,-1.8369701987210297e-16,5,9.6,Fallow,Low
-11.91964,-16.85568,4.93604,-1.0,-1.8369701987210297e-16,19,27.6,Perl Millet,High
-7.88292,-15.42486,7.54194,-1.0,-1.8369701987210297e-16,19,6.76666666666667,Perl Millet,Low
-6.87637,-16.65811,9.781740000000001,-1.0,-1.8369701987210297e-16,5,8.8,Fallow,Low
-9.17609,-11.99697,2.820879999999999,-1.0,-1.8369701987210297e-16,11,8.4,Jowar,Low
-8.14816,-14.95836,6.8102,-1.0,-1.8369701987210297e-16,5,8.0,Fallow,Low
-5.66477,-15.13717,9.4724,-1.0,-1.8369701987210297e-16,18,28.3,Paddy,High
-8.43595,-16.21147,7.775519999999998,-1.0,-1.8369701987210297e-16,5,8.0,Fallow,Low
-8.72562,-14.55278,5.827160000000001,-1.0,-1.8369701987210297e-16,18,41.8,Paddy,Very High
-7.86327,-16.91076,9.04749,-1.0,-1.8369701987210297e-16,5,31.0,Fallow,High
-6.91781,-15.05523,8.137419999999999,-1.0,-1.8369701987210297e-16,5,34.1,Fallow,High
-4.07846,-14.83412,10.75566,-1.0,-1.8369701987210297e-16,18,41.6,Paddy,Very High
-8.59369,-14.49742,5.9037299999999995,-1.0,-1.8369701987210297e-16,11,14.2,Jowar,Medium
-9.07801,-14.3956,5.317589999999999,-1.0,-1.8369701987210297e-16,5,37.2,Fallow,High
-12.36725,-16.46464,4.097389999999999,-1.0,-1.8369701987210297e-16,5,13.8,Fallow,Medium
-9.49287,-19.4676,9.974730000000001,-1.0,-1.8369701987210297e-16,18,26.1,Paddy,High
-10.57321,-19.14912,8.57591,-1.0,-1.8369701987210297e-16,5,11.9,Fallow,Medium
-7.49887,-15.38953,7.8906600000000005,-1.0,-1.8369701987210297e-16,5,14.9,Fallow,Medium
-9.96286,-16.12926,6.166399999999999,-1.0,-1.8369701987210297e-16,5,13.8333333333333,Fallow,Medium
-8.98184,-16.02619,7.04435,-1.0,-1.8369701987210297e-16,18,25.6,Paddy,High
-10.29964,-15.98919,5.6895500000000006,-1.0,-1.8369701987210297e-16,18,21.7,Paddy,Medium
-8.37857,-16.84818,8.46961,-1.0,-1.8369701987210297e-16,18,29.9,Paddy,High
-9.08714,-16.61518,7.528039999999999,-1.0,-1.8369701987210297e-16,18,40.2,Paddy,High
-8.37454,-13.84557,5.471030000000001,-1.0,-1.8369701987210297e-16,18,35.9666666666667,Paddy,High
-7.08157,-15.75737,8.675799999999999,-1.0,-1.8369701987210297e-16,18,14.0,Paddy,Medium
-8.60075,-15.75984,7.159090000000001,-1.0,-1.8369701987210297e-16,5,16.0,Fallow,Medium
-6.13209,-13.5268,7.39471,-1.0,-1.8369701987210297e-16,18,31.0,Paddy,High
-10.67223,-15.55887,4.88664,-1.0,-1.8369701987210297e-16,18,36.4,Paddy,High
-9.86522,-15.08194,5.216719999999999,-1.0,-1.8369701987210297e-16,18,50.0,Paddy,Very High
-6.04073,-12.52337,6.48264,-1.0,-1.8369701987210297e-16,5,11.4,Fallow,Medium
-8.28367,-13.97348,5.68981,-1.0,-1.8369701987210297e-16,18,38.6,Paddy,High
-11.33464,-17.242,5.907360000000001,-1.0,-1.8369701987210297e-16,18,50.0,Paddy,Very High
-10.73824,-16.65344,5.9152000000000005,-1.0,-1.8369701987210297e-16,5,8.5,Fallow,Low
-8.06631,-14.8909,6.824590000000001,-1.0,-1.8369701987210297e-16,5,10.1666666666667,Fallow,Medium
-6.80049,-13.25469,6.4542,-1.0,-1.8369701987210297e-16,18,48.1,Paddy,Very High
-5.82878,-14.65034,8.82156,-1.0,-1.8369701987210297e-16,18,21.5,Paddy,Medium
-9.37152,-15.99012,6.618599999999999,-1.0,-1.8369701987210297e-16,18,20.7,Paddy,Medium
-10.00388,-11.25435,1.25047,-1.0,-1.8369701987210297e-16,18,19.3,Paddy,Medium
-9.00572,-14.08299,5.07727,-1.0,-1.8369701987210297e-16,18,20.1,Paddy,Medium
-10.23989,-12.9441,2.70421,-1.0,-1.8369701987210297e-16,18,41.8,Paddy,Very High
-8.30494,-16.09564,7.790699999999999,-1.0,-1.8369701987210297e-16,18,43.4,Paddy,Very High
-6.76528,-14.11871,7.35343,-1.0,-1.8369701987210297e-16,18,30.6,Paddy,High
-6.64412,-13.80327,7.1591499999999995,-1.0,-1.8369701987210297e-16,18,16.6,Paddy,Medium
-7.14885,-12.24361,5.09476,-1.0,-1.8369701987210297e-16,18,18.6,Paddy,Medium
-7.2251,-15.31476,8.089659999999999,-0.8660254037844386,0.5000000000000001,5,15.4,Fallow,Medium
-7.12465,-15.65603,8.531379999999999,-0.8660254037844386,0.5000000000000001,18,11.0,Paddy,Medium
-9.24639,-15.80069,6.5543,-0.8660254037844386,0.5000000000000001,18,13.1,Paddy,Medium
-8.71673,-17.20822,8.49149,-0.8660254037844386,0.5000000000000001,13,20.8,Lemon,Medium
-7.06178,-17.07947,10.017690000000002,-0.8660254037844386,0.5000000000000001,18,12.2,Paddy,Medium
-7.43414,-14.51735,7.08321,-0.8660254037844386,0.5000000000000001,18,17.9,Paddy,Medium
-7.12501,-16.43618,9.31117,-0.8660254037844386,0.5000000000000001,18,10.7,Paddy,Medium
-7.91534,-17.33915,9.42381,-0.8660254037844386,0.5000000000000001,18,23.6,Paddy,Medium
-9.74557,-14.95861,5.2130399999999995,-0.8660254037844386,0.5000000000000001,18,27.0,Paddy,High
-7.58933,-15.34737,7.758039999999999,-0.8660254037844386,0.5000000000000001,18,21.1666666666667,Paddy,Medium
-7.60925,-13.21455,5.605299999999999,-0.8660254037844386,0.5000000000000001,18,21.2,Paddy,Medium
-4.60224,-16.31329,11.711049999999998,-0.8660254037844386,0.5000000000000001,18,19.9,Paddy,Medium
-7.84144,-15.75865,7.917209999999999,-0.8660254037844386,0.5000000000000001,18,16.2,Paddy,Medium
-8.24454,-13.49637,5.25183,-0.8660254037844386,0.5000000000000001,18,18.3,Paddy,Medium
-6.73637,-15.9156,9.17923,-0.8660254037844386,0.5000000000000001,18,18.4,Paddy,Medium
-8.51199,-12.73815,4.226159999999998,-0.8660254037844386,0.5000000000000001,18,40.2,Paddy,High
-5.5378,-15.22541,9.68761,-0.8660254037844386,0.5000000000000001,18,21.2,Paddy,Medium
-13.24095,-17.84823,4.607280000000001,-0.8660254037844386,0.5000000000000001,18,50.0,Paddy,Very High
-9.87248,-13.04388,3.1714,-0.8660254037844386,0.5000000000000001,5,21.8,Fallow,Medium
-9.73063,-15.76775,6.03712,-0.8660254037844386,0.5000000000000001,18,50.0,Paddy,Very High
-8.20933,-15.29454,7.08521,-0.8660254037844386,0.5000000000000001,18,20.4,Paddy,Medium
-8.41655,-15.6332,7.21665,-0.8660254037844386,0.5000000000000001,18,25.6,Paddy,High
-6.41996,-15.99634,9.57638,-0.8660254037844386,0.5000000000000001,18,36.7,Paddy,High
-6.15002,-17.00401,10.853990000000001,-0.8660254037844386,0.5000000000000001,18,19.6,Paddy,Medium
-7.99491,-15.89964,7.90473,-0.8660254037844386,0.5000000000000001,18,26.3666666666667,Paddy,High
-8.20146,-12.45911,4.25765,-0.8660254037844386,0.5000000000000001,18,26.0,Paddy,High
-6.83616,-13.64874,6.8125800000000005,-0.8660254037844386,0.5000000000000001,18,28.5,Paddy,High
-6.95836,-12.55582,5.597460000000001,-0.8660254037844386,0.5000000000000001,18,18.8,Paddy,Medium
-6.25622,-14.0647,7.80848,-0.8660254037844386,0.5000000000000001,18,30.2,Paddy,High
-8.49191,-13.48937,4.9974599999999985,-0.8660254037844386,0.5000000000000001,18,22.1333333333333,Paddy,Medium
-7.24857,-16.74232,9.493749999999999,-0.8660254037844386,0.5000000000000001,18,50.0,Paddy,Very High
-8.53103,-16.33715,7.806120000000002,-0.8660254037844386,0.5000000000000001,18,50.0,Paddy,Very High
-8.19666,-14.87923,6.68257,-0.8660254037844386,0.5000000000000001,18,31.2,Paddy,High
-7.93737,-13.68591,5.74854,-0.8660254037844386,0.5000000000000001,18,35.2,Paddy,High
-7.63989,-13.77787,6.13798,-0.8660254037844386,0.5000000000000001,18,34.0,Paddy,High
-9.44499,-14.23499,4.789999999999999,-0.8660254037844386,0.5000000000000001,5,45.5,Fallow,Very High
-8.64383,-14.54826,5.904430000000001,-0.8660254037844386,0.5000000000000001,18,40.4666666666667,Paddy,High
-7.67486,-15.75328,8.078420000000001,-0.8660254037844386,0.5000000000000001,18,20.9,Paddy,Medium
-9.9049,-16.3609,6.456000000000001,-0.8660254037844386,0.5000000000000001,18,22.0,Paddy,Medium
-8.84512,-14.79299,5.94787,-0.8660254037844386,0.5000000000000001,18,32.6,Paddy,High
-6.03389,-14.73619,8.702300000000001,-0.8660254037844386,0.5000000000000001,18,32.2,Paddy,High
-5.68191,-14.90392,9.22201,-0.8660254037844386,0.5000000000000001,18,33.6666666666667,Paddy,High
-7.48392,-16.85425,9.37033,-0.8660254037844386,0.5000000000000001,18,20.9,Paddy,Medium
-9.7351,-13.27157,3.5364700000000013,-0.8660254037844386,0.5000000000000001,18,41.4,Paddy,Very High
-7.61772,-15.61088,7.99316,-0.8660254037844386,0.5000000000000001,5,18.8,Fallow,Medium
-8.64384,-17.00718,8.36334,-0.8660254037844386,0.5000000000000001,5,15.7,Fallow,Medium
-9.30894,-11.26946,1.9605200000000007,-0.8660254037844386,0.5000000000000001,18,28.7333333333333,Paddy,High
-6.30962,-12.52007,6.210450000000001,-0.8660254037844386,0.5000000000000001,5,14.6,Fallow,Medium
-8.87362,-14.19927,5.3256499999999996,-0.8660254037844386,0.5000000000000001,5,13.0,Fallow,Medium
-4.45889,-17.19832,12.739429999999999,-0.8660254037844386,0.5000000000000001,5,12.7,Fallow,Medium
-8.40071,-15.40947,7.0087600000000005,-0.8660254037844386,0.5000000000000001,5,10.9,Fallow,Medium
-9.1015,-18.86874,9.76724,-0.8660254037844386,0.5000000000000001,5,11.5666666666667,Fallow,Medium
-7.46604,-15.82094,8.3549,-0.8660254037844386,0.5000000000000001,19,10.3,Perl Millet,Medium
-9.71529,-14.22727,4.511980000000001,-0.8660254037844386,0.5000000000000001,19,14.0,Perl Millet,Medium
-9.29936,-19.79051,10.491150000000001,-0.8660254037844386,0.5000000000000001,5,8.5,Fallow,Low
-8.05099,-18.98089,10.929899999999998,-0.8660254037844386,0.5000000000000001,5,30.2,Fallow,High
-8.33263,-16.0843,7.751669999999999,-0.8660254037844386,0.5000000000000001,19,12.4,Perl Millet,Medium
-8.21032,-13.62383,5.4135100000000005,-0.8660254037844386,0.5000000000000001,5,14.6,Fallow,Medium
-9.57109,-16.05677,6.48568,-0.8660254037844386,0.5000000000000001,5,11.5,Fallow,Medium
-9.71196,-17.21481,7.5028500000000005,-0.8660254037844386,0.5000000000000001,5,16.0,Fallow,Medium
-8.93207,-17.06045,8.12838,-0.8660254037844386,0.5000000000000001,18,26.5,Paddy,High
-9.18264,-16.77452,7.59188,-0.8660254037844386,0.5000000000000001,5,17.7,Fallow,Medium
-6.90067,-13.92013,7.0194600000000005,-0.8660254037844386,0.5000000000000001,19,16.6,Perl Millet,Medium
-7.5311,-14.50716,6.97606,-0.8660254037844386,0.5000000000000001,19,13.3,Perl Millet,Medium
-9.65503,-11.20537,1.5503400000000003,-0.8660254037844386,0.5000000000000001,18,23.8,Paddy,Medium
-4.11814,-13.13486,9.01672,-0.8660254037844386,0.5000000000000001,19,17.6,Perl Millet,Medium
-5.96607,-13.69468,7.72861,-0.8660254037844386,0.5000000000000001,19,17.3333333333333,Perl Millet,Medium
-8.15871,-13.85074,5.692030000000001,-0.8660254037844386,0.5000000000000001,5,30.3,Fallow,High
-8.2963,-13.21562,4.919319999999999,-0.8660254037844386,0.5000000000000001,5,25.0,Fallow,High
-7.43818,-13.2136,5.7754199999999996,-0.8660254037844386,0.5000000000000001,18,30.4,Paddy,High
-7.15401,-17.84544,10.69143,-0.8660254037844386,0.5000000000000001,5,9.3,Fallow,Low
-7.52601,-14.1695,6.643489999999999,-0.8660254037844386,0.5000000000000001,5,26.0666666666667,Fallow,High
-9.98098,-13.25767,3.2766899999999985,-0.8660254037844386,0.5000000000000001,5,11.6,Fallow,Medium
-13.7665,-19.1326,5.366099999999999,-0.8660254037844386,0.5000000000000001,5,7.3,Fallow,Low
-8.87266,-17.74279,8.87013,-0.8660254037844386,0.5000000000000001,5,6.8,Fallow,Low
-8.47054,-17.15322,8.682680000000001,-0.8660254037844386,0.5000000000000001,5,25.5,Fallow,High
-9.31764,-17.49725,8.17961,-0.8660254037844386,0.5000000000000001,5,6.6,Fallow,Low
-7.1832,-16.18557,9.002369999999999,-0.8660254037844386,0.5000000000000001,5,19.0,Fallow,Medium
-5.32603,-13.44815,8.122119999999999,-0.8660254037844386,0.5000000000000001,5,19.5,Fallow,Medium
-9.00566,-16.14215,7.13649,-0.8660254037844386,0.5000000000000001,5,19.6,Fallow,Medium
-12.60974,-18.71686,6.10712,-0.8660254037844386,0.5000000000000001,5,23.7,Fallow,Medium
-8.42947,-17.05728,8.627809999999998,-0.8660254037844386,0.5000000000000001,5,18.8666666666667,Fallow,Medium
-6.69392,-13.59474,6.9008199999999995,-0.8660254037844386,0.5000000000000001,18,16.1,Paddy,Medium
-7.71952,-12.80422,5.084700000000001,-0.8660254037844386,0.5000000000000001,18,13.9,Paddy,Medium
-9.87678,-13.32553,3.4487500000000004,-0.8660254037844386,0.5000000000000001,18,14.7,Paddy,Medium
-7.00305,-12.89361,5.890560000000001,-0.8660254037844386,0.5000000000000001,18,15.0,Paddy,Medium
-8.26711,-14.99384,6.72673,-0.8660254037844386,0.5000000000000001,18,14.2,Paddy,Medium
-9.67182,-18.03304,8.36122,-0.8660254037844386,0.5000000000000001,5,8.4,Fallow,Low
-9.18882,-13.76375,4.57493,-0.8660254037844386,0.5000000000000001,5,7.5,Fallow,Low
-9.6165,-12.57734,2.9608399999999993,-0.8660254037844386,0.5000000000000001,5,11.3,Fallow,Medium
-9.92915,-13.20957,3.2804199999999994,-0.8660254037844386,0.5000000000000001,5,12.5,Fallow,Medium
-7.58066,-15.19447,7.613810000000001,-0.8660254037844386,0.5000000000000001,5,29.0,Fallow,High
-11.00889,-15.48443,4.4755400000000005,-0.8660254037844386,0.5000000000000001,5,12.6,Fallow,Medium
-8.03133,-18.86819,10.836859999999998,-0.8660254037844386,0.5000000000000001,5,20.3,Fallow,Medium
-9.89441,-17.8276,7.93319,-0.8660254037844386,0.5000000000000001,18,45.5,Paddy,Very High
-7.45865,-17.6693,10.210650000000001,-0.8660254037844386,0.5000000000000001,5,11.6,Fallow,Medium
-9.69651,-16.37356,6.677050000000001,-0.8660254037844386,0.5000000000000001,5,10.3333333333333,Fallow,Medium
-9.78835,-12.52098,2.7326300000000003,-0.8660254037844386,0.5000000000000001,18,16.0,Paddy,Medium
-9.1865,-14.86157,5.67507,-0.8660254037844386,0.5000000000000001,5,14.1,Fallow,Medium
-5.86429,-14.71178,8.84749,-0.8660254037844386,0.5000000000000001,18,22.4,Paddy,Medium
-6.89559,-14.96993,8.07434,-0.8660254037844386,0.5000000000000001,18,24.0,Paddy,Medium
-8.79231,-13.86891,5.076599999999999,-0.8660254037844386,0.5000000000000001,18,23.3,Paddy,Medium
-6.77242,-15.89802,9.1256,-0.8660254037844386,0.5000000000000001,18,12.9,Paddy,Medium
-7.6008,-13.91302,6.31222,-0.8660254037844386,0.5000000000000001,18,10.5,Paddy,Medium
-6.70097,-15.06266,8.36169,-0.8660254037844386,0.5000000000000001,5,12.6,Fallow,Medium
-8.81502,-16.6733,7.858280000000001,-0.8660254037844386,0.5000000000000001,5,10.0,Fallow,Medium
-8.46241,-15.24373,6.781319999999999,-0.8660254037844386,0.5000000000000001,5,13.5333333333333,Fallow,Medium
-9.47301,-15.62018,6.147169999999999,-0.8660254037844386,0.5000000000000001,18,25.0,Paddy,High
-10.09941,-15.9901,5.890689999999999,-0.8660254037844386,0.5000000000000001,5,14.7,Fallow,Medium
-6.97591,-15.35068,8.374770000000002,-0.8660254037844386,0.5000000000000001,5,13.4,Fallow,Medium
-6.176,-15.46252,9.28652,-0.8660254037844386,0.5000000000000001,5,13.5,Fallow,Medium
-8.35863,-13.63467,5.27604,-0.8660254037844386,0.5000000000000001,5,11.4,Fallow,Medium
-8.83241,-19.55807,10.725660000000001,-0.5000000000000004,0.8660254037844384,15,6.0,Mustard,Low
-5.13958,-16.36991,11.230330000000002,-0.5000000000000004,0.8660254037844384,5,16.6,Fallow,Medium
-8.56951,-13.325,4.75549,-0.5000000000000004,0.8660254037844384,1,14.5,Chickori,Medium
-11.509,-15.19455,3.685549999999999,-0.5000000000000004,0.8660254037844384,13,6.6,Lemon,Low
-6.60937,-17.27067,10.661299999999999,-0.5000000000000004,0.8660254037844384,1,11.0333333333333,Chickori,Medium
-6.62317,-13.87265,7.24948,-0.5000000000000004,0.8660254037844384,5,25.0,Fallow,High
-5.19865,-17.90241,12.703759999999999,-0.5000000000000004,0.8660254037844384,5,27.0,Fallow,High
-7.18239,-12.1853,5.00291,-0.5000000000000004,0.8660254037844384,5,22.0,Fallow,Medium
-7.41473,-15.43798,8.02325,-0.5000000000000004,0.8660254037844384,5,23.5,Fallow,Medium
-6.30716,-16.49157,10.18441,-0.5000000000000004,0.8660254037844384,5,25.6333333333333,Fallow,High
-6.52005,-13.72523,7.2051799999999995,-0.5000000000000004,0.8660254037844384,5,34.6,Fallow,High
-6.75503,-14.3575,7.60247,-0.5000000000000004,0.8660254037844384,5,35.2,Fallow,High
-8.09776,-17.20153,9.103770000000003,-0.5000000000000004,0.8660254037844384,5,24.2,Fallow,High
-4.70542,-16.31835,11.612929999999999,-0.5000000000000004,0.8660254037844384,5,28.6,Fallow,High
-7.16274,-16.80871,9.645970000000002,-0.5000000000000004,0.8660254037844384,5,28.8,Fallow,High
-9.70575,-13.39709,3.6913400000000003,-0.5000000000000004,0.8660254037844384,5,4.4,Fallow,Low
-12.10264,-20.83667,8.734030000000002,-0.5000000000000004,0.8660254037844384,5,3.7,Fallow,Low
-8.26031,-22.69616,14.435849999999999,-0.5000000000000004,0.8660254037844384,5,50.0,Fallow,Very High
-9.73309,-14.25711,4.52402,-0.5000000000000004,0.8660254037844384,11,26.5,Jowar,High
-11.50146,-20.70678,9.205319999999999,-0.5000000000000004,0.8660254037844384,5,6.23333333333333,Fallow,Low
-10.25796,-20.78176,10.523799999999998,-0.5000000000000004,0.8660254037844384,5,4.3,Fallow,Low
-8.90284,-19.35423,10.451390000000002,-0.5000000000000004,0.8660254037844384,5,5.2,Fallow,Low
-10.5962,-17.92551,7.3293099999999995,-0.5000000000000004,0.8660254037844384,5,4.7,Fallow,Low
-10.28129,-14.25219,3.9709000000000003,-0.5000000000000004,0.8660254037844384,5,5.2,Fallow,Low
-10.04473,-16.17187,6.127139999999999,-0.5000000000000004,0.8660254037844384,5,4.26666666666667,Fallow,Low
-9.74362,-16.82279,7.079170000000001,-0.5000000000000004,0.8660254037844384,5,50.0,Fallow,Very High
-3.1851,-18.2523,15.067200000000001,-0.5000000000000004,0.8660254037844384,5,50.0,Fallow,Very High
-5.05385,-15.13859,10.08474,-0.5000000000000004,0.8660254037844384,5,11.2,Fallow,Medium
-7.63593,-15.30688,7.6709499999999995,-0.5000000000000004,0.8660254037844384,5,10.3,Fallow,Medium
-6.08771,-14.00539,7.91768,-0.5000000000000004,0.8660254037844384,5,50.0,Fallow,Very High
-7.59099,-15.52804,7.937050000000001,-0.5000000000000004,0.8660254037844384,5,7.3,Fallow,Low
-10.05792,-18.50305,8.445130000000002,-0.5000000000000004,0.8660254037844384,5,4.7,Fallow,Low
-8.38727,-16.90486,8.51759,-0.5000000000000004,0.8660254037844384,5,25.4,Fallow,High
-11.48194,-18.50171,7.019769999999999,-0.5000000000000004,0.8660254037844384,5,3.6,Fallow,Low
-9.03836,-17.29538,8.25702,-0.5000000000000004,0.8660254037844384,5,10.0666666666667,Fallow,Medium
-9.09719,-12.18676,3.08957,-0.5000000000000004,0.8660254037844384,5,9.3,Fallow,Low
-6.00904,-11.05739,5.04835,-0.5000000000000004,0.8660254037844384,5,44.0,Fallow,Very High
-9.85114,-18.12127,8.27013,-0.5000000000000004,0.8660254037844384,5,10.4,Fallow,Medium
-8.74295,-16.39317,7.650220000000001,-0.5000000000000004,0.8660254037844384,5,9.5,Fallow,Low
-11.07446,-14.81323,3.7387700000000006,-0.5000000000000004,0.8660254037844384,5,50.0,Fallow,Very High
-10.25558,-18.72159,8.466009999999999,-0.5000000000000004,0.8660254037844384,5,4.5,Fallow,Low
-9.82656,-14.9431,5.116539999999999,-0.5000000000000004,0.8660254037844384,5,8.8,Fallow,Low
-7.51584,-14.78874,7.272900000000001,-0.5000000000000004,0.8660254037844384,5,50.0,Fallow,Very High
-10.43341,-14.37689,3.943479999999999,-0.5000000000000004,0.8660254037844384,5,48.9,Fallow,Very High
-10.62792,-15.1352,4.50728,-0.5000000000000004,0.8660254037844384,5,9.83333333333333,Fallow,Medium
-8.84662,-18.34139,9.49477,-0.5000000000000004,0.8660254037844384,5,27.9,Fallow,High
-5.547,-16.97857,11.43157,-0.5000000000000004,0.8660254037844384,5,36.2,Fallow,High
-4.60667,-10.79208,6.18541,-0.5000000000000004,0.8660254037844384,5,35.7,Fallow,High
-5.81126,-11.4304,5.619140000000001,-0.5000000000000004,0.8660254037844384,5,36.4,Fallow,High
-4.25993,-12.1033,7.843370000000001,-0.5000000000000004,0.8660254037844384,5,38.8,Fallow,High
-6.28481,-16.27217,9.987359999999999,-0.5000000000000004,0.8660254037844384,5,50.0,Fallow,Very High
-5.56287,-16.2288,10.66593,-0.5000000000000004,0.8660254037844384,5,50.0,Fallow,Very High
-7.59822,-15.23602,7.6377999999999995,-0.5000000000000004,0.8660254037844384,5,50.0,Fallow,Very High
-6.11102,-12.91473,6.803710000000001,-0.5000000000000004,0.8660254037844384,5,50.0,Fallow,Very High
-6.90279,-15.78935,8.88656,-0.5000000000000004,0.8660254037844384,5,50.0,Fallow,Very High
-10.97415,-18.06414,7.0899899999999985,-0.5000000000000004,0.8660254037844384,5,13.2,Fallow,Medium
-6.71266,-12.74051,6.027850000000001,-0.5000000000000004,0.8660254037844384,5,6.4,Fallow,Low
-11.50967,-16.98491,5.475239999999999,-0.5000000000000004,0.8660254037844384,22,31.7,Tobacco,High
-9.93901,-14.5421,4.60309,-0.5000000000000004,0.8660254037844384,5,19.6,Fallow,Medium
-10.65519,-15.18023,4.525040000000001,-0.5000000000000004,0.8660254037844384,5,10.6666666666667,Fallow,Medium
-8.73401,-19.0875,10.353489999999999,-0.5000000000000004,0.8660254037844384,5,22.6,Fallow,Medium
-8.5496,-16.36282,7.813219999999999,-0.5000000000000004,0.8660254037844384,5,7.3,Fallow,Low
-4.48589,-15.72366,11.237770000000001,-0.5000000000000004,0.8660254037844384,5,45.5,Fallow,Very High
-7.91211,-15.32489,7.41278,-0.5000000000000004,0.8660254037844384,5,12.6,Fallow,Medium
-9.0115,-18.8411,9.829600000000001,-0.5000000000000004,0.8660254037844384,5,50.0,Fallow,Very High
-8.79524,-18.00043,9.205190000000002,-0.5000000000000004,0.8660254037844384,5,19.3,Fallow,Medium
-11.25941,-20.7269,9.46749,-0.5000000000000004,0.8660254037844384,5,17.2,Fallow,Medium
-12.80775,-15.91396,3.106209999999999,-0.5000000000000004,0.8660254037844384,5,11.2,Fallow,Medium
-11.7715,-15.49669,3.7251899999999996,-0.5000000000000004,0.8660254037844384,5,14.5,Fallow,Medium
-14.11637,-15.00172,0.8853500000000007,-0.5000000000000004,0.8660254037844384,5,18.5666666666667,Fallow,Medium
-8.76364,-20.31315,11.54951,-0.5000000000000004,0.8660254037844384,5,4.9,Fallow,Low
-7.27406,-19.71082,12.436759999999998,-0.5000000000000004,0.8660254037844384,5,6.0,Fallow,Low
-8.88953,-20.07001,11.18048,-0.5000000000000004,0.8660254037844384,5,6.7,Fallow,Low
-8.80985,-14.23473,5.42488,-0.5000000000000004,0.8660254037844384,5,2.4,Fallow,Low
-9.58779,-15.95406,6.36627,-0.5000000000000004,0.8660254037844384,5,16.2,Fallow,Medium
-9.55435,-16.90254,7.348189999999999,-0.5000000000000004,0.8660254037844384,23,7.5,Tobacco&Chikori,Low
-8.2195,-20.55171,12.33221,-0.5000000000000004,0.8660254037844384,23,5.4,Tobacco&Chikori,Low
-13.17683,-17.82726,4.650429999999998,-0.5000000000000004,0.8660254037844384,5,13.5,Fallow,Medium
-9.48689,-17.93043,8.44354,-0.5000000000000004,0.8660254037844384,5,12.2,Fallow,Medium
-11.87834,-17.03746,5.15912,-0.5000000000000004,0.8660254037844384,5,14.0,Fallow,Medium
-9.08814,-19.58943,10.501290000000001,-0.5000000000000004,0.8660254037844384,5,2.5,Fallow,Low
-10.50558,-14.94108,4.435499999999999,-0.5000000000000004,0.8660254037844384,5,2.3,Fallow,Low
-9.96143,-17.63374,7.6723099999999995,-0.5000000000000004,0.8660254037844384,5,6.4,Fallow,Low
-8.48617,-15.85643,7.37026,-0.5000000000000004,0.8660254037844384,1,38.8,Chickori,High
-8.61249,-17.33305,8.72056,-0.5000000000000004,0.8660254037844384,5,2.13333333333333,Fallow,Low
-11.22089,-14.34349,3.1225999999999985,-0.5000000000000004,0.8660254037844384,5,1.2,Fallow,Low
-8.38857,-17.5427,9.15413,-0.5000000000000004,0.8660254037844384,1,8.8,Chickori,Low
-3.38915,-15.48436,12.095210000000002,-0.5000000000000004,0.8660254037844384,1,8.9,Chickori,Low
-9.26836,-18.11013,8.841770000000002,-0.5000000000000004,0.8660254037844384,5,24.1,Fallow,Medium
-3.07449,-16.79861,13.72412,-0.5000000000000004,0.8660254037844384,5,9.26666666666667,Fallow,Low
-5.55774,-17.40624,11.848500000000001,-0.5000000000000004,0.8660254037844384,5,2.1,Fallow,Low
-10.99969,-18.66422,7.664530000000001,-0.5000000000000004,0.8660254037844384,5,1.4,Fallow,Low
-7.83008,-20.46705,12.636970000000002,-0.5000000000000004,0.8660254037844384,5,21.9,Fallow,Medium
-8.94983,-16.61918,7.66935,-0.5000000000000004,0.8660254037844384,5,2.3,Fallow,Low
-7.98047,-17.05651,9.076039999999999,-0.5000000000000004,0.8660254037844384,5,20.3666666666667,Fallow,Medium
-7.95838,-13.9233,5.964919999999999,-0.5000000000000004,0.8660254037844384,8,24.0,Fodder&Jowar,Medium
-6.43373,-16.82384,10.39011,-0.5000000000000004,0.8660254037844384,22,11.0,Tobacco,Medium
-10.70448,-17.57721,6.872730000000001,-0.5000000000000004,0.8660254037844384,22,11.5,Tobacco,Medium
-9.18284,-17.43577,8.252930000000001,-0.5000000000000004,0.8660254037844384,5,34.3,Fallow,High
-7.3383,-16.16442,8.82612,-0.5000000000000004,0.8660254037844384,22,11.2,Tobacco,Medium
-9.30088,-16.1324,6.831520000000001,-0.5000000000000004,0.8660254037844384,22,11.4,Tobacco,Medium
-11.05178,-16.86996,5.818179999999998,-0.5000000000000004,0.8660254037844384,5,37.0,Fallow,High
-8.45938,-18.95792,10.498540000000002,-0.5000000000000004,0.8660254037844384,22,12.6,Tobacco,Medium
-8.7945,-17.23768,8.443180000000002,-0.5000000000000004,0.8660254037844384,22,10.2,Tobacco,Medium
-6.65707,-18.97401,12.316939999999999,-0.5000000000000004,0.8660254037844384,22,9.8,Tobacco,Low
-8.25676,-18.40174,10.14498,-0.5000000000000004,0.8660254037844384,22,36.6,Tobacco,High
-7.04517,-16.6443,9.599130000000002,-0.5000000000000004,0.8660254037844384,22,30.9,Tobacco,High
-4.40336,-15.24683,10.84347,-0.5000000000000004,0.8660254037844384,22,27.1,Tobacco,High
-10.16801,-18.55963,8.391619999999998,-0.5000000000000004,0.8660254037844384,15,22.7,Mustard,Medium
-3.73192,-17.97693,14.245009999999999,-0.5000000000000004,0.8660254037844384,22,31.5666666666667,Tobacco,High
-8.70563,-18.29034,9.584710000000001,-0.5000000000000004,0.8660254037844384,22,11.1,Tobacco,Medium
-9.0146,-14.65495,5.64035,-0.5000000000000004,0.8660254037844384,22,10.7,Tobacco,Medium
-6.72818,-16.01029,9.282110000000001,-0.5000000000000004,0.8660254037844384,22,10.5,Tobacco,Medium
-11.73583,-17.92443,6.188600000000001,-0.5000000000000004,0.8660254037844384,22,9.0,Tobacco,Low
-11.23729,-18.85378,7.616490000000001,-0.5000000000000004,0.8660254037844384,22,9.3,Tobacco,Low
-7.49536,-14.72904,7.23368,-0.5000000000000004,0.8660254037844384,22,11.3,Tobacco,Medium
-8.04454,-13.91522,5.87068,-0.5000000000000004,0.8660254037844384,22,21.5,Tobacco,Medium
-8.56925,-15.41372,6.844469999999999,-0.5000000000000004,0.8660254037844384,22,25.1,Tobacco,High
-9.76795,-18.44851,8.680559999999998,-0.5000000000000004,0.8660254037844384,22,17.4,Tobacco,Medium
-6.57851,-13.85697,7.278460000000001,-0.5000000000000004,0.8660254037844384,5,32.0666666666667,Fallow,High
-8.70472,-20.81596,12.11124,-0.5000000000000004,0.8660254037844384,5,36.8,Fallow,High
-8.11419,-14.42772,6.31353,-0.5000000000000004,0.8660254037844384,5,39.0,Fallow,High
-11.08406,-19.12764,8.04358,-0.5000000000000004,0.8660254037844384,5,50.0,Fallow,Very High
-5.86731,-15.29115,9.42384,-0.5000000000000004,0.8660254037844384,5,9.4,Fallow,Low
-6.03947,-15.36209,9.32262,-0.5000000000000004,0.8660254037844384,5,35.6666666666667,Fallow,High
-5.17759,-12.66822,7.4906299999999995,-0.5000000000000004,0.8660254037844384,5,25.1,Fallow,High
-7.4351,-15.94924,8.51414,-0.5000000000000004,0.8660254037844384,5,15.0,Fallow,Medium
-8.12506,-16.86434,8.739279999999999,-0.5000000000000004,0.8660254037844384,5,13.3,Fallow,Medium
-8.81952,-15.88563,7.06611,-0.5000000000000004,0.8660254037844384,5,14.2,Fallow,Medium
-7.89393,-12.7493,4.85537,-0.5000000000000004,0.8660254037844384,5,14.3333333333333,Fallow,Medium
-4.23258,-17.76399,13.531410000000001,-0.5000000000000004,0.8660254037844384,5,43.5,Fallow,Very High
-7.09405,-17.94833,10.85428,-0.5000000000000004,0.8660254037844384,5,44.2,Fallow,Very High
-9.12453,-18.7345,9.60997,-0.5000000000000004,0.8660254037844384,22,14.5,Tobacco,Medium
-6.37891,-17.56174,11.18283,-0.5000000000000004,0.8660254037844384,22,26.4,Tobacco,High
-7.72919,-19.17009,11.4409,-0.5000000000000004,0.8660254037844384,22,16.0,Tobacco,Medium
-5.02662,-14.46858,9.441959999999998,-0.5000000000000004,0.8660254037844384,5,46.4,Fallow,Very High
-12.62717,-20.14777,7.520600000000002,-0.5000000000000004,0.8660254037844384,5,2.5,Fallow,Low
-7.57804,-19.14762,11.56958,-0.5000000000000004,0.8660254037844384,22,37.2,Tobacco,High
-6.77106,-13.07721,6.306149999999999,-0.5000000000000004,0.8660254037844384,22,38.3,Tobacco,High
-6.65133,-12.07113,5.4198,-0.5000000000000004,0.8660254037844384,22,36.5666666666667,Tobacco,High
-5.82287,-14.30649,8.48362,-2.4492935982947064e-16,1.0,15,8.5,Mustard,Low
-6.14798,-13.27,7.12202,-2.4492935982947064e-16,1.0,1,35.9,Chickori,High
-6.14368,-12.36393,6.22025,-2.4492935982947064e-16,1.0,1,25.1,Chickori,High
-8.14496,-11.83545,3.6904900000000005,-2.4492935982947064e-16,1.0,13,12.6,Lemon,Medium
-9.10682,-11.61773,2.510909999999999,-2.4492935982947064e-16,1.0,1,23.6333333333333,Chickori,Medium
-4.55952,-17.20658,12.64706,-2.4492935982947064e-16,1.0,26,36.3,Wheat,High
-2.34621,-13.53474,11.18853,-2.4492935982947064e-16,1.0,26,32.6,Wheat,High
-2.52711,-13.32216,10.79505,-2.4492935982947064e-16,1.0,26,30.6,Wheat,High
-9.45965,-17.13696,7.6773099999999985,-2.4492935982947064e-16,1.0,26,29.8,Wheat,High
-3.66157,-16.58692,12.925349999999998,-2.4492935982947064e-16,1.0,26,36.7,Wheat,High
-8.98383,-14.1861,5.20227,-2.4492935982947064e-16,1.0,26,53.6,Wheat,Very High
-3.95837,-14.78166,10.82329,-2.4492935982947064e-16,1.0,26,44.9,Wheat,Very High
-8.66889,-16.98748,8.318590000000002,-2.4492935982947064e-16,1.0,26,35.1,Wheat,High
-7.2024,-14.45343,7.251030000000001,-2.4492935982947064e-16,1.0,26,9.6,Wheat,Low
-7.18908,-15.74454,8.55546,-2.4492935982947064e-16,1.0,26,43.7666666666667,Wheat,Very High
-9.04196,-19.53871,10.496749999999999,-2.4492935982947064e-16,1.0,5,14.0,Fallow,Medium
-9.02207,-18.78126,9.75919,-2.4492935982947064e-16,1.0,5,8.2,Fallow,Low
-8.68461,-20.34576,11.66115,-2.4492935982947064e-16,1.0,5,18.1,Fallow,Medium
-7.76322,-17.16619,9.40297,-2.4492935982947064e-16,1.0,5,26.0,Fallow,High
-8.30756,-19.54926,11.2417,-2.4492935982947064e-16,1.0,5,18.1666666666667,Fallow,Medium
-10.39864,-18.52873,8.13009,-2.4492935982947064e-16,1.0,26,7.8,Wheat,Low
-8.30769,-20.03726,11.72957,-2.4492935982947064e-16,1.0,26,5.0,Wheat,Low
-10.88074,-20.20384,9.3231,-2.4492935982947064e-16,1.0,26,7.0,Wheat,Low
-8.54609,-17.67388,9.127790000000001,-2.4492935982947064e-16,1.0,26,11.1,Wheat,Medium
-9.86155,-18.97485,9.1133,-2.4492935982947064e-16,1.0,26,11.2333333333333,Wheat,Medium
-8.45783,-18.66297,10.205140000000002,-2.4492935982947064e-16,1.0,26,16.9,Wheat,Medium
-7.44074,-17.66072,10.219980000000001,-2.4492935982947064e-16,1.0,26,15.7,Wheat,Medium
-3.17928,-12.04631,8.86703,-2.4492935982947064e-16,1.0,26,39.5,Wheat,High
-8.92292,-17.19782,8.2749,-2.4492935982947064e-16,1.0,26,33.1,Wheat,High
-3.3637,-16.63148,13.26778,-2.4492935982947064e-16,1.0,26,12.1666666666667,Wheat,Medium
-8.32823,-16.05168,7.7234500000000015,-2.4492935982947064e-16,1.0,5,9.6,Fallow,Low
-11.32349,-18.20643,6.882940000000001,-2.4492935982947064e-16,1.0,5,11.2,Fallow,Medium
-7.62567,-17.34078,9.71511,-2.4492935982947064e-16,1.0,5,12.4,Fallow,Medium
-10.68391,-17.26859,6.5846800000000005,-2.4492935982947064e-16,1.0,5,11.6,Fallow,Medium
-11.2771,-16.98557,5.708469999999998,-2.4492935982947064e-16,1.0,5,12.5333333333333,Fallow,Medium
-8.87441,-15.65316,6.7787500000000005,-2.4492935982947064e-16,1.0,26,25.6,Wheat,High
-10.18181,-15.08642,4.90461,-2.4492935982947064e-16,1.0,26,13.2,Wheat,Medium
-8.99715,-16.67062,7.67347,-2.4492935982947064e-16,1.0,26,13.7,Wheat,Medium
-11.37043,-17.57137,6.200940000000001,-2.4492935982947064e-16,1.0,26,26.2,Wheat,High
-10.18138,-18.85185,8.670469999999998,-2.4492935982947064e-16,1.0,26,11.8666666666667,Wheat,Medium
-10.04811,-17.66765,7.619539999999999,-2.4492935982947064e-16,1.0,26,9.1,Wheat,Low
-12.76397,-20.60842,7.844449999999998,-2.4492935982947064e-16,1.0,26,9.3,Wheat,Low
-8.32994,-14.59947,6.26953,-2.4492935982947064e-16,1.0,26,20.4,Wheat,Medium
-8.35911,-17.57266,9.21355,-2.4492935982947064e-16,1.0,26,7.3,Wheat,Low
-8.62677,-19.98844,11.36167,-2.4492935982947064e-16,1.0,26,8.13333333333333,Wheat,Low
-8.6528,-16.9546,8.3018,-2.4492935982947064e-16,1.0,26,40.5,Wheat,High
-8.50529,-18.77127,10.26598,-2.4492935982947064e-16,1.0,26,37.1,Wheat,High
-6.74197,-13.28752,6.54555,-2.4492935982947064e-16,1.0,26,13.0,Wheat,Medium
-7.04878,-17.73615,10.687369999999998,-2.4492935982947064e-16,1.0,26,50.0,Wheat,Very High
-6.65919,-18.81659,12.157400000000003,-2.4492935982947064e-16,1.0,26,50.0,Wheat,Very High
-11.03164,-16.73789,5.706250000000001,-2.4492935982947064e-16,1.0,26,7.8,Wheat,Low
-9.75986,-16.75259,6.992730000000002,-2.4492935982947064e-16,1.0,26,14.7,Wheat,Medium
-9.91761,-13.2964,3.3787900000000004,-2.4492935982947064e-16,1.0,26,18.6,Wheat,Medium
-8.11792,-17.44525,9.327330000000002,-2.4492935982947064e-16,1.0,26,6.83333333333333,Wheat,Low
-11.96973,-18.86651,6.8967800000000015,-2.4492935982947064e-16,1.0,26,15.8,Wheat,Medium
-9.43068,-19.28555,9.85487,-2.4492935982947064e-16,1.0,26,3.9,Wheat,Low
-9.2437,-20.32572,11.08202,-2.4492935982947064e-16,1.0,26,52.3,Wheat,Very High
-8.37899,-17.33404,8.955050000000002,-2.4492935982947064e-16,1.0,26,8.5,Wheat,Low
-11.00234,-21.69222,10.689879999999999,-2.4492935982947064e-16,1.0,26,6.93333333333333,Wheat,Low
-10.71196,-18.55943,7.8474699999999995,-2.4492935982947064e-16,1.0,26,20.2,Wheat,Medium
-8.58503,-15.97542,7.39039,-2.4492935982947064e-16,1.0,26,19.5,Wheat,Medium
-7.33312,-17.13726,9.80414,-2.4492935982947064e-16,1.0,26,21.2,Wheat,Medium
-10.12769,-17.85755,7.72986,-2.4492935982947064e-16,1.0,26,19.5,Wheat,Medium
-9.57604,-18.05649,8.48045,-2.4492935982947064e-16,1.0,26,16.7,Wheat,Medium
-10.40841,-18.83615,8.42774,-2.4492935982947064e-16,1.0,5,23.7,Fallow,Medium
-7.6015,-16.73129,9.129790000000002,-2.4492935982947064e-16,1.0,5,29.9,Fallow,High
-9.54269,-18.71165,9.168959999999998,-2.4492935982947064e-16,1.0,26,10.1,Wheat,Medium
-11.22672,-16.60944,5.382719999999999,-2.4492935982947064e-16,1.0,5,7.2,Fallow,Low
-7.44649,-19.66825,12.22176,-2.4492935982947064e-16,1.0,18,18.5,Paddy,Medium
-5.17099,-16.47101,11.30002,-2.4492935982947064e-16,1.0,23,7.7,Tobacco&Chikori,Low
-5.42169,-16.17289,10.751199999999999,-2.4492935982947064e-16,1.0,23,6.9,Tobacco&Chikori,Low
-7.27901,-14.78569,7.50668,-2.4492935982947064e-16,1.0,26,11.5,Wheat,Medium
-5.82358,-17.28635,11.462769999999999,-2.4492935982947064e-16,1.0,26,10.2,Wheat,Medium
-5.94014,-17.03551,11.095369999999999,-2.4492935982947064e-16,1.0,26,10.3333333333333,Wheat,Medium
-8.09138,-15.33416,7.2427800000000016,-2.4492935982947064e-16,1.0,26,12.1,Wheat,Medium
-9.30395,-13.5906,4.28665,-2.4492935982947064e-16,1.0,26,6.1,Wheat,Low
-8.88121,-14.0498,5.16859,-2.4492935982947064e-16,1.0,1,6.0,Chickori,Low
-7.66555,-16.9779,9.312350000000002,-2.4492935982947064e-16,1.0,1,15.3,Chickori,Medium
-9.28207,-14.20265,4.920580000000001,-2.4492935982947064e-16,1.0,26,11.2333333333333,Wheat,Medium
-9.00961,-13.81625,4.80664,-2.4492935982947064e-16,1.0,26,25.3,Wheat,High
-6.72179,-14.65188,7.93009,-2.4492935982947064e-16,1.0,1,10.5,Chickori,Medium
-10.30163,-12.94827,2.6466400000000014,-2.4492935982947064e-16,1.0,1,12.2,Chickori,Medium
-8.94438,-14.91492,5.97054,-2.4492935982947064e-16,1.0,26,6.7,Wheat,Low
-8.0846,-15.9685,7.883900000000001,-2.4492935982947064e-16,1.0,1,11.7,Chickori,Medium
-9.87958,-14.92961,5.05003,-2.4492935982947064e-16,1.0,26,10.7,Wheat,Medium
-7.51018,-14.77722,7.26704,-2.4492935982947064e-16,1.0,26,8.3,Wheat,Low
-3.04955,-17.53536,14.48581,-2.4492935982947064e-16,1.0,26,9.2,Wheat,Low
-6.76346,-16.86202,10.09856,-2.4492935982947064e-16,1.0,26,8.9,Wheat,Low
-8.08444,-15.23617,7.151729999999999,-2.4492935982947064e-16,1.0,26,11.2333333333333,Wheat,Medium
-3.9578,-16.85563,12.89783,-2.4492935982947064e-16,1.0,15,37.1,Mustard,High
-3.7621,-15.69931,11.93721,-2.4492935982947064e-16,1.0,22,34.4,Tobacco,High
-4.88965,-14.13435,9.2447,-2.4492935982947064e-16,1.0,22,32.7,Tobacco,High
-7.5189,-16.48574,8.96684,-2.4492935982947064e-16,1.0,26,8.7,Wheat,Low
-4.8656,-15.03496,10.169360000000001,-2.4492935982947064e-16,1.0,22,28.2333333333333,Tobacco,High
-6.20353,-12.56848,6.364949999999999,-2.4492935982947064e-16,1.0,22,32.1,Tobacco,High
-1.47667,-13.4481,11.97143,-2.4492935982947064e-16,1.0,22,41.9,Tobacco,Very High
-2.20823,-11.20654,8.99831,-2.4492935982947064e-16,1.0,26,32.0,Wheat,High
-6.85599,-14.37831,7.522320000000001,-2.4492935982947064e-16,1.0,26,47.6,Wheat,Very High
-4.37881,-9.72225,5.343440000000001,-2.4492935982947064e-16,1.0,22,40.4666666666667,Tobacco,High
-7.44397,-12.77596,5.331989999999999,-2.4492935982947064e-16,1.0,22,30.7,Tobacco,High
-6.76479,-9.62953,2.864740000000001,-2.4492935982947064e-16,1.0,22,22.7,Tobacco,Medium
-4.92247,-10.48882,5.566350000000001,-2.4492935982947064e-16,1.0,22,5.1,Tobacco,Low
-7.52135,-12.19858,4.67723,-2.4492935982947064e-16,1.0,26,29.1,Wheat,High
-6.00221,-8.74963,2.74742,-2.4492935982947064e-16,1.0,22,31.2666666666667,Tobacco,High
-8.49918,-18.13265,9.63347,-2.4492935982947064e-16,1.0,22,28.2,Tobacco,High
-8.68105,-16.87605,8.194999999999999,-2.4492935982947064e-16,1.0,22,27.2,Tobacco,High
-7.91104,-17.08327,9.172229999999999,-2.4492935982947064e-16,1.0,22,24.2,Tobacco,High
-6.85016,-15.94232,9.09216,-2.4492935982947064e-16,1.0,22,25.8,Tobacco,High
-8.52219,-17.0353,8.51311,-2.4492935982947064e-16,1.0,22,27.1,Tobacco,High
-5.03235,-12.65974,7.627389999999999,-2.4492935982947064e-16,1.0,5,27.1,Fallow,High
-5.83819,-12.18478,6.34659,-2.4492935982947064e-16,1.0,5,14.4,Fallow,Medium
-8.13412,-15.85764,7.723520000000001,-2.4492935982947064e-16,1.0,18,14.9,Paddy,Medium
-6.17162,-14.25899,8.08737,-2.4492935982947064e-16,1.0,18,23.4,Paddy,Medium
-5.9062,-14.32408,8.41788,-2.4492935982947064e-16,1.0,18,10.7,Paddy,Medium
-4.56745,-15.46478,10.89733,-2.4492935982947064e-16,1.0,22,24.2,Tobacco,High
-4.44125,-15.77796,11.33671,-2.4492935982947064e-16,1.0,22,14.0,Tobacco,Medium
-7.47873,-16.48955,9.010820000000002,-2.4492935982947064e-16,1.0,22,12.0,Tobacco,Medium
-4.05496,-14.40413,10.34917,-2.4492935982947064e-16,1.0,22,22.4,Tobacco,Medium
-2.87035,-13.34937,10.47902,-2.4492935982947064e-16,1.0,26,22.7666666666667,Wheat,Medium
-7.80769,-12.01392,4.206230000000001,-2.4492935982947064e-16,1.0,26,24.1,Wheat,Medium
-5.95766,-11.39466,5.437,-2.4492935982947064e-16,1.0,0,17.7,Bhaji,Medium
-4.76641,-13.71766,8.951250000000002,-2.4492935982947064e-16,1.0,26,26.7,Wheat,High
-9.32319,-15.49116,6.16797,-2.4492935982947064e-16,1.0,26,32.1,Wheat,High
-4.46969,-13.02304,8.55335,-2.4492935982947064e-16,1.0,26,22.4666666666667,Wheat,Medium
-5.71519,-15.53722,9.82203,-2.4492935982947064e-16,1.0,26,6.3,Wheat,Low
-6.66482,-12.82327,6.158450000000001,-2.4492935982947064e-16,1.0,26,7.0,Wheat,Low
-7.36052,-16.96437,9.603849999999998,-2.4492935982947064e-16,1.0,22,14.8,Tobacco,Medium
-8.00362,-16.35576,8.35214,-2.4492935982947064e-16,1.0,22,24.7,Tobacco,High
-8.11173,-18.68297,10.571240000000001,-2.4492935982947064e-16,1.0,22,20.3,Tobacco,Medium
-1.48334,-12.39327,10.90993,-2.4492935982947064e-16,1.0,26,35.7,Wheat,High
-9.05426,-14.31592,5.261660000000001,-2.4492935982947064e-16,1.0,26,8.9,Wheat,Low
-3.98465,-14.83982,10.85517,-2.4492935982947064e-16,1.0,22,45.4,Tobacco,Very High
-0.94524,-9.1816,8.23636,-2.4492935982947064e-16,1.0,22,34.0,Tobacco,High
-3.04179,-8.9284,5.886609999999999,-2.4492935982947064e-16,1.0,22,29.9,Tobacco,High
-7.3001,-13.66706,6.36696,0.49999999999999994,0.8660254037844387,15,17.8,Mustard,Medium
-8.37866,-10.59103,2.21237,0.49999999999999994,0.8660254037844387,1,8.7,Chickori,Low
-7.45312,-13.15587,5.70275,0.49999999999999994,0.8660254037844387,1,34.6,Chickori,High
-6.49392,-13.07652,6.5826,0.49999999999999994,0.8660254037844387,13,8.5,Lemon,Low
-8.3134,-11.5365,3.2231000000000005,0.49999999999999994,0.8660254037844387,1,30.3666666666667,Chickori,High
-4.32821,-14.49095,10.16274,0.49999999999999994,0.8660254037844387,26,21.2,Wheat,Medium
-7.52273,-14.88572,7.362989999999999,0.49999999999999994,0.8660254037844387,26,11.6,Wheat,Medium
-7.78598,-20.30491,12.51893,0.49999999999999994,0.8660254037844387,26,50.0,Wheat,Very High
-7.60702,-15.36169,7.754669999999999,0.49999999999999994,0.8660254037844387,26,50.0,Wheat,Very High
-6.08713,-15.68212,9.59499,0.49999999999999994,0.8660254037844387,26,8.13333333333333,Wheat,Low
-7.88148,-13.81355,5.9320699999999995,0.49999999999999994,0.8660254037844387,26,12.7,Wheat,Medium
-7.73784,-13.84932,6.11148,0.49999999999999994,0.8660254037844387,26,14.9,Wheat,Medium
-10.91621,-17.0743,6.158090000000001,0.49999999999999994,0.8660254037844387,26,14.2,Wheat,Medium
-7.16871,-15.72833,8.559619999999999,0.49999999999999994,0.8660254037844387,26,13.5,Wheat,Medium
-8.81235,-15.69372,6.88137,0.49999999999999994,0.8660254037844387,26,11.6666666666667,Wheat,Medium
-4.40472,-13.94099,9.536269999999998,0.49999999999999994,0.8660254037844387,26,14.0,Wheat,Medium
-3.77516,-15.53201,11.75685,0.49999999999999994,0.8660254037844387,26,45.6,Wheat,Very High
-7.32164,-13.27447,5.9528300000000005,0.49999999999999994,0.8660254037844387,26,12.8,Wheat,Medium
-8.54905,-13.8751,5.32605,0.49999999999999994,0.8660254037844387,26,9.4,Wheat,Low
-4.18625,-15.5266,11.34035,0.49999999999999994,0.8660254037844387,26,50.0,Wheat,Very High
-7.94158,-15.92086,7.979279999999999,0.49999999999999994,0.8660254037844387,26,25.4,Wheat,High
-8.51379,-16.18291,7.6691199999999995,0.49999999999999994,0.8660254037844387,26,22.7,Wheat,Medium
-8.64175,-18.4878,9.84605,0.49999999999999994,0.8660254037844387,26,20.4,Wheat,Medium
-9.86724,-14.85909,4.9918499999999995,0.49999999999999994,0.8660254037844387,26,25.6,Wheat,High
-9.76508,-18.36535,8.60027,0.49999999999999994,0.8660254037844387,26,33.9333333333333,Wheat,High
-9.54951,-18.55247,9.00296,0.49999999999999994,0.8660254037844387,26,32.6,Wheat,High
-11.00788,-18.84857,7.840689999999999,0.49999999999999994,0.8660254037844387,26,27.5,Wheat,High
-10.35976,-18.80139,8.441630000000002,0.49999999999999994,0.8660254037844387,26,16.0,Wheat,Medium
-9.92564,-15.57134,5.6457,0.49999999999999994,0.8660254037844387,26,20.2,Wheat,Medium
-11.08897,-18.1151,7.026130000000002,0.49999999999999994,0.8660254037844387,26,18.6,Wheat,Medium
-8.80419,-17.8039,8.999709999999999,0.49999999999999994,0.8660254037844387,5,2.7,Fallow,Low
-9.47249,-17.39054,7.918050000000001,0.49999999999999994,0.8660254037844387,5,50.0,Fallow,Very High
-10.96949,-16.11387,5.144379999999998,0.49999999999999994,0.8660254037844387,5,6.2,Fallow,Low
-10.69305,-18.52724,7.8341899999999995,0.49999999999999994,0.8660254037844387,5,2.8,Fallow,Low
-13.17138,-20.58784,7.416460000000001,0.49999999999999994,0.8660254037844387,5,2.93333333333333,Fallow,Low
-6.42053,-15.69267,9.27214,0.49999999999999994,0.8660254037844387,26,29.0,Wheat,High
-5.72084,-15.03277,9.31193,0.49999999999999994,0.8660254037844387,26,14.8,Wheat,Medium
-9.63449,-15.34059,5.706100000000001,0.49999999999999994,0.8660254037844387,26,5.9,Wheat,Low
-8.75454,-12.23171,3.477169999999999,0.49999999999999994,0.8660254037844387,26,12.3,Wheat,Medium
-9.20049,-13.18561,3.98512,0.49999999999999994,0.8660254037844387,26,24.1666666666667,Wheat,High
-3.55157,-15.54753,11.99596,0.49999999999999994,0.8660254037844387,26,19.3,Wheat,Medium
-5.18217,-18.32544,13.143270000000001,0.49999999999999994,0.8660254037844387,26,21.3,Wheat,Medium
-8.31015,-17.52199,9.211839999999999,0.49999999999999994,0.8660254037844387,26,21.0,Wheat,Medium
-8.29513,-15.64069,7.345559999999999,0.49999999999999994,0.8660254037844387,26,33.7,Wheat,High
-5.49602,-15.33855,9.84253,0.49999999999999994,0.8660254037844387,26,24.7,Wheat,High
-10.11804,-17.96061,7.8425699999999985,0.49999999999999994,0.8660254037844387,26,13.3,Wheat,Medium
-8.43611,-16.42689,7.990780000000001,0.49999999999999994,0.8660254037844387,26,11.4,Wheat,Medium
-13.18916,-17.65422,4.465059999999999,0.49999999999999994,0.8660254037844387,26,24.1,Wheat,Medium
-11.23265,-17.94706,6.714410000000001,0.49999999999999994,0.8660254037844387,26,19.0,Wheat,Medium
-10.21575,-17.06681,6.85106,0.49999999999999994,0.8660254037844387,26,13.6333333333333,Wheat,Medium
-8.39747,-11.819,3.4215300000000006,0.49999999999999994,0.8660254037844387,26,50.0,Wheat,Very High
-10.65584,-12.90645,2.25061,0.49999999999999994,0.8660254037844387,26,50.0,Wheat,Very High
-9.21785,-18.21157,8.993719999999998,0.49999999999999994,0.8660254037844387,26,50.0,Wheat,Very High
-6.9783,-14.71115,7.73285,0.49999999999999994,0.8660254037844387,26,50.0,Wheat,Very High
-8.36145,-16.16408,7.802629999999999,0.49999999999999994,0.8660254037844387,26,50.0,Wheat,Very High
-6.57267,-11.47128,4.898610000000001,0.49999999999999994,0.8660254037844387,26,39.5,Wheat,High
-5.79389,-14.3113,8.517409999999998,0.49999999999999994,0.8660254037844387,26,21.2,Wheat,Medium
-5.54355,-14.25265,8.7091,0.49999999999999994,0.8660254037844387,26,39.1,Wheat,High
-7.37492,-12.72306,5.34814,0.49999999999999994,0.8660254037844387,26,30.8,Wheat,High
-7.40022,-13.56579,6.16557,0.49999999999999994,0.8660254037844387,26,32.8666666666667,Wheat,High
-8.6506,-17.04237,8.391769999999998,0.49999999999999994,0.8660254037844387,26,27.6,Wheat,High
-5.80551,-17.42352,11.61801,0.49999999999999994,0.8660254037844387,26,28.6,Wheat,High
-6.1408,-12.69163,6.55083,0.49999999999999994,0.8660254037844387,26,29.2,Wheat,High
-5.04715,-14.01784,8.97069,0.49999999999999994,0.8660254037844387,26,33.3,Wheat,High
-7.32163,-16.91498,9.593350000000001,0.49999999999999994,0.8660254037844387,26,29.4,Wheat,High
-8.5911,-17.90714,9.316039999999997,0.49999999999999994,0.8660254037844387,26,18.8,Wheat,Medium
-10.78764,-14.74707,3.959430000000001,0.49999999999999994,0.8660254037844387,26,14.2,Wheat,Medium
-11.16746,-15.55351,4.386049999999999,0.49999999999999994,0.8660254037844387,26,18.1,Wheat,Medium
-9.72578,-16.83334,7.107559999999999,0.49999999999999994,0.8660254037844387,5,3.3,Fallow,Low
-9.73057,-17.17111,7.440539999999999,0.49999999999999994,0.8660254037844387,26,11.1,Wheat,Medium
-6.28885,-17.21641,10.92756,0.49999999999999994,0.8660254037844387,23,6.1,Tobacco&Chikori,Low
-8.35145,-15.18081,6.829359999999999,0.49999999999999994,0.8660254037844387,23,5.8,Tobacco&Chikori,Low
-8.6208,-13.40548,4.784680000000002,0.49999999999999994,0.8660254037844387,1,6.0,Chickori,Low
-5.83054,-17.13174,11.301200000000001,0.49999999999999994,0.8660254037844387,1,7.8,Chickori,Low
-7.74055,-14.3259,6.585350000000001,0.49999999999999994,0.8660254037844387,1,7.1,Chickori,Low
-6.78882,-12.61279,5.82397,0.49999999999999994,0.8660254037844387,26,29.4,Wheat,High
-10.62952,-16.84785,6.218330000000002,0.49999999999999994,0.8660254037844387,1,30.3,Chickori,High
-7.17416,-13.63429,6.46013,0.49999999999999994,0.8660254037844387,1,13.8,Chickori,Medium
-7.24806,-13.65166,6.4036,0.49999999999999994,0.8660254037844387,26,32.4,Wheat,High
-7.34781,-13.4704,6.12259,0.49999999999999994,0.8660254037844387,26,36.6666666666667,Wheat,High
-9.53741,-15.07966,5.542250000000001,0.49999999999999994,0.8660254037844387,26,13.3,Wheat,Medium
-5.55788,-13.21036,7.65248,0.49999999999999994,0.8660254037844387,26,29.4,Wheat,High
-6.48425,-11.36329,4.879039999999999,0.49999999999999994,0.8660254037844387,1,25.6,Chickori,High
-7.36028,-14.14141,6.78113,0.49999999999999994,0.8660254037844387,1,22.4,Chickori,Medium
-4.34274,-12.8636,8.520859999999999,0.49999999999999994,0.8660254037844387,1,35.0,Chickori,High
-8.46724,-16.71693,8.249690000000001,0.49999999999999994,0.8660254037844387,26,15.9,Wheat,Medium
-8.53314,-14.95846,6.425320000000001,0.49999999999999994,0.8660254037844387,26,11.8,Wheat,Medium
-7.87819,-15.52704,7.6488499999999995,0.49999999999999994,0.8660254037844387,25,15.2,Weed&Chickori,Medium
-11.05548,-14.97895,3.92347,0.49999999999999994,0.8660254037844387,26,22.0,Wheat,Medium
-9.4353,-16.84435,7.409049999999999,0.49999999999999994,0.8660254037844387,26,14.4333333333333,Wheat,Medium
-8.56909,-15.85531,7.28622,0.49999999999999994,0.8660254037844387,15,37.1,Mustard,High
-5.35712,-16.60454,11.24742,0.49999999999999994,0.8660254037844387,22,34.4,Tobacco,High
-6.33886,-15.99356,9.6547,0.49999999999999994,0.8660254037844387,22,32.7,Tobacco,High
-5.40295,-14.6491,9.24615,0.49999999999999994,0.8660254037844387,26,8.7,Wheat,Low
-7.3334,-14.73441,7.40101,0.49999999999999994,0.8660254037844387,22,28.2333333333333,Tobacco,High
-8.64124,-11.71709,3.075850000000001,0.49999999999999994,0.8660254037844387,22,17.5,Tobacco,Medium
-7.14701,-12.8386,5.69159,0.49999999999999994,0.8660254037844387,26,15.8,Wheat,Medium
-7.01369,-11.2785,4.264809999999999,0.49999999999999994,0.8660254037844387,26,21.6,Wheat,Medium
-5.76414,-13.45989,7.695749999999999,0.49999999999999994,0.8660254037844387,26,21.7,Wheat,Medium
-4.69079,-10.59698,5.9061900000000005,0.49999999999999994,0.8660254037844387,26,23.4666666666667,Wheat,Medium
-5.54867,-10.53479,4.986119999999999,0.49999999999999994,0.8660254037844387,22,20.2,Tobacco,Medium
-7.14681,-12.9762,5.82939,0.49999999999999994,0.8660254037844387,22,13.5,Tobacco,Medium
-2.92725,-9.33254,6.40529,0.49999999999999994,0.8660254037844387,22,18.5,Tobacco,Medium
-8.91515,-11.84184,2.926689999999999,0.49999999999999994,0.8660254037844387,26,16.3,Wheat,Medium
-4.78335,-8.61146,3.828109999999999,0.49999999999999994,0.8660254037844387,22,17.9333333333333,Tobacco,Medium
-8.80126,-14.36789,5.56663,0.49999999999999994,0.8660254037844387,22,23.5,Tobacco,Medium
-8.01169,-16.48898,8.477290000000002,0.49999999999999994,0.8660254037844387,22,15.0,Tobacco,Medium
-7.23346,-16.94551,9.712049999999998,0.49999999999999994,0.8660254037844387,22,19.5,Tobacco,Medium
-6.05,-13.2755,7.225499999999999,0.49999999999999994,0.8660254037844387,22,20.6,Tobacco,Medium
-7.49222,-14.02282,6.5306,0.49999999999999994,0.8660254037844387,22,15.0,Tobacco,Medium
-6.17266,-11.34971,5.17705,0.49999999999999994,0.8660254037844387,22,21.8,Tobacco,Medium
-5.03815,-12.56878,7.53063,0.49999999999999994,0.8660254037844387,22,42.5,Tobacco,Very High
-4.26509,-14.56684,10.301749999999998,0.49999999999999994,0.8660254037844387,22,18.7,Tobacco,Medium
-3.8687,-14.85987,10.99117,0.49999999999999994,0.8660254037844387,5,8.8,Fallow,Low
-7.22434,-16.412,9.18766,0.49999999999999994,0.8660254037844387,26,18.5,Wheat,Medium
-2.15901,-10.49341,8.3344,0.49999999999999994,0.8660254037844387,26,50.0,Wheat,Very High
-6.41176,-13.37225,6.960489999999999,0.49999999999999994,0.8660254037844387,26,50.0,Wheat,Very High
-6.55685,-15.53604,8.97919,0.49999999999999994,0.8660254037844387,26,50.0,Wheat,Very High
-7.92531,-13.34352,5.41821,0.49999999999999994,0.8660254037844387,26,16.5,Wheat,Medium
-5.68423,-14.23027,8.546040000000001,0.49999999999999994,0.8660254037844387,26,50.0,Wheat,Very High
-8.54889,-14.53372,5.9848300000000005,0.49999999999999994,0.8660254037844387,26,25.0,Wheat,High
-8.26652,-12.81816,4.551640000000001,0.49999999999999994,0.8660254037844387,26,15.7,Wheat,Medium
-4.36213,-14.26147,9.899339999999999,0.49999999999999994,0.8660254037844387,26,50.0,Wheat,Very High
-6.27077,-12.76467,6.493900000000001,0.49999999999999994,0.8660254037844387,26,50.0,Wheat,Very High
-8.30097,-13.76285,5.461880000000001,0.49999999999999994,0.8660254037844387,26,50.0,Wheat,Very High
-7.10024,-14.75623,7.65599,0.49999999999999994,0.8660254037844387,26,23.1,Wheat,Medium
-5.28264,-12.60738,7.324739999999999,0.49999999999999994,0.8660254037844387,26,19.2,Wheat,Medium
-1.17338,-13.92305,12.74967,0.49999999999999994,0.8660254037844387,26,15.7,Wheat,Medium
-8.76085,-11.8852,3.1243499999999997,0.49999999999999994,0.8660254037844387,26,30.3,Wheat,High
-1.24029,-12.83939,11.5991,0.49999999999999994,0.8660254037844387,26,18.0,Wheat,Medium
-4.92552,-12.93627,8.010750000000002,0.49999999999999994,0.8660254037844387,26,13.4,Wheat,Medium
-7.84816,-16.55497,8.70681,0.49999999999999994,0.8660254037844387,26,29.8,Wheat,High
-9.02112,-13.3603,4.339180000000001,0.49999999999999994,0.8660254037844387,22,33.7,Tobacco,High
-1.17006,-11.91452,10.74446,0.49999999999999994,0.8660254037844387,22,31.9,Tobacco,High
-4.524,-11.83523,7.311229999999999,0.49999999999999994,0.8660254037844387,22,31.7,Tobacco,High
-9.40656,-10.92078,1.51422,0.49999999999999994,0.8660254037844387,15,5.4,Mustard,Low
-9.0491,-16.00639,6.95729,0.49999999999999994,0.8660254037844387,1,34.9,Chickori,High
-4.08504,-15.3982,11.31316,0.49999999999999994,0.8660254037844387,1,23.4,Chickori,Medium
-5.84081,-14.11612,8.275310000000001,0.49999999999999994,0.8660254037844387,13,9.8,Lemon,Low
-6.80554,-12.04932,5.24378,0.49999999999999994,0.8660254037844387,1,24.2666666666667,Chickori,High
-9.76498,-14.81137,5.046390000000001,0.49999999999999994,0.8660254037844387,26,17.2,Wheat,Medium
-8.71334,-15.30439,6.591049999999999,0.49999999999999994,0.8660254037844387,26,19.2,Wheat,Medium
-8.47611,-14.39097,5.914859999999999,0.49999999999999994,0.8660254037844387,26,6.9,Wheat,Low
-8.68366,-17.22009,8.53643,0.49999999999999994,0.8660254037844387,26,11.8,Wheat,Medium
-8.79179,-14.70925,5.91746,0.49999999999999994,0.8660254037844387,26,8.63333333333333,Wheat,Low
-5.15925,-15.59514,10.43589,0.49999999999999994,0.8660254037844387,26,31.2,Wheat,High
-7.06687,-11.87321,4.8063400000000005,0.49999999999999994,0.8660254037844387,26,23.2,Wheat,Medium
-9.45056,-15.42558,5.975020000000001,0.49999999999999994,0.8660254037844387,26,20.8,Wheat,Medium
-9.26903,-14.47198,5.2029499999999995,0.49999999999999994,0.8660254037844387,26,32.0,Wheat,High
-8.14709,-16.25539,8.108299999999998,0.49999999999999994,0.8660254037844387,26,17.5333333333333,Wheat,Medium
-10.85037,-18.26802,7.41765,0.49999999999999994,0.8660254037844387,26,11.1,Wheat,Medium
-12.09006,-17.13592,5.045859999999999,0.49999999999999994,0.8660254037844387,26,8.2,Wheat,Low
-7.45576,-18.75444,11.29868,0.49999999999999994,0.8660254037844387,26,27.7,Wheat,High
-9.28703,-17.68809,8.40106,0.49999999999999994,0.8660254037844387,26,22.4,Wheat,Medium
-9.93766,-17.84593,7.90827,0.49999999999999994,0.8660254037844387,26,18.0666666666667,Wheat,Medium
-8.28808,-17.90496,9.616879999999998,0.49999999999999994,0.8660254037844387,26,19.3,Wheat,Medium
-8.93054,-19.77845,10.847909999999999,0.49999999999999994,0.8660254037844387,26,6.2,Wheat,Low
-9.68655,-16.7159,7.029350000000001,0.49999999999999994,0.8660254037844387,26,50.0,Wheat,Very High
-11.99647,-16.47927,4.482799999999999,0.49999999999999994,0.8660254037844387,26,50.0,Wheat,Very High
-10.67982,-15.36133,4.681510000000001,0.49999999999999994,0.8660254037844387,26,50.0,Wheat,Very High
-9.22852,-14.90181,5.67329,0.49999999999999994,0.8660254037844387,26,39.6,Wheat,High
-9.33738,-19.63594,10.298560000000002,0.49999999999999994,0.8660254037844387,26,40.6,Wheat,High
-7.05337,-13.50969,6.456320000000001,0.49999999999999994,0.8660254037844387,26,30.4,Wheat,High
-5.09266,-16.47738,11.38472,0.49999999999999994,0.8660254037844387,26,41.4,Wheat,Very High
-7.70584,-14.97677,7.27093,0.49999999999999994,0.8660254037844387,26,43.6,Wheat,Very High
-11.33209,-18.6006,7.268509999999999,0.49999999999999994,0.8660254037844387,5,50.0,Fallow,Very High
-9.69436,-17.01209,7.317730000000001,0.49999999999999994,0.8660254037844387,5,50.0,Fallow,Very High
-12.24929,-16.63967,4.390379999999999,0.49999999999999994,0.8660254037844387,5,50.0,Fallow,Very High
-9.17312,-18.50741,9.33429,0.49999999999999994,0.8660254037844387,5,50.0,Fallow,Very High
-13.80723,-18.81557,5.0083400000000005,0.49999999999999994,0.8660254037844387,5,50.0,Fallow,Very High
-6.97713,-12.90883,5.9317,0.49999999999999994,0.8660254037844387,26,31.2,Wheat,High
-5.75285,-15.67151,9.91866,0.49999999999999994,0.8660254037844387,26,24.5,Wheat,High
-8.58402,-17.0563,8.47228,0.49999999999999994,0.8660254037844387,26,26.8,Wheat,High
-9.30988,-14.28066,4.9707799999999995,0.49999999999999994,0.8660254037844387,26,27.2,Wheat,High
-10.36436,-13.6265,3.2621400000000005,0.49999999999999994,0.8660254037844387,26,40.9,Wheat,Very High
-8.86356,-15.26873,6.40517,0.49999999999999994,0.8660254037844387,26,34.2,Wheat,High
-5.21031,-13.6308,8.420490000000001,0.49999999999999994,0.8660254037844387,26,34.4,Wheat,High
-3.86034,-14.20187,10.341529999999999,0.49999999999999994,0.8660254037844387,26,34.9,Wheat,High
-8.82004,-17.86986,9.049819999999999,0.49999999999999994,0.8660254037844387,26,46.0,Wheat,Very High
-6.06455,-16.46784,10.403289999999998,0.49999999999999994,0.8660254037844387,26,40.1666666666667,Wheat,High
-7.47286,-16.86855,9.395689999999998,0.49999999999999994,0.8660254037844387,26,18.5,Wheat,Medium
-11.27238,-15.85388,4.5815,0.49999999999999994,0.8660254037844387,26,33.0,Wheat,High
-7.79481,-17.34865,9.55384,0.49999999999999994,0.8660254037844387,26,3.7,Wheat,Low
-9.37912,-12.03001,2.6508900000000004,0.49999999999999994,0.8660254037844387,26,26.0,Wheat,High
-9.90732,-15.66825,5.76093,0.49999999999999994,0.8660254037844387,26,23.6333333333333,Wheat,Medium
-7.22629,-15.64732,8.421030000000002,0.49999999999999994,0.8660254037844387,26,36.4,Wheat,High
-7.58855,-17.56487,9.97632,0.49999999999999994,0.8660254037844387,26,26.8,Wheat,High
-7.41511,-16.50356,9.08845,0.49999999999999994,0.8660254037844387,26,50.0,Wheat,Very High
-6.19271,-13.3488,7.156090000000001,0.49999999999999994,0.8660254037844387,26,44.2,Wheat,Very High
-6.68291,-17.38963,10.70672,0.49999999999999994,0.8660254037844387,26,46.9,Wheat,Very High
-7.28384,-16.98336,9.699520000000001,0.49999999999999994,0.8660254037844387,26,20.7,Wheat,Medium
-10.1361,-17.09937,6.96327,0.49999999999999994,0.8660254037844387,26,44.1,Wheat,Very High
-4.21685,-14.03735,9.8205,0.49999999999999994,0.8660254037844387,22,31.8,Tobacco,High
-6.80002,-13.68367,6.883649999999999,0.49999999999999994,0.8660254037844387,26,15.5,Wheat,Medium
-6.14407,-13.35245,7.208379999999999,0.49999999999999994,0.8660254037844387,26,49.5333333333333,Wheat,Very High
-9.31434,-17.25649,7.94215,0.49999999999999994,0.8660254037844387,26,50.0,Wheat,Very High
-9.6656,-19.29547,9.629870000000002,0.49999999999999994,0.8660254037844387,26,41.5,Wheat,Very High
-9.31116,-15.55692,6.245760000000001,0.49999999999999994,0.8660254037844387,26,30.5,Wheat,High
-6.00259,-17.23738,11.234790000000002,0.49999999999999994,0.8660254037844387,26,37.5,Wheat,High
-8.30268,-17.78602,9.48334,0.49999999999999994,0.8660254037844387,26,48.7666666666667,Wheat,Very High
-6.78028,-14.08185,7.301569999999999,0.49999999999999994,0.8660254037844387,26,39.3,Wheat,High
-5.85154,-12.03403,6.18249,0.49999999999999994,0.8660254037844387,26,44.5,Wheat,Very High
-9.32081,-13.31119,3.99038,0.49999999999999994,0.8660254037844387,26,39.2,Wheat,High
-4.98209,-15.71236,10.73027,0.49999999999999994,0.8660254037844387,26,42.1,Wheat,Very High
-6.15837,-13.52911,7.37074,0.49999999999999994,0.8660254037844387,26,36.3,Wheat,High
-7.88658,-16.27651,8.389929999999998,0.49999999999999994,0.8660254037844387,26,30.3,Wheat,High
-5.90469,-13.97473,8.070039999999999,0.49999999999999994,0.8660254037844387,26,28.0,Wheat,High
-10.92458,-17.49827,6.573690000000001,0.49999999999999994,0.8660254037844387,26,38.0,Wheat,High
-8.64444,-16.04842,7.403980000000001,0.49999999999999994,0.8660254037844387,5,50.0,Fallow,Very High
-6.90041,-14.86184,7.961430000000001,0.49999999999999994,0.8660254037844387,26,32.2333333333333,Wheat,High
-7.23694,-13.09216,5.85522,0.49999999999999994,0.8660254037844387,23,9.3,Tobacco&Chikori,Low
-6.91976,-13.8805,6.9607399999999995,0.49999999999999994,0.8660254037844387,23,50.0,Tobacco&Chikori,Very High
-7.57064,-15.63268,8.06204,0.49999999999999994,0.8660254037844387,1,50.0,Chickori,Very High
-10.31079,-16.65835,6.347559999999998,0.49999999999999994,0.8660254037844387,1,50.0,Chickori,Very High
-7.11069,-14.47023,7.359540000000001,0.49999999999999994,0.8660254037844387,1,23.2666666666667,Chickori,Medium
-5.86756,-13.78684,7.91928,0.49999999999999994,0.8660254037844387,26,50.0,Wheat,Very High
-6.34729,-12.68668,6.339390000000001,0.49999999999999994,0.8660254037844387,26,50.0,Wheat,Very High
-5.94694,-12.62929,6.68235,0.49999999999999994,0.8660254037844387,1,25.0,Chickori,High
-8.4924,-14.04056,5.548159999999999,0.49999999999999994,0.8660254037844387,1,21.5,Chickori,Medium
-5.84433,-12.57454,6.7302100000000005,0.49999999999999994,0.8660254037844387,26,31.9333333333333,Wheat,High
-6.88852,-16.75805,9.869530000000001,0.49999999999999994,0.8660254037844387,26,15.6,Wheat,Medium
-8.0793,-15.43109,7.351789999999999,0.49999999999999994,0.8660254037844387,26,50.0,Wheat,Very High
-8.35177,-15.7204,7.36863,0.49999999999999994,0.8660254037844387,1,50.0,Chickori,Very High
-5.49884,-15.06179,9.56295,0.49999999999999994,0.8660254037844387,26,29.6,Wheat,High
-8.91273,-15.88269,6.96996,0.49999999999999994,0.8660254037844387,1,28.4333333333333,Chickori,High
-8.85696,-19.50638,10.64942,0.49999999999999994,0.8660254037844387,26,27.0,Wheat,High
-9.34439,-14.57386,5.229469999999999,0.49999999999999994,0.8660254037844387,26,16.9,Wheat,Medium
-6.91094,-14.98379,8.07285,0.49999999999999994,0.8660254037844387,25,22.6,Weed&Chickori,Medium
-10.01344,-17.29812,7.284680000000002,0.49999999999999994,0.8660254037844387,26,50.0,Wheat,Very High
-11.21393,-17.97876,6.764830000000002,0.49999999999999994,0.8660254037844387,26,19.8333333333333,Wheat,Medium
-2.27772,-12.31483,10.03711,0.49999999999999994,0.8660254037844387,15,37.6,Mustard,High
-4.70363,-13.02783,8.3242,0.49999999999999994,0.8660254037844387,22,31.6,Tobacco,High
-7.1486,-15.04564,7.8970400000000005,0.49999999999999994,0.8660254037844387,22,28.4,Tobacco,High
-8.84003,-15.05885,6.218819999999999,0.49999999999999994,0.8660254037844387,26,28.3,Wheat,High
-4.91476,-13.14311,8.228349999999999,0.49999999999999994,0.8660254037844387,22,23.6333333333333,Tobacco,Medium
-5.23352,-16.25214,11.01862,0.49999999999999994,0.8660254037844387,22,33.7,Tobacco,High
-5.2556,-12.90205,7.646449999999999,0.49999999999999994,0.8660254037844387,26,34.7,Wheat,High
-5.35883,-10.17617,4.817340000000001,0.49999999999999994,0.8660254037844387,22,36.3,Tobacco,High
-3.97213,-15.1756,11.20347,0.49999999999999994,0.8660254037844387,22,38.3,Tobacco,High
-5.50456,-12.77619,7.27163,0.49999999999999994,0.8660254037844387,22,31.1333333333333,Tobacco,High
-4.27904,-11.41773,7.13869,0.49999999999999994,0.8660254037844387,22,50.0,Tobacco,Very High
-6.0888,-10.98773,4.898930000000001,0.49999999999999994,0.8660254037844387,22,50.0,Tobacco,Very High
-3.33698,-10.02776,6.69078,0.49999999999999994,0.8660254037844387,22,50.0,Tobacco,Very High
-5.03309,-8.33017,3.297080000000001,0.49999999999999994,0.8660254037844387,26,15.5,Wheat,Medium
-1.61495,-7.74255,6.127599999999999,0.49999999999999994,0.8660254037844387,22,24.0333333333333,Tobacco,Medium
-4.51488,-12.01198,7.4971,0.49999999999999994,0.8660254037844387,22,27.2,Tobacco,High
-8.70287,-13.39777,4.694899999999999,0.49999999999999994,0.8660254037844387,22,27.2,Tobacco,High
-8.95517,-15.2072,6.2520299999999995,0.49999999999999994,0.8660254037844387,22,50.0,Tobacco,Very High
-4.16953,-14.70909,10.53956,0.49999999999999994,0.8660254037844387,22,50.0,Tobacco,Very High
-7.87921,-12.45514,4.5759300000000005,0.49999999999999994,0.8660254037844387,22,32.3,Tobacco,High
-5.66362,-14.52637,8.86275,0.49999999999999994,0.8660254037844387,22,40.8,Tobacco,High
-5.57599,-14.26849,8.692499999999999,0.49999999999999994,0.8660254037844387,22,27.2,Tobacco,High
-4.87848,-10.81538,5.9369,0.49999999999999994,0.8660254037844387,22,34.9,Tobacco,High
-5.38746,-15.09056,9.7031,0.49999999999999994,0.8660254037844387,5,17.4,Fallow,Medium
-7.37346,-13.34348,5.97002,0.49999999999999994,0.8660254037844387,26,30.8666666666667,Wheat,High
-3.52567,-10.9129,7.387230000000001,0.49999999999999994,0.8660254037844387,26,40.0,Wheat,High
-8.25054,-12.30701,4.056469999999999,0.49999999999999994,0.8660254037844387,0,41.5,Bhaji,Very High
-8.96173,-18.5209,9.559170000000002,0.49999999999999994,0.8660254037844387,26,33.3,Wheat,High
-9.15927,-15.97063,6.8113600000000005,0.49999999999999994,0.8660254037844387,26,50.0,Wheat,Very High
-8.65911,-15.49505,6.835940000000001,0.49999999999999994,0.8660254037844387,26,29.8333333333333,Wheat,High
-8.80923,-14.45008,5.64085,0.49999999999999994,0.8660254037844387,26,27.4,Wheat,High
-6.97568,-16.12786,9.152179999999998,0.49999999999999994,0.8660254037844387,26,14.6,Wheat,Medium
-7.83354,-15.26945,7.435910000000001,0.49999999999999994,0.8660254037844387,26,50.0,Wheat,Very High
-11.12658,-16.73475,5.608169999999998,0.49999999999999994,0.8660254037844387,26,50.0,Wheat,Very High
-10.42331,-15.40236,4.979049999999999,0.49999999999999994,0.8660254037844387,26,14.6,Wheat,Medium
-9.26701,-17.27327,8.00626,0.49999999999999994,0.8660254037844387,26,50.0,Wheat,Very High
-4.21843,-16.43928,12.22085,0.49999999999999994,0.8660254037844387,26,50.0,Wheat,Very High
-4.07829,-12.65487,8.57658,0.49999999999999994,0.8660254037844387,22,50.0,Tobacco,Very High
-4.34308,-16.02214,11.67906,0.49999999999999994,0.8660254037844387,22,50.0,Tobacco,Very High
-2.03734,-17.19125,15.15391,0.49999999999999994,0.8660254037844387,22,50.0,Tobacco,Very High
-3.64921,-11.55532,7.90611,0.49999999999999994,0.8660254037844387,26,50.0,Wheat,Very High
-5.12706,-15.84033,10.71327,0.49999999999999994,0.8660254037844387,22,50.0,Tobacco,Very High
-6.30909,-13.94096,7.63187,0.49999999999999994,0.8660254037844387,22,50.0,Tobacco,Very High
-4.80583,-10.11014,5.304309999999999,0.49999999999999994,0.8660254037844387,22,50.0,Tobacco,Very High
-5.62512,-11.64378,6.01866,0.49999999999999994,0.8660254037844387,22,50.0,Tobacco,Very High
-6.65891,-16.04795,9.389040000000001,0.8660254037844386,0.5000000000000001,5,31.7,Fallow,High
-8.39406,-14.4306,6.0365400000000005,0.8660254037844386,0.5000000000000001,1,15.0,Chickori,Medium
-7.16176,-18.05111,10.88935,0.8660254037844386,0.5000000000000001,1,30.4,Chickori,High
-6.16542,-14.59074,8.42532,0.8660254037844386,0.5000000000000001,13,1.9,Lemon,Low
-9.40695,-16.35837,6.951420000000001,0.8660254037844386,0.5000000000000001,1,32.7,Chickori,High
-8.61439,-15.32492,6.71053,0.8660254037844386,0.5000000000000001,26,25.5,Wheat,High
-6.72788,-15.88433,9.15645,0.8660254037844386,0.5000000000000001,26,29.1,Wheat,High
-9.01983,-14.00514,4.98531,0.8660254037844386,0.5000000000000001,26,21.8,Wheat,Medium
-9.33403,-15.35659,6.02256,0.8660254037844386,0.5000000000000001,26,14.7,Wheat,Medium
-8.88493,-15.06127,6.17634,0.8660254037844386,0.5000000000000001,26,21.2,Wheat,Medium
-7.86865,-17.07683,9.208180000000002,0.8660254037844386,0.5000000000000001,26,33.6,Wheat,High
-8.36899,-14.577,6.20801,0.8660254037844386,0.5000000000000001,26,31.3,Wheat,High
-7.66836,-16.76501,9.09665,0.8660254037844386,0.5000000000000001,26,30.7,Wheat,High
-8.57505,-16.28233,7.707280000000003,0.8660254037844386,0.5000000000000001,26,35.1,Wheat,High
-6.77178,-14.42523,7.653450000000001,0.8660254037844386,0.5000000000000001,26,33.7666666666667,Wheat,High
-7.16464,-15.24033,8.07569,0.8660254037844386,0.5000000000000001,26,24.4,Wheat,High
-4.48397,-15.46932,10.98535,0.8660254037844386,0.5000000000000001,26,26.4,Wheat,High
-6.21031,-21.11321,14.902899999999999,0.8660254037844386,0.5000000000000001,26,39.4,Wheat,High
-8.80508,-17.51568,8.7106,0.8660254037844386,0.5000000000000001,26,29.8,Wheat,High
-4.70854,-21.48905,16.78051,0.8660254037844386,0.5000000000000001,26,35.0,Wheat,High
-9.37308,-15.78609,6.41301,0.8660254037844386,0.5000000000000001,26,24.4,Wheat,High
-5.94154,-19.05471,13.11317,0.8660254037844386,0.5000000000000001,26,21.1,Wheat,Medium
-10.20651,-18.14804,7.941530000000002,0.8660254037844386,0.5000000000000001,26,26.1,Wheat,High
-11.4897,-17.12215,5.632450000000002,0.8660254037844386,0.5000000000000001,26,20.5,Wheat,Medium
-12.53116,-16.48726,3.9560999999999993,0.8660254037844386,0.5000000000000001,26,24.1,Wheat,Medium
-10.25612,-16.58167,6.32555,0.8660254037844386,0.5000000000000001,26,36.1,Wheat,High
-6.46736,-16.97135,10.503990000000002,0.8660254037844386,0.5000000000000001,26,23.6,Wheat,Medium
-7.14475,-14.86343,7.718679999999999,0.8660254037844386,0.5000000000000001,26,42.8,Wheat,Very High
-9.23571,-15.29686,6.061150000000001,0.8660254037844386,0.5000000000000001,26,36.5,Wheat,High
-6.71841,-15.13778,8.419369999999999,0.8660254037844386,0.5000000000000001,26,24.1333333333333,Wheat,High
-10.48515,-19.68214,9.19699,0.8660254037844386,0.5000000000000001,5,50.0,Fallow,Very High
-8.70066,-15.32989,6.6292300000000015,0.8660254037844386,0.5000000000000001,5,50.0,Fallow,Very High
-8.75374,-15.8308,7.0770599999999995,0.8660254037844386,0.5000000000000001,5,50.0,Fallow,Very High
-11.04082,-17.56583,6.525009999999998,0.8660254037844386,0.5000000000000001,5,50.0,Fallow,Very High
-12.08031,-17.77776,5.69745,0.8660254037844386,0.5000000000000001,5,50.0,Fallow,Very High
-5.89754,-15.67923,9.781690000000001,0.8660254037844386,0.5000000000000001,26,26.6,Wheat,High
-7.64356,-13.73007,6.08651,0.8660254037844386,0.5000000000000001,26,33.7,Wheat,High
-8.16543,-14.62803,6.4626,0.8660254037844386,0.5000000000000001,26,24.4,Wheat,High
-6.98091,-14.30762,7.32671,0.8660254037844386,0.5000000000000001,26,33.9,Wheat,High
-4.98537,-15.3516,10.36623,0.8660254037844386,0.5000000000000001,26,47.9666666666667,Wheat,Very High
-7.20171,-15.22947,8.027759999999999,0.8660254037844386,0.5000000000000001,26,49.1,Wheat,Very High
-6.49432,-17.12418,10.629859999999999,0.8660254037844386,0.5000000000000001,26,48.9,Wheat,Very High
-5.41929,-13.09354,7.674250000000001,0.8660254037844386,0.5000000000000001,26,53.8,Wheat,Very High
-8.13883,-17.60362,9.464789999999999,0.8660254037844386,0.5000000000000001,26,48.0,Wheat,Very High
-4.25573,-14.6202,10.36447,0.8660254037844386,0.5000000000000001,26,51.9666666666667,Wheat,Very High
-8.21365,-15.58145,7.367800000000001,0.8660254037844386,0.5000000000000001,26,28.1,Wheat,High
-6.87821,-16.81349,9.935280000000002,0.8660254037844386,0.5000000000000001,26,30.2,Wheat,High
-9.87179,-15.08901,5.217219999999999,0.8660254037844386,0.5000000000000001,26,16.8,Wheat,Medium
-8.93608,-15.02459,6.088509999999999,0.8660254037844386,0.5000000000000001,26,29.7,Wheat,High
-7.59119,-14.35741,6.76622,0.8660254037844386,0.5000000000000001,26,28.5666666666667,Wheat,High
-8.02511,-14.61055,6.58544,0.8660254037844386,0.5000000000000001,26,41.8,Wheat,Very High
-6.96463,-11.09913,4.134500000000001,0.8660254037844386,0.5000000000000001,26,46.6,Wheat,Very High
-5.93354,-13.93454,8.001000000000001,0.8660254037844386,0.5000000000000001,22,29.9,Tobacco,High
-5.39243,-16.3356,10.943169999999999,0.8660254037844386,0.5000000000000001,26,28.6,Wheat,High
-4.03164,-15.59948,11.56784,0.8660254037844386,0.5000000000000001,26,42.1,Wheat,Very High
-8.52353,-18.04451,9.52098,0.8660254037844386,0.5000000000000001,26,27.7,Wheat,High
-11.64321,-17.08462,5.441410000000001,0.8660254037844386,0.5000000000000001,26,37.0,Wheat,High
-6.31722,-13.58084,7.26362,0.8660254037844386,0.5000000000000001,26,39.2,Wheat,High
-7.94091,-13.09796,5.157050000000001,0.8660254037844386,0.5000000000000001,26,21.0,Wheat,Medium
-11.91943,-18.42199,6.502560000000001,0.8660254037844386,0.5000000000000001,26,23.07,Wheat,Medium
-5.11188,-17.18483,12.072950000000002,0.8660254037844386,0.5000000000000001,26,42.6,Wheat,Very High
-8.47479,-16.67879,8.203999999999999,0.8660254037844386,0.5000000000000001,26,37.6,Wheat,High
-6.56931,-15.16305,8.59374,0.8660254037844386,0.5000000000000001,26,36.6,Wheat,High
-6.19275,-15.85995,9.6672,0.8660254037844386,0.5000000000000001,26,45.14,Wheat,Very High
-7.13017,-18.22986,11.099689999999999,0.8660254037844386,0.5000000000000001,26,38.6,Wheat,High
-6.47431,-17.77234,11.29803,0.8660254037844386,0.5000000000000001,26,27.5,Wheat,High
-6.88149,-14.31314,7.43165,0.8660254037844386,0.5000000000000001,26,32.6,Wheat,High
-7.00027,-16.57542,9.57515,0.8660254037844386,0.5000000000000001,26,15.4,Wheat,Medium
-4.47084,-16.02267,11.551830000000002,0.8660254037844386,0.5000000000000001,5,50.0,Fallow,Very High
-6.89454,-13.11464,6.2200999999999995,0.8660254037844386,0.5000000000000001,26,33.2666666666667,Wheat,High
-7.03283,-14.84769,7.81486,0.8660254037844386,0.5000000000000001,23,10.6,Tobacco&Chikori,Medium
-4.14556,-11.84687,7.701309999999999,0.8660254037844386,0.5000000000000001,23,9.0,Tobacco&Chikori,Low
-7.68301,-14.29395,6.61094,0.8660254037844386,0.5000000000000001,1,20.8,Chickori,Medium
-8.70289,-14.65171,5.9488199999999996,0.8660254037844386,0.5000000000000001,1,34.6,Chickori,High
-8.37295,-14.00611,5.63316,0.8660254037844386,0.5000000000000001,1,31.2333333333333,Chickori,High
-7.72708,-14.01248,6.2854,0.8660254037844386,0.5000000000000001,26,50.0,Wheat,Very High
-11.7047,-16.07982,4.375120000000001,0.8660254037844386,0.5000000000000001,26,50.0,Wheat,Very High
-8.0502,-14.51165,6.461449999999999,0.8660254037844386,0.5000000000000001,1,50.0,Chickori,Very High
-7.95289,-14.20146,6.248570000000001,0.8660254037844386,0.5000000000000001,1,50.0,Chickori,Very High
-9.50135,-15.16907,5.667719999999999,0.8660254037844386,0.5000000000000001,26,50.0,Wheat,Very High
-6.9903,-12.35103,5.360729999999999,0.8660254037844386,0.5000000000000001,26,21.5,Wheat,Medium
-7.35524,-15.64065,8.28541,0.8660254037844386,0.5000000000000001,1,32.6,Chickori,High
-2.16021,-14.89303,12.73282,0.8660254037844386,0.5000000000000001,26,28.9,Wheat,High
-7.00638,-15.34778,8.3414,0.8660254037844386,0.5000000000000001,1,34.6666666666667,Chickori,High
-7.67633,-16.39315,8.716819999999998,0.8660254037844386,0.5000000000000001,26,26.8,Wheat,High
-4.55797,-12.65182,8.09385,0.8660254037844386,0.5000000000000001,26,13.3,Wheat,Medium
-6.77434,-15.85558,9.081240000000001,0.8660254037844386,0.5000000000000001,25,38.8,Weed&Chickori,High
-6.29035,-12.73817,6.44782,0.8660254037844386,0.5000000000000001,26,27.9,Wheat,High
-9.42883,-13.37286,3.9440299999999997,0.8660254037844386,0.5000000000000001,26,22.6333333333333,Wheat,Medium
-4.40158,-12.42109,8.01951,0.8660254037844386,0.5000000000000001,15,16.5,Mustard,Medium
-6.09943,-11.72674,5.62731,0.8660254037844386,0.5000000000000001,22,36.2,Tobacco,High
-10.00631,-15.09084,5.084530000000001,0.8660254037844386,0.5000000000000001,22,33.5,Tobacco,High
-4.7357,-14.76062,10.02492,0.8660254037844386,0.5000000000000001,26,22.7,Wheat,Medium
-5.32404,-15.60768,10.28364,0.8660254037844386,0.5000000000000001,22,32.6333333333333,Tobacco,High
-7.79717,-14.60583,6.808659999999999,0.8660254037844386,0.5000000000000001,22,14.4,Tobacco,Medium
-3.53922,-13.75621,10.21699,0.8660254037844386,0.5000000000000001,26,49.6,Wheat,Very High
-3.13017,-9.94574,6.815570000000001,0.8660254037844386,0.5000000000000001,22,39.3,Tobacco,High
-4.50996,-12.98827,8.47831,0.8660254037844386,0.5000000000000001,22,36.6,Tobacco,High
-3.62305,-10.10662,6.483569999999999,0.8660254037844386,0.5000000000000001,22,36.5333333333333,Tobacco,High
-4.49816,-11.69284,7.19468,0.8660254037844386,0.5000000000000001,22,22.5,Tobacco,Medium
-6.67674,-12.6169,5.94016,0.8660254037844386,0.5000000000000001,22,25.1,Tobacco,High
-5.43935,-9.5887,4.149349999999999,0.8660254037844386,0.5000000000000001,22,22.7,Tobacco,Medium
-7.81745,-12.9178,5.10035,0.8660254037844386,0.5000000000000001,26,21.4,Wheat,Medium
-7.26159,-11.74019,4.4786,0.8660254037844386,0.5000000000000001,22,24.0,Tobacco,Medium
-6.3689,-12.35028,5.98138,0.8660254037844386,0.5000000000000001,22,32.3,Tobacco,High
-5.2556,-13.70725,8.45165,0.8660254037844386,0.5000000000000001,22,30.5,Tobacco,High
-8.73016,-17.18629,8.45613,0.8660254037844386,0.5000000000000001,22,52.3,Tobacco,Very High
-5.7685,-11.19172,5.42322,0.8660254037844386,0.5000000000000001,22,32.9,Tobacco,High
-8.55672,-12.79889,4.24217,0.8660254037844386,0.5000000000000001,22,34.7,Tobacco,High
-3.43606,-11.46965,8.03359,0.8660254037844386,0.5000000000000001,22,35.3,Tobacco,High
-6.15753,-9.29274,3.13521,0.8660254037844386,0.5000000000000001,22,43.3,Tobacco,Very High
-5.90936,-10.75165,4.842289999999999,0.8660254037844386,0.5000000000000001,22,32.2,Tobacco,High
-3.65545,-14.425,10.76955,0.8660254037844386,0.5000000000000001,5,40.0,Fallow,High
-4.354,-12.43976,8.08576,0.8660254037844386,0.5000000000000001,26,39.6,Wheat,High
-4.49859,-10.19302,5.6944300000000005,0.8660254037844386,0.5000000000000001,26,17.2,Wheat,Medium
-8.42376,-15.70217,7.278410000000001,0.8660254037844386,0.5000000000000001,0,13.6,Bhaji,Medium
-8.91445,-17.72289,8.80844,0.8660254037844386,0.5000000000000001,26,20.0,Wheat,Medium
-7.53917,-15.21295,7.673779999999999,0.8660254037844386,0.5000000000000001,26,9.8,Wheat,Low
-6.2977,-12.42688,6.129180000000001,0.8660254037844386,0.5000000000000001,26,12.8333333333333,Wheat,Medium
-11.39028,-14.45735,3.0670699999999993,0.8660254037844386,0.5000000000000001,26,22.3,Wheat,Medium
-7.27591,-14.89542,7.61951,0.8660254037844386,0.5000000000000001,26,43.6,Wheat,Very High
-6.35165,-11.70996,5.35831,0.8660254037844386,0.5000000000000001,26,43.9,Wheat,Very High
-10.11211,-14.36982,4.257710000000001,0.8660254037844386,0.5000000000000001,26,39.5,Wheat,High
-6.88852,-14.63118,7.742660000000001,0.8660254037844386,0.5000000000000001,26,44.2333333333333,Wheat,Very High
-7.83739,-17.84368,10.00629,0.8660254037844386,0.5000000000000001,26,15.8,Wheat,Medium
-8.43331,-13.0224,4.589089999999999,0.8660254037844386,0.5000000000000001,26,10.0,Wheat,Medium
-3.82582,-16.7093,12.883479999999999,0.8660254037844386,0.5000000000000001,22,17.3,Tobacco,Medium
-8.37575,-15.1083,6.73255,0.8660254037844386,0.5000000000000001,22,26.6,Tobacco,High
-4.46318,-13.05373,8.59055,0.8660254037844386,0.5000000000000001,22,22.1,Tobacco,Medium
-5.8793,-13.89001,8.01071,0.8660254037844386,0.5000000000000001,26,50.0,Wheat,Very High
-6.14269,-15.00759,8.8649,0.8660254037844386,0.5000000000000001,22,38.7,Tobacco,High
-8.55152,-15.36699,6.8154699999999995,0.8660254037844386,0.5000000000000001,22,32.1,Tobacco,High
-3.82856,-15.11956,11.291,0.8660254037844386,0.5000000000000001,22,21.2,Tobacco,Medium
-7.13528,-14.13398,6.9986999999999995,0.8660254037844386,0.5000000000000001,22,24.6,Tobacco,High
-5.15094,-15.03994,9.889,0.8660254037844386,0.5000000000000001,5,8.7,Fallow,Low
-6.32535,-17.69331,11.36796,0.8660254037844386,0.5000000000000001,1,25.9,Chickori,High
-7.84002,-14.92221,7.08219,0.8660254037844386,0.5000000000000001,1,49.7,Chickori,Very High
-8.46383,-17.36857,8.904739999999999,0.8660254037844386,0.5000000000000001,13,3.3,Lemon,Low
-4.92177,-14.62923,9.70746,0.8660254037844386,0.5000000000000001,1,49.0666666666667,Chickori,Very High
-8.62339,-17.72896,9.10557,0.8660254037844386,0.5000000000000001,26,25.2,Wheat,High
-6.38866,-15.94442,9.55576,0.8660254037844386,0.5000000000000001,26,26.4,Wheat,High
-6.45287,-15.24304,8.79017,0.8660254037844386,0.5000000000000001,26,25.6,Wheat,High
-8.57051,-13.5368,4.966289999999999,0.8660254037844386,0.5000000000000001,26,30.0,Wheat,High
-5.96146,-17.22767,11.266210000000001,0.8660254037844386,0.5000000000000001,26,21.8,Wheat,Medium
-5.97816,-13.96104,7.982880000000001,0.8660254037844386,0.5000000000000001,26,41.0,Wheat,Very High
-8.98597,-15.96011,6.97414,0.8660254037844386,0.5000000000000001,26,37.7,Wheat,High
-9.55062,-15.24599,5.6953700000000005,0.8660254037844386,0.5000000000000001,26,32.3,Wheat,High
-7.56409,-15.16093,7.59684,0.8660254037844386,0.5000000000000001,26,37.0,Wheat,High
-10.22938,-16.25107,6.021689999999998,0.8660254037844386,0.5000000000000001,26,33.1666666666667,Wheat,High
-7.90634,-17.36723,9.46089,0.8660254037844386,0.5000000000000001,26,25.4,Wheat,High
-7.2307,-17.14799,9.917290000000001,0.8660254037844386,0.5000000000000001,26,20.2,Wheat,Medium
-5.66462,-16.10262,10.438000000000002,0.8660254037844386,0.5000000000000001,26,31.6,Wheat,High
-8.86954,-13.58678,4.7172399999999985,0.8660254037844386,0.5000000000000001,26,54.1,Wheat,Very High
-4.40918,-14.47324,10.064060000000001,0.8660254037844386,0.5000000000000001,26,29.6,Wheat,High
-9.74498,-19.44816,9.703180000000001,0.8660254037844386,0.5000000000000001,26,20.8,Wheat,Medium
-8.15695,-20.49878,12.34183,0.8660254037844386,0.5000000000000001,26,14.1,Wheat,Medium
-10.6915,-19.56545,8.873949999999999,0.8660254037844386,0.5000000000000001,26,12.4,Wheat,Medium
-7.89358,-18.0427,10.14912,0.8660254037844386,0.5000000000000001,26,7.0,Wheat,Low
-9.29197,-18.51635,9.22438,0.8660254037844386,0.5000000000000001,26,21.0666666666667,Wheat,Medium
-8.59892,-18.97008,10.37116,0.8660254037844386,0.5000000000000001,26,39.0,Wheat,High
-7.15074,-16.56623,9.415490000000002,0.8660254037844386,0.5000000000000001,26,39.8,Wheat,High
-7.47369,-18.0263,10.552609999999998,0.8660254037844386,0.5000000000000001,26,21.3,Wheat,Medium
-6.65122,-16.11936,9.46814,0.8660254037844386,0.5000000000000001,26,40.4,Wheat,High
-7.13692,-19.10054,11.963619999999999,0.8660254037844386,0.5000000000000001,26,39.8666666666667,Wheat,High
-5.67279,-18.20795,12.535160000000001,0.8660254037844386,0.5000000000000001,5,50.0,Fallow,Very High
-4.80204,-18.64677,13.84473,0.8660254037844386,0.5000000000000001,5,50.0,Fallow,Very High
-7.82127,-15.6427,7.821429999999999,0.8660254037844386,0.5000000000000001,5,50.0,Fallow,Very High
-6.31921,-17.81749,11.49828,0.8660254037844386,0.5000000000000001,5,50.0,Fallow,Very High
-5.30215,-19.09196,13.78981,0.8660254037844386,0.5000000000000001,5,50.0,Fallow,Very High
-9.45876,-15.64377,6.18501,0.8660254037844386,0.5000000000000001,26,34.2,Wheat,High
-11.56884,-13.55889,1.99005,0.8660254037844386,0.5000000000000001,26,27.7,Wheat,High
-8.34216,-15.06739,6.72523,0.8660254037844386,0.5000000000000001,26,26.1,Wheat,High
-8.43672,-14.74903,6.31231,0.8660254037844386,0.5000000000000001,26,29.6,Wheat,High
-8.58653,-14.52158,5.93505,0.8660254037844386,0.5000000000000001,26,39.0333333333333,Wheat,High
-6.94218,-16.58721,9.645029999999998,0.8660254037844386,0.5000000000000001,26,27.8,Wheat,High
-10.33355,-12.92172,2.58817,0.8660254037844386,0.5000000000000001,26,25.7,Wheat,High
-3.18096,-11.656,8.47504,0.8660254037844386,0.5000000000000001,26,30.2,Wheat,High
-10.30785,-16.05667,5.74882,0.8660254037844386,0.5000000000000001,26,23.3,Wheat,Medium
-7.39412,-15.76303,8.36891,0.8660254037844386,0.5000000000000001,26,37.2,Wheat,High
-11.06337,-17.51205,6.448679999999998,0.8660254037844386,0.5000000000000001,26,15.5,Wheat,Medium
-7.66704,-16.95096,9.283919999999998,0.8660254037844386,0.5000000000000001,26,16.7,Wheat,Medium
-8.8914,-17.19699,8.305589999999999,0.8660254037844386,0.5000000000000001,26,25.6,Wheat,High
-8.56735,-14.9046,6.337250000000001,0.8660254037844386,0.5000000000000001,26,24.5,Wheat,High
-8.72845,-15.61855,6.8901,0.8660254037844386,0.5000000000000001,26,19.8666666666667,Wheat,Medium
-6.03547,-16.63282,10.597349999999999,0.8660254037844386,0.5000000000000001,26,10.6,Wheat,Medium
-6.55273,-16.08655,9.533819999999999,0.8660254037844386,0.5000000000000001,26,37.3,Wheat,High
-6.32299,-16.96601,10.64302,0.8660254037844386,0.5000000000000001,22,24.1,Tobacco,Medium
-10.51478,-17.28849,6.7737099999999995,0.8660254037844386,0.5000000000000001,26,17.5,Wheat,Medium
-10.92548,-16.8931,5.96762,0.8660254037844386,0.5000000000000001,26,12.9666666666667,Wheat,Medium
-9.84715,-14.1256,4.278450000000001,0.8660254037844386,0.5000000000000001,26,42.3,Wheat,Very High
-12.25054,-16.27297,4.02243,0.8660254037844386,0.5000000000000001,26,24.5,Wheat,High
-7.97397,-15.15849,7.184520000000001,0.8660254037844386,0.5000000000000001,26,34.6,Wheat,High
-10.45823,-15.97989,5.521659999999999,0.8660254037844386,0.5000000000000001,26,33.2,Wheat,High
-11.09473,-17.78957,6.694840000000001,0.8660254037844386,0.5000000000000001,26,21.5666666666667,Wheat,Medium
-8.40098,-20.02289,11.62191,0.8660254037844386,0.5000000000000001,26,21.4,Wheat,Medium
-8.31098,-17.66729,9.35631,0.8660254037844386,0.5000000000000001,26,39.3,Wheat,High
-10.49659,-14.03814,3.541550000000001,0.8660254037844386,0.5000000000000001,26,26.7,Wheat,High
-7.09036,-14.78894,7.69858,0.8660254037844386,0.5000000000000001,26,21.4,Wheat,Medium
-7.14018,-18.25183,11.111650000000001,0.8660254037844386,0.5000000000000001,26,37.9666666666667,Wheat,High
-5.54084,-14.39622,8.85538,0.8660254037844386,0.5000000000000001,26,50.0,Wheat,Very High
-6.30783,-14.31132,8.00349,0.8660254037844386,0.5000000000000001,26,34.6,Wheat,High
-9.71406,-15.92339,6.20933,0.8660254037844386,0.5000000000000001,26,17.3,Wheat,Medium
-7.9229,-16.27355,8.35065,0.8660254037844386,0.5000000000000001,5,50.0,Fallow,Very High
-4.88999,-14.55155,9.661560000000001,0.8660254037844386,0.5000000000000001,26,37.7,Wheat,High
-6.02862,-16.90041,10.87179,0.8660254037844386,0.5000000000000001,23,23.9,Tobacco&Chikori,Medium
-7.63111,-14.10565,6.474540000000001,0.8660254037844386,0.5000000000000001,23,26.4,Tobacco&Chikori,High
-9.11679,-13.86853,4.75174,0.8660254037844386,0.5000000000000001,1,16.3,Chickori,Medium
-11.04512,-13.4866,2.4414799999999985,0.8660254037844386,0.5000000000000001,1,14.9,Chickori,Medium
-10.31259,-13.30661,2.994019999999999,0.8660254037844386,0.5000000000000001,1,16.0666666666667,Chickori,Medium
-8.9966,-13.71785,4.7212499999999995,0.8660254037844386,0.5000000000000001,26,12.0,Wheat,Medium
-10.36823,-15.6768,5.30857,0.8660254037844386,0.5000000000000001,26,16.9,Wheat,Medium
-8.97391,-13.06329,4.08938,0.8660254037844386,0.5000000000000001,1,38.0,Chickori,High
-10.79276,-14.11689,3.3241300000000003,0.8660254037844386,0.5000000000000001,1,25.3,Chickori,High
-9.66765,-13.07276,3.4051100000000005,0.8660254037844386,0.5000000000000001,26,10.5,Wheat,Medium
-12.67692,-14.95325,2.2763299999999997,0.8660254037844386,0.5000000000000001,26,24.4,Wheat,High
-10.67218,-15.25018,4.577999999999999,0.8660254037844386,0.5000000000000001,26,30.2,Wheat,High
-7.25629,-16.85071,9.59442,0.8660254037844386,0.5000000000000001,1,38.3,Chickori,High
-8.40801,-16.3695,7.961489999999998,0.8660254037844386,0.5000000000000001,26,20.0,Wheat,Medium
-10.34531,-15.60371,5.2584,0.8660254037844386,0.5000000000000001,1,38.8,Chickori,High
-10.77078,-14.87204,4.10126,0.8660254037844386,0.5000000000000001,26,21.7,Wheat,Medium
-11.71608,-12.93865,1.222570000000001,0.8660254037844386,0.5000000000000001,26,14.1,Wheat,Medium
-9.33765,-16.35835,7.0207000000000015,0.8660254037844386,0.5000000000000001,25,33.8,Weed&Chickori,High
-6.57584,-17.21585,10.64001,0.8660254037844386,0.5000000000000001,26,19.2,Wheat,Medium
-8.04574,-16.24862,8.202879999999999,0.8660254037844386,0.5000000000000001,26,17.1,Wheat,Medium
-6.96336,-14.18192,7.21856,0.8660254037844386,0.5000000000000001,15,21.4,Mustard,Medium
-7.55548,-14.10518,6.5497000000000005,0.8660254037844386,0.5000000000000001,22,36.9,Tobacco,High
-8.72334,-15.14203,6.41869,0.8660254037844386,0.5000000000000001,22,27.4,Tobacco,High
-10.4102,-18.70944,8.299240000000001,0.8660254037844386,0.5000000000000001,26,26.4,Wheat,High
-7.10656,-13.07138,5.96482,0.8660254037844386,0.5000000000000001,22,30.5,Tobacco,High
-6.85279,-15.55773,8.70494,0.8660254037844386,0.5000000000000001,22,25.2,Tobacco,High
-5.02436,-14.02227,8.997910000000001,0.8660254037844386,0.5000000000000001,26,29.3,Wheat,High
-5.8884,-13.76714,7.87874,0.8660254037844386,0.5000000000000001,22,29.4,Tobacco,High
-2.26086,-14.48954,12.22868,0.8660254037844386,0.5000000000000001,22,29.3,Tobacco,High
-5.31369,-11.93462,6.62093,0.8660254037844386,0.5000000000000001,22,26.8666666666667,Tobacco,High
-7.53433,-13.93566,6.401330000000001,0.8660254037844386,0.5000000000000001,22,19.6,Tobacco,Medium
-7.86463,-12.02875,4.1641200000000005,0.8660254037844386,0.5000000000000001,22,27.3,Tobacco,High
-5.71715,-11.85157,6.13442,0.8660254037844386,0.5000000000000001,22,23.3,Tobacco,Medium
-5.42316,-16.61575,11.19259,0.8660254037844386,0.5000000000000001,26,5.3,Wheat,Low
-5.19346,-12.61175,7.418290000000001,0.8660254037844386,0.5000000000000001,22,25.1333333333333,Tobacco,High
-7.36726,-12.09159,4.72433,0.8660254037844386,0.5000000000000001,22,13.1,Tobacco,Medium
-6.87419,-15.33173,8.457540000000002,0.8660254037844386,0.5000000000000001,22,13.4,Tobacco,Medium
-6.04241,-15.79052,9.74811,0.8660254037844386,0.5000000000000001,22,26.4,Tobacco,High
-5.05276,-12.94747,7.894709999999999,0.8660254037844386,0.5000000000000001,22,37.8,Tobacco,High
-4.89335,-11.63245,6.7391000000000005,0.8660254037844386,0.5000000000000001,22,28.8333333333333,Tobacco,High
-8.05309,-13.95449,5.901400000000001,0.8660254037844386,0.5000000000000001,22,11.5,Tobacco,Medium
-7.26088,-15.61397,8.35309,0.8660254037844386,0.5000000000000001,22,15.7,Tobacco,Medium
-5.86757,-14.17861,8.311040000000002,0.8660254037844386,0.5000000000000001,22,17.4,Tobacco,Medium
-8.49375,-19.40045,10.906699999999999,0.8660254037844386,0.5000000000000001,5,33.9,Fallow,High
-8.10764,-18.04404,9.936399999999999,0.8660254037844386,0.5000000000000001,26,8.5,Wheat,Low
-7.19542,-11.93648,4.741059999999999,0.8660254037844386,0.5000000000000001,26,9.6,Wheat,Low
-8.54427,-14.5055,5.9612300000000005,0.8660254037844386,0.5000000000000001,0,23.2,Bhaji,Medium
-7.79028,-17.77768,9.987400000000001,0.8660254037844386,0.5000000000000001,26,11.9,Wheat,Medium
-8.54918,-17.35447,8.80529,0.8660254037844386,0.5000000000000001,26,14.6,Wheat,Medium
-9.31008,-15.89008,6.58,0.8660254037844386,0.5000000000000001,26,8.93333333333333,Wheat,Low
-7.12127,-16.51981,9.39854,0.8660254037844386,0.5000000000000001,26,19.4,Wheat,Medium
-5.86639,-15.11648,9.25009,0.8660254037844386,0.5000000000000001,26,19.3,Wheat,Medium
-7.87722,-14.4182,6.54098,0.8660254037844386,0.5000000000000001,26,9.7,Wheat,Low
-12.32029,-15.15572,2.8354300000000006,0.8660254037844386,0.5000000000000001,26,6.5,Wheat,Low
-8.85128,-15.65176,6.80048,0.8660254037844386,0.5000000000000001,26,7.53333333333333,Wheat,Low
-11.52704,-16.79963,5.272590000000001,0.8660254037844386,0.5000000000000001,26,50.0,Wheat,Very High
-8.07408,-13.55323,5.479149999999999,0.8660254037844386,0.5000000000000001,26,50.0,Wheat,Very High
-5.35531,-13.77275,8.41744,0.8660254037844386,0.5000000000000001,22,29.9,Tobacco,High
-5.92941,-15.92869,9.999279999999999,0.8660254037844386,0.5000000000000001,22,24.7,Tobacco,High
-6.08458,-15.9127,9.828119999999998,0.8660254037844386,0.5000000000000001,22,39.7333333333333,Tobacco,High
-8.69274,-14.15688,5.464139999999999,0.8660254037844386,0.5000000000000001,26,50.0,Wheat,Very High
-6.48271,-15.56076,9.078050000000001,0.8660254037844386,0.5000000000000001,22,50.0,Tobacco,Very High
-6.2066,-14.73141,8.52481,0.8660254037844386,0.5000000000000001,22,50.0,Tobacco,Very High
-9.43414,-20.52987,11.09573,0.8660254037844386,0.5000000000000001,22,50.0,Tobacco,Very High
-7.47745,-15.42384,7.94639,0.8660254037844386,0.5000000000000001,22,50.0,Tobacco,Very High
-10.00167,-19.92209,9.92042,0.8660254037844387,-0.4999999999999998,19,16.3,Perl Millet,Medium
-8.64632,-16.31338,7.667059999999999,0.8660254037844387,-0.4999999999999998,5,2.4,Fallow,Low
-9.64568,-15.35525,5.709569999999999,0.8660254037844387,-0.4999999999999998,5,1.6,Fallow,Low
-8.21415,-14.15616,5.94201,0.8660254037844387,-0.4999999999999998,13,4.3,Lemon,Low
-9.21949,-14.97651,5.757019999999999,0.8660254037844387,-0.4999999999999998,5,2.8,Fallow,Low
-8.19993,-18.87783,10.6779,0.8660254037844387,-0.4999999999999998,19,27.4,Perl Millet,High
-8.94661,-17.33686,8.390250000000002,0.8660254037844387,-0.4999999999999998,19,28.1,Perl Millet,High
-11.73106,-16.32516,4.594100000000001,0.8660254037844387,-0.4999999999999998,5,15.1,Fallow,Medium
-9.4678,-20.71176,11.243960000000001,0.8660254037844387,-0.4999999999999998,5,22.4,Fallow,Medium
-10.43284,-18.92056,8.487719999999998,0.8660254037844387,-0.4999999999999998,19,18.9,Perl Millet,Medium
-5.86952,-15.82784,9.95832,0.8660254037844387,-0.4999999999999998,5,17.1,Fallow,Medium
-9.39252,-16.45629,7.06377,0.8660254037844387,-0.4999999999999998,5,15.3,Fallow,Medium
-7.64937,-16.4518,8.802429999999998,0.8660254037844387,-0.4999999999999998,5,16.7,Fallow,Medium
-9.96623,-13.75554,3.7893100000000004,0.8660254037844387,-0.4999999999999998,5,17.2,Fallow,Medium
-8.59249,-14.81357,6.221080000000001,0.8660254037844387,-0.4999999999999998,5,12.3666666666667,Fallow,Medium
-10.2575,-15.26846,5.010959999999999,0.8660254037844387,-0.4999999999999998,5,16.4,Fallow,Medium
-11.13368,-20.16329,9.02961,0.8660254037844387,-0.4999999999999998,5,11.5,Fallow,Medium
-12.30907,-18.12221,5.813139999999999,0.8660254037844387,-0.4999999999999998,5,13.0,Fallow,Medium
-12.65269,-16.64908,3.9963900000000017,0.8660254037844387,-0.4999999999999998,5,13.9,Fallow,Medium
-13.74635,-18.87415,5.127800000000001,0.8660254037844387,-0.4999999999999998,5,11.5666666666667,Fallow,Medium
-9.14928,-16.28594,7.136660000000001,0.8660254037844387,-0.4999999999999998,5,8.3,Fallow,Low
-12.04352,-16.52743,4.48391,0.8660254037844387,-0.4999999999999998,5,7.9,Fallow,Low
-11.57165,-17.94566,6.37401,0.8660254037844387,-0.4999999999999998,5,6.3,Fallow,Low
-8.7048,-19.8832,11.178399999999998,0.8660254037844387,-0.4999999999999998,5,6.4,Fallow,Low
-11.02199,-20.45797,9.435979999999999,0.8660254037844387,-0.4999999999999998,5,7.26666666666667,Fallow,Low
-11.7562,-15.25008,3.4938800000000008,0.8660254037844387,-0.4999999999999998,18,16.4,Paddy,Medium
-7.80272,-18.62034,10.817619999999998,0.8660254037844387,-0.4999999999999998,18,31.1,Paddy,High
-7.4974,-17.3916,9.894200000000001,0.8660254037844387,-0.4999999999999998,18,32.3,Paddy,High
-9.35592,-11.2428,1.8868800000000014,0.8660254037844387,-0.4999999999999998,18,44.1,Paddy,Very High
-9.57783,-13.59843,4.0206,0.8660254037844387,-0.4999999999999998,18,40.0666666666667,Paddy,High
-10.46127,-17.02879,6.56752,0.8660254037844387,-0.4999999999999998,5,14.2,Fallow,Medium
-9.63905,-16.98398,7.34493,0.8660254037844387,-0.4999999999999998,5,12.6,Fallow,Medium
-8.89347,-21.33182,12.43835,0.8660254037844387,-0.4999999999999998,5,16.7,Fallow,Medium
-13.00412,-21.53505,8.530929999999998,0.8660254037844387,-0.4999999999999998,5,15.1,Fallow,Medium
-11.51228,-21.96943,10.457149999999999,0.8660254037844387,-0.4999999999999998,5,13.0666666666667,Fallow,Medium
-8.75682,-18.06771,9.310890000000002,0.8660254037844387,-0.4999999999999998,5,16.2,Fallow,Medium
-9.4657,-20.12779,10.662090000000001,0.8660254037844387,-0.4999999999999998,5,16.5,Fallow,Medium
-8.70018,-17.92023,9.22005,0.8660254037844387,-0.4999999999999998,5,6.6,Fallow,Low
-6.5437,-14.77157,8.22787,0.8660254037844387,-0.4999999999999998,5,4.1,Fallow,Low
-7.83498,-19.31248,11.477500000000001,0.8660254037844387,-0.4999999999999998,5,15.2666666666667,Fallow,Medium
-14.77777,-16.40226,1.624489999999998,0.8660254037844387,-0.4999999999999998,14,14.2,Maize,Medium
-9.25342,-18.14691,8.893489999999998,0.8660254037844387,-0.4999999999999998,14,19.4,Maize,Medium
-11.00686,-18.66616,7.659300000000002,0.8660254037844387,-0.4999999999999998,5,15.1,Fallow,Medium
-13.57658,-19.41325,5.836670000000002,0.8660254037844387,-0.4999999999999998,5,13.4,Fallow,Medium
-11.22901,-17.66094,6.4319299999999995,0.8660254037844387,-0.4999999999999998,14,15.6333333333333,Maize,Medium
-12.4898,-15.43007,2.94027,0.8660254037844387,-0.4999999999999998,5,17.7,Fallow,Medium
-10.35267,-23.32974,12.977070000000001,0.8660254037844387,-0.4999999999999998,5,19.1,Fallow,Medium
-9.62227,-19.02364,9.40137,0.8660254037844387,-0.4999999999999998,5,13.7,Fallow,Medium
-9.85162,-17.16426,7.312639999999998,0.8660254037844387,-0.4999999999999998,5,9.6,Fallow,Low
-10.89802,-16.97785,6.079829999999999,0.8660254037844387,-0.4999999999999998,5,19.3333333333333,Fallow,Medium
-8.46758,-17.81056,9.342979999999999,0.8660254037844387,-0.4999999999999998,5,16.1,Fallow,Medium
-10.96815,-16.11847,5.150319999999999,0.8660254037844387,-0.4999999999999998,5,10.9,Fallow,Medium
-12.37671,-19.99245,7.615740000000002,0.8660254037844387,-0.4999999999999998,5,18.9,Fallow,Medium
-9.95245,-16.72325,6.7707999999999995,0.8660254037844387,-0.4999999999999998,19,18.6,Perl Millet,Medium
-10.39046,-17.63279,7.242330000000001,0.8660254037844387,-0.4999999999999998,7,10.1,Fodder,Medium
-8.11004,-20.45958,12.34954,0.8660254037844387,-0.4999999999999998,5,16.1,Fallow,Medium
-7.65974,-22.82328,15.163540000000001,0.8660254037844387,-0.4999999999999998,5,9.8,Fallow,Low
-8.94481,-18.0926,9.14779,0.8660254037844387,-0.4999999999999998,19,18.0,Perl Millet,Medium
-10.08608,-16.17819,6.09211,0.8660254037844387,-0.4999999999999998,19,25.2,Perl Millet,High
-8.87369,-22.23991,13.366219999999998,0.8660254037844387,-0.4999999999999998,5,20.2666666666667,Fallow,Medium
-9.89721,-20.18686,10.28965,0.8660254037844387,-0.4999999999999998,5,9.8,Fallow,Low
-8.76022,-24.29739,15.53717,0.8660254037844387,-0.4999999999999998,5,7.6,Fallow,Low
-9.33478,-20.1129,10.77812,0.8660254037844387,-0.4999999999999998,5,6.2,Fallow,Low
-10.58796,-16.58006,5.992099999999999,0.8660254037844387,-0.4999999999999998,5,7.1,Fallow,Low
-9.63174,-20.46664,10.834900000000001,0.8660254037844387,-0.4999999999999998,5,7.36666666666667,Fallow,Low
-9.07433,-18.34596,9.271630000000002,0.8660254037844387,-0.4999999999999998,5,9.4,Fallow,Low
-8.38483,-19.38255,10.99772,0.8660254037844387,-0.4999999999999998,5,7.2,Fallow,Low
-12.41676,-20.07839,7.661629999999999,0.8660254037844387,-0.4999999999999998,5,6.1,Fallow,Low
-9.64515,-18.86558,9.220430000000002,0.8660254037844387,-0.4999999999999998,5,7.7,Fallow,Low
-8.95288,-19.81762,10.864740000000001,0.8660254037844387,-0.4999999999999998,5,8.16666666666667,Fallow,Low
-9.12458,-13.70238,4.5778,0.8660254037844387,-0.4999999999999998,1,22.6,Chickori,Medium
-8.10472,-13.26837,5.1636500000000005,0.8660254037844387,-0.4999999999999998,1,12.8,Chickori,Medium
-10.35881,-15.1596,4.800789999999999,0.8660254037844387,-0.4999999999999998,1,33.0,Chickori,High
-8.79314,-17.56527,8.772130000000002,0.8660254037844387,-0.4999999999999998,1,35.2,Chickori,High
-11.26179,-17.99349,6.731700000000002,0.8660254037844387,-0.4999999999999998,1,30.4,Chickori,High
-9.28358,-16.72351,7.43993,0.8660254037844387,-0.4999999999999998,19,35.1,Perl Millet,High
-7.51367,-17.17701,9.663339999999998,0.8660254037844387,-0.4999999999999998,19,35.2,Perl Millet,High
-8.413,-14.82572,6.41272,0.8660254037844387,-0.4999999999999998,19,21.7,Perl Millet,Medium
-10.40472,-16.67539,6.270670000000001,0.8660254037844387,-0.4999999999999998,19,9.4,Perl Millet,Low
-6.89782,-15.81969,8.921869999999998,0.8660254037844387,-0.4999999999999998,19,31.0333333333333,Perl Millet,High
-9.1237,-17.2709,8.147200000000002,0.8660254037844387,-0.4999999999999998,19,21.2,Perl Millet,Medium
-11.51835,-16.98093,5.462580000000001,0.8660254037844387,-0.4999999999999998,5,6.7,Fallow,Low
-8.94697,-12.80782,3.8608499999999992,0.8660254037844387,-0.4999999999999998,5,6.9,Fallow,Low
-11.23339,-14.44374,3.21035,0.8660254037844387,-0.4999999999999998,19,12.1,Perl Millet,Medium
-10.14497,-15.57308,5.428109999999998,0.8660254037844387,-0.4999999999999998,5,7.4,Fallow,Low
-6.97868,-12.11393,5.13525,0.8660254037844387,-0.4999999999999998,5,5.2,Fallow,Low
-11.0799,-16.19341,5.11351,0.8660254037844387,-0.4999999999999998,5,3.1,Fallow,Low
-8.44532,-12.24115,3.7958299999999987,0.8660254037844387,-0.4999999999999998,5,7.1,Fallow,Low
-6.77393,-13.54384,6.769909999999999,0.8660254037844387,-0.4999999999999998,5,6.2,Fallow,Low
-7.52514,-14.47708,6.9519400000000005,0.8660254037844387,-0.4999999999999998,5,7.36666666666667,Fallow,Low
-4.44817,-12.27366,7.825489999999999,0.8660254037844387,-0.4999999999999998,5,4.5,Fallow,Low
-7.03014,-15.63455,8.604410000000001,0.8660254037844387,-0.4999999999999998,19,39.1,Perl Millet,High
-12.08529,-16.14222,4.056929999999998,0.8660254037844387,-0.4999999999999998,19,34.8,Perl Millet,High
-7.39161,-13.81944,6.42783,0.8660254037844387,-0.4999999999999998,19,16.5,Perl Millet,Medium
-8.94634,-14.64734,5.7010000000000005,0.8660254037844387,-0.4999999999999998,19,38.0,Perl Millet,High
-8.0358,-15.59208,7.556279999999999,0.8660254037844387,-0.4999999999999998,19,9.5,Perl Millet,Low
-8.53849,-16.88264,8.344149999999999,0.8660254037844387,-0.4999999999999998,19,11.9,Perl Millet,Medium
-10.07334,-15.20282,5.129479999999999,0.8660254037844387,-0.4999999999999998,19,16.1,Perl Millet,Medium
-8.02592,-17.34644,9.320520000000002,0.8660254037844387,-0.4999999999999998,5,9.1,Fallow,Low
-9.76275,-15.27559,5.512839999999999,0.8660254037844387,-0.4999999999999998,19,13.7,Perl Millet,Medium
-11.06701,-15.54445,4.47744,0.8660254037844387,-0.4999999999999998,5,6.7,Fallow,Low
-10.98505,-18.08996,7.104910000000002,0.8660254037844387,-0.4999999999999998,5,11.3,Fallow,Medium
-10.55756,-18.14134,7.583779999999999,0.8660254037844387,-0.4999999999999998,5,13.2,Fallow,Medium
-10.25137,-16.58471,6.3333400000000015,0.8660254037844387,-0.4999999999999998,19,17.2,Perl Millet,Medium
-10.3858,-16.69823,6.312429999999999,0.8660254037844387,-0.4999999999999998,5,12.2333333333333,Fallow,Medium
-9.72612,-16.33301,6.606890000000002,0.8660254037844387,-0.4999999999999998,19,10.3,Perl Millet,Medium
-9.78805,-17.71266,7.9246099999999995,0.8660254037844387,-0.4999999999999998,19,18.7,Perl Millet,Medium
-8.40458,-15.94226,7.53768,0.8660254037844387,-0.4999999999999998,5,6.1,Fallow,Low
-8.50229,-17.00877,8.506479999999998,0.8660254037844387,-0.4999999999999998,19,13.3,Perl Millet,Medium
-6.83026,-16.07704,9.246780000000001,0.8660254037844387,-0.4999999999999998,19,12.6333333333333,Perl Millet,Medium
-8.27888,-14.17301,5.8941300000000005,0.8660254037844387,-0.4999999999999998,5,4.3,Fallow,Low
-6.90769,-13.29306,6.385370000000001,0.8660254037844387,-0.4999999999999998,19,13.6,Perl Millet,Medium
-6.20874,-14.10602,7.897279999999999,0.8660254037844387,-0.4999999999999998,19,35.6,Perl Millet,High
-7.90551,-14.83405,6.92854,0.8660254037844387,-0.4999999999999998,5,16.5,Fallow,Medium
-8.66599,-15.61931,6.95332,0.8660254037844387,-0.4999999999999998,5,6.2,Fallow,Low
-6.67121,-16.79281,10.121599999999999,0.8660254037844387,-0.4999999999999998,5,9.7,Fallow,Low
-5.84262,-15.35538,9.51276,0.8660254037844387,-0.4999999999999998,19,3.8,Perl Millet,Low
-9.36215,-21.95996,12.597809999999999,0.8660254037844387,-0.4999999999999998,5,12.4,Fallow,Medium
-8.36788,-15.60489,7.23701,0.8660254037844387,-0.4999999999999998,19,30.7,Perl Millet,High
-7.26091,-14.82165,7.56074,0.8660254037844387,-0.4999999999999998,5,12.4666666666667,Fallow,Medium
-9.02968,-18.88471,9.855029999999998,0.8660254037844387,-0.4999999999999998,5,6.2,Fallow,Low
-10.80033,-16.52202,5.721690000000001,0.8660254037844387,-0.4999999999999998,5,7.3,Fallow,Low
-11.62963,-17.45524,5.825609999999999,0.8660254037844387,-0.4999999999999998,5,8.1,Fallow,Low
-11.13305,-17.63522,6.50217,0.8660254037844387,-0.4999999999999998,5,8.2,Fallow,Low
-10.09761,-19.21026,9.112650000000002,0.8660254037844387,-0.4999999999999998,5,7.96666666666667,Fallow,Low
-7.36068,-16.18182,8.821139999999998,0.8660254037844387,-0.4999999999999998,5,7.7,Fallow,Low
-8.34078,-15.64833,7.307549999999999,0.8660254037844387,-0.4999999999999998,5,3.3,Fallow,Low
-6.53515,-13.78363,7.248480000000001,0.8660254037844387,-0.4999999999999998,19,18.5,Perl Millet,Medium
-9.69259,-17.64169,7.949100000000001,0.8660254037844387,-0.4999999999999998,19,29.7,Perl Millet,High
-6.12175,-13.34397,7.222220000000001,0.8660254037844387,-0.4999999999999998,19,19.1333333333333,Perl Millet,Medium
-11.81931,-15.82782,4.008509999999999,0.49999999999999994,-0.8660254037844387,19,9.7,Perl Millet,Low
-9.55444,-15.40672,5.85228,0.49999999999999994,-0.8660254037844387,13,3.6,Lemon,Low
-8.49574,-15.29254,6.796800000000001,0.49999999999999994,-0.8660254037844387,5,29.8,Fallow,High
-11.02725,-15.01579,3.9885400000000004,0.49999999999999994,-0.8660254037844387,5,5.9,Fallow,Low
-8.85216,-16.34756,7.495400000000002,0.49999999999999994,-0.8660254037844387,5,23.1666666666667,Fallow,Medium
-8.68768,-17.92505,9.237369999999999,0.49999999999999994,-0.8660254037844387,19,18.2,Perl Millet,Medium
-10.82765,-16.71366,5.886010000000001,0.49999999999999994,-0.8660254037844387,19,13.7,Perl Millet,Medium
-8.08608,-18.78204,10.695959999999998,0.49999999999999994,-0.8660254037844387,19,6.4,Perl Millet,Low
-11.73934,-17.07287,5.333530000000001,0.49999999999999994,-0.8660254037844387,19,5.7,Perl Millet,Low
-8.5621,-18.43331,9.87121,0.49999999999999994,-0.8660254037844387,19,10.9,Perl Millet,Medium
-10.13278,-14.68989,4.55711,0.49999999999999994,-0.8660254037844387,5,18.2,Fallow,Medium
-7.67497,-18.02937,10.3544,0.49999999999999994,-0.8660254037844387,5,2.9,Fallow,Low
-9.49269,-19.5737,10.08101,0.49999999999999994,-0.8660254037844387,5,3.2,Fallow,Low
-7.64437,-16.20923,8.564860000000001,0.49999999999999994,-0.8660254037844387,5,15.2,Fallow,Medium
-7.29612,-17.31333,10.01721,0.49999999999999994,-0.8660254037844387,5,2.5,Fallow,Low
-9.7773,-17.29109,7.51379,0.49999999999999994,-0.8660254037844387,5,8.0,Fallow,Low
-10.86729,-20.66976,9.80247,0.49999999999999994,-0.8660254037844387,5,9.6,Fallow,Low
-12.33313,-19.77272,7.439589999999999,0.49999999999999994,-0.8660254037844387,5,7.2,Fallow,Low
-11.80557,-17.75042,5.944849999999999,0.49999999999999994,-0.8660254037844387,5,44.6,Fallow,Very High
-10.68872,-18.70944,8.02072,0.49999999999999994,-0.8660254037844387,5,4.2,Fallow,Low
-10.6596,-19.78627,9.126669999999999,0.49999999999999994,-0.8660254037844387,5,7.8,Fallow,Low
-12.07464,-17.12676,5.05212,0.49999999999999994,-0.8660254037844387,5,5.7,Fallow,Low
-9.73406,-18.31916,8.5851,0.49999999999999994,-0.8660254037844387,5,6.2,Fallow,Low
-13.73697,-19.3535,5.616530000000001,0.49999999999999994,-0.8660254037844387,5,7.1,Fallow,Low
-13.46296,-20.25111,6.78815,0.49999999999999994,-0.8660254037844387,5,6.76666666666667,Fallow,Low
-11.06205,-17.52365,6.461600000000001,0.49999999999999994,-0.8660254037844387,5,7.4,Fallow,Low
-11.12482,-18.04749,6.92267,0.49999999999999994,-0.8660254037844387,5,7.9,Fallow,Low
-11.57439,-20.52464,8.950250000000002,0.49999999999999994,-0.8660254037844387,5,7.3,Fallow,Low
-9.41299,-17.3895,7.976510000000001,0.49999999999999994,-0.8660254037844387,5,6.7,Fallow,Low
-10.29658,-18.95568,8.6591,0.49999999999999994,-0.8660254037844387,5,7.46666666666667,Fallow,Low
-8.80446,-17.79013,8.98567,0.49999999999999994,-0.8660254037844387,18,5.8,Paddy,Low
-9.67769,-16.60198,6.924290000000001,0.49999999999999994,-0.8660254037844387,18,19.1,Paddy,Medium
-7.77674,-17.36491,9.588169999999998,0.49999999999999994,-0.8660254037844387,18,10.5,Paddy,Medium
-9.26227,-18.17236,8.910090000000002,0.49999999999999994,-0.8660254037844387,18,18.7,Paddy,Medium
-9.87786,-19.2689,9.391039999999998,0.49999999999999994,-0.8660254037844387,18,18.0666666666667,Paddy,Medium
-11.35662,-18.0677,6.711079999999999,0.49999999999999994,-0.8660254037844387,5,3.8,Fallow,Low
-7.81726,-16.18824,8.37098,0.49999999999999994,-0.8660254037844387,5,5.1,Fallow,Low
-9.68076,-15.58033,5.899570000000001,0.49999999999999994,-0.8660254037844387,5,6.2,Fallow,Low
-13.50497,-18.19119,4.686219999999999,0.49999999999999994,-0.8660254037844387,5,7.4,Fallow,Low
-11.64754,-15.12892,3.4813800000000015,0.49999999999999994,-0.8660254037844387,5,8.26666666666667,Fallow,Low
-10.10692,-18.50116,8.394239999999998,0.49999999999999994,-0.8660254037844387,5,6.2,Fallow,Low
-6.83816,-19.46175,12.623589999999998,0.49999999999999994,-0.8660254037844387,5,5.8,Fallow,Low
-10.93372,-20.01041,9.076690000000001,0.49999999999999994,-0.8660254037844387,5,3.8,Fallow,Low
-9.78268,-15.34658,5.5639,0.49999999999999994,-0.8660254037844387,5,3.9,Fallow,Low
-9.98394,-18.07798,8.09404,0.49999999999999994,-0.8660254037844387,5,6.8,Fallow,Low
-10.14256,-20.37755,10.23499,0.49999999999999994,-0.8660254037844387,5,8.5,Fallow,Low
-15.02101,-17.2268,2.2057900000000004,0.49999999999999994,-0.8660254037844387,5,11.4,Fallow,Medium
-10.58067,-16.1342,5.55353,0.49999999999999994,-0.8660254037844387,5,5.1,Fallow,Low
-12.35492,-16.92419,4.5692699999999995,0.49999999999999994,-0.8660254037844387,7,14.1,Fodder,Medium
-12.94031,-16.70495,3.76464,0.49999999999999994,-0.8660254037844387,7,13.5666666666667,Fodder,Medium
-10.71853,-16.79739,6.078860000000001,0.49999999999999994,-0.8660254037844387,5,9.3,Fallow,Low
-11.56785,-20.05263,8.48478,0.49999999999999994,-0.8660254037844387,5,17.1,Fallow,Medium
-8.31874,-16.10224,7.783499999999998,0.49999999999999994,-0.8660254037844387,5,8.8,Fallow,Low
-9.94707,-20.02201,10.074940000000002,0.49999999999999994,-0.8660254037844387,5,6.9,Fallow,Low
-10.55756,-20.21476,9.657199999999998,0.49999999999999994,-0.8660254037844387,5,6.53333333333333,Fallow,Low
-8.21267,-16.59742,8.38475,0.49999999999999994,-0.8660254037844387,5,4.7,Fallow,Low
-8.30339,-15.80354,7.50015,0.49999999999999994,-0.8660254037844387,5,3.6,Fallow,Low
-11.27394,-16.26287,4.98893,0.49999999999999994,-0.8660254037844387,5,19.5,Fallow,Medium
-8.87558,-15.28992,6.414340000000001,0.49999999999999994,-0.8660254037844387,7,7.1,Fodder,Low
-11.22754,-17.53852,6.310979999999999,0.49999999999999994,-0.8660254037844387,7,12.3,Fodder,Medium
-7.49894,-12.51896,5.02002,0.49999999999999994,-0.8660254037844387,19,6.7,Perl Millet,Low
-11.00953,-25.35855,14.349020000000001,0.49999999999999994,-0.8660254037844387,19,15.1,Perl Millet,Medium
-9.93137,-17.52361,7.592240000000002,0.49999999999999994,-0.8660254037844387,5,8.3,Fallow,Low
-11.76035,-15.95107,4.190719999999999,0.49999999999999994,-0.8660254037844387,5,7.5,Fallow,Low
-10.00562,-17.55512,7.549499999999998,0.49999999999999994,-0.8660254037844387,5,12.3666666666667,Fallow,Medium
-11.59285,-19.06809,7.475240000000001,0.49999999999999994,-0.8660254037844387,5,7.3,Fallow,Low
-7.91563,-13.8029,5.887269999999999,0.49999999999999994,-0.8660254037844387,5,6.7,Fallow,Low
-9.30101,-16.79701,7.496,0.49999999999999994,-0.8660254037844387,5,7.2,Fallow,Low
-11.2479,-16.58111,5.333209999999999,0.49999999999999994,-0.8660254037844387,5,7.1,Fallow,Low
-10.25707,-16.90699,6.64992,0.49999999999999994,-0.8660254037844387,5,6.96666666666667,Fallow,Low
-14.19664,-16.4906,2.29396,0.49999999999999994,-0.8660254037844387,5,3.7,Fallow,Low
-11.4325,-18.08727,6.654770000000001,0.49999999999999994,-0.8660254037844387,5,6.5,Fallow,Low
-10.01446,-19.09438,9.079920000000001,0.49999999999999994,-0.8660254037844387,5,4.9,Fallow,Low
-10.33215,-18.82207,8.48992,0.49999999999999994,-0.8660254037844387,5,50.0,Fallow,Very High
-9.98365,-17.22269,7.239039999999999,0.49999999999999994,-0.8660254037844387,5,7.16666666666667,Fallow,Low
-9.96243,-12.73853,2.7761000000000013,0.49999999999999994,-0.8660254037844387,5,5.3,Fallow,Low
-12.91104,-16.85854,3.9475000000000016,0.49999999999999994,-0.8660254037844387,5,11.9,Fallow,Medium
-7.72607,-21.40274,13.676670000000001,0.49999999999999994,-0.8660254037844387,5,5.2,Fallow,Low
-8.40758,-17.53756,9.12998,0.49999999999999994,-0.8660254037844387,5,12.3,Fallow,Medium
-6.89322,-18.21262,11.319400000000002,0.49999999999999994,-0.8660254037844387,5,12.0,Fallow,Medium
-5.38487,-14.7077,9.32283,0.49999999999999994,-0.8660254037844387,19,22.5,Perl Millet,Medium
-11.15021,-15.0883,3.9380900000000008,0.49999999999999994,-0.8660254037844387,19,36.6,Perl Millet,High
-7.40346,-14.93471,7.531250000000001,0.49999999999999994,-0.8660254037844387,19,32.7,Perl Millet,High
-6.79264,-14.5378,7.745160000000001,0.49999999999999994,-0.8660254037844387,19,8.8,Perl Millet,Low
-8.18369,-15.42793,7.24424,0.49999999999999994,-0.8660254037844387,19,10.5333333333333,Perl Millet,Medium
-6.73145,-17.20118,10.469730000000002,0.49999999999999994,-0.8660254037844387,19,16.4,Perl Millet,Medium
-8.30284,-14.09194,5.7890999999999995,0.49999999999999994,-0.8660254037844387,5,8.1,Fallow,Low
-10.30924,-15.83813,5.528889999999999,0.49999999999999994,-0.8660254037844387,5,9.1,Fallow,Low
-10.21729,-17.03273,6.815440000000001,0.49999999999999994,-0.8660254037844387,5,7.3,Fallow,Low
-8.4213,-15.53871,7.11741,0.49999999999999994,-0.8660254037844387,5,7.1,Fallow,Low
-6.36246,-17.21579,10.85333,0.49999999999999994,-0.8660254037844387,5,3.2,Fallow,Low
-12.74794,-17.56132,4.813379999999999,0.49999999999999994,-0.8660254037844387,5,6.1,Fallow,Low
-8.74039,-16.46984,7.729450000000002,0.49999999999999994,-0.8660254037844387,5,7.8,Fallow,Low
-7.6575,-13.11639,5.458890000000001,0.49999999999999994,-0.8660254037844387,5,4.2,Fallow,Low
-8.44988,-15.69015,7.240269999999999,0.49999999999999994,-0.8660254037844387,5,6.43333333333333,Fallow,Low
-7.11793,-12.91434,5.796409999999999,0.49999999999999994,-0.8660254037844387,5,7.9,Fallow,Low
-10.72732,-14.06842,3.341099999999999,0.49999999999999994,-0.8660254037844387,19,28.9,Perl Millet,High
-9.04471,-14.90256,5.857849999999999,0.49999999999999994,-0.8660254037844387,19,38.5,Perl Millet,High
-8.03555,-14.24233,6.20678,0.49999999999999994,-0.8660254037844387,19,26.9,Perl Millet,High
-8.59127,-13.30504,4.71377,0.49999999999999994,-0.8660254037844387,19,35.7666666666667,Perl Millet,High
-6.4973,-15.97604,9.478739999999998,0.49999999999999994,-0.8660254037844387,19,30.3,Perl Millet,High
-9.28497,-13.02534,3.7403700000000004,0.49999999999999994,-0.8660254037844387,19,32.0,Perl Millet,High
-7.22109,-14.97562,7.754529999999999,0.49999999999999994,-0.8660254037844387,19,34.7,Perl Millet,High
-8.14316,-17.5295,9.386339999999999,0.49999999999999994,-0.8660254037844387,5,7.8,Fallow,Low
-6.71815,-14.15351,7.435360000000001,0.49999999999999994,-0.8660254037844387,19,38.6333333333333,Perl Millet,High
-9.64249,-14.68928,5.04679,0.49999999999999994,-0.8660254037844387,19,27.1,Perl Millet,High
-5.11058,-18.38829,13.277710000000003,0.49999999999999994,-0.8660254037844387,19,50.0,Perl Millet,Very High
-3.17664,-14.32142,11.14478,0.49999999999999994,-0.8660254037844387,19,50.0,Perl Millet,Very High
-7.3575,-13.3391,5.9816,0.49999999999999994,-0.8660254037844387,7,21.0,Fodder,Medium
-4.30267,-13.83904,9.536370000000002,0.49999999999999994,-0.8660254037844387,5,50.0,Fallow,Very High
-8.01984,-13.66179,5.64195,0.49999999999999994,-0.8660254037844387,19,29.6,Perl Millet,High
-9.1248,-16.71117,7.586369999999999,0.49999999999999994,-0.8660254037844387,19,32.5,Perl Millet,High
-8.13828,-18.07337,9.93509,0.49999999999999994,-0.8660254037844387,5,12.1,Fallow,Medium
-6.5124,-13.74376,7.23136,0.49999999999999994,-0.8660254037844387,19,29.6,Perl Millet,High
-8.92138,-16.10449,7.183109999999999,0.49999999999999994,-0.8660254037844387,19,29.9333333333333,Perl Millet,High
-8.72523,-19.16424,10.43901,0.49999999999999994,-0.8660254037844387,5,19.7,Fallow,Medium
-8.82677,-16.67533,7.848559999999999,0.49999999999999994,-0.8660254037844387,19,40.4,Perl Millet,High
-7.12499,-15.6587,8.53371,0.49999999999999994,-0.8660254037844387,19,18.8,Perl Millet,Medium
-7.7127,-18.1656,10.452900000000001,0.49999999999999994,-0.8660254037844387,5,13.6,Fallow,Medium
-8.62552,-15.82983,7.2043099999999995,0.49999999999999994,-0.8660254037844387,5,14.3333333333333,Fallow,Medium
-8.02409,-13.62486,5.600770000000001,0.49999999999999994,-0.8660254037844387,5,12.7,Fallow,Medium
-11.9958,-15.62525,3.6294500000000003,0.49999999999999994,-0.8660254037844387,5,31.9,Fallow,High
-10.02929,-16.84146,6.812170000000002,0.49999999999999994,-0.8660254037844387,5,14.1,Fallow,Medium
-9.01711,-17.09969,8.082579999999998,0.49999999999999994,-0.8660254037844387,19,23.0,Perl Millet,Medium
-7.78954,-16.20853,8.41899,0.49999999999999994,-0.8660254037844387,5,12.4333333333333,Fallow,Medium
-9.06885,-17.96184,8.89299,0.49999999999999994,-0.8660254037844387,5,6.2,Fallow,Low
-8.27599,-19.12009,10.844100000000001,0.49999999999999994,-0.8660254037844387,5,7.3,Fallow,Low
-10.10909,-19.18071,9.071620000000001,0.49999999999999994,-0.8660254037844387,5,6.9,Fallow,Low
-9.35134,-18.43408,9.082740000000001,0.49999999999999994,-0.8660254037844387,5,5.2,Fallow,Low
-8.75491,-17.21376,8.45885,0.49999999999999994,-0.8660254037844387,5,9.7,Fallow,Low
-11.22916,-17.05475,5.825589999999998,0.49999999999999994,-0.8660254037844387,5,16.8,Fallow,Medium
-5.45131,-16.5076,11.05629,0.49999999999999994,-0.8660254037844387,5,12.3,Fallow,Medium
-9.48685,-16.953,7.466149999999999,0.49999999999999994,-0.8660254037844387,19,21.9,Perl Millet,Medium
-10.91676,-14.30651,3.3897499999999994,0.49999999999999994,-0.8660254037844387,19,16.7,Perl Millet,Medium
-7.55717,-16.68018,9.12301,0.49999999999999994,-0.8660254037844387,19,22.7333333333333,Perl Millet,Medium
-12.90196,-17.77724,4.875279999999998,0.49999999999999994,-0.8660254037844387,5,13.6,Fallow,Medium
-11.61592,-18.22669,6.610770000000002,0.49999999999999994,-0.8660254037844387,5,13.9,Fallow,Medium
-8.26109,-15.43479,7.1737,0.49999999999999994,-0.8660254037844387,5,16.6,Fallow,Medium
-8.96775,-18.53199,9.56424,0.49999999999999994,-0.8660254037844387,5,14.6,Fallow,Medium
-8.63474,-17.6473,9.01256,0.49999999999999994,-0.8660254037844387,5,13.2333333333333,Fallow,Medium
-8.51928,-14.27861,5.75933,0.49999999999999994,-0.8660254037844387,5,6.3,Fallow,Low
-10.5337,-17.0563,6.522600000000001,0.49999999999999994,-0.8660254037844387,13,8.4,Lemon,Low
-9.88471,-17.01366,7.1289500000000015,0.49999999999999994,-0.8660254037844387,1,11.1,Chickori,Medium
-9.95405,-17.00266,7.048609999999998,0.49999999999999994,-0.8660254037844387,5,10.4,Fallow,Medium
-9.01961,-17.70872,8.68911,0.49999999999999994,-0.8660254037844387,5,12.2,Fallow,Medium
-8.2606,-17.58467,9.324069999999999,0.49999999999999994,-0.8660254037844387,19,25.3,Perl Millet,High
-12.29155,-18.39013,6.098579999999998,0.49999999999999994,-0.8660254037844387,19,24.2,Perl Millet,High
-12.92488,-18.52958,5.604699999999999,0.49999999999999994,-0.8660254037844387,5,18.7,Fallow,Medium
-12.7389,-20.5879,7.849000000000002,0.49999999999999994,-0.8660254037844387,5,5.6,Fallow,Low
-9.62751,-20.15304,10.525530000000002,0.49999999999999994,-0.8660254037844387,5,24.8,Fallow,High
-13.44539,-15.19958,1.7541899999999995,0.49999999999999994,-0.8660254037844387,5,7.9,Fallow,Low
-9.70283,-16.83706,7.1342300000000005,0.49999999999999994,-0.8660254037844387,5,8.2,Fallow,Low
-9.63891,-18.28604,8.64713,0.49999999999999994,-0.8660254037844387,5,7.1,Fallow,Low
-8.18604,-20.4146,12.22856,0.49999999999999994,-0.8660254037844387,5,7.3,Fallow,Low
-9.29699,-16.71435,7.41736,0.49999999999999994,-0.8660254037844387,5,8.13333333333333,Fallow,Low
-8.97837,-18.89408,9.915709999999999,0.49999999999999994,-0.8660254037844387,5,6.8,Fallow,Low
-9.99465,-19.48081,9.486160000000002,0.49999999999999994,-0.8660254037844387,5,8.8,Fallow,Low
-11.48611,-18.32698,6.840869999999999,0.49999999999999994,-0.8660254037844387,5,8.9,Fallow,Low
-11.9705,-20.53896,8.56846,0.49999999999999994,-0.8660254037844387,5,6.7,Fallow,Low
-10.41186,-19.0963,8.684439999999999,0.49999999999999994,-0.8660254037844387,5,8.8,Fallow,Low
-12.91523,-19.62489,6.709660000000001,0.49999999999999994,-0.8660254037844387,5,7.0,Fallow,Low
-13.65618,-20.30301,6.64683,0.49999999999999994,-0.8660254037844387,5,8.5,Fallow,Low
-9.99721,-20.09301,10.095799999999999,0.49999999999999994,-0.8660254037844387,5,8.5,Fallow,Low
-12.39714,-19.4477,7.050560000000001,0.49999999999999994,-0.8660254037844387,5,7.9,Fallow,Low
-15.65112,-20.38011,4.728989999999998,0.49999999999999994,-0.8660254037844387,5,7.53333333333333,Fallow,Low
-9.78236,-18.79927,9.01691,0.49999999999999994,-0.8660254037844387,5,6.0,Fallow,Low
-13.16346,-19.09692,5.93346,0.49999999999999994,-0.8660254037844387,5,5.4,Fallow,Low
-11.22349,-20.00375,8.78026,0.49999999999999994,-0.8660254037844387,5,3.2,Fallow,Low
-11.25086,-16.93407,5.683209999999999,0.49999999999999994,-0.8660254037844387,5,3.7,Fallow,Low
-10.48338,-19.32631,8.842929999999999,0.49999999999999994,-0.8660254037844387,5,6.2,Fallow,Low
-10.47203,-18.69562,8.223590000000002,0.49999999999999994,-0.8660254037844387,5,2.5,Fallow,Low
-8.54275,-15.13929,6.596540000000001,0.49999999999999994,-0.8660254037844387,5,3.5,Fallow,Low
-10.24749,-19.14128,8.893789999999997,0.49999999999999994,-0.8660254037844387,5,7.9,Fallow,Low
-10.85333,-19.23387,8.38054,0.49999999999999994,-0.8660254037844387,5,7.2,Fallow,Low
-10.75128,-20.43515,9.68387,0.49999999999999994,-0.8660254037844387,5,6.93333333333333,Fallow,Low
-14.40952,-18.52021,4.110689999999998,0.49999999999999994,-0.8660254037844387,5,6.8,Fallow,Low
-12.91798,-15.95875,3.04077,0.49999999999999994,-0.8660254037844387,5,6.4,Fallow,Low
-11.27524,-16.59059,5.315349999999999,0.49999999999999994,-0.8660254037844387,5,5.8,Fallow,Low
-12.49643,-18.914,6.417570000000001,0.49999999999999994,-0.8660254037844387,5,4.5,Fallow,Low
-12.68103,-18.61378,5.932749999999999,0.49999999999999994,-0.8660254037844387,5,5.76666666666667,Fallow,Low
-9.69555,-17.24161,7.546060000000001,0.49999999999999994,-0.8660254037844387,5,5.8,Fallow,Low
-11.09046,-19.56469,8.474229999999999,0.49999999999999994,-0.8660254037844387,5,5.4,Fallow,Low
-9.31957,-17.15849,7.83892,0.49999999999999994,-0.8660254037844387,5,3.7,Fallow,Low
-7.71057,-14.12646,6.41589,0.49999999999999994,-0.8660254037844387,5,1.2,Fallow,Low
-8.77439,-18.42246,9.64807,0.49999999999999994,-0.8660254037844387,5,6.9,Fallow,Low
-9.34459,-17.93576,8.591169999999998,0.49999999999999994,-0.8660254037844387,9,9.0,Grass,Low
-7.80977,-16.86535,9.055579999999999,0.49999999999999994,-0.8660254037844387,9,50.0,Grass,Very High
-9.57489,-17.70514,8.13025,0.49999999999999994,-0.8660254037844387,5,4.2,Fallow,Low
-11.13255,-16.57762,5.445069999999999,0.49999999999999994,-0.8660254037844387,9,16.7,Grass,Medium
-9.2002,-16.41832,7.218120000000001,0.49999999999999994,-0.8660254037844387,9,15.2,Grass,Medium
-9.01717,-19.75775,10.740580000000001,0.49999999999999994,-0.8660254037844387,5,4.2,Fallow,Low
-11.38892,-20.43508,9.046159999999999,0.49999999999999994,-0.8660254037844387,5,5.1,Fallow,Low
-10.50425,-19.55395,9.0497,0.49999999999999994,-0.8660254037844387,5,3.9,Fallow,Low
-9.52308,-17.21817,7.69509,0.49999999999999994,-0.8660254037844387,5,4.8,Fallow,Low
-8.9139,-17.69281,8.778910000000002,0.49999999999999994,-0.8660254037844387,5,5.63333333333333,Fallow,Low
-11.35466,-19.16644,7.811780000000001,0.49999999999999994,-0.8660254037844387,5,3.8,Fallow,Low
-7.42196,-15.55066,8.1287,0.49999999999999994,-0.8660254037844387,19,19.2,Perl Millet,Medium
-7.89668,-18.04083,10.14415,0.49999999999999994,-0.8660254037844387,19,20.8,Perl Millet,Medium
-8.12043,-18.51093,10.390499999999998,0.49999999999999994,-0.8660254037844387,7,50.0,Fodder,Very High
-7.16783,-18.54107,11.373240000000001,0.49999999999999994,-0.8660254037844387,5,7.4,Fallow,Low
-9.54866,-15.36225,5.81359,0.49999999999999994,-0.8660254037844387,5,6.8,Fallow,Low
-9.56454,-19.53186,9.967320000000003,0.49999999999999994,-0.8660254037844387,5,6.7,Fallow,Low
-7.81183,-12.84159,5.0297600000000005,0.49999999999999994,-0.8660254037844387,19,21.4,Perl Millet,Medium
-7.6944,-14.55334,6.8589400000000005,0.49999999999999994,-0.8660254037844387,19,20.4,Perl Millet,Medium
-7.69168,-16.07112,8.37944,0.49999999999999994,-0.8660254037844387,5,10.3,Fallow,Medium
-10.46143,-18.59533,8.1339,0.49999999999999994,-0.8660254037844387,5,9.1,Fallow,Low
-8.25762,-18.06697,9.809350000000002,0.49999999999999994,-0.8660254037844387,5,8.2,Fallow,Low
-10.65867,-12.89579,2.237119999999999,0.49999999999999994,-0.8660254037844387,5,7.8,Fallow,Low
-7.34198,-13.36101,6.01903,0.49999999999999994,-0.8660254037844387,5,7.1,Fallow,Low
-8.56563,-15.61607,7.05044,0.49999999999999994,-0.8660254037844387,5,9.93333333333333,Fallow,Medium
-11.66678,-17.51916,5.85238,0.49999999999999994,-0.8660254037844387,5,8.4,Fallow,Low
-10.67139,-19.22941,8.55802,0.49999999999999994,-0.8660254037844387,5,7.4,Fallow,Low
-9.13588,-21.48727,12.351389999999999,0.49999999999999994,-0.8660254037844387,5,7.1,Fallow,Low
-9.58959,-18.67389,9.0843,0.49999999999999994,-0.8660254037844387,5,6.9,Fallow,Low
-9.89015,-20.72469,10.834539999999999,0.49999999999999994,-0.8660254037844387,5,7.8,Fallow,Low
-9.84308,-17.96756,8.124479999999998,0.49999999999999994,-0.8660254037844387,5,5.7,Fallow,Low
-11.46021,-21.9882,10.527989999999999,0.49999999999999994,-0.8660254037844387,5,4.9,Fallow,Low
-8.03045,-17.87206,9.841610000000001,0.49999999999999994,-0.8660254037844387,5,6.1,Fallow,Low
-10.75034,-16.15504,5.4047,0.49999999999999994,-0.8660254037844387,5,6.4,Fallow,Low
-10.81074,-18.94414,8.133400000000002,0.49999999999999994,-0.8660254037844387,5,7.0,Fallow,Low
-9.45316,-11.49652,2.04336,0.49999999999999994,-0.8660254037844387,19,29.7,Perl Millet,High
-8.14801,-15.00961,6.861600000000001,0.49999999999999994,-0.8660254037844387,19,28.1,Perl Millet,High
-8.87271,-13.0456,4.172890000000001,0.49999999999999994,-0.8660254037844387,19,35.2,Perl Millet,High
-12.22819,-13.13889,0.9107000000000003,0.49999999999999994,-0.8660254037844387,19,27.0,Perl Millet,High
-10.1756,-12.80879,2.633190000000001,0.49999999999999994,-0.8660254037844387,19,26.2333333333333,Perl Millet,High
-8.56344,-18.53855,9.97511,0.49999999999999994,-0.8660254037844387,19,48.5,Perl Millet,Very High
-11.84278,-15.55002,3.7072400000000005,0.49999999999999994,-0.8660254037844387,19,18.2,Perl Millet,Medium
-7.64519,-14.86602,7.22083,0.49999999999999994,-0.8660254037844387,19,20.2,Perl Millet,Medium
-7.75403,-16.43033,8.676300000000001,0.49999999999999994,-0.8660254037844387,5,9.3,Fallow,Low
-9.02815,-18.1644,9.13625,0.49999999999999994,-0.8660254037844387,19,21.9,Perl Millet,Medium
-9.77939,-17.64528,7.86589,0.49999999999999994,-0.8660254037844387,5,5.1,Fallow,Low
-9.38166,-16.76433,7.382670000000001,0.49999999999999994,-0.8660254037844387,5,5.6,Fallow,Low
-10.11505,-19.60323,9.48818,0.49999999999999994,-0.8660254037844387,5,4.9,Fallow,Low
-11.05916,-21.92294,10.86378,0.49999999999999994,-0.8660254037844387,5,6.2,Fallow,Low
-8.81868,-20.80791,11.98923,0.49999999999999994,-0.8660254037844387,5,7.6,Fallow,Low
-8.42057,-15.62834,7.20777,0.49999999999999994,-0.8660254037844387,19,19.8,Perl Millet,Medium
-6.83533,-15.49481,8.659479999999999,0.49999999999999994,-0.8660254037844387,5,11.7,Fallow,Medium
-9.44043,-17.57213,8.131700000000002,0.49999999999999994,-0.8660254037844387,5,9.5,Fallow,Low
-9.28193,-15.58009,6.298160000000001,0.49999999999999994,-0.8660254037844387,5,8.5,Fallow,Low
-10.01618,-13.67096,3.654779999999999,0.49999999999999994,-0.8660254037844387,5,10.6666666666667,Fallow,Medium
-9.79328,-14.72909,4.93581,0.49999999999999994,-0.8660254037844387,19,9.8,Perl Millet,Low
-7.99805,-14.29536,6.29731,0.49999999999999994,-0.8660254037844387,19,24.4,Perl Millet,High
-10.59105,-16.46074,5.869690000000002,0.49999999999999994,-0.8660254037844387,19,14.0,Perl Millet,Medium
-8.60959,-14.46107,5.851479999999999,0.49999999999999994,-0.8660254037844387,5,4.0,Fallow,Low
-8.50533,-14.50349,5.998159999999999,0.49999999999999994,-0.8660254037844387,19,14.8666666666667,Perl Millet,Medium
-9.9829,-19.55714,9.57424,0.49999999999999994,-0.8660254037844387,5,9.8,Fallow,Low
-8.1621,-20.05977,11.89767,0.49999999999999994,-0.8660254037844387,5,10.1,Fallow,Medium
-9.1322,-16.2044,7.0722000000000005,0.49999999999999994,-0.8660254037844387,5,7.9,Fallow,Low
-8.23329,-19.88401,11.65072,0.49999999999999994,-0.8660254037844387,20,25.4,Sorgham,High
-7.70872,-22.32342,14.6147,0.49999999999999994,-0.8660254037844387,5,11.7333333333333,Fallow,Medium
-10.23355,-19.50731,9.273760000000001,0.49999999999999994,-0.8660254037844387,5,6.3,Fallow,Low
-9.80145,-20.11506,10.313609999999999,0.49999999999999994,-0.8660254037844387,5,7.2,Fallow,Low
-12.53831,-17.02724,4.48893,0.49999999999999994,-0.8660254037844387,5,8.2,Fallow,Low
-5.2944,-15.49228,10.197879999999998,0.49999999999999994,-0.8660254037844387,5,9.1,Fallow,Low
-8.08588,-18.50718,10.421300000000002,0.49999999999999994,-0.8660254037844387,5,7.06666666666667,Fallow,Low
-8.2492,-20.37548,12.12628,0.49999999999999994,-0.8660254037844387,5,10.2,Fallow,Medium
-9.49674,-15.86592,6.369179999999998,0.49999999999999994,-0.8660254037844387,19,13.6,Perl Millet,Medium
-7.3748,-13.50096,6.12616,0.49999999999999994,-0.8660254037844387,19,33.2,Perl Millet,High
-10.03619,-18.48378,8.44759,0.49999999999999994,-0.8660254037844387,5,8.1,Fallow,Low
-8.42468,-16.06905,7.64437,0.49999999999999994,-0.8660254037844387,5,9.6,Fallow,Low
-8.3543,-16.22012,7.865820000000001,0.49999999999999994,-0.8660254037844387,5,6.4,Fallow,Low
-9.52011,-17.49152,7.9714100000000006,0.49999999999999994,-0.8660254037844387,24,24.1,Weed,Medium
-7.15213,-18.63881,11.48668,0.49999999999999994,-0.8660254037844387,19,50.0,Perl Millet,Very High
-8.66461,-15.02859,6.36398,0.49999999999999994,-0.8660254037844387,19,5.3,Perl Millet,Low
-8.36273,-15.97959,7.616859999999999,0.49999999999999994,-0.8660254037844387,5,6.73333333333333,Fallow,Low
-13.34756,-16.20927,2.8617100000000004,0.49999999999999994,-0.8660254037844387,5,6.1,Fallow,Low
-10.76268,-15.93247,5.169790000000001,0.49999999999999994,-0.8660254037844387,5,5.2,Fallow,Low
-10.43515,-20.14801,9.71286,0.49999999999999994,-0.8660254037844387,5,4.7,Fallow,Low
-12.57679,-18.20552,5.628729999999999,0.49999999999999994,-0.8660254037844387,5,6.7,Fallow,Low
-12.16501,-18.3078,6.14279,0.49999999999999994,-0.8660254037844387,5,6.76666666666667,Fallow,Low
-8.54094,-14.94142,6.40048,0.49999999999999994,-0.8660254037844387,5,28.4,Fallow,High
-10.67947,-17.29432,6.614849999999999,0.49999999999999994,-0.8660254037844387,5,7.6,Fallow,Low
-8.63065,-15.21775,6.587100000000001,0.49999999999999994,-0.8660254037844387,19,38.0,Perl Millet,High
-8.8305,-17.03611,8.20561,0.49999999999999994,-0.8660254037844387,21,23.1,Sorgham&PerlMillet,Medium
-6.69933,-14.86834,8.16901,0.49999999999999994,-0.8660254037844387,19,42.6,Perl Millet,Very High
-4.86297,-17.5304,12.66743,-0.4999999999999997,-0.8660254037844388,16,33.8,Orchad,High
-7.80124,-22.15678,14.355540000000001,-0.4999999999999997,-0.8660254037844388,18,50.0,Paddy,Very High
-11.40585,-20.06993,8.66408,-0.4999999999999997,-0.8660254037844388,18,50.0,Paddy,Very High
-6.45177,-17.74619,11.294419999999999,-0.4999999999999997,-0.8660254037844388,18,50.0,Paddy,Very High
-9.89915,-25.66162,15.762469999999999,-0.4999999999999997,-0.8660254037844388,18,50.0,Paddy,Very High
-6.92553,-15.87809,8.95256,-0.4999999999999997,-0.8660254037844388,18,50.0,Paddy,Very High
-3.30838,-19.94215,16.633770000000002,-0.4999999999999997,-0.8660254037844388,18,50.0,Paddy,Very High
-7.31624,-14.87124,7.555000000000001,-0.4999999999999997,-0.8660254037844388,18,50.0,Paddy,Very High
-8.33975,-16.29768,7.957929999999999,-0.4999999999999997,-0.8660254037844388,18,50.0,Paddy,Very High
-6.9237,-20.00711,13.08341,-0.4999999999999997,-0.8660254037844388,18,50.0,Paddy,Very High
-6.63085,-14.71037,8.079519999999999,-0.4999999999999997,-0.8660254037844388,18,50.0,Paddy,Very High
-8.63262,-15.5774,6.9447800000000015,-0.4999999999999997,-0.8660254037844388,18,50.0,Paddy,Very High
-5.40038,-21.793,16.39262,-0.4999999999999997,-0.8660254037844388,18,50.0,Paddy,Very High
-7.66595,-15.76017,8.09422,-0.4999999999999997,-0.8660254037844388,18,50.0,Paddy,Very High
-7.61987,-15.90249,8.282620000000001,-0.4999999999999997,-0.8660254037844388,18,50.0,Paddy,Very High
-6.67893,-18.75797,12.079039999999999,-0.4999999999999997,-0.8660254037844388,18,50.0,Paddy,Very High
-4.39015,-19.98728,15.597129999999998,-0.4999999999999997,-0.8660254037844388,18,50.0,Paddy,Very High
-11.50233,-21.44701,9.944679999999998,-0.4999999999999997,-0.8660254037844388,18,50.0,Paddy,Very High
-10.86669,-17.60018,6.7334900000000015,-0.4999999999999997,-0.8660254037844388,18,50.0,Paddy,Very High
-11.34241,-22.43074,11.088330000000001,-0.4999999999999997,-0.8660254037844388,18,50.0,Paddy,Very High
-11.23238,-20.12403,8.891650000000002,-0.4999999999999997,-0.8660254037844388,18,50.0,Paddy,Very High
-12.75047,-22.07408,9.323609999999999,-0.4999999999999997,-0.8660254037844388,18,50.0,Paddy,Very High
-11.50472,-17.6142,6.10948,-0.4999999999999997,-0.8660254037844388,18,50.0,Paddy,Very High
-11.90919,-15.3075,3.3983099999999986,-0.4999999999999997,-0.8660254037844388,18,50.0,Paddy,Very High
-11.97812,-18.41026,6.43214,-0.4999999999999997,-0.8660254037844388,18,50.0,Paddy,Very High
-11.81058,-19.15841,7.34783,-0.4999999999999997,-0.8660254037844388,18,50.0,Paddy,Very High
-10.55881,-19.5063,8.94749,-0.4999999999999997,-0.8660254037844388,18,50.0,Paddy,Very High
-6.84345,-20.49271,13.649259999999998,-0.4999999999999997,-0.8660254037844388,18,50.0,Paddy,Very High
-10.02845,-17.11262,7.08417,-0.4999999999999997,-0.8660254037844388,18,50.0,Paddy,Very High
-5.59087,-20.05267,14.4618,-0.4999999999999997,-0.8660254037844388,18,50.0,Paddy,Very High
-10.83741,-24.12273,13.28532,-0.4999999999999997,-0.8660254037844388,5,50.0,Fallow,Very High
-10.45789,-17.48616,7.028270000000001,-0.4999999999999997,-0.8660254037844388,5,50.0,Fallow,Very High
-11.92604,-15.9415,4.015459999999999,-0.4999999999999997,-0.8660254037844388,5,50.0,Fallow,Very High
-7.776,-18.81278,11.03678,-0.4999999999999997,-0.8660254037844388,5,50.0,Fallow,Very High
-12.30905,-23.04639,10.73734,-0.4999999999999997,-0.8660254037844388,5,50.0,Fallow,Very High
-10.73776,-17.67017,6.932409999999999,-0.4999999999999997,-0.8660254037844388,18,50.0,Paddy,Very High
-13.9917,-16.57893,2.58723,-0.4999999999999997,-0.8660254037844388,18,50.0,Paddy,Very High
-13.84736,-18.4565,4.609139999999998,-0.4999999999999997,-0.8660254037844388,18,50.0,Paddy,Very High
-11.42005,-18.28609,6.866040000000002,-0.4999999999999997,-0.8660254037844388,18,50.0,Paddy,Very High
-12.57653,-17.91545,5.33892,-0.4999999999999997,-0.8660254037844388,18,50.0,Paddy,Very High
-8.00804,-17.15848,9.150440000000001,-0.4999999999999997,-0.8660254037844388,18,50.0,Paddy,Very High
-11.01501,-17.27307,6.25806,-0.4999999999999997,-0.8660254037844388,18,50.0,Paddy,Very High
-7.46782,-18.91054,11.442720000000001,-0.4999999999999997,-0.8660254037844388,18,50.0,Paddy,Very High
-4.78397,-17.66336,12.87939,-0.4999999999999997,-0.8660254037844388,18,50.0,Paddy,Very High
-8.27481,-18.60066,10.32585,-0.4999999999999997,-0.8660254037844388,18,50.0,Paddy,Very High
-7.63516,-18.52173,10.886570000000003,-0.4999999999999997,-0.8660254037844388,18,50.0,Paddy,Very High
-5.90892,-16.51688,10.60796,-0.4999999999999997,-0.8660254037844388,18,50.0,Paddy,Very High
-6.12708,-16.5869,10.45982,-0.4999999999999997,-0.8660254037844388,18,50.0,Paddy,Very High
-13.74864,-20.64363,6.894990000000002,-0.4999999999999997,-0.8660254037844388,18,50.0,Paddy,Very High
-11.48751,-18.40216,6.914649999999998,-0.4999999999999997,-0.8660254037844388,18,50.0,Paddy,Very High
-10.88464,-18.51778,7.633139999999999,-0.4999999999999997,-0.8660254037844388,18,50.0,Paddy,Very High
-14.1042,-21.58586,7.48166,-0.4999999999999997,-0.8660254037844388,18,50.0,Paddy,Very High
-6.35587,-17.86559,11.509720000000002,-0.4999999999999997,-0.8660254037844388,18,50.0,Paddy,Very High
-11.06633,-19.50591,8.43958,-0.4999999999999997,-0.8660254037844388,18,50.0,Paddy,Very High
-9.71984,-18.07973,8.359890000000002,-0.4999999999999997,-0.8660254037844388,18,50.0,Paddy,Very High
-9.02663,-17.80734,8.78071,-0.4999999999999997,-0.8660254037844388,18,50.0,Paddy,Very High
-12.51647,-22.06457,9.5481,-0.4999999999999997,-0.8660254037844388,18,50.0,Paddy,Very High
-8.6997,-18.51697,9.81727,-0.4999999999999997,-0.8660254037844388,18,50.0,Paddy,Very High
-6.62375,-15.23264,8.608889999999999,-0.4999999999999997,-0.8660254037844388,7,29.3,Fodder,High
-7.94254,-17.10715,9.16461,-0.4999999999999997,-0.8660254037844388,7,31.3,Fodder,High
-5.79944,-13.41305,7.61361,-0.4999999999999997,-0.8660254037844388,6,33.5,Fallow&Grass,High
-4.35444,-11.95435,7.5999099999999995,-0.4999999999999997,-0.8660254037844388,6,36.8,Fallow&Grass,High
-3.77709,-12.75024,8.97315,-0.4999999999999997,-0.8660254037844388,6,35.7333333333333,Fallow&Grass,High
-7.78759,-14.771,6.983410000000001,-0.4999999999999997,-0.8660254037844388,18,50.0,Paddy,Very High
-7.76135,-11.90145,4.1401,-0.4999999999999997,-0.8660254037844388,5,32.1,Fallow,High
-5.01485,-12.07136,7.05651,-0.4999999999999997,-0.8660254037844388,7,40.1,Fodder,High
-5.31078,-14.77385,9.463069999999998,-0.4999999999999997,-0.8660254037844388,7,40.4,Fodder,High
-10.53105,-15.83097,5.29992,-0.4999999999999997,-0.8660254037844388,18,50.0,Paddy,Very High
-7.03612,-14.18772,7.1516,-0.4999999999999997,-0.8660254037844388,7,35.6333333333333,Fodder,High
-9.12743,-18.0169,8.88947,-0.4999999999999997,-0.8660254037844388,18,50.0,Paddy,Very High
-12.29964,-16.26568,3.9660399999999996,-0.4999999999999997,-0.8660254037844388,5,50.0,Fallow,Very High
-9.26152,-18.27944,9.01792,-0.4999999999999997,-0.8660254037844388,18,50.0,Paddy,Very High
-8.74966,-19.02228,10.272619999999998,-0.4999999999999997,-0.8660254037844388,18,40.4,Paddy,High
-7.98156,-16.05278,8.071219999999999,-0.4999999999999997,-0.8660254037844388,5,50.0,Fallow,Very High
-10.64891,-19.29061,8.6417,-0.4999999999999997,-0.8660254037844388,18,50.0,Paddy,Very High
-7.44602,-16.4558,9.00978,-0.4999999999999997,-0.8660254037844388,5,50.0,Fallow,Very High
-8.14946,-16.14591,7.996450000000001,-0.4999999999999997,-0.8660254037844388,5,50.0,Fallow,Very High
-6.46182,-12.91716,6.4553400000000005,-0.4999999999999997,-0.8660254037844388,18,50.0,Paddy,Very High
-6.03111,-11.10997,5.078860000000001,-0.4999999999999997,-0.8660254037844388,5,50.0,Fallow,Very High
-5.85072,-14.84299,8.992270000000001,-0.4999999999999997,-0.8660254037844388,18,50.0,Paddy,Very High
-5.11516,-17.07899,11.963830000000002,-0.4999999999999997,-0.8660254037844388,18,50.0,Paddy,Very High
-4.96478,-18.41567,13.450889999999998,-0.4999999999999997,-0.8660254037844388,18,50.0,Paddy,Very High
-7.08253,-15.22239,8.13986,-0.4999999999999997,-0.8660254037844388,14,50.0,Maize,Very High
-5.36108,-16.76704,11.40596,-0.4999999999999997,-0.8660254037844388,18,50.0,Paddy,Very High
-7.99455,-17.34941,9.354859999999999,-0.4999999999999997,-0.8660254037844388,18,50.0,Paddy,Very High
-10.41402,-17.49928,7.085259999999998,-0.4999999999999997,-0.8660254037844388,18,50.0,Paddy,Very High
-7.89217,-19.07603,11.18386,-0.4999999999999997,-0.8660254037844388,18,50.0,Paddy,Very High
-9.87716,-18.11213,8.23497,-0.4999999999999997,-0.8660254037844388,18,50.0,Paddy,Very High
-8.59158,-16.91982,8.328240000000001,-0.4999999999999997,-0.8660254037844388,18,50.0,Paddy,Very High
-9.08169,-16.02579,6.944100000000001,-0.4999999999999997,-0.8660254037844388,18,50.0,Paddy,Very High
-10.12877,-17.80179,7.673020000000001,-0.4999999999999997,-0.8660254037844388,18,50.0,Paddy,Very High
-10.91351,-18.78614,7.872629999999999,-0.4999999999999997,-0.8660254037844388,18,50.0,Paddy,Very High
-8.08876,-18.46931,10.38055,-0.4999999999999997,-0.8660254037844388,18,50.0,Paddy,Very High
-11.86417,-19.11838,7.254209999999999,-0.4999999999999997,-0.8660254037844388,18,50.0,Paddy,Very High
-6.81427,-13.71889,6.90462,-0.4999999999999997,-0.8660254037844388,18,50.0,Paddy,Very High
-4.31083,-16.65021,12.339380000000002,-0.4999999999999997,-0.8660254037844388,18,50.0,Paddy,Very High
-8.08926,-15.20638,7.11712,-0.4999999999999997,-0.8660254037844388,18,50.0,Paddy,Very High
-9.28788,-14.40607,5.11819,-0.4999999999999997,-0.8660254037844388,18,50.0,Paddy,Very High
-6.78889,-13.31052,6.52163,-0.4999999999999997,-0.8660254037844388,18,50.0,Paddy,Very High
-5.89757,-17.05357,11.156,-0.4999999999999997,-0.8660254037844388,18,50.0,Paddy,Very High
-8.86167,-17.08705,8.225380000000001,-0.4999999999999997,-0.8660254037844388,18,50.0,Paddy,Very High
-9.62466,-15.83641,6.21175,-0.4999999999999997,-0.8660254037844388,18,50.0,Paddy,Very High
-4.70811,-16.42963,11.72152,-0.4999999999999997,-0.8660254037844388,18,50.0,Paddy,Very High
-8.19082,-17.57855,9.38773,-0.4999999999999997,-0.8660254037844388,18,50.0,Paddy,Very High
-7.8609,-17.79615,9.93525,-0.4999999999999997,-0.8660254037844388,18,50.0,Paddy,Very High
-8.841,-16.81163,7.970630000000002,-0.4999999999999997,-0.8660254037844388,18,50.0,Paddy,Very High
-7.55356,-16.96851,9.414949999999997,-0.4999999999999997,-0.8660254037844388,18,50.0,Paddy,Very High
-7.59393,-12.4722,4.8782700000000006,-0.4999999999999997,-0.8660254037844388,18,50.0,Paddy,Very High
-7.77534,-16.62506,8.849720000000001,-0.4999999999999997,-0.8660254037844388,18,50.0,Paddy,Very High
-5.85646,-15.16433,9.30787,-0.4999999999999997,-0.8660254037844388,18,50.0,Paddy,Very High
-8.75167,-20.04233,11.290659999999999,1.2246467991473532e-16,-1.0,5,9.7,Fallow,Low
-7.88847,-18.32172,10.43325,1.2246467991473532e-16,-1.0,5,10.4,Fallow,Medium
-8.95861,-15.92288,6.964269999999999,1.2246467991473532e-16,-1.0,5,5.2,Fallow,Low
-10.87651,-15.28825,4.41174,1.2246467991473532e-16,-1.0,13,4.1,Lemon,Low
-9.52169,-16.85548,7.3337900000000005,1.2246467991473532e-16,-1.0,5,6.1,Fallow,Low
-9.8145,-19.45311,9.638609999999998,1.2246467991473532e-16,-1.0,5,5.8,Fallow,Low
-10.39702,-17.55064,7.153620000000002,1.2246467991473532e-16,-1.0,5,5.5,Fallow,Low
-10.18284,-22.81129,12.628449999999999,1.2246467991473532e-16,-1.0,5,9.2,Fallow,Low
-10.99269,-23.15112,12.15843,1.2246467991473532e-16,-1.0,5,9.6,Fallow,Low
-10.10719,-18.3406,8.23341,1.2246467991473532e-16,-1.0,5,7.53333333333333,Fallow,Low
-9.65309,-17.37448,7.721389999999998,1.2246467991473532e-16,-1.0,5,34.6,Fallow,High
-10.97483,-16.90063,5.925799999999999,1.2246467991473532e-16,-1.0,5,10.7,Fallow,Medium
-11.6078,-19.98338,8.375580000000001,1.2246467991473532e-16,-1.0,5,9.8,Fallow,Low
-9.77517,-18.1746,8.399430000000002,1.2246467991473532e-16,-1.0,5,6.9,Fallow,Low
-8.41147,-18.483,10.071530000000001,1.2246467991473532e-16,-1.0,5,7.7,Fallow,Low
-11.97212,-17.83651,5.86439,1.2246467991473532e-16,-1.0,5,19.6,Fallow,Medium
-9.41811,-19.71903,10.30092,1.2246467991473532e-16,-1.0,5,16.0,Fallow,Medium
-8.59728,-19.85984,11.262559999999999,1.2246467991473532e-16,-1.0,5,7.3,Fallow,Low
-12.58677,-18.91842,6.3316500000000016,1.2246467991473532e-16,-1.0,5,14.0,Fallow,Medium
-12.85868,-19.99165,7.13297,1.2246467991473532e-16,-1.0,5,13.7,Fallow,Medium
-12.31109,-21.89246,9.58137,1.2246467991473532e-16,-1.0,5,16.2,Fallow,Medium
-13.62385,-21.52762,7.90377,1.2246467991473532e-16,-1.0,5,8.0,Fallow,Low
-13.74084,-22.7705,9.029659999999998,1.2246467991473532e-16,-1.0,5,12.2,Fallow,Medium
-13.59322,-18.80383,5.210610000000001,1.2246467991473532e-16,-1.0,5,13.2,Fallow,Medium
-15.22923,-22.94854,7.719310000000002,1.2246467991473532e-16,-1.0,5,10.6666666666667,Fallow,Medium
-9.44828,-25.04205,15.59377,1.2246467991473532e-16,-1.0,5,6.9,Fallow,Low
-9.57694,-23.17151,13.594570000000001,1.2246467991473532e-16,-1.0,5,8.6,Fallow,Low
-9.21723,-20.39445,11.177219999999998,1.2246467991473532e-16,-1.0,5,7.2,Fallow,Low
-12.59125,-16.96567,4.374419999999999,1.2246467991473532e-16,-1.0,5,7.7,Fallow,Low
-10.18117,-20.9932,10.812030000000002,1.2246467991473532e-16,-1.0,5,11.2333333333333,Fallow,Medium
-10.38181,-17.41077,7.02896,1.2246467991473532e-16,-1.0,5,10.1,Fallow,Medium
-11.80694,-19.52592,7.718979999999998,1.2246467991473532e-16,-1.0,5,6.4,Fallow,Low
-10.18847,-19.65122,9.462749999999998,1.2246467991473532e-16,-1.0,5,11.2,Fallow,Medium
-9.41803,-16.72277,7.304740000000001,1.2246467991473532e-16,-1.0,5,15.7,Fallow,Medium
-8.98686,-17.29327,8.30641,1.2246467991473532e-16,-1.0,5,15.3,Fallow,Medium
-9.30996,-17.14248,7.832519999999999,1.2246467991473532e-16,-1.0,5,5.0,Fallow,Low
-9.42317,-19.25129,9.82812,1.2246467991473532e-16,-1.0,5,5.9,Fallow,Low
-9.45326,-18.39343,8.940169999999998,1.2246467991473532e-16,-1.0,5,20.0,Fallow,Medium
-9.28089,-21.33977,12.058880000000002,1.2246467991473532e-16,-1.0,5,11.8,Fallow,Medium
-9.54327,-19.91577,10.372499999999999,1.2246467991473532e-16,-1.0,5,4.9,Fallow,Low
-12.11064,-20.45641,8.345770000000002,1.2246467991473532e-16,-1.0,5,6.8,Fallow,Low
-15.53682,-21.05001,5.51319,1.2246467991473532e-16,-1.0,5,16.6,Fallow,Medium
-11.61576,-21.58603,9.970270000000001,1.2246467991473532e-16,-1.0,5,6.1,Fallow,Low
-8.89365,-21.79734,12.90369,1.2246467991473532e-16,-1.0,5,17.3,Fallow,Medium
-11.99471,-23.22269,11.22798,1.2246467991473532e-16,-1.0,5,8.6,Fallow,Low
-10.89032,-17.51351,6.623190000000001,1.2246467991473532e-16,-1.0,5,7.0,Fallow,Low
-9.70897,-17.81876,8.10979,1.2246467991473532e-16,-1.0,5,14.0,Fallow,Medium
-8.41373,-16.42175,8.00802,1.2246467991473532e-16,-1.0,5,6.7,Fallow,Low
-9.19015,-15.17505,5.984900000000001,1.2246467991473532e-16,-1.0,20,18.9,Sorgham,Medium
-7.80338,-14.79385,6.990470000000001,1.2246467991473532e-16,-1.0,5,17.6666666666667,Fallow,Medium
-12.56446,-18.0945,5.53004,1.2246467991473532e-16,-1.0,5,18.7,Fallow,Medium
-11.50382,-19.32718,7.823359999999999,1.2246467991473532e-16,-1.0,5,1.9,Fallow,Low
-10.02985,-18.76278,8.73293,1.2246467991473532e-16,-1.0,5,10.8,Fallow,Medium
-8.64443,-17.56579,8.92136,1.2246467991473532e-16,-1.0,5,12.2,Fallow,Medium
-11.78483,-20.32286,8.53803,1.2246467991473532e-16,-1.0,5,17.8333333333333,Fallow,Medium
-10.38057,-17.18002,6.799449999999998,1.2246467991473532e-16,-1.0,5,2.5,Fallow,Low
-7.74767,-17.3354,9.58773,1.2246467991473532e-16,-1.0,2,13.3,Daicha,Medium
-10.6776,-18.39251,7.7149100000000015,1.2246467991473532e-16,-1.0,19,23.8,Perl Millet,Medium
-11.34068,-17.14855,5.807869999999999,1.2246467991473532e-16,-1.0,20,7.6,Sorgham,Low
-10.69008,-17.57871,6.888630000000001,1.2246467991473532e-16,-1.0,5,14.3666666666667,Fallow,Medium
-10.82769,-16.90328,6.075589999999998,1.2246467991473532e-16,-1.0,5,9.9,Fallow,Medium
-11.50436,-22.52911,11.02475,1.2246467991473532e-16,-1.0,5,4.1,Fallow,Low
-10.77752,-19.32941,8.551889999999998,1.2246467991473532e-16,-1.0,5,12.2,Fallow,Medium
-10.36668,-17.96761,7.60093,1.2246467991473532e-16,-1.0,5,10.8,Fallow,Medium
-10.85203,-19.84579,8.993760000000002,1.2246467991473532e-16,-1.0,5,12.1,Fallow,Medium
-8.10691,-19.94818,11.841270000000002,1.2246467991473532e-16,-1.0,5,7.2,Fallow,Low
-8.74876,-15.05695,6.30819,1.2246467991473532e-16,-1.0,5,8.2,Fallow,Low
-9.93796,-17.86724,7.9292799999999986,1.2246467991473532e-16,-1.0,5,9.3,Fallow,Low
-7.42865,-19.09358,11.664929999999998,1.2246467991473532e-16,-1.0,5,7.9,Fallow,Low
-7.70791,-21.49668,13.788770000000001,1.2246467991473532e-16,-1.0,5,7.16666666666667,Fallow,Low
-13.20701,-19.03237,5.82536,1.2246467991473532e-16,-1.0,5,4.2,Fallow,Low
-9.20496,-20.12355,10.918590000000002,1.2246467991473532e-16,-1.0,5,7.9,Fallow,Low
-10.50211,-18.76133,8.259220000000001,1.2246467991473532e-16,-1.0,5,8.5,Fallow,Low
-10.10096,-16.46849,6.367529999999999,1.2246467991473532e-16,-1.0,9,11.6,Grass,Medium
-9.53424,-18.13884,8.604599999999998,1.2246467991473532e-16,-1.0,5,6.16666666666667,Fallow,Low
-10.79432,-15.26845,4.474129999999999,1.2246467991473532e-16,-1.0,5,9.4,Fallow,Low
-13.36108,-19.72846,6.367379999999999,1.2246467991473532e-16,-1.0,5,9.0,Fallow,Low
-10.31949,-19.85425,9.53476,1.2246467991473532e-16,-1.0,5,8.9,Fallow,Low
-10.18298,-20.84249,10.659510000000001,1.2246467991473532e-16,-1.0,5,8.0,Fallow,Low
-11.52782,-21.35908,9.831259999999999,1.2246467991473532e-16,-1.0,5,10.2666666666667,Fallow,Medium
-10.20336,-20.34521,10.141850000000002,1.2246467991473532e-16,-1.0,5,17.0,Fallow,Medium
-9.4883,-17.03998,7.551679999999999,1.2246467991473532e-16,-1.0,5,12.6,Fallow,Medium
-10.39453,-18.05887,7.664339999999999,1.2246467991473532e-16,-1.0,5,12.3,Fallow,Medium
-6.27258,-15.91435,9.641770000000001,1.2246467991473532e-16,-1.0,5,15.1,Fallow,Medium
-8.62791,-18.28749,9.659579999999998,1.2246467991473532e-16,-1.0,5,15.0,Fallow,Medium
-10.17428,-14.27367,4.09939,1.2246467991473532e-16,-1.0,5,12.2,Fallow,Medium
-10.56804,-16.39146,5.823419999999999,1.2246467991473532e-16,-1.0,5,11.6,Fallow,Medium
-11.38705,-16.69281,5.305760000000001,1.2246467991473532e-16,-1.0,5,5.6,Fallow,Low
-12.2741,-17.28515,5.011050000000001,1.2246467991473532e-16,-1.0,5,7.8,Fallow,Low
-11.1501,-15.37503,4.2249300000000005,1.2246467991473532e-16,-1.0,5,8.23333333333333,Fallow,Low
-11.73644,-16.37426,4.63782,1.2246467991473532e-16,-1.0,5,15.2,Fallow,Medium
-10.54612,-18.62246,8.07634,1.2246467991473532e-16,-1.0,5,12.4,Fallow,Medium
-9.80616,-14.96033,5.154170000000001,1.2246467991473532e-16,-1.0,5,7.7,Fallow,Low
-9.16587,-15.00299,5.8371200000000005,1.2246467991473532e-16,-1.0,5,9.5,Fallow,Low
-10.91952,-15.5,4.58048,1.2246467991473532e-16,-1.0,5,6.63333333333333,Fallow,Low
-9.83166,-14.31546,4.4838000000000005,1.2246467991473532e-16,-1.0,19,7.2,Perl Millet,Low
-9.87741,-15.70153,5.824120000000001,1.2246467991473532e-16,-1.0,5,4.9,Fallow,Low
-11.17136,-16.40434,5.232980000000001,1.2246467991473532e-16,-1.0,5,7.9,Fallow,Low
-9.97767,-15.5812,5.603530000000001,1.2246467991473532e-16,-1.0,5,12.1,Fallow,Medium
-9.86707,-15.23647,5.369400000000001,1.2246467991473532e-16,-1.0,5,6.0,Fallow,Low
-9.61099,-14.96192,5.35093,1.2246467991473532e-16,-1.0,5,10.8,Fallow,Medium
-9.62763,-18.43609,8.80846,1.2246467991473532e-16,-1.0,5,19.6,Fallow,Medium
-7.31651,-15.9533,8.636790000000001,1.2246467991473532e-16,-1.0,5,15.7,Fallow,Medium
-7.61589,-14.17122,6.55533,1.2246467991473532e-16,-1.0,5,8.2,Fallow,Low
-7.09657,-16.1768,9.08023,1.2246467991473532e-16,-1.0,5,13.5666666666667,Fallow,Medium
-12.33498,-24.58123,12.246250000000002,1.2246467991473532e-16,-1.0,5,12.7,Fallow,Medium
-9.73114,-21.08175,11.35061,1.2246467991473532e-16,-1.0,5,20.2,Fallow,Medium
-8.20695,-18.81511,10.60816,1.2246467991473532e-16,-1.0,5,16.7,Fallow,Medium
-9.98537,-17.50659,7.52122,1.2246467991473532e-16,-1.0,20,9.2,Sorgham,Low
-10.59445,-18.65784,8.06339,1.2246467991473532e-16,-1.0,5,8.5,Fallow,Low
-12.04304,-19.67943,7.6363900000000005,1.2246467991473532e-16,-1.0,5,7.6,Fallow,Low
-9.47499,-14.98226,5.50727,1.2246467991473532e-16,-1.0,5,8.3,Fallow,Low
-12.21479,-19.77901,7.564219999999999,1.2246467991473532e-16,-1.0,5,8.5,Fallow,Low
-12.27678,-18.16585,5.8890699999999985,1.2246467991473532e-16,-1.0,5,9.2,Fallow,Low
-11.22443,-16.48661,5.262179999999999,1.2246467991473532e-16,-1.0,5,11.2,Fallow,Medium
-7.89579,-16.35892,8.463130000000001,1.2246467991473532e-16,-1.0,5,10.9,Fallow,Medium
-11.74064,-18.03709,6.296449999999998,1.2246467991473532e-16,-1.0,5,6.0,Fallow,Low
-8.45022,-17.0766,8.62638,1.2246467991473532e-16,-1.0,5,8.1,Fallow,Low
-10.9477,-19.84472,8.89702,1.2246467991473532e-16,-1.0,5,10.5,Fallow,Medium
-8.6939,-19.25369,10.55979,1.2246467991473532e-16,-1.0,5,12.0333333333333,Fallow,Medium
-6.21615,-18.96612,12.749970000000001,1.2246467991473532e-16,-1.0,5,12.3,Fallow,Medium
-6.22735,-18.98402,12.75667,1.2246467991473532e-16,-1.0,9,15.2,Grass,Medium
-8.39722,-13.33041,4.93319,1.2246467991473532e-16,-1.0,5,11.2,Fallow,Medium
-13.14762,-20.49343,7.34581,1.2246467991473532e-16,-1.0,5,10.3,Fallow,Medium
-12.38428,-16.72157,4.337289999999999,1.2246467991473532e-16,-1.0,5,10.7,Fallow,Medium
-11.76401,-21.85814,10.094129999999998,1.2246467991473532e-16,-1.0,5,8.0,Fallow,Low
-13.55689,-19.07093,5.514040000000001,1.2246467991473532e-16,-1.0,5,41.4,Fallow,Very High
-11.34468,-19.20011,7.855429999999998,1.2246467991473532e-16,-1.0,5,16.0,Fallow,Medium
-9.34341,-18.39952,9.056109999999999,1.2246467991473532e-16,-1.0,5,4.3,Fallow,Low
-12.30669,-19.03016,6.723469999999999,1.2246467991473532e-16,-1.0,5,9.26666666666667,Fallow,Low
-7.5322,-20.04083,12.50863,1.2246467991473532e-16,-1.0,5,8.6,Fallow,Low
-7.51516,-19.31573,11.800569999999999,1.2246467991473532e-16,-1.0,5,12.6,Fallow,Medium
-11.06163,-19.10139,8.03976,1.2246467991473532e-16,-1.0,5,9.0,Fallow,Low
-7.03863,-16.74148,9.702849999999998,1.2246467991473532e-16,-1.0,5,12.0,Fallow,Medium
-9.4104,-18.74423,9.333830000000003,1.2246467991473532e-16,-1.0,5,6.4,Fallow,Low
-12.35404,-17.95942,5.605380000000002,1.2246467991473532e-16,-1.0,5,6.7,Fallow,Low
-10.38789,-16.97541,6.58752,1.2246467991473532e-16,-1.0,5,9.1,Fallow,Low
-9.90663,-14.85658,4.949949999999999,1.2246467991473532e-16,-1.0,5,7.4,Fallow,Low
-10.76328,-20.07481,9.31153,1.2246467991473532e-16,-1.0,5,8.0,Fallow,Low
-10.26432,-18.20491,7.940590000000002,1.2246467991473532e-16,-1.0,5,10.5333333333333,Fallow,Medium
-11.63208,-19.13504,7.50296,-0.4999999999999997,-0.8660254037844388,18,50.0,Paddy,Very High
-7.477,-19.98791,12.510909999999999,-0.4999999999999997,-0.8660254037844388,5,50.0,Fallow,Very High
-13.20762,-21.35461,8.14699,-0.4999999999999997,-0.8660254037844388,4,50.0,Datura,Very High
-9.47201,-15.76556,6.2935500000000015,-0.4999999999999997,-0.8660254037844388,16,35.8,Orchad,High
-12.34921,-20.20293,7.853719999999999,-0.4999999999999997,-0.8660254037844388,5,50.0,Fallow,Very High
-11.32858,-21.18744,9.858859999999998,-0.4999999999999997,-0.8660254037844388,18,50.0,Paddy,Very High
-9.27894,-17.13297,7.85403,-0.4999999999999997,-0.8660254037844388,18,50.0,Paddy,Very High
-14.77365,-17.07638,2.3027300000000004,-0.4999999999999997,-0.8660254037844388,18,50.0,Paddy,Very High
-11.6646,-17.53626,5.8716599999999985,-0.4999999999999997,-0.8660254037844388,18,50.0,Paddy,Very High
-11.40778,-15.65331,4.245529999999999,-0.4999999999999997,-0.8660254037844388,18,50.0,Paddy,Very High
-11.5542,-15.91576,4.361560000000001,-0.4999999999999997,-0.8660254037844388,18,50.0,Paddy,Very High
-10.08229,-16.51433,6.432040000000001,-0.4999999999999997,-0.8660254037844388,18,50.0,Paddy,Very High
-7.27064,-20.41187,13.14123,-0.4999999999999997,-0.8660254037844388,18,50.0,Paddy,Very High
-14.21257,-19.68856,5.4759899999999995,-0.4999999999999997,-0.8660254037844388,18,50.0,Paddy,Very High
-13.52241,-20.19132,6.66891,-0.4999999999999997,-0.8660254037844388,18,50.0,Paddy,Very High
-13.83502,-18.17409,4.3390699999999995,-0.4999999999999997,-0.8660254037844388,18,50.0,Paddy,Very High
-11.35732,-18.35565,6.998330000000001,-0.4999999999999997,-0.8660254037844388,18,50.0,Paddy,Very High
-9.63189,-18.88954,9.25765,-0.4999999999999997,-0.8660254037844388,18,50.0,Paddy,Very High
-12.27829,-17.21141,4.933120000000001,-0.4999999999999997,-0.8660254037844388,18,50.0,Paddy,Very High
-13.815,-20.77197,6.95697,-0.4999999999999997,-0.8660254037844388,18,50.0,Paddy,Very High
-18.72791,-19.63501,0.9070999999999998,-0.4999999999999997,-0.8660254037844388,18,50.0,Paddy,Very High
-9.47416,-17.93549,8.461330000000002,-0.4999999999999997,-0.8660254037844388,18,50.0,Paddy,Very High
-11.98516,-17.95547,5.970309999999998,-0.4999999999999997,-0.8660254037844388,18,50.0,Paddy,Very High
-13.14861,-19.43374,6.2851300000000005,-0.4999999999999997,-0.8660254037844388,18,50.0,Paddy,Very High
-12.74665,-15.36537,2.6187199999999997,-0.4999999999999997,-0.8660254037844388,18,50.0,Paddy,Very High
-10.35604,-18.85646,8.500419999999998,-0.4999999999999997,-0.8660254037844388,18,50.0,Paddy,Very High
-12.89556,-21.39833,8.502770000000002,-0.4999999999999997,-0.8660254037844388,18,50.0,Paddy,Very High
-10.03465,-17.41102,7.376370000000001,-0.4999999999999997,-0.8660254037844388,18,50.0,Paddy,Very High
-13.48972,-21.25139,7.7616700000000005,-0.4999999999999997,-0.8660254037844388,18,50.0,Paddy,Very High
-11.92171,-21.65186,9.73015,-0.4999999999999997,-0.8660254037844388,18,50.0,Paddy,Very High
-8.09111,-17.49976,9.408649999999998,-0.4999999999999997,-0.8660254037844388,18,50.0,Paddy,Very High
-12.20439,-19.92429,7.719899999999999,-0.4999999999999997,-0.8660254037844388,18,50.0,Paddy,Very High
-13.74959,-22.97002,9.220430000000002,-0.4999999999999997,-0.8660254037844388,18,50.0,Paddy,Very High
-8.66876,-13.92964,5.2608799999999984,-0.4999999999999997,-0.8660254037844388,18,50.0,Paddy,Very High
-8.49845,-19.78299,11.284540000000002,-0.4999999999999997,-0.8660254037844388,18,50.0,Paddy,Very High
-7.16506,-15.07122,7.90616,-0.4999999999999997,-0.8660254037844388,18,50.0,Paddy,Very High
-14.30764,-22.61759,8.30995,-0.4999999999999997,-0.8660254037844388,18,50.0,Paddy,Very High
-7.52522,-16.69837,9.17315,-0.4999999999999997,-0.8660254037844388,18,50.0,Paddy,Very High
-13.80688,-21.65436,7.847480000000001,-0.4999999999999997,-0.8660254037844388,18,50.0,Paddy,Very High
-10.5654,-18.10289,7.537489999999998,-0.4999999999999997,-0.8660254037844388,18,50.0,Paddy,Very High
-8.37801,-14.13915,5.761140000000001,-0.4999999999999997,-0.8660254037844388,18,50.0,Paddy,Very High
-10.41408,-17.48164,7.0675599999999985,-0.4999999999999997,-0.8660254037844388,18,50.0,Paddy,Very High
-12.62679,-18.18218,5.555389999999999,-0.4999999999999997,-0.8660254037844388,18,50.0,Paddy,Very High
-13.31245,-16.91117,3.5987199999999984,-0.4999999999999997,-0.8660254037844388,18,50.0,Paddy,Very High
-10.79926,-17.28508,6.48582,-0.4999999999999997,-0.8660254037844388,18,50.0,Paddy,Very High
-13.30139,-15.98742,2.6860300000000006,-0.4999999999999997,-0.8660254037844388,18,50.0,Paddy,Very High
-14.68729,-18.86141,4.1741199999999985,-0.4999999999999997,-0.8660254037844388,18,50.0,Paddy,Very High
-11.75084,-19.01848,7.26764,-0.4999999999999997,-0.8660254037844388,5,50.0,Fallow,Very High
-11.93726,-15.52232,3.5850600000000004,-0.4999999999999997,-0.8660254037844388,5,50.0,Fallow,Very High
-9.4634,-17.46929,8.00589,-0.4999999999999997,-0.8660254037844388,5,50.0,Fallow,Very High
-5.8258,-18.29769,12.471889999999998,-0.4999999999999997,-0.8660254037844388,6,50.0,Fallow&Grass,Very High
-5.7182,-11.99126,6.27306,-0.4999999999999997,-0.8660254037844388,7,25.3,Fodder,High
-10.14644,-14.36296,4.216519999999999,-0.4999999999999997,-0.8660254037844388,7,25.3,Fodder,High
-9.47941,-15.39027,5.91086,-0.4999999999999997,-0.8660254037844388,5,27.5,Fallow,High
-8.03641,-15.43463,7.39822,-0.4999999999999997,-0.8660254037844388,5,26.3,Fallow,High
-7.14403,-15.03636,7.89233,-0.4999999999999997,-0.8660254037844388,5,27.5666666666667,Fallow,High
-6.25212,-15.09396,8.84184,-0.4999999999999997,-0.8660254037844388,5,34.7,Fallow,High
-9.00991,-17.9343,8.92439,-0.4999999999999997,-0.8660254037844388,5,31.3,Fallow,High
-5.94422,-17.2665,11.322280000000001,-0.4999999999999997,-0.8660254037844388,18,50.0,Paddy,Very High
-9.58295,-14.89517,5.31222,-0.4999999999999997,-0.8660254037844388,5,32.9,Fallow,High
-7.06113,-17.556,10.49487,-0.4999999999999997,-0.8660254037844388,5,31.5666666666667,Fallow,High
-8.95991,-16.53004,7.570129999999999,-0.4999999999999997,-0.8660254037844388,5,34.7,Fallow,High
-10.81927,-19.03362,8.21435,-0.4999999999999997,-0.8660254037844388,5,50.0,Fallow,Very High
-13.22864,-19.20762,5.978979999999998,-0.4999999999999997,-0.8660254037844388,18,50.0,Paddy,Very High
-11.44948,-15.72419,4.274710000000001,-0.4999999999999997,-0.8660254037844388,5,33.0,Fallow,High
-11.17062,-17.35074,6.180119999999999,-0.4999999999999997,-0.8660254037844388,5,30.1,Fallow,High
-10.66913,-15.41248,4.743350000000001,-0.4999999999999997,-0.8660254037844388,19,31.1,Perl Millet,High
-11.16298,-18.75138,7.588400000000002,-0.4999999999999997,-0.8660254037844388,5,34.2,Fallow,High
-7.09677,-15.65159,8.55482,-0.4999999999999997,-0.8660254037844388,18,50.0,Paddy,Very High
-9.49694,-13.72372,4.22678,-0.4999999999999997,-0.8660254037844388,5,34.0,Fallow,High
-10.66877,-14.77799,4.1092200000000005,-0.4999999999999997,-0.8660254037844388,5,32.6666666666667,Fallow,High
-9.84711,-15.20605,5.358939999999999,-0.4999999999999997,-0.8660254037844388,5,34.5,Fallow,High
-9.54299,-15.12893,5.585940000000001,-0.4999999999999997,-0.8660254037844388,5,37.4,Fallow,High
-8.35767,-13.17792,4.82025,-0.4999999999999997,-0.8660254037844388,5,39.1,Fallow,High
-6.75233,-15.69607,8.943740000000002,-0.4999999999999997,-0.8660254037844388,18,50.0,Paddy,Very High
-8.62394,-15.25852,6.6345800000000015,-0.4999999999999997,-0.8660254037844388,5,39.6333333333333,Fallow,High
-8.51324,-17.9517,9.43846,-0.4999999999999997,-0.8660254037844388,18,50.0,Paddy,Very High
-9.50809,-18.53774,9.02965,-0.4999999999999997,-0.8660254037844388,18,50.0,Paddy,Very High
-12.59817,-17.09318,4.495010000000001,-0.4999999999999997,-0.8660254037844388,18,50.0,Paddy,Very High
-5.99896,-13.45538,7.45642,-0.4999999999999997,-0.8660254037844388,19,39.0,Perl Millet,High
-8.77496,-14.64936,5.8744,-0.4999999999999997,-0.8660254037844388,18,50.0,Paddy,Very High
-9.07335,-15.79526,6.721910000000001,-0.4999999999999997,-0.8660254037844388,18,50.0,Paddy,Very High
-8.90978,-17.20812,8.298340000000001,-0.4999999999999997,-0.8660254037844388,18,50.0,Paddy,Very High
-10.54871,-16.1458,5.5970900000000015,-0.4999999999999997,-0.8660254037844388,18,50.0,Paddy,Very High
-11.05708,-17.76833,6.71125,-0.4999999999999997,-0.8660254037844388,18,50.0,Paddy,Very High
-13.29288,-17.30543,4.012550000000001,-0.4999999999999997,-0.8660254037844388,18,50.0,Paddy,Very High
-11.06515,-19.00605,7.940899999999999,-0.4999999999999997,-0.8660254037844388,18,50.0,Paddy,Very High
-11.07727,-19.07749,8.00022,-0.4999999999999997,-0.8660254037844388,18,50.0,Paddy,Very High
-14.27776,-19.54084,5.263079999999999,-0.4999999999999997,-0.8660254037844388,18,50.0,Paddy,Very High
-11.68037,-19.94098,8.26061,-0.4999999999999997,-0.8660254037844388,18,50.0,Paddy,Very High
-11.42127,-17.64969,6.22842,-0.4999999999999997,-0.8660254037844388,18,50.0,Paddy,Very High
-10.7969,-20.64874,9.85184,-0.4999999999999997,-0.8660254037844388,18,50.0,Paddy,Very High
-10.62233,-18.83365,8.211319999999999,-0.4999999999999997,-0.8660254037844388,18,50.0,Paddy,Very High
-11.55034,-20.63096,9.080620000000001,-0.4999999999999997,-0.8660254037844388,18,50.0,Paddy,Very High
-12.30328,-18.88917,6.585889999999999,-0.4999999999999997,-0.8660254037844388,18,50.0,Paddy,Very High
-11.39358,-19.07968,7.6861,-0.4999999999999997,-0.8660254037844388,18,50.0,Paddy,Very High
-8.54776,-18.05064,9.502880000000001,-0.4999999999999997,-0.8660254037844388,18,50.0,Paddy,Very High
-10.20583,-18.26329,8.05746,-0.4999999999999997,-0.8660254037844388,18,50.0,Paddy,Very High
-9.02506,-19.11093,10.08587,-0.4999999999999997,-0.8660254037844388,18,50.0,Paddy,Very High
-11.8568,-19.63762,7.7808199999999985,-0.4999999999999997,-0.8660254037844388,18,50.0,Paddy,Very High
-9.80548,-19.72249,9.917010000000001,-0.4999999999999997,-0.8660254037844388,18,50.0,Paddy,Very High
-7.75421,-13.99684,6.242630000000001,-0.4999999999999997,-0.8660254037844388,18,50.0,Paddy,Very High
-9.72525,-17.22347,7.498219999999998,-0.4999999999999997,-0.8660254037844388,18,50.0,Paddy,Very High
-7.03806,-17.00446,9.966400000000002,-0.4999999999999997,-0.8660254037844388,10,45.0,Green Manary,Very High
-8.21429,-15.87043,7.656140000000001,-0.4999999999999997,-0.8660254037844388,18,50.0,Paddy,Very High
-7.45846,-16.64296,9.1845,-0.4999999999999997,-0.8660254037844388,10,40.5333333333333,Green Manary,High
-5.49065,-17.9882,12.49755,-0.4999999999999997,-0.8660254037844388,18,50.0,Paddy,Very High
-10.19415,-20.11052,9.91637,-0.4999999999999997,-0.8660254037844388,18,50.0,Paddy,Very High
-11.80394,-19.46377,7.6598299999999995,-0.4999999999999997,-0.8660254037844388,18,50.0,Paddy,Very High
-10.8503,-20.06518,9.21488,-0.4999999999999997,-0.8660254037844388,18,50.0,Paddy,Very High
