HH-pol,HV-pol,SM1 (%),Crop Name,label,NDVI
-9.30941,-17.00176,8.2,Fallow,Medium,0.1873404830694198
-8.10325,-15.88235,44.8,Perl Millet,Very High,0.6315289735794067
-9.62345,-17.15174,6.0,Fallow,Low,0.1471215337514877
-9.94934,-19.37645,5.7,Ortho,Low,0.1759384870529174
-6.80651,-17.59076,2.7,Fallow,Low,0.1511565297842025
-9.78643,-10.79381,37.4,Perl Millet,Very High,0.6546871066093445
-8.44387,-15.33186,27.3,Perl Millet,High,0.6257938742637634
-8.75233,-18.93091,15.2,Perl Millet,Medium,0.6425702571868896
-12.47915,-18.12421,9.1,Perl Millet,Medium,0.5216646194458008
-9.48801,-14.64609,26.9,Perl Millet,High,0.6321513056755066
-7.93055,-19.29293,3.8,Fallow,Low,0.1791044771671295
-10.35046,-17.05132,4.7,Fallow,Low,0.1800498813390731
-10.06136,-19.13012,5.0,Fallow,Low,0.1244080960750579
-12.05981,-19.29424,2.1,Fallow,Low,0.24440298974514
-10.30704,-19.45123,2.4,Fallow,Low,0.133138969540596
-12.82574,-21.29368,12.6,Fallow,Medium,0.1387862861156463
-10.22037,-19.06915,5.0,Fallow,Low,0.144205555319786
-8.61756,-20.42012,6.8,Fallow,Low,0.1554054021835327
-12.73595,-17.84052,6.2,Fallow,Low,0.3019824922084808
-12.2253,-22.54355,5.83333333333333,Fallow,Low,0.2802669107913971
-10.92568,-15.49919,6.3,Fallow,Low,0.1222222223877906
-12.65881,-16.4699,3.8,Fallow,Low,0.1351063847541809
-12.57115,-20.66377,6.3,Fallow,Low,0.1114666685461998
-12.63191,-15.34244,7.0,Fallow,Low,0.130479633808136
-13.02122,-15.69567,7.6,Fallow,Low,0.1521633416414261
-11.54633,-13.21472,8.7,Fallow,Medium,0.1270833313465118
-10.58841,-15.85361,5.0,Fallow,Low,0.2728179693222046
-8.42513,-17.40769,4.0,Fallow,Low,0.1275807321071624
-12.02991,-15.60047,3.4,Fallow,Low,0.1281233429908752
-13.06616,-14.96992,5.3,Fallow,Low,0.1219008266925811
-12.04677,-19.2503,2.4,Fallow,Low,0.137948453426361
-8.4518,-17.31775,6.8,Fallow,Low,0.132763534784317
-9.3763,-19.00197,3.0,Fallow,Low,0.1442639082670211
-8.84624,-15.81384,4.3,Fallow,Low,0.154603362083435
-9.50577,-15.5643,3.03333333333333,Fallow,Low,0.1573333293199539
-7.24491,-18.34963,3.6,Fallow,Low,0.1464143395423889
-9.55814,-16.25389,4.2,Fallow,Low,0.1373368203639984
-12.91854,-19.12096,6.0,Fallow,Low,0.1409836113452911
-10.35664,-17.43173,2.3,Fallow,Low,0.2691532373428345
-11.89789,-19.27818,4.53333333333333,Fallow,Low,0.1998269855976104
-7.08127,-15.57441,2.6,Fallow,Low,0.2769080102443695
-9.99693,-18.66412,2.4,Fallow,Low,0.1982840746641159
-9.61241,-16.59726,2.8,Fallow,Low,0.4052256643772125
-9.83582,-15.61723,32.1,Fallow,Very High,0.321190595626831
-9.15462,-14.64847,5.86666666666667,Fallow,Low,0.153962641954422
-5.9622,-16.00036,14.4,Fallow,Medium,0.1294820755720138
-7.39929,-16.99431,23.3,Fallow,High,0.4290123581886291
-12.4412,-18.07345,4.3,Fallow,Low,0.1404369175434112
-9.06017,-20.28106,40.6,Fallow,Very High,0.1408526748418808
-10.5291,-19.31998,25.4666666666667,Fallow,High,0.1502801775932312
-9.95405,-12.73768,4.5,Fallow,Low,0.5564744472503662
-9.48952,-17.54862,52.2,Dalia,Very High,0.7267605662345886
-10.76591,-18.80001,25.1,Perl Millet,High,0.203382670879364
-12.10011,-13.80231,17.2,Jowar,High,0.240473061800003
-10.91712,-19.1987,5.2,Fallow,Low,0.7614809274673462
-7.81574,-18.94311,4.8,Fallow,Low,0.1638612151145935
-6.59767,-18.39282,27.4,Fallow,High,0.3601547479629516
-10.1896,-14.50748,37.3,Fallow,Very High,0.2587831914424896
-9.96887,-15.24612,8.2,Fallow,Medium,0.4030274450778961
-12.61298,-20.17157,5.86666666666667,Fallow,Low,0.2284569144248962
-13.38488,-19.73572,4.1,Fallow,Low,0.2741635739803314
-9.36742,-16.36509,3.5,Fallow,Low,0.1321480125188827
-8.86449,-15.5614,4.0,Fallow,Low,0.2359015047550201
-10.81193,-15.77439,3.8,Fallow,Low,0.2451838850975036
-12.77497,-17.40721,5.13333333333333,Fallow,Low,0.1332082599401474
-9.92453,-18.7951,3.6,Fallow,Low,0.178557351231575
-11.65075,-17.92907,5.1,Fallow,Low,0.1991360634565353
-12.55268,-17.39989,16.0,Fallow,Medium,0.1665319353342056
-8.42385,-19.05501,2.8,Fallow,Low,0.2142857164144516
-10.12433,-19.84436,10.7666666666667,Fallow,Medium,0.3142584562301636
-8.62324,-17.74773,3.2,Fallow,Low,0.2110344767570495
-13.38404,-18.17859,6.5,Fallow,Low,0.212167888879776
-9.93938,-18.48502,6.0,Fallow,Low,0.1511193960905075
-12.57221,-19.60516,4.9,Fallow,Low,0.1514590084552765
-11.58666,-22.13792,6.06666666666667,Fallow,Low,0.2010135203599929
-11.84989,-18.48023,9.6,Fallow,Medium,0.1978771835565567
-10.29152,-16.81516,3.4,Fallow,Low,0.1943410336971283
-11.18491,-20.68605,21.8,Fallow,High,0.4576523005962372
-9.20688,-19.93405,5.9,Fallow,Low,0.260567158460617
-9.82747,-20.41621,4.6,Fallow,Low,0.2023121416568756
-11.9066,-15.6542,3.9,Fallow,Low,0.4524647891521454
-8.62748,-16.12485,21.5,Perl Millet,High,0.6306620240211487
-10.26128,-17.77907,15.8,Perl Millet,Medium,0.5869331359863281
-9.58333,-15.26672,3.8,Fallow,Low,0.2784862220287323
-10.80369,-16.14764,23.8,Perl Millet,High,0.3769445419311523
-11.40774,-16.74591,2.7,Fallow,Low,0.1981292515993118
-10.66648,-18.70679,2.3,Fallow,Low,0.1957878321409225
-10.40914,-19.00854,3.8,Fallow,Low,0.3258785903453827
-10.64451,-14.9134,4.4,Fallow,Low,0.1670822948217392
-10.85311,-15.57489,3.03333333333333,Fallow,Low,0.2732510268688202
-9.77731,-14.99134,14.3,Perl Millet,Medium,0.4789579212665558
-9.90516,-15.88723,10.0,Fodder,Medium,0.7092699408531189
-7.98585,-13.54009,11.0666666666667,Perl Millet,Medium,0.5629791617393494
-11.59984,-15.24045,2.7,Fallow,Low,0.1461187154054641
-10.15491,-16.6594,1.8,Fallow,Low,0.136590227484703
-10.27771,-15.62443,6.5,Fallow,Low,0.1409749686717987
-11.41008,-14.18518,4.3,Fallow,Low,0.1528223901987075
-9.99171,-17.71975,4.3,Fallow,Low,0.1353104710578918
-9.99353,-17.59457,11.1,Perl Millet,Medium,0.1476297974586486
-16.11224,-16.47931,3.4,Fallow,Low,0.1339805871248245
-12.40588,-18.25706,3.4,Fallow,Low,0.1318477243185043
-10.10306,-20.26867,10.0,Perl Millet,Medium,0.3957597315311432
-11.42363,-18.8493,3.5,Fallow,Low,0.1318327933549881
-10.27678,-15.48715,24.0,Perl Millet,High,0.4801444113254547
-10.50687,-19.34296,9.0,Perl Millet,Medium,0.3431058228015899
-9.73199,-20.68956,8.1,Fallow,Medium,0.1514271944761276
-4.61541,-16.63832,8.2,Fallow,Medium,0.1694036275148391
-5.96827,-17.78609,7.63333333333333,Fallow,Low,0.2960222065448761
-8.34858,-15.88976,6.7,Fallow,Low,0.1424847990274429
-11.14656,-17.52194,4.5,Fallow,Low,0.1269702315330505
-8.52316,-20.67591,7.2,Fallow,Low,0.1368322372436523
-10.1982,-20.33198,10.9,Fallow,Medium,0.5983995795249939
-8.41919,-16.53362,7.3,Fallow,Low,0.1165876761078834
-12.539,-19.59726,3.1,Fallow,Low,0.2044117599725723
-9.71709,-19.0863,6.3,Fallow,Low,0.1534977406263351
-8.58314,-19.84718,8.2,Fallow,Medium,0.3460826575756073
-10.10585,-19.30422,3.1,Fallow,Low,0.1531746089458465
-8.63957,-17.63755,3.06666666666667,Fallow,Low,0.1459074765443802
-11.70591,-19.3558,4.8,Fallow,Low,0.2034115195274353
-12.5956,-18.66204,6.0,Fallow,Low,0.1315563172101974
-8.31751,-16.24288,4.7,Fallow,Low,0.2219740897417068
-13.69957,-17.91339,5.3,Fallow,Low,0.1280076950788498
-12.82822,-17.00291,3.93333333333333,Fallow,Low,0.1805309802293777
-10.14318,-16.18518,7.5,Fallow,Low,0.1600928008556366
-9.92714,-13.4896,5.5,Fallow,Low,0.1386224925518036
-8.02571,-17.00131,3.6,Fallow,Low,0.1260794401168823
-8.50091,-14.90316,24.3,Perl Millet,High,0.5894039869308472
-6.79147,-13.40384,4.13333333333333,Fallow,Low,0.3975563943386078
-11.39931,-16.95714,3.9,Fallow,Low,0.1338510662317276
-10.37276,-18.10662,3.2,Fallow,Low,0.1413562595844268
-12.73931,-18.60884,6.2,Fallow,Low,0.1933790892362594
-13.7772,-20.55642,6.0,Fallow,Low,0.1576746106147766
-13.01777,-18.87309,5.2,Fallow,Low,0.2299049198627472
-12.12883,-17.83792,4.6,Fallow,Low,0.1077191457152366
-10.56085,-18.90542,7.2,Perl Millet,Low,0.0897435918450355
-10.87192,-17.31002,6.4,Fallow,Low,0.0946180522441864
-11.11697,-17.88612,9.6,Lemon,Medium,0.1886429190635681
-8.47505,-17.83606,3.9,Fallow,Low,0.1814059019088745
-13.27059,-18.08,9.9,Fallow,Medium,0.127756655216217
-9.52774,-15.92632,4.6,Fallow,Low,0.1066460609436035
-11.35041,-18.37833,9.4,Perl Millet,Medium,0.2362238317728042
-11.05268,-20.60588,5.6,Perl Millet,Low,0.1289308220148086
-10.55465,-18.73426,3.63333333333333,Fallow,Low,0.1470361799001693
-8.04576,-16.04432,4.8,Fallow,Low,0.2271880805492401
-11.49121,-14.58091,6.0,Fallow,Low,0.1072210073471069
-12.41822,-19.93744,7.0,Fallow,Low,0.0995184555649757
-8.47065,-18.07469,6.1,Fallow,Low,0.1520467847585678
-9.38149,-15.65567,4.66666666666667,Fallow,Low,0.1015560999512672
-9.76782,-19.85343,5.6,Fallow,Low,0.1128309592604637
-8.08993,-20.00043,6.0,Fallow,Low,0.0914105623960495
-13.25882,-19.69639,7.5,Fallow,Low,0.1271560341119766
-12.57703,-18.34802,6.0,Fallow,Low,0.4406912922859192
-12.42413,-21.58351,4.23333333333333,Fallow,Low,0.1238903924822807
-8.81033,-16.99902,4.5,Fallow,Low,0.100794643163681
-9.55602,-20.43587,4.4,Fallow,Low,0.0855704694986343
-10.88357,-19.17058,4.9,Fallow,Low,0.0791788846254348
-9.89672,-18.51013,5.1,Fallow,Low,0.0829769000411033
-9.94744,-19.98977,5.23333333333333,Fallow,Low,0.1011419221758842
-9.73473,-17.54627,3.1,Fallow,Low,0.1154210045933723
-8.39772,-18.18887,3.4,Fallow,Low,0.1854684501886367
-10.90219,-20.4282,5.3,Fallow,Low,0.0867106467485427
-9.06636,-20.15195,5.9,Fallow,Low,0.1101928353309631
-9.98621,-19.54142,5.1,Fallow,Low,0.0898524820804596
-13.52166,-18.06394,5.3,Fallow,Low,0.1488423347473144
-9.53244,-21.01332,2.0,Fallow,Low,0.1473102122545242
-12.92742,-18.34117,5.6,Fallow,Low,0.1128860488533973
-12.30961,-18.75179,4.5,Fallow,Low,0.1229586899280548
-7.23649,-17.44619,2.9,Fallow,Low,0.1059360727667808
-5.30355,-16.9171,4.4,Fallow,Low,0.1368728727102279
-10.80022,-20.36597,5.2,Fallow,Low,0.1548784971237182
-9.4701,-20.03633,4.4,Fallow,Low,0.1676706820726394
-8.81859,-20.72062,6.33333333333333,Fallow,Low,0.1578947305679321
-6.31535,-14.88891,5.9,Fallow,Low,0.1594064086675644
-10.88244,-17.12181,9.6,Fallow,Medium,0.2388664036989212
-13.55108,-17.08879,10.6,Fallow,Medium,0.2937032282352447
-6.13137,-14.66002,8.4,Fallow,Medium,0.598556637763977
-5.91162,-15.37017,3.0,Jowar,Low,0.148505300283432
-10.59007,-20.75805,5.2,Fallow,Low,0.0713468119502067
-11.84047,-20.21469,3.6,Fallow,Low,0.1122950837016105
-12.92395,-17.17836,4.0,Fallow,Low,0.1353166997432708
-11.04887,-19.74615,14.3,Fallow,Medium,0.0901537165045738
-10.3795,-19.64087,4.73333333333333,Fallow,Low,0.0975908562541008
-10.67191,-17.0116,8.8,Fallow,Medium,0.1341911703348159
-11.12071,-17.89982,7.5,Fallow,Low,0.1748427599668502
-6.98058,-19.11699,16.5,Fallow,Medium,0.118716575205326
-11.10559,-15.65273,5.1,Fallow,Low,0.1482076048851013
-12.85345,-16.76506,5.03333333333333,Fallow,Low,0.1287844628095626
-10.27833,-19.20464,10.1,Fallow,Medium,0.1248630881309509
-11.12096,-18.51127,4.0,Fallow,Low,0.1559633016586303
-10.82477,-17.25841,10.9,Fallow,Medium,0.2089470773935318
-9.44621,-20.6972,12.1,Fallow,Medium,0.1796678453683853
-8.39153,-21.29637,7.6,Jowar,Low,0.1415337175130844
-11.58569,-18.73344,4.5,Fallow,Low,0.1359912604093551
-11.61284,-21.14886,9.2,Fallow,Medium,0.1299153864383697
-10.98072,-20.57076,8.6,Fallow,Medium,0.1492795348167419
-11.73344,-14.9529,5.3,Fallow,Low,0.3251994252204895
-12.89758,-22.37228,8.8,Fallow,Medium,0.1330049186944961
-11.03072,-22.94161,7.9,Fallow,Low,0.1474043130874633
-9.26711,-18.83701,8.0,Fallow,Low,0.0932105854153633
-9.15293,-16.9023,7.5,Fallow,Low,0.1133501231670379
-9.37779,-18.77598,7.7,Fallow,Low,0.0615980289876461
-10.19527,-21.27054,6.53333333333333,Fallow,Low,0.0900225043296814
-13.58312,-19.5702,10.1,Fallow,Medium,0.1170858666300773
-7.60856,-17.88892,7.3,Fallow,Low,0.1618221253156662
-11.93629,-20.25759,5.7,Fallow,Low,0.1594713628292083
-10.76908,-18.3809,10.9,Fallow,Medium,0.1644100546836853
-10.11747,-17.90145,11.1666666666667,Fallow,Medium,0.1058718860149383
-9.63513,-14.17819,7.2,Fallow,Low,0.4419306218624115
-10.83231,-19.34392,12.2,Fallow,Medium,0.2553578019142151
-12.4923,-17.70054,3.6,Fallow,Low,0.1113537102937698
-13.35141,-18.0166,3.5,Fallow,Low,0.1356119066476822
-12.41044,-19.67101,5.0,Fallow,Low,0.1264619827270507
-11.44702,-19.2646,4.1,Fallow,Low,0.2435344755649566
-11.85436,-17.14774,2.0,Fallow,Low,0.1661506742238998
-9.85575,-18.12351,3.3,Fallow,Low,0.227009117603302
-8.82562,-17.03471,26.5,Fallow,High,0.3101265728473663
-12.17636,-19.5592,3.56666666666667,Fallow,Low,0.1437095999717712
-8.50558,-15.9439,3.5,Fallow,Low,0.1761363595724105
-9.61547,-16.58741,9.7,Perl Millet,Medium,0.2923462986946106
-8.48319,-14.92623,8.1,Perl Millet,Medium,0.3127538561820984
-9.25361,-16.75519,4.2,Fallow,Low,0.1965535879135131
-7.76838,-15.93639,9.8,Perl Millet,Medium,0.3251231610774994
-10.4109,-17.86766,2.3,Fallow,Low,0.177142858505249
-11.28137,-19.2223,3.8,Fallow,Low,0.1580400317907333
-14.32589,-18.3308,5.8,Fallow,Low,0.3296482264995575
-12.17004,-15.89186,3.4,Fallow,Low,0.1258544474840164
-10.30995,-18.01309,3.73333333333333,Fallow,Low,0.1813214123249054
-10.97115,-19.15121,5.8,Fallow,Low,0.1429961025714874
-10.79507,-18.25691,5.9,Fallow,Low,0.2901119291782379
-10.51529,-17.58019,4.9,Fallow,Low,0.1371640413999557
-11.15279,-18.58536,8.9,Fallow,Medium,0.7318975329399109
-12.51155,-16.91809,4.1,Maize,Low,0.1205857023596763
-9.56054,-14.20705,5.0,Fallow,Low,0.0936073064804077
-9.97564,-17.33197,21.7,Fallow,High,0.0988700538873672
-12.70208,-21.24128,6.0,Fallow,Low,0.0879940316081047
-8.70931,-15.94359,5.7,Fallow,Low,0.1050955429673194
-8.82938,-20.02662,4.93333333333333,Fallow,Low,0.1514904052019119
-12.36847,-17.67123,6.6,Fallow,Low,0.078248880803585
-9.98334,-20.29229,4.5,Fallow,Low,0.0758998468518257
-11.12333,-22.18016,4.9,Fallow,Low,0.1069767475128173
-10.66911,-18.22038,6.5,Fallow,Low,0.1118061020970344
-11.66468,-20.84065,6.7,Fallow,Low,0.0930460318922996
-11.27748,-18.23177,1.3,Fallow,Low,0.2029562294483184
-9.71333,-14.93049,1.5,Fallow,Low,0.2239955961704254
-12.87783,-17.31876,5.5,Fallow,Low,0.1244939267635345
-11.93946,-16.6588,6.6,Fallow,Low,0.1197349727153778
-11.75839,-16.83139,4.73333333333333,Fallow,Low,0.1362955570220947
-10.72236,-17.07624,6.7,Fallow,Low,0.1012203842401504
-8.76442,-20.7882,5.1,Fallow,Low,0.0968224331736564
-12.13231,-19.25582,4.5,Fallow,Low,0.0884157344698906
-9.63208,-18.72573,12.3,Fallow,Medium,0.1072691529989242
-8.37543,-19.00868,5.46666666666667,Fallow,Low,0.0840602666139602
-10.17586,-19.2662,5.8,Fallow,Low,0.249140053987503
-12.2818,-18.61947,24.8,Fallow,High,0.1402404159307479
-9.11226,-17.7916,10.7,Fallow,Medium,0.136817380785942
-10.8465,-17.73043,5.0,Fallow,Low,0.0949345827102661
-8.68175,-17.82693,5.9,Fallow,Low,0.2068800777196884
-13.66941,-17.14915,31.9,Fallow,Very High,0.2853025794029236
-15.03101,-20.1679,5.4,Fallow,Low,0.1855983734130859
-13.244,-19.5706,4.7,Fallow,Low,0.1402085721492767
-11.22909,-17.73561,1.9,Fallow,Low,0.0765492096543312
-15.27264,-18.05136,2.13333333333333,Fallow,Low,0.095238097012043
-8.04853,-17.97629,23.3,Fallow,High,0.1659919023513794
-10.66532,-15.91695,7.1,Fallow,Low,0.1202084124088287
-10.26165,-19.33342,5.2,Fallow,Low,0.0954616591334343
-9.21452,-15.38738,5.7,Fallow,Low,0.1643678098917007
-10.16959,-19.17929,5.16666666666667,Fallow,Low,0.1196054220199585
-11.8137,-18.54244,5.5,Fallow,Low,0.208906888961792
-11.95471,-20.28526,3.6,Fallow,Low,0.0749692767858505
-9.54902,-17.59835,6.2,Fallow,Low,0.1648535579442978
-11.22326,-18.5828,7.3,Fallow,Low,0.1020408198237419
-11.10386,-17.03619,7.33333333333333,Fallow,Low,0.1178707256913185
-7.38713,-15.09099,24.4,Fallow,High,0.7027215361595154
-6.2574,-12.05392,41.0,Paddy,Very High,0.8790882229804993
-8.44134,-16.46069,25.3,Paddy,High,0.8432494401931763
-2.85467,-17.00499,53.7,Orchad,Very High,0.4553853571414947
-6.88868,-12.32378,49.3,Paddy,Very High,0.8772668838500977
-3.97072,-16.29953,50.0,Paddy,Very High,0.8532404899597168
-4.72315,-14.51099,50.0,Paddy,Very High,0.8695876002311707
-6.20342,-14.23523,50.0,Paddy,Very High,0.8642678260803223
-3.75298,-15.14806,50.0,Paddy,Very High,0.827261745929718
-5.38613,-17.08112,50.0,Paddy,Very High,0.8233196139335632
-7.39166,-9.1063,50.0,Paddy,Very High,0.821561336517334
-5.273,-12.95383,50.0,Paddy,Very High,0.8376938104629517
-5.28297,-14.08056,44.2,Paddy,Very High,0.8467909097671509
-6.95083,-13.64403,39.8,Paddy,Very High,0.8275198936462402
-7.09757,-14.043,37.8333333333333,Paddy,Very High,0.8181818127632141
-8.20464,-16.64977,40.8,Paddy,Very High,0.8392564058303833
-4.87058,-16.89353,43.7,Paddy,Very High,0.8750322461128235
-4.55784,-16.67149,46.5,Paddy,Very High,0.8153929114341736
-6.59729,-13.9734,20.8,Fallow,High,0.5315179228782654
-6.60565,-16.34644,50.0,Paddy,Very High,0.8632687926292419
-4.76756,-13.00728,50.0,Paddy,Very High,0.8333796262741089
-6.36367,-15.02861,50.0,Paddy,Very High,0.8193769454956055
-7.27669,-16.78046,50.0,Paddy,Very High,0.8445596098899841
-3.74459,-15.64025,50.0,Paddy,Very High,0.8721628189086914
-7.22014,-16.0361,50.0,Paddy,Very High,0.84913569688797
-6.95673,-15.10044,50.0,Paddy,Very High,0.8255813717842102
-8.25937,-14.49804,50.0,Paddy,Very High,0.8243164420127869
-7.20351,-12.98312,50.0,Paddy,Very High,0.8889169692993164
-4.98963,-16.98427,50.0,Paddy,Very High,0.8845770955085754
-6.0826,-14.58547,50.0,Paddy,Very High,0.8189845681190491
-6.19544,-13.75025,50.0,Paddy,Very High,0.8545454740524292
-10.42013,-18.08521,50.0,Paddy,Very High,0.8786219358444214
-6.72844,-16.71515,50.0,Paddy,Very High,0.8637407422065735
-6.49229,-16.83213,50.0,Paddy,Very High,0.8777675032615662
-10.29932,-15.73432,50.0,Paddy,Very High,0.8689570426940918
-9.37322,-13.50721,50.0,Paddy,Very High,0.713131308555603
-6.11948,-14.53983,50.0,Paddy,Very High,0.576815664768219
-6.07232,-16.53215,50.0,Paddy,Very High,0.1590443700551986
-6.63722,-12.84217,50.0,Paddy,Very High,0.3164905905723572
-5.9934,-13.82399,50.0,Paddy,Very High,0.3478041291236877
-7.50381,-18.24995,50.0,Paddy,Very High,0.7250268459320068
-5.88805,-14.23372,33.1,Paddy,Very High,0.7786445617675781
-4.52708,-15.08702,50.0,Paddy,Very High,0.7754200100898743
-7.98117,-18.49023,22.5,Fallow,High,0.3301617503166199
-6.66725,-18.4706,50.0,Paddy,Very High,0.6946075558662415
-6.41655,-16.98897,50.0,Paddy,Very High,0.6575729250907898
-4.60409,-16.83565,50.0,Paddy,Very High,0.6863504648208618
-5.1949,-14.37999,50.0,Paddy,Very High,0.7060677409172058
-4.85469,-15.77813,40.4,Paddy,Very High,0.7407035231590271
-5.05693,-16.71887,50.0,Paddy,Very High,0.6376210451126099
-6.35198,-15.12945,50.0,Paddy,Very High,0.8146101832389832
-4.52847,-14.65907,50.0,Paddy,Very High,0.8205655813217163
-4.95791,-16.31956,42.7,Paddy,Very High,0.8656527400016785
-4.80316,-14.81964,38.1,Fallow,Very High,0.7166408896446228
-3.79642,-16.69548,50.0,Paddy,Very High,0.8428769111633301
-8.03541,-12.67302,25.7,Fallow,High,0.3080213963985443
-7.59181,-12.08597,24.4,Fallow,High,0.3059263229370117
-8.10765,-12.8694,30.2,Perl Millet,High,0.6453933715820312
-9.55976,-12.23526,32.3,Perl Millet,Very High,0.5670151114463806
-9.57895,-11.0488,26.9333333333333,Perl Millet,High,0.6333408355712891
-6.66593,-13.70446,25.7,Jowar,High,0.4254394173622131
-5.73409,-11.53527,25.0,Jowar,High,0.5477572679519653
-5.36592,-13.03373,37.7,Perl Millet,Very High,0.3143617808818817
-6.55107,-12.55879,30.5,Fallow,High,0.2143979370594024
-5.17544,-13.14677,29.8,Jowar,High,0.3210892975330353
-7.81748,-12.70248,29.4,Jowar,High,0.1766330301761627
-8.20132,-11.33044,32.2,Fallow,Very High,0.1040860936045646
-6.81515,-14.83563,36.8,Fallow,Very High,0.0890146866440773
-7.53377,-11.8508,41.1,Paddy,Very High,0.2147926092147827
-7.23958,-12.56512,30.9666666666667,Fallow,High,0.1459123790264129
-8.14768,-15.77665,36.1,Perl Millet,Very High,0.3735860288143158
-8.23199,-13.13017,35.5,Perl Millet,Very High,0.1126126125454902
-8.43148,-13.11874,50.0,Paddy,Very High,0.2357078939676284
-6.11649,-16.90045,35.9,Perl Millet,Very High,0.3568862378597259
-9.42138,-17.96617,34.4333333333333,Perl Millet,Very High,0.1956423074007034
-7.58366,-15.71152,39.1,Paddy,Very High,0.7030093669891357
-2.94859,-13.97028,28.1,Jowar,High,0.5726351141929626
-1.43595,-13.23508,36.5,Perl Millet,Very High,0.7002393007278442
-5.49269,-14.88128,26.0,Fallow,High,0.3596584796905517
-4.19633,-13.65325,50.0,Paddy,Very High,0.8223194479942322
-4.70233,-11.76186,23.8,Fallow,High,0.3942528665065765
-4.99361,-9.55766,26.5,Fallow,High,0.4148471653461456
-3.81434,-8.98321,32.9666666666667,Fallow,Very High,0.3660818636417389
-10.1728,-14.82236,48.7,Paddy,Very High,0.8140896558761597
-9.50731,-14.07459,43.5,Paddy,Very High,0.8097412586212158
-8.31541,-14.23503,43.0,Paddy,Very High,0.7999641299247742
-8.77887,-15.80917,43.9,Paddy,Very High,0.7874923944473267
-8.26804,-16.34328,45.9333333333333,Paddy,Very High,0.7997344732284546
-8.25896,-15.51185,50.0,Paddy,Very High,0.8107497692108154
-4.07168,-13.62378,50.0,Paddy,Very High,0.8248234391212463
-3.24645,-16.70486,50.0,Perl Millet,Very High,0.8121353387832642
-6.0956,-14.8831,50.0,Perl Millet,Very High,0.7530093789100647
-7.57461,-16.45597,50.0,Perl Millet,Very High,0.7999613881111145
-10.36355,-15.29136,26.2,Paddy,High,0.8219258785247803
-8.44209,-14.3791,13.4,Fallow,Medium,0.4080533385276794
-5.87107,-15.78801,50.0,Paddy,Very High,0.8056930899620056
-7.77546,-12.98961,37.5,Paddy,Very High,0.7787742614746094
-7.12148,-10.30859,35.4333333333333,Paddy,Very High,0.7967793345451355
-7.23443,-12.65618,24.5,Fallow,High,0.3874538838863373
-7.72299,-13.91962,48.8,Paddy,Very High,0.8683081269264221
-6.89739,-12.67178,43.7,Paddy,Very High,0.8393146395683289
-4.56618,-11.84326,19.9,Fallow,High,0.3643892407417297
-6.09577,-12.73796,26.8666666666667,Fallow,High,0.4808138012886047
-7.69476,-15.0524,40.0,Paddy,Very High,0.8677130341529846
-5.04545,-15.27458,29.1,Paddy,High,0.867209792137146
-5.76332,-16.14313,43.7,Paddy,Very High,0.8003602027893066
-8.85327,-14.98321,30.3,Paddy,High,0.8073469400405884
-7.76935,-16.99055,43.1,Paddy,Very High,0.8678917288780212
-6.04081,-11.59471,47.4,Paddy,Very High,0.8782650232315063
-7.12837,-14.80381,50.0,Paddy,Very High,0.8381051421165466
-4.52744,-13.2964,28.7,Fallow,High,0.292653739452362
-8.73387,-13.20201,46.0,Paddy,Very High,0.8574483394622803
-4.37301,-14.05658,28.8333333333333,Fallow,High,0.3161764740943908
-9.67993,-17.06888,8.6,Fallow,Medium,0.2948378026485443
-6.8702,-16.07295,31.6,Paddy,Very High,0.7772901654243469
-9.79337,-13.75319,13.7,Paddy,Medium,0.4918837249279022
-7.31254,-14.62754,29.2,Lemon,High,0.3330253958702087
-7.58662,-14.73556,8.93333333333333,Paddy,Medium,0.5874635577201843
-7.78498,-13.26301,37.4,Paddy,Very High,0.7553793787956238
-9.07334,-14.50024,40.9,Paddy,Very High,0.7862181067466736
-9.23549,-16.15772,24.7,Paddy,High,0.7852855920791626
-9.41912,-14.03018,29.4,Paddy,High,0.7056145668029785
-7.69788,-13.62584,38.3666666666667,Paddy,Very High,0.7657560110092163
-4.22983,-14.17036,36.6,Paddy,Very High,0.7270742654800415
-9.40017,-13.39128,35.2,Paddy,Very High,0.650124728679657
-5.8318,-15.231,35.9,Paddy,Very High,0.749382734298706
-6.41246,-11.81783,40.8,Paddy,Very High,0.7602356672286987
-6.39611,-13.92856,44.3333333333333,Paddy,Very High,0.7466743588447571
-7.62499,-17.3326,26.6,Paddy,High,0.683698296546936
-9.90959,-18.79653,21.3,Paddy,High,0.8500152826309204
-10.23597,-17.30018,38.2,Paddy,Very High,0.7996411323547363
-10.87947,-16.49611,19.7,Fallow,High,0.4378278255462646
-10.36803,-18.50712,20.1333333333333,Paddy,High,0.790052056312561
-7.69793,-17.60595,30.6,Paddy,High,0.8116101026535034
-8.81273,-17.85205,30.4,Paddy,High,0.848468542098999
-9.02416,-15.41681,24.8,Paddy,High,0.8477580547332764
-6.71782,-17.32557,34.9,Paddy,Very High,0.8448895812034607
-6.23676,-18.16079,33.0333333333333,Paddy,Very High,0.8319811820983887
-7.473,-13.92515,30.3,Paddy,High,0.7789964079856873
-5.13573,-15.53998,31.0,Paddy,High,0.7770800590515137
-10.0797,-11.75667,22.4,Paddy,High,0.7333333492279053
-8.12062,-14.28938,29.8,Paddy,High,0.7523186206817627
-8.9432,-17.14628,24.5,Paddy,High,0.7766605019569397
-7.58157,-12.42122,52.4,Paddy,Very High,0.7948858737945557
-8.01205,-13.44829,50.0,Paddy,Very High,0.8089829683303833
-5.95296,-15.15676,50.0,Paddy,Very High,0.7618025541305542
-9.17134,-15.60565,50.0,Paddy,Very High,0.8070836663246155
-10.9238,-14.99635,50.0,Paddy,Very High,0.819428563117981
-7.69929,-13.02082,50.0,Paddy,Very High,0.7991214990615845
-9.1117,-16.77862,52.7,Paddy,Very High,0.7947142124176025
-6.35071,-12.19522,27.9,Paddy,High,0.806251585483551
-9.28166,-17.65554,31.8,Paddy,Very High,0.7777777910232544
-4.76673,-15.52828,28.2,Fallow,High,0.2071713209152221
-7.87006,-15.14446,50.0,Paddy,Very High,0.7962852120399475
-11.05152,-16.3981,14.1,Paddy,Medium,0.7709923386573792
-10.92141,-17.05293,23.0,Paddy,High,0.7782721519470215
-4.21314,-15.7392,44.4,Paddy,Very High,0.4274636507034302
-6.47818,-13.12915,50.0,Paddy,Very High,0.7808141112327576
-6.14736,-14.43242,39.0666666666667,Paddy,Very High,0.7563218474388123
-3.62777,-13.21088,50.0,Paddy,Very High,0.8443113565444946
-4.0697,-15.21458,50.0,Paddy,Very High,0.819510817527771
-6.7287,-14.78814,50.0,Paddy,Very High,0.8480585217475891
-4.56948,-14.55198,50.0,Paddy,Very High,0.8567399978637695
-4.80457,-13.92447,50.0,Paddy,Very High,0.827368438243866
-5.82408,-14.0258,50.2,Paddy,Very High,0.7073732614517212
-5.21816,-15.5259,50.0,Paddy,Very High,0.8061452507972717
-5.90603,-10.93259,34.2,Paddy,Very High,0.6060836315155029
-6.46341,-18.11471,31.3,Fallow,Very High,0.507219672203064
-5.34019,-14.61141,50.0,Paddy,Very High,0.7773279547691345
-9.47756,-12.58843,16.2,Fallow,Medium,0.2231037765741348
-7.00555,-15.2191,12.9,Fallow,Medium,0.1786699295043945
-6.14996,-14.44698,15.6,Perl Millet,Medium,0.4022786915302276
-8.43812,-17.32951,12.7,Perl Millet,Medium,0.3547589480876922
-10.12827,-18.05722,12.6,Perl Millet,Medium,0.4228769540786743
-5.08836,-12.31809,8.8,Perl Millet,Medium,0.4266318678855896
-6.68482,-15.1893,8.8,Perl Millet,Medium,0.5175141096115112
-11.915,-16.77444,9.6,Fallow,Medium,0.6778300404548645
-11.91964,-16.85568,27.6,Perl Millet,High,0.217716783285141
-7.88292,-15.42486,6.76666666666667,Perl Millet,Low,0.4605263173580169
-6.87637,-16.65811,8.8,Fallow,Medium,0.7013773918151855
-9.17609,-11.99697,8.4,Jowar,Medium,0.4763705134391784
-8.14816,-14.95836,8.0,Fallow,Low,0.3632958829402923
-5.66477,-15.13717,28.3,Paddy,High,0.7489878535270691
-8.43595,-16.21147,8.0,Fallow,Low,0.4709810018539428
-8.72562,-14.55278,41.8,Paddy,Very High,0.7821373343467712
-7.86327,-16.91076,31.0,Fallow,High,0.3115891814231872
-6.91781,-15.05523,34.1,Fallow,Very High,0.5120455622673035
-4.07846,-14.83412,41.6,Paddy,Very High,0.7570412755012512
-8.59369,-14.49742,14.2,Jowar,Medium,0.6207573413848877
-9.07801,-14.3956,37.2,Fallow,Very High,0.3532219529151916
-12.36725,-16.46464,13.8,Fallow,Medium,0.1596935838460922
-9.49287,-19.4676,26.1,Paddy,High,0.692995548248291
-10.57321,-19.14912,11.9,Fallow,Medium,0.1694312840700149
-7.49887,-15.38953,14.9,Fallow,Medium,0.1646919399499893
-9.96286,-16.12926,13.8333333333333,Fallow,Medium,0.1781326830387115
-8.98184,-16.02619,25.6,Paddy,High,0.237141877412796
-10.29964,-15.98919,21.7,Paddy,High,0.222533106803894
-8.37857,-16.84818,29.9,Paddy,High,0.2236891686916351
-9.08714,-16.61518,40.2,Paddy,Very High,0.2054982781410217
-8.37454,-13.84557,35.9666666666667,Paddy,Very High,0.2224753201007843
-7.08157,-15.75737,14.0,Paddy,Medium,0.386918842792511
-8.60075,-15.75984,16.0,Fallow,Medium,0.2000000029802322
-6.13209,-13.5268,31.0,Paddy,High,0.7088270783424377
-10.67223,-15.55887,36.4,Paddy,Very High,0.6562414765357971
-9.86522,-15.08194,50.0,Paddy,Very High,0.7142133116722107
-6.04073,-12.52337,11.4,Fallow,Medium,0.2142038941383361
-8.28367,-13.97348,38.6,Paddy,Very High,0.2520267963409424
-11.33464,-17.242,50.0,Paddy,Very High,0.6774193644523621
-10.73824,-16.65344,8.5,Fallow,Medium,0.1932681798934936
-8.06631,-14.8909,10.1666666666667,Fallow,Medium,0.2712146341800689
-6.80049,-13.25469,48.1,Paddy,Very High,0.7038902640342712
-5.82878,-14.65034,21.5,Paddy,High,0.6349709630012512
-9.37152,-15.99012,20.7,Paddy,High,0.6983606815338135
-10.00388,-11.25435,19.3,Paddy,High,0.6722192168235779
-9.00572,-14.08299,20.1,Paddy,High,0.7070484757423401
-10.23989,-12.9441,41.8,Paddy,Very High,0.7245509028434753
-8.30494,-16.09564,43.4,Paddy,Very High,0.7451779246330261
-6.76528,-14.11871,30.6,Paddy,High,0.2332337796688079
-6.64412,-13.80327,16.6,Paddy,High,0.5062761306762695
-7.14885,-12.24361,18.6,Paddy,High,0.2335546165704727
-7.2251,-15.31476,15.4,Fallow,Medium,0.1740240752696991
-7.12465,-15.65603,11.0,Paddy,Medium,0.5157360434532166
-9.24639,-15.80069,13.1,Paddy,Medium,0.2140575051307678
-8.71673,-17.20822,20.8,Lemon,High,0.5397863984107971
-7.06178,-17.07947,12.2,Paddy,Medium,0.3409592509269714
-7.43414,-14.51735,17.9,Paddy,High,0.522580623626709
-7.12501,-16.43618,10.7,Paddy,Medium,0.5841790437698364
-7.91534,-17.33915,23.6,Paddy,High,0.4682037830352783
-9.74557,-14.95861,27.0,Paddy,High,0.237084224820137
-7.58933,-15.34737,21.1666666666667,Paddy,High,0.583984375
-7.60925,-13.21455,21.2,Paddy,High,0.5922551155090332
-4.60224,-16.31329,19.9,Paddy,High,0.4842070937156677
-7.84144,-15.75865,16.2,Paddy,Medium,0.5536637306213379
-8.24454,-13.49637,18.3,Paddy,High,0.5716713666915894
-6.73637,-15.9156,18.4,Paddy,High,0.5879666805267334
-8.51199,-12.73815,40.2,Paddy,Very High,0.6735153198242188
-5.5378,-15.22541,21.2,Paddy,High,0.693261444568634
-13.24095,-17.84823,50.0,Paddy,Very High,0.6135770082473755
-9.87248,-13.04388,21.8,Fallow,High,0.4658417105674743
-9.73063,-15.76775,50.0,Paddy,Very High,0.656670093536377
-8.20933,-15.29454,20.4,Paddy,High,0.7254027128219604
-8.41655,-15.6332,25.6,Paddy,High,0.7384540438652039
-6.41996,-15.99634,36.7,Paddy,Very High,0.7117117047309875
-6.15002,-17.00401,19.6,Paddy,High,0.7256857752799988
-7.99491,-15.89964,26.3666666666667,Paddy,High,0.7369726896286011
-8.20146,-12.45911,26.0,Paddy,High,0.6018264889717102
-6.83616,-13.64874,28.5,Paddy,High,0.6192533373832703
-6.95836,-12.55582,18.8,Paddy,High,0.3809264302253723
-6.25622,-14.0647,30.2,Paddy,High,0.4736842215061188
-8.49191,-13.48937,22.1333333333333,Paddy,High,0.598866879940033
-7.24857,-16.74232,50.0,Paddy,Very High,0.4006622433662414
-8.53103,-16.33715,50.0,Paddy,Very High,0.6400220394134521
-8.19666,-14.87923,31.2,Paddy,Very High,0.5947352051734924
-7.93737,-13.68591,35.2,Paddy,Very High,0.6149098873138428
-7.63989,-13.77787,34.0,Paddy,Very High,0.5905759334564209
-9.44499,-14.23499,45.5,Fallow,Very High,0.2613908946514129
-8.64383,-14.54826,40.4666666666667,Paddy,Very High,0.5113493204116821
-7.67486,-15.75328,20.9,Paddy,High,0.4873288571834564
-9.9049,-16.3609,22.0,Paddy,High,0.4822208285331726
-8.84512,-14.79299,32.6,Paddy,Very High,0.3239564299583435
-6.03389,-14.73619,32.2,Paddy,Very High,0.4862489402294159
-5.68191,-14.90392,33.6666666666667,Paddy,Very High,0.4955595135688782
-7.48392,-16.85425,20.9,Paddy,High,0.5295836329460144
-9.7351,-13.27157,41.4,Paddy,Very High,0.6191037893295288
-7.61772,-15.61088,18.8,Fallow,High,0.2592592537403106
-8.64384,-17.00718,15.7,Fallow,Medium,0.5533862113952637
-9.30894,-11.26946,28.7333333333333,Paddy,High,0.48758465051651
-6.30962,-12.52007,14.6,Fallow,Medium,0.2583793103694916
-8.87362,-14.19927,13.0,Fallow,Medium,0.2017391324043274
-4.45889,-17.19832,12.7,Fallow,Medium,0.1976856291294098
-8.40071,-15.40947,10.9,Fallow,Medium,0.2743705511093139
-9.1015,-18.86874,11.5666666666667,Fallow,Medium,0.2398498803377151
-7.46604,-15.82094,10.3,Perl Millet,Medium,0.4778672158718109
-9.71529,-14.22727,14.0,Perl Millet,Medium,0.4540915489196777
-9.29936,-19.79051,8.5,Fallow,Medium,0.5011086463928223
-8.05099,-18.98089,30.2,Fallow,High,0.2656733095645904
-8.33263,-16.0843,12.4,Perl Millet,Medium,0.3470270335674286
-8.21032,-13.62383,14.6,Fallow,Medium,0.6640493273735046
-9.57109,-16.05677,11.5,Fallow,Medium,0.2171545326709747
-9.71196,-17.21481,16.0,Fallow,Medium,0.2995330095291137
-8.93207,-17.06045,26.5,Paddy,High,0.5526549816131592
-9.18264,-16.77452,17.7,Fallow,High,0.2526178061962127
-6.90067,-13.92013,16.6,Perl Millet,High,0.5352607369422913
-7.5311,-14.50716,13.3,Perl Millet,Medium,0.4123134315013885
-9.65503,-11.20537,23.8,Paddy,High,0.4891835451126098
-4.11814,-13.13486,17.6,Perl Millet,High,0.4564755856990814
-5.96607,-13.69468,17.3333333333333,Perl Millet,High,0.2514044940471649
-8.15871,-13.85074,30.3,Fallow,High,0.4633799493312835
-8.2963,-13.21562,25.0,Fallow,High,0.5125725269317627
-7.43818,-13.2136,30.4,Paddy,High,0.435709685087204
-7.15401,-17.84544,9.3,Fallow,Medium,0.236986294388771
-7.52601,-14.1695,26.0666666666667,Fallow,High,0.4194544553756714
-9.98098,-13.25767,11.6,Fallow,Medium,0.1464890986680984
-13.7665,-19.1326,7.3,Fallow,Low,0.1945054978132248
-8.87266,-17.74279,6.8,Fallow,Low,0.1583308726549148
-8.47054,-17.15322,25.5,Fallow,High,0.1433031558990478
-9.31764,-17.49725,6.6,Fallow,Low,0.2787286043167114
-7.1832,-16.18557,19.0,Fallow,High,0.2096611857414245
-5.32603,-13.44815,19.5,Fallow,High,0.1603498607873916
-9.00566,-16.14215,19.6,Fallow,High,0.1594613790512085
-12.60974,-18.71686,23.7,Fallow,High,0.2317765206098556
-8.42947,-17.05728,18.8666666666667,Fallow,High,0.1611541211605072
-6.69392,-13.59474,16.1,Paddy,Medium,0.2196669280529022
-7.71952,-12.80422,13.9,Paddy,Medium,0.2417061626911163
-9.87678,-13.32553,14.7,Paddy,Medium,0.2233622670173645
-7.00305,-12.89361,15.0,Paddy,Medium,0.1626591235399246
-8.26711,-14.99384,14.2,Paddy,Medium,0.2247048169374466
-9.67182,-18.03304,8.4,Fallow,Medium,0.1675191819667816
-9.18882,-13.76375,7.5,Fallow,Low,0.1908798664808273
-9.6165,-12.57734,11.3,Fallow,Medium,0.393086314201355
-9.92915,-13.20957,12.5,Fallow,Medium,0.4265318214893341
-7.58066,-15.19447,29.0,Fallow,High,0.1967727541923523
-11.00889,-15.48443,12.6,Fallow,Medium,0.200259655714035
-8.03133,-18.86819,20.3,Fallow,High,0.2646167278289795
-9.89441,-17.8276,45.5,Paddy,Very High,0.544077455997467
-7.45865,-17.6693,11.6,Fallow,Medium,0.206713780760765
-9.69651,-16.37356,10.3333333333333,Fallow,Medium,0.4043607413768768
-9.78835,-12.52098,16.0,Paddy,Medium,0.5613463521003723
-9.1865,-14.86157,14.1,Fallow,Medium,0.3125243782997131
-5.86429,-14.71178,22.4,Paddy,High,0.3355447947978973
-6.89559,-14.96993,24.0,Paddy,High,0.2229562401771545
-8.79231,-13.86891,23.3,Paddy,High,0.2359634339809417
-6.77242,-15.89802,12.9,Paddy,Medium,0.6159761548042297
-7.6008,-13.91302,10.5,Paddy,Medium,0.4802547693252563
-6.70097,-15.06266,12.6,Fallow,Medium,0.1636045426130294
-8.81502,-16.6733,10.0,Fallow,Medium,0.223205104470253
-8.46241,-15.24373,13.5333333333333,Fallow,Medium,0.1828469336032867
-9.47301,-15.62018,25.0,Paddy,High,0.5427360534667969
-10.09941,-15.9901,14.7,Fallow,Medium,0.1695364266633987
-6.97591,-15.35068,13.4,Fallow,Medium,0.2608437240123749
-6.176,-15.46252,13.5,Fallow,Medium,0.1875168085098266
-8.35863,-13.63467,11.4,Fallow,Medium,0.1687687635421753
-8.83241,-19.55807,6.0,Mustard,Low,0.2744595110416412
-5.13958,-16.36991,16.6,Fallow,High,0.1895940154790878
-8.56951,-13.325,14.5,Chickori,Medium,0.2152866274118423
-11.509,-15.19455,6.6,Lemon,Low,0.35701385140419
-6.60937,-17.27067,11.0333333333333,Chickori,Medium,0.2372150272130966
-6.62317,-13.87265,25.0,Fallow,High,0.1954254955053329
-5.19865,-17.90241,27.0,Fallow,High,0.1952837109565735
-7.18239,-12.1853,22.0,Fallow,High,0.304730474948883
-7.41473,-15.43798,23.5,Fallow,High,0.2889186441898346
-6.30716,-16.49157,25.6333333333333,Fallow,High,0.322744607925415
-6.52005,-13.72523,34.6,Fallow,Very High,0.355859100818634
-6.75503,-14.3575,35.2,Fallow,Very High,0.2598980665206909
-8.09776,-17.20153,24.2,Fallow,High,0.1973293721675872
-4.70542,-16.31835,28.6,Fallow,High,0.1576433181762695
-7.16274,-16.80871,28.8,Fallow,High,0.2036543637514114
-9.70575,-13.39709,4.4,Fallow,Low,0.2422680407762527
-12.10264,-20.83667,3.7,Fallow,Low,0.2149200737476349
-8.26031,-22.69616,50.0,Fallow,Very High,0.2472464889287948
-9.73309,-14.25711,26.5,Jowar,High,0.5441533923149109
-11.50146,-20.70678,6.23333333333333,Fallow,Low,0.2277992218732834
-10.25796,-20.78176,4.3,Fallow,Low,0.286111980676651
-8.90284,-19.35423,5.2,Fallow,Low,0.1604010015726089
-10.5962,-17.92551,4.7,Fallow,Low,0.1712328791618347
-10.28129,-14.25219,5.2,Fallow,Low,0.1947647184133529
-10.04473,-16.17187,4.26666666666667,Fallow,Low,0.205165833234787
-9.74362,-16.82279,50.0,Fallow,Very High,0.2109416127204895
-3.1851,-18.2523,50.0,Fallow,Very High,0.2103225737810135
-5.05385,-15.13859,11.2,Fallow,Medium,0.1807000935077667
-7.63593,-15.30688,10.3,Fallow,Medium,0.2669067680835724
-6.08771,-14.00539,50.0,Fallow,Very High,0.2051868736743927
-7.59099,-15.52804,7.3,Fallow,Low,0.1689145863056183
-10.05792,-18.50305,4.7,Fallow,Low,0.1708683520555496
-8.38727,-16.90486,25.4,Fallow,High,0.1963260620832443
-11.48194,-18.50171,3.6,Fallow,Low,0.20914888381958
-9.03836,-17.29538,10.0666666666667,Fallow,Medium,0.1833065748214721
-9.09719,-12.18676,9.3,Fallow,Medium,0.1764705926179886
-6.00904,-11.05739,44.0,Fallow,Very High,0.3684837520122528
-9.85114,-18.12127,10.4,Fallow,Medium,0.1692888587713241
-8.74295,-16.39317,9.5,Fallow,Medium,0.216503620147705
-11.07446,-14.81323,50.0,Fallow,Very High,0.3083158135414123
-10.25558,-18.72159,4.5,Fallow,Low,0.2769556045532226
-9.82656,-14.9431,8.8,Fallow,Medium,0.360659122467041
-7.51584,-14.78874,50.0,Fallow,Very High,0.3067618608474731
-10.43341,-14.37689,48.9,Fallow,Very High,0.175205573439598
-10.62792,-15.1352,9.83333333333333,Fallow,Medium,0.2656881511211395
-8.84662,-18.34139,27.9,Fallow,High,0.2331768423318863
-5.547,-16.97857,36.2,Fallow,Very High,0.2114823907613754
-4.60667,-10.79208,35.7,Fallow,Very High,0.199747160077095
-5.81126,-11.4304,36.4,Fallow,Very High,0.2464250028133392
-4.25993,-12.1033,38.8,Fallow,Very High,0.2236955463886261
-6.28481,-16.27217,50.0,Fallow,Very High,0.2106238454580307
-5.56287,-16.2288,50.0,Fallow,Very High,0.2744185924530029
-7.59822,-15.23602,50.0,Fallow,Very High,0.2421465963125229
-6.11102,-12.91473,50.0,Fallow,Very High,0.4639386236667633
-6.90279,-15.78935,50.0,Fallow,Very High,0.2183322757482528
-10.97415,-18.06414,13.2,Fallow,Medium,0.2529411911964416
-6.71266,-12.74051,6.4,Fallow,Low,0.2220019847154617
-11.50967,-16.98491,31.7,Tobacco,Very High,0.3098375797271728
-9.93901,-14.5421,19.6,Fallow,High,0.280230313539505
-10.65519,-15.18023,10.6666666666667,Fallow,Medium,0.2398414313793182
-8.73401,-19.0875,22.6,Fallow,High,0.1898734122514724
-8.5496,-16.36282,7.3,Fallow,Low,0.297985166311264
-4.48589,-15.72366,45.5,Fallow,Very High,0.1788268983364105
-7.91211,-15.32489,12.6,Fallow,Medium,0.4032496213912964
-9.0115,-18.8411,50.0,Fallow,Very High,0.19683338701725
-8.79524,-18.00043,19.3,Fallow,High,0.1946706175804138
-11.25941,-20.7269,17.2,Fallow,High,0.2231520265340805
-12.80775,-15.91396,11.2,Fallow,Medium,0.2317682355642318
-11.7715,-15.49669,14.5,Fallow,Medium,0.1864847242832183
-14.11637,-15.00172,18.5666666666667,Fallow,High,0.1859504133462906
-8.76364,-20.31315,4.9,Fallow,Low,0.2276536375284195
-7.27406,-19.71082,6.0,Fallow,Low,0.4112808406352997
-8.88953,-20.07001,6.7,Fallow,Low,0.2280246466398239
-8.80985,-14.23473,2.4,Fallow,Low,0.3874458968639374
-9.58779,-15.95406,16.2,Fallow,Medium,0.2066718786954879
-9.55435,-16.90254,7.5,Tobacco&Chikori,Low,0.2520481944084167
-8.2195,-20.55171,5.4,Tobacco&Chikori,Low,0.2914989292621612
-13.17683,-17.82726,13.5,Fallow,Medium,0.203389823436737
-9.48689,-17.93043,12.2,Fallow,Medium,0.3254106938838959
-11.87834,-17.03746,14.0,Fallow,Medium,0.3227804601192474
-9.08814,-19.58943,2.5,Fallow,Low,0.2939751744270324
-10.50558,-14.94108,2.3,Fallow,Low,0.3054468929767608
-9.96143,-17.63374,6.4,Fallow,Low,0.4537682831287384
-8.48617,-15.85643,38.8,Chickori,Very High,0.2359657436609268
-8.61249,-17.33305,2.13333333333333,Fallow,Low,0.2247968763113021
-11.22089,-14.34349,1.2,Fallow,Low,0.4043700993061065
-8.38857,-17.5427,8.8,Chickori,Medium,0.2935298383235931
-3.38915,-15.48436,8.9,Chickori,Medium,0.3167545795440674
-9.26836,-18.11013,24.1,Fallow,High,0.2000000029802322
-3.07449,-16.79861,9.26666666666667,Fallow,Medium,0.3812097907066345
-5.55774,-17.40624,2.1,Fallow,Low,0.2679288685321808
-10.99969,-18.66422,1.4,Fallow,Low,0.36392742395401
-7.83008,-20.46705,21.9,Fallow,High,0.4904542565345764
-8.94983,-16.61918,2.3,Fallow,Low,0.2023289650678634
-7.98047,-17.05651,20.3666666666667,Fallow,High,0.2105896472930908
-10.70448,-17.57721,11.5,Tobacco,Medium,0.365774005651474
-9.18284,-17.43577,34.3,Fallow,Very High,0.2593059837818146
-7.3383,-16.16442,11.2,Tobacco,Medium,0.2844827473163605
-9.30088,-16.1324,11.4,Tobacco,Medium,0.2073854207992553
-11.05178,-16.86996,37.0,Fallow,Very High,0.111555777490139
-8.45938,-18.95792,12.6,Tobacco,Medium,0.2056939452886581
-8.7945,-17.23768,10.2,Tobacco,Medium,0.21875
-6.65707,-18.97401,9.8,Tobacco,Medium,0.2125984281301498
-8.25676,-18.40174,36.6,Tobacco,Very High,0.2786293923854828
-7.04517,-16.6443,30.9,Tobacco,High,0.2888040840625763
-4.40336,-15.24683,27.1,Tobacco,High,0.2592592537403106
-10.16801,-18.55963,22.7,Mustard,High,0.4324235320091247
-3.73192,-17.97693,31.5666666666667,Tobacco,Very High,0.2640382349491119
-8.70563,-18.29034,11.1,Tobacco,Medium,0.2248996049165725
-9.0146,-14.65495,10.7,Tobacco,Medium,0.2604131400585174
-6.72818,-16.01029,10.5,Tobacco,Medium,0.255871444940567
-11.73583,-17.92443,9.0,Tobacco,Medium,0.1892857104539871
-11.23729,-18.85378,9.3,Tobacco,Medium,0.2460667043924331
-7.49536,-14.72904,11.3,Tobacco,Medium,0.2298850566148758
-8.04454,-13.91522,21.5,Tobacco,High,0.3073229193687439
-8.56925,-15.41372,25.1,Tobacco,High,0.2040521055459976
-9.76795,-18.44851,17.4,Tobacco,High,0.1760361045598983
-6.57851,-13.85697,32.0666666666667,Fallow,Very High,0.1687419563531875
-8.70472,-20.81596,36.8,Fallow,Very High,0.1932032704353332
-8.11419,-14.42772,39.0,Fallow,Very High,0.2360833585262298
-11.08406,-19.12764,50.0,Fallow,Very High,0.3045912683010101
-5.86731,-15.29115,9.4,Fallow,Medium,0.1742313355207443
-6.03947,-15.36209,35.6666666666667,Fallow,Very High,0.2957511842250824
-5.17759,-12.66822,25.1,Fallow,High,0.316636860370636
-7.4351,-15.94924,15.0,Fallow,Medium,0.2443998605012893
-8.12506,-16.86434,13.3,Fallow,Medium,0.3005093336105346
-8.81952,-15.88563,14.2,Fallow,Medium,0.1874808222055435
-7.89393,-12.7493,14.3333333333333,Fallow,Medium,0.1721566170454025
-4.23258,-17.76399,43.5,Fallow,Very High,0.2262474298477172
-7.09405,-17.94833,44.2,Fallow,Very High,0.2404752224683761
-9.12453,-18.7345,14.5,Tobacco,Medium,0.309207022190094
-6.37891,-17.56174,26.4,Tobacco,High,0.242620587348938
-7.72919,-19.17009,16.0,Tobacco,Medium,0.313564658164978
-5.02662,-14.46858,46.4,Fallow,Very High,0.2268907576799392
-12.62717,-20.14777,2.5,Fallow,Low,0.1518131494522094
-7.57804,-19.14762,37.2,Tobacco,Very High,0.3331436812877655
-6.77106,-13.07721,38.3,Tobacco,Very High,0.2417274266481399
-6.65133,-12.07113,36.5666666666667,Tobacco,Very High,0.2812411785125732
-5.82287,-14.30649,8.5,Mustard,Medium,0.7862786054611206
-6.14798,-13.27,35.9,Chickori,Very High,0.459177017211914
-6.14368,-12.36393,25.1,Chickori,High,0.7120141386985779
-8.14496,-11.83545,12.6,Lemon,Medium,0.4708148241043091
-9.10682,-11.61773,23.6333333333333,Chickori,High,0.6537455320358276
-4.55952,-17.20658,36.3,Wheat,Very High,0.5423237681388855
-2.34621,-13.53474,32.6,Wheat,Very High,0.5471564531326294
-2.52711,-13.32216,30.6,Wheat,High,0.5959420204162598
-9.45965,-17.13696,29.8,Wheat,High,0.5607798099517822
-3.66157,-16.58692,36.7,Wheat,Very High,0.6214587092399597
-8.98383,-14.1861,53.6,Wheat,Very High,0.5403808355331421
-3.95837,-14.78166,44.9,Wheat,Very High,0.5097451210021973
-8.66889,-16.98748,35.1,Wheat,Very High,0.4918518662452698
-7.2024,-14.45343,9.6,Wheat,Medium,0.4481054246425628
-7.18908,-15.74454,43.7666666666667,Wheat,Very High,0.430618405342102
-9.04196,-19.53871,14.0,Fallow,Medium,0.2641114890575409
-9.02207,-18.78126,8.2,Fallow,Medium,0.2544910311698913
-8.68461,-20.34576,18.1,Fallow,High,0.3535791635513305
-7.76322,-17.16619,26.0,Fallow,High,0.3348017632961273
-8.30756,-19.54926,18.1666666666667,Fallow,High,0.235867440700531
-10.39864,-18.52873,7.8,Wheat,Low,0.3959938287734985
-8.30769,-20.03726,5.0,Wheat,Low,0.4283347129821777
-10.88074,-20.20384,7.0,Wheat,Low,0.3637494742870331
-8.54609,-17.67388,11.1,Wheat,Medium,0.4126984179019928
-9.86155,-18.97485,11.2333333333333,Wheat,Medium,0.4020456373691559
-8.45783,-18.66297,16.9,Wheat,High,0.4210116863250732
-7.44074,-17.66072,15.7,Wheat,Medium,0.4328358173370361
-3.17928,-12.04631,39.5,Wheat,Very High,0.4386259019374847
-8.92292,-17.19782,33.1,Wheat,Very High,0.44121915102005
-3.3637,-16.63148,12.1666666666667,Wheat,Medium,0.4152410626411438
-8.32823,-16.05168,9.6,Fallow,Medium,0.1541502028703689
-11.32349,-18.20643,11.2,Fallow,Medium,0.1956834495067596
-7.62567,-17.34078,12.4,Fallow,Medium,0.1900584846735
-10.68391,-17.26859,11.6,Fallow,Medium,0.1927083283662796
-11.2771,-16.98557,12.5333333333333,Fallow,Medium,0.1872146129608154
-8.87441,-15.65316,25.6,Wheat,High,0.3923205435276031
-10.18181,-15.08642,13.2,Wheat,Medium,0.3225249946117401
-8.99715,-16.67062,13.7,Wheat,Medium,0.2716143727302551
-11.37043,-17.57137,26.2,Wheat,High,0.3892168402671814
-10.18138,-18.85185,11.8666666666667,Wheat,Medium,0.458156019449234
-10.04811,-17.66765,9.1,Wheat,Medium,0.3789294958114624
-12.76397,-20.60842,9.3,Wheat,Medium,0.5129068493843079
-8.32994,-14.59947,20.4,Wheat,High,0.4730306565761566
-8.35911,-17.57266,7.3,Wheat,Low,0.3129119873046875
-8.62677,-19.98844,8.13333333333333,Wheat,Medium,0.341695487499237
-8.6528,-16.9546,40.5,Wheat,Very High,0.4097881615161896
-8.50529,-18.77127,37.1,Wheat,Very High,0.4654867351055145
-6.74197,-13.28752,13.0,Wheat,Medium,0.3372780978679657
-7.04878,-17.73615,50.0,Wheat,Very High,0.4019138813018799
-6.65919,-18.81659,50.0,Wheat,Very High,0.3662921488285064
-11.03164,-16.73789,7.8,Wheat,Low,0.3685027062892914
-9.75986,-16.75259,14.7,Wheat,Medium,0.2990990877151489
-9.91761,-13.2964,18.6,Wheat,High,0.3155619502067566
-8.11792,-17.44525,6.83333333333333,Wheat,Low,0.289432168006897
-11.96973,-18.86651,15.8,Wheat,Medium,0.4312431216239929
-9.43068,-19.28555,3.9,Wheat,Low,0.3464257717132568
-9.2437,-20.32572,52.3,Wheat,Very High,0.5365036725997925
-8.37899,-17.33404,8.5,Wheat,Medium,0.5762348175048828
-11.00234,-21.69222,6.93333333333333,Wheat,Low,0.2699591517448425
-10.71196,-18.55943,20.2,Wheat,High,0.323615163564682
-8.58503,-15.97542,19.5,Wheat,High,0.4014839231967926
-7.33312,-17.13726,21.2,Wheat,High,0.3870967626571655
-10.12769,-17.85755,19.5,Wheat,High,0.3666666746139526
-9.57604,-18.05649,16.7,Wheat,High,0.3911646604537964
-10.40841,-18.83615,23.7,Fallow,High,0.2758369743824005
-7.6015,-16.73129,29.9,Fallow,High,0.3159490525722503
-9.54269,-18.71165,10.1,Wheat,Medium,0.2771973013877868
-11.22672,-16.60944,7.2,Fallow,Low,0.3450704216957092
-7.44649,-19.66825,18.5,Paddy,High,0.2141469120979309
-5.17099,-16.47101,7.7,Tobacco&Chikori,Low,0.5002361536026001
-5.42169,-16.17289,6.9,Tobacco&Chikori,Low,0.6771300435066223
-7.27901,-14.78569,11.5,Wheat,Medium,0.5633136034011841
-5.82358,-17.28635,10.2,Wheat,Medium,0.4037108123302459
-5.94014,-17.03551,10.3333333333333,Wheat,Medium,0.3478260934352875
-8.09138,-15.33416,12.1,Wheat,Medium,0.4867663979530334
-9.30395,-13.5906,6.1,Wheat,Low,0.4014517068862915
-8.88121,-14.0498,6.0,Chickori,Low,0.6485943794250488
-7.66555,-16.9779,15.3,Chickori,Medium,0.680137574672699
-9.28207,-14.20265,11.2333333333333,Wheat,Medium,0.3354714512825012
-9.00961,-13.81625,25.3,Wheat,High,0.3547874391078949
-6.72179,-14.65188,10.5,Chickori,Medium,0.589958131313324
-10.30163,-12.94827,12.2,Chickori,Medium,0.6777583360671997
-8.94438,-14.91492,6.7,Wheat,Low,0.4801388382911682
-8.0846,-15.9685,11.7,Chickori,Medium,0.7270054817199707
-9.87958,-14.92961,10.7,Wheat,Medium,0.4850473999977112
-7.51018,-14.77722,8.3,Wheat,Medium,0.3781388401985168
-3.04955,-17.53536,9.2,Wheat,Medium,0.5644505023956299
-6.76346,-16.86202,8.9,Wheat,Medium,0.4184180498123169
-8.08444,-15.23617,11.2333333333333,Wheat,Medium,0.4789436161518097
-3.9578,-16.85563,37.1,Mustard,Very High,0.6331018805503845
-3.7621,-15.69931,34.4,Tobacco,Very High,0.5877147316932678
-4.88965,-14.13435,32.7,Tobacco,Very High,0.4416865110397339
-7.5189,-16.48574,8.7,Wheat,Medium,0.4517202973365783
-4.8656,-15.03496,28.2333333333333,Tobacco,High,0.5868222117424011
-6.20353,-12.56848,32.1,Tobacco,Very High,0.7411095499992371
-1.47667,-13.4481,41.9,Tobacco,Very High,0.6027026772499084
-2.20823,-11.20654,32.0,Wheat,Very High,0.7037705779075623
-6.85599,-14.37831,47.6,Wheat,Very High,0.6957295536994934
-4.37881,-9.72225,40.4666666666667,Tobacco,Very High,0.7065166234970093
-7.44397,-12.77596,30.7,Tobacco,High,0.7233603000640869
-6.76479,-9.62953,22.7,Tobacco,High,0.7575979232788086
-4.92247,-10.48882,5.1,Tobacco,Low,0.7229014039039612
-7.52135,-12.19858,29.1,Wheat,High,0.4294074475765228
-6.00221,-8.74963,31.2666666666667,Tobacco,Very High,0.7445482611656189
-8.49918,-18.13265,28.2,Tobacco,High,0.3460790812969208
-8.68105,-16.87605,27.2,Tobacco,High,0.4145043194293976
-7.91104,-17.08327,24.2,Tobacco,High,0.5085646510124207
-6.85016,-15.94232,25.8,Tobacco,High,0.5639344453811646
-8.52219,-17.0353,27.1,Tobacco,High,0.5488331913948059
-5.03235,-12.65974,27.1,Fallow,High,0.6366158127784729
-5.83819,-12.18478,14.4,Fallow,Medium,0.7091624736785889
-8.13412,-15.85764,14.9,Paddy,Medium,0.4079110026359558
-6.17162,-14.25899,23.4,Paddy,High,0.2838154733181
-5.9062,-14.32408,10.7,Paddy,Medium,0.55772465467453
-4.56745,-15.46478,24.2,Tobacco,High,0.6256621479988098
-4.44125,-15.77796,14.0,Tobacco,Medium,0.6454081535339355
-7.47873,-16.48955,12.0,Tobacco,Medium,0.4781225025653839
-4.05496,-14.40413,22.4,Tobacco,High,0.5553060173988342
-2.87035,-13.34937,22.7666666666667,Wheat,High,0.6698014736175537
-7.80769,-12.01392,24.1,Wheat,High,0.634178876876831
-5.95766,-11.39466,17.7,Bhaji,High,0.4961168169975281
-4.76641,-13.71766,26.7,Wheat,High,0.4699044227600097
-9.32319,-15.49116,32.1,Wheat,Very High,0.4117647111415863
-4.46969,-13.02304,22.4666666666667,Wheat,High,0.4328358173370361
-5.71519,-15.53722,6.3,Wheat,Low,0.3844311237335205
-6.66482,-12.82327,7.0,Wheat,Low,0.3772455155849457
-7.36052,-16.96437,14.8,Tobacco,Medium,0.7704243659973145
-8.00362,-16.35576,24.7,Tobacco,High,0.3680297434329986
-8.11173,-18.68297,20.3,Tobacco,High,0.6772867441177368
-1.48334,-12.39327,35.7,Wheat,Very High,0.6250365376472473
-9.05426,-14.31592,8.9,Wheat,Medium,0.4098565280437469
-3.98465,-14.83982,45.4,Tobacco,Very High,0.6514101028442383
-0.94524,-9.1816,34.0,Tobacco,Very High,0.7518014311790466
-3.04179,-8.9284,29.9,Tobacco,High,0.7109537720680237
-7.3001,-13.66706,17.8,Mustard,High,0.7285400032997131
-8.37866,-10.59103,8.7,Chickori,Medium,0.7460154294967651
-7.45312,-13.15587,34.6,Chickori,Very High,0.7789202928543091
-6.49392,-13.07652,8.5,Lemon,Medium,0.4082702398300171
-8.3134,-11.5365,30.3666666666667,Chickori,High,0.797018826007843
-4.32821,-14.49095,21.2,Wheat,High,0.8243926167488098
-7.52273,-14.88572,11.6,Wheat,Medium,0.8276031613349915
-7.78598,-20.30491,50.0,Wheat,Very High,0.7838422060012817
-7.60702,-15.36169,50.0,Wheat,Very High,0.7603583335876465
-6.08713,-15.68212,8.13333333333333,Wheat,Medium,0.8204043507575989
-7.88148,-13.81355,12.7,Wheat,Medium,0.6949817538261414
-7.73784,-13.84932,14.9,Wheat,Medium,0.7395862340927124
-10.91621,-17.0743,14.2,Wheat,Medium,0.7860465049743652
-7.16871,-15.72833,13.5,Wheat,Medium,0.7632922530174255
-8.81235,-15.69372,11.6666666666667,Wheat,Medium,0.7519001364707947
-4.40472,-13.94099,14.0,Wheat,Medium,0.5031671524047852
-3.77516,-15.53201,45.6,Wheat,Very High,0.7017230987548828
-7.32164,-13.27447,12.8,Wheat,Medium,0.6027227640151978
-8.54905,-13.8751,9.4,Wheat,Medium,0.581632673740387
-4.18625,-15.5266,50.0,Wheat,Very High,0.541336715221405
-7.94158,-15.92086,25.4,Wheat,High,0.6163285970687866
-8.51379,-16.18291,22.7,Wheat,High,0.7761492133140564
-8.64175,-18.4878,20.4,Wheat,High,0.7655301094055176
-9.86724,-14.85909,25.6,Wheat,High,0.7994256615638733
-9.76508,-18.36535,33.9333333333333,Wheat,Very High,0.7361237406730652
-9.54951,-18.55247,32.6,Wheat,Very High,0.6846451759338379
-11.00788,-18.84857,27.5,Wheat,High,0.7344854474067688
-10.35976,-18.80139,16.0,Wheat,Medium,0.7819401621818542
-9.92564,-15.57134,20.2,Wheat,High,0.6883952021598816
-11.08897,-18.1151,18.6,Wheat,High,0.7237113118171692
-8.80419,-17.8039,2.7,Fallow,Low,0.314709722995758
-9.47249,-17.39054,50.0,Fallow,Very High,0.3396542072296142
-10.96949,-16.11387,6.2,Fallow,Low,0.2873326539993286
-10.69305,-18.52724,2.8,Fallow,Low,0.3420669436454773
-13.17138,-20.58784,2.93333333333333,Fallow,Low,0.3014634251594543
-6.42053,-15.69267,29.0,Wheat,High,0.7642857432365417
-5.72084,-15.03277,14.8,Wheat,Medium,0.604781985282898
-9.63449,-15.34059,5.9,Wheat,Low,0.5777351260185242
-8.75454,-12.23171,12.3,Wheat,Medium,0.6424580812454224
-9.20049,-13.18561,24.1666666666667,Wheat,High,0.5584594011306763
-3.55157,-15.54753,19.3,Wheat,High,0.479082316160202
-5.18217,-18.32544,21.3,Wheat,High,0.6855189800262451
-8.31015,-17.52199,21.0,Wheat,High,0.6838399767875671
-8.29513,-15.64069,33.7,Wheat,Very High,0.4564063549041748
-5.49602,-15.33855,24.7,Wheat,High,0.5112295150756836
-10.11804,-17.96061,13.3,Wheat,Medium,0.7311400771141052
-8.43611,-16.42689,11.4,Wheat,Medium,0.7496135830879211
-13.18916,-17.65422,24.1,Wheat,High,0.5219706892967224
-11.23265,-17.94706,19.0,Wheat,High,0.7317145466804504
-10.21575,-17.06681,13.6333333333333,Wheat,Medium,0.6443883776664734
-8.39747,-11.819,50.0,Wheat,Very High,0.7096868753433228
-10.65584,-12.90645,50.0,Wheat,Very High,0.5668789744377136
-9.21785,-18.21157,50.0,Wheat,Very High,0.5365321636199951
-6.9783,-14.71115,50.0,Wheat,Very High,0.6244081854820251
-8.36145,-16.16408,50.0,Wheat,Very High,0.6711809039115906
-6.57267,-11.47128,39.5,Wheat,Very High,0.8523315787315369
-5.79389,-14.3113,21.2,Wheat,High,0.7216251492500305
-5.54355,-14.25265,39.1,Wheat,Very High,0.8031536340713501
-7.37492,-12.72306,30.8,Wheat,High,0.8156171441078186
-7.40022,-13.56579,32.8666666666667,Wheat,Very High,0.5527049899101257
-8.6506,-17.04237,27.6,Wheat,High,0.5710620880126953
-5.80551,-17.42352,28.6,Wheat,High,0.6462785601615906
-6.1408,-12.69163,29.2,Wheat,High,0.6802259683609009
-5.04715,-14.01784,33.3,Wheat,Very High,0.6509841680526733
-7.32163,-16.91498,29.4,Wheat,High,0.7246143221855164
-8.5911,-17.90714,18.8,Wheat,High,0.4235668778419494
-10.78764,-14.74707,14.2,Wheat,Medium,0.4082874655723572
-11.16746,-15.55351,18.1,Wheat,High,0.5612966418266296
-9.72578,-16.83334,3.3,Fallow,Low,0.3306622803211212
-9.73057,-17.17111,11.1,Wheat,Medium,0.4576271176338196
-6.28885,-17.21641,6.1,Tobacco&Chikori,Low,0.6412929892539978
-8.35145,-15.18081,5.8,Tobacco&Chikori,Low,0.7766028046607971
-8.6208,-13.40548,6.0,Chickori,Low,0.7312785983085632
-5.83054,-17.13174,7.8,Chickori,Low,0.5737226009368896
-7.74055,-14.3259,7.1,Chickori,Low,0.5807284116744995
-6.78882,-12.61279,29.4,Wheat,High,0.5913190245628357
-10.62952,-16.84785,30.3,Chickori,High,0.5898644924163818
-7.17416,-13.63429,13.8,Chickori,Medium,0.6893646121025085
-7.24806,-13.65166,32.4,Wheat,Very High,0.755482017993927
-7.34781,-13.4704,36.6666666666667,Wheat,Very High,0.6012422442436218
-9.53741,-15.07966,13.3,Wheat,Medium,0.622715413570404
-5.55788,-13.21036,29.4,Wheat,High,0.7538461685180664
-6.48425,-11.36329,25.6,Chickori,High,0.767160177230835
-7.36028,-14.14141,22.4,Chickori,High,0.7252941131591797
-4.34274,-12.8636,35.0,Chickori,Very High,0.7686746716499329
-8.46724,-16.71693,15.9,Wheat,Medium,0.711073100566864
-8.53314,-14.95846,11.8,Wheat,Medium,0.6363082528114319
-7.87819,-15.52704,15.2,Weed&Chickori,Medium,0.6506679654121399
-11.05548,-14.97895,22.0,Wheat,High,0.6076294183731079
-9.4353,-16.84435,14.4333333333333,Wheat,Medium,0.7690086364746094
-6.33886,-15.99356,32.7,Tobacco,Very High,0.6092298626899719
-5.40295,-14.6491,8.7,Wheat,Medium,0.6664813756942749
-7.3334,-14.73441,28.2333333333333,Tobacco,High,0.721829354763031
-8.64124,-11.71709,17.5,Tobacco,High,0.8095585703849792
-7.14701,-12.8386,15.8,Wheat,Medium,0.7659137845039368
-7.01369,-11.2785,21.6,Wheat,High,0.7927809953689575
-5.76414,-13.45989,21.7,Wheat,High,0.7403889894485474
-4.69079,-10.59698,23.4666666666667,Wheat,High,0.8030303120613098
-5.54867,-10.53479,20.2,Tobacco,High,0.7900436520576477
-7.14681,-12.9762,13.5,Tobacco,Medium,0.7978479266166687
-2.92725,-9.33254,18.5,Tobacco,High,0.7675226926803589
-8.91515,-11.84184,16.3,Wheat,Medium,0.6474999785423279
-4.78335,-8.61146,17.9333333333333,Tobacco,High,0.7843504548072815
-8.80126,-14.36789,23.5,Tobacco,High,0.4943418800830841
-8.01169,-16.48898,15.0,Tobacco,Medium,0.5662447214126587
-7.23346,-16.94551,19.5,Tobacco,High,0.6771041750907898
-6.05,-13.2755,20.6,Tobacco,High,0.7098621129989624
-7.49222,-14.02282,15.0,Tobacco,Medium,0.7134391665458679
-6.17266,-11.34971,21.8,Tobacco,High,0.7456279993057251
-5.03815,-12.56878,42.5,Tobacco,Very High,0.7675866484642029
-4.26509,-14.56684,18.7,Tobacco,High,0.6035367846488953
-3.8687,-14.85987,8.8,Fallow,Medium,0.2717572450637817
-7.22434,-16.412,18.5,Wheat,High,0.7280095815658569
-2.15901,-10.49341,50.0,Wheat,Very High,0.8554925322532654
-6.41176,-13.37225,50.0,Wheat,Very High,0.8411233425140381
-6.55685,-15.53604,50.0,Wheat,Very High,0.7676200270652771
-7.92531,-13.34352,16.5,Wheat,Medium,0.8524390459060669
-5.68423,-14.23027,50.0,Wheat,Very High,0.8320997953414917
-8.54889,-14.53372,25.0,Wheat,High,0.6974985599517822
-8.26652,-12.81816,15.7,Wheat,Medium,0.7076923251152039
-4.36213,-14.26147,50.0,Wheat,Very High,0.6511563062667847
-6.27077,-12.76467,50.0,Wheat,Very High,0.7146145105361938
-8.30097,-13.76285,50.0,Wheat,Very High,0.7093807458877563
-7.10024,-14.75623,23.1,Wheat,High,0.7120987772941589
-5.28264,-12.60738,19.2,Wheat,High,0.681640625
-1.17338,-13.92305,15.7,Wheat,Medium,0.80173659324646
-8.76085,-11.8852,30.3,Wheat,High,0.521404504776001
-1.24029,-12.83939,18.0,Wheat,High,0.7650223970413208
-4.92552,-12.93627,13.4,Wheat,Medium,0.8142160773277283
-7.84816,-16.55497,29.8,Wheat,High,0.7511410117149353
-9.02112,-13.3603,33.7,Tobacco,Very High,0.6874109506607056
-1.17006,-11.91452,31.9,Tobacco,Very High,0.7809070348739624
-4.524,-11.83523,31.7,Tobacco,Very High,0.7351517677307129
-9.40656,-10.92078,5.4,Mustard,Low,0.5940149426460266
-9.0491,-16.00639,34.9,Chickori,Very High,0.6698673963546753
-4.08504,-15.3982,23.4,Chickori,High,0.6848137378692627
-5.84081,-14.11612,9.8,Lemon,Medium,0.3711790442466736
-6.80554,-12.04932,24.2666666666667,Chickori,High,0.6476253271102905
-9.76498,-14.81137,17.2,Wheat,High,0.7087549567222595
-8.71334,-15.30439,19.2,Wheat,High,0.6888062953948975
-8.47611,-14.39097,6.9,Wheat,Low,0.6566404700279236
-8.68366,-17.22009,11.8,Wheat,Medium,0.6638176441192627
-8.79179,-14.70925,8.63333333333333,Wheat,Medium,0.727931797504425
-5.15925,-15.59514,31.2,Wheat,Very High,0.5913312435150146
-7.06687,-11.87321,23.2,Wheat,High,0.6820412278175354
-9.45056,-15.42558,20.8,Wheat,High,0.7102672457695007
-9.26903,-14.47198,32.0,Wheat,Very High,0.6501960754394531
-8.14709,-16.25539,17.5333333333333,Wheat,High,0.6816249489784241
-10.85037,-18.26802,11.1,Wheat,Medium,0.5534350872039795
-12.09006,-17.13592,8.2,Wheat,Medium,0.6718092560768127
-7.45576,-18.75444,27.7,Wheat,High,0.6028513312339783
-9.28703,-17.68809,22.4,Wheat,High,0.5783517956733704
-9.93766,-17.84593,18.0666666666667,Wheat,High,0.5454545617103577
-8.28808,-17.90496,19.3,Wheat,High,0.6810923218727112
-8.93054,-19.77845,6.2,Wheat,Low,0.7130164504051208
-9.68655,-16.7159,50.0,Wheat,Very High,0.7225486040115356
-11.99647,-16.47927,50.0,Wheat,Very High,0.7389022707939148
-10.67982,-15.36133,50.0,Wheat,Very High,0.7176364660263062
-9.22852,-14.90181,39.6,Wheat,Very High,0.6064480543136597
-9.33738,-19.63594,40.6,Wheat,Very High,0.6497297286987305
-7.05337,-13.50969,30.4,Wheat,High,0.679358720779419
-5.09266,-16.47738,41.4,Wheat,Very High,0.610710620880127
-7.70584,-14.97677,43.6,Wheat,Very High,0.6705524325370789
-11.33209,-18.6006,50.0,Fallow,Very High,0.3018867969512939
-9.69436,-17.01209,50.0,Fallow,Very High,0.3066465258598327
-12.24929,-16.63967,50.0,Fallow,Very High,0.347457617521286
-9.17312,-18.50741,50.0,Fallow,Very High,0.2658730149269104
-13.80723,-18.81557,50.0,Fallow,Very High,0.2570659518241882
-6.97713,-12.90883,31.2,Wheat,Very High,0.6754717230796814
-5.75285,-15.67151,24.5,Wheat,High,0.5669782161712646
-8.58402,-17.0563,26.8,Wheat,High,0.60280841588974
-9.30988,-14.28066,27.2,Wheat,High,0.5948553085327148
-10.36436,-13.6265,40.9,Wheat,Very High,0.5405982732772827
-8.86356,-15.26873,34.2,Wheat,Very High,0.4790177047252655
-5.21031,-13.6308,34.4,Wheat,Very High,0.5657264590263367
-3.86034,-14.20187,34.9,Wheat,Very High,0.5798983573913574
-8.82004,-17.86986,46.0,Wheat,Very High,0.4284110069274902
-6.06455,-16.46784,40.1666666666667,Wheat,Very High,0.436166912317276
-7.47286,-16.86855,18.5,Wheat,High,0.6585829854011536
-11.27238,-15.85388,33.0,Wheat,Very High,0.6517622470855713
-7.79481,-17.34865,3.7,Wheat,Low,0.5498425960540771
-9.37912,-12.03001,26.0,Wheat,High,0.6625592708587646
-9.90732,-15.66825,23.6333333333333,Wheat,High,0.6000000238418579
-7.22629,-15.64732,36.4,Wheat,Very High,0.3462214469909668
-7.58855,-17.56487,26.8,Wheat,High,0.6096579432487488
-7.41511,-16.50356,50.0,Wheat,Very High,0.4576165080070495
-6.19271,-13.3488,44.2,Wheat,Very High,0.440963864326477
-6.68291,-17.38963,46.9,Wheat,Very High,0.339853286743164
-7.28384,-16.98336,20.7,Wheat,High,0.6721672415733337
-10.1361,-17.09937,44.1,Wheat,Very High,0.638580322265625
-4.21685,-14.03735,31.8,Tobacco,Very High,0.5582175254821777
-6.80002,-13.68367,15.5,Wheat,Medium,0.6120348572731018
-6.14407,-13.35245,49.5333333333333,Wheat,Very High,0.6843166947364807
-9.31434,-17.25649,50.0,Wheat,Very High,0.7675585150718689
-9.6656,-19.29547,41.5,Wheat,Very High,0.7056216597557068
-9.31116,-15.55692,30.5,Wheat,High,0.69655841588974
-6.00259,-17.23738,37.5,Wheat,Very High,0.6812748908996582
-8.30268,-17.78602,48.7666666666667,Wheat,Very High,0.6276476979255676
-6.78028,-14.08185,39.3,Wheat,Very High,0.6373988389968872
-5.85154,-12.03403,44.5,Wheat,Very High,0.6298327445983887
-9.32081,-13.31119,39.2,Wheat,Very High,0.6431350708007812
-4.98209,-15.71236,42.1,Wheat,Very High,0.6744664311408997
-6.15837,-13.52911,36.3,Wheat,Very High,0.6930045485496521
-7.88658,-16.27651,30.3,Wheat,High,0.4361799955368042
-5.90469,-13.97473,28.0,Wheat,High,0.402622640132904
-10.92458,-17.49827,38.0,Wheat,Very High,0.4122577309608459
-8.64444,-16.04842,50.0,Fallow,Very High,0.3797290921211242
-6.90041,-14.86184,32.2333333333333,Wheat,Very High,0.4946659207344055
-7.23694,-13.09216,9.3,Tobacco&Chikori,Medium,0.554770290851593
-6.91976,-13.8805,50.0,Tobacco&Chikori,Very High,0.6918138265609741
-7.57064,-15.63268,50.0,Chickori,Very High,0.6518144011497498
-10.31079,-16.65835,50.0,Chickori,Very High,0.5816733241081238
-7.11069,-14.47023,23.2666666666667,Chickori,High,0.64673912525177
-5.86756,-13.78684,50.0,Wheat,Very High,0.5796574950218201
-6.34729,-12.68668,50.0,Wheat,Very High,0.5767138004302979
-5.94694,-12.62929,25.0,Chickori,High,0.6407857537269592
-8.4924,-14.04056,21.5,Chickori,High,0.6839378476142883
-5.84433,-12.57454,31.9333333333333,Wheat,Very High,0.5962492823600769
-6.88852,-16.75805,15.6,Wheat,Medium,0.5445757508277893
-8.0793,-15.43109,50.0,Wheat,Very High,0.6571671366691589
-8.35177,-15.7204,50.0,Chickori,Very High,0.641598641872406
-5.49884,-15.06179,29.6,Wheat,High,0.6268041133880615
-8.91273,-15.88269,28.4333333333333,Chickori,High,0.63667231798172
-8.85696,-19.50638,27.0,Wheat,High,0.6304733157157898
-9.34439,-14.57386,16.9,Wheat,High,0.5866796970367432
-6.91094,-14.98379,22.6,Weed&Chickori,High,0.6200047731399536
-10.01344,-17.29812,50.0,Wheat,Very High,0.591545581817627
-11.21393,-17.97876,19.8333333333333,Wheat,High,0.6979742050170898
-2.27772,-12.31483,37.6,Mustard,Very High,0.4845792055130005
-4.70363,-13.02783,31.6,Tobacco,Very High,0.6271186470985413
-7.1486,-15.04564,28.4,Tobacco,High,0.5708333253860474
-8.84003,-15.05885,28.3,Wheat,High,0.6331027150154114
-4.91476,-13.14311,23.6333333333333,Tobacco,High,0.6464576125144958
-5.23352,-16.25214,33.7,Tobacco,Very High,0.7098214030265808
-5.2556,-12.90205,34.7,Wheat,Very High,0.6622871160507202
-5.35883,-10.17617,36.3,Tobacco,Very High,0.7059679627418518
-3.97213,-15.1756,38.3,Tobacco,Very High,0.6651219129562378
-5.50456,-12.77619,31.1333333333333,Tobacco,Very High,0.6924583911895752
-4.27904,-11.41773,50.0,Tobacco,Very High,0.6497175097465515
-6.0888,-10.98773,50.0,Tobacco,Very High,0.7163147330284119
-3.33698,-10.02776,50.0,Tobacco,Very High,0.6887642741203308
-5.03309,-8.33017,15.5,Wheat,Medium,0.6237238645553589
-1.61495,-7.74255,24.0333333333333,Tobacco,High,0.7044410705566406
-4.51488,-12.01198,27.2,Tobacco,High,0.4622844755649566
-8.70287,-13.39777,27.2,Tobacco,High,0.5112048387527466
-8.95517,-15.2072,50.0,Tobacco,Very High,0.6459959149360657
-4.16953,-14.70909,50.0,Tobacco,Very High,0.6158654689788818
-7.87921,-12.45514,32.3,Tobacco,Very High,0.6653127670288086
-5.66362,-14.52637,40.8,Tobacco,Very High,0.6614605188369751
-5.57599,-14.26849,27.2,Tobacco,High,0.6948374509811401
-4.87848,-10.81538,34.9,Tobacco,Very High,0.5731799006462097
-5.38746,-15.09056,17.4,Fallow,High,0.3696824312210083
-7.37346,-13.34348,30.8666666666667,Wheat,High,0.6513305306434631
-3.52567,-10.9129,40.0,Wheat,Very High,0.7481481432914734
-8.25054,-12.30701,41.5,Bhaji,Very High,0.7456623911857605
-8.96173,-18.5209,33.3,Wheat,Very High,0.6948996186256409
-9.15927,-15.97063,50.0,Wheat,Very High,0.756709098815918
-8.65911,-15.49505,29.8333333333333,Wheat,High,0.7213547229766846
-8.80923,-14.45008,27.4,Wheat,High,0.6800804734230042
-6.97568,-16.12786,14.6,Wheat,Medium,0.6561403274536133
-7.83354,-15.26945,50.0,Wheat,Very High,0.6315107345581055
-11.12658,-16.73475,50.0,Wheat,Very High,0.6670071482658386
-10.42331,-15.40236,14.6,Wheat,Medium,0.6806545257568359
-9.26701,-17.27327,50.0,Wheat,Very High,0.6143856048583984
-4.21843,-16.43928,50.0,Wheat,Very High,0.6643524169921875
-4.07829,-12.65487,50.0,Tobacco,Very High,0.7140751481056213
-4.34308,-16.02214,50.0,Tobacco,Very High,0.5484460592269897
-2.03734,-17.19125,50.0,Tobacco,Very High,0.65500408411026
-3.64921,-11.55532,50.0,Wheat,Very High,0.6833747029304504
-5.12706,-15.84033,50.0,Tobacco,Very High,0.7054263353347778
-6.30909,-13.94096,50.0,Tobacco,Very High,0.576837420463562
-4.80583,-10.11014,50.0,Tobacco,Very High,0.6759776473045349
-5.62512,-11.64378,50.0,Tobacco,Very High,0.638225257396698
-6.65891,-16.04795,31.7,Fallow,Very High,0.4493772089481354
-8.39406,-14.4306,15.0,Chickori,Medium,0.8147359490394592
-7.16176,-18.05111,30.4,Chickori,High,0.8355981111526489
-6.16542,-14.59074,1.9,Lemon,Low,0.3489187657833099
-9.40695,-16.35837,32.7,Chickori,Very High,0.7824305891990662
-8.61439,-15.32492,25.5,Wheat,High,0.8902438879013062
-6.72788,-15.88433,29.1,Wheat,High,0.8879727125167847
-9.01983,-14.00514,21.8,Wheat,High,0.8307905793190002
-9.33403,-15.35659,14.7,Wheat,Medium,0.8035294413566589
-8.88493,-15.06127,21.2,Wheat,High,0.898464560508728
-7.86865,-17.07683,33.6,Wheat,Very High,0.7275345325469971
-8.36899,-14.577,31.3,Wheat,Very High,0.848588764667511
-7.66836,-16.76501,30.7,Wheat,High,0.8710178732872009
-8.57505,-16.28233,35.1,Wheat,Very High,0.8215366005897522
-6.77178,-14.42523,33.7666666666667,Wheat,Very High,0.8446866273880005
-7.16464,-15.24033,24.4,Wheat,High,0.7847533822059631
-4.48397,-15.46932,26.4,Wheat,High,0.8720472455024719
-6.21031,-21.11321,39.4,Wheat,Very High,0.7593566179275513
-8.80508,-17.51568,29.8,Wheat,High,0.7538802623748779
-4.70854,-21.48905,35.0,Wheat,Very High,0.7571348547935486
-9.37308,-15.78609,24.4,Wheat,High,0.8504672646522522
-5.94154,-19.05471,21.1,Wheat,High,0.8687143921852112
-10.20651,-18.14804,26.1,Wheat,High,0.8984674215316772
-11.4897,-17.12215,20.5,Wheat,High,0.8951311111450195
-12.53116,-16.48726,24.1,Wheat,High,0.8675821423530579
-10.25612,-16.58167,36.1,Wheat,Very High,0.7850408554077148
-6.46736,-16.97135,23.6,Wheat,High,0.8398255109786987
-7.14475,-14.86343,42.8,Wheat,Very High,0.8085612654685974
-9.23571,-15.29686,36.5,Wheat,Very High,0.7414966225624084
-6.71841,-15.13778,24.1333333333333,Wheat,High,0.8321126699447632
-10.48515,-19.68214,50.0,Fallow,Very High,0.2749844789505005
-8.70066,-15.32989,50.0,Fallow,Very High,0.3148936033248901
-8.75374,-15.8308,50.0,Fallow,Very High,0.1501246839761734
-11.04082,-17.56583,50.0,Fallow,Very High,0.1480075865983963
-12.08031,-17.77776,50.0,Fallow,Very High,0.2098522186279297
-5.89754,-15.67923,26.6,Wheat,High,0.8665286898612976
-7.64356,-13.73007,33.7,Wheat,Very High,0.8179675936698914
-8.16543,-14.62803,24.4,Wheat,High,0.8537117838859558
-6.98091,-14.30762,33.9,Wheat,Very High,0.7843067049980164
-4.98537,-15.3516,47.9666666666667,Wheat,Very High,0.6246664524078369
-7.20171,-15.22947,49.1,Wheat,Very High,0.6080150008201599
-6.49432,-17.12418,48.9,Wheat,Very High,0.7233065366744995
-5.41929,-13.09354,53.8,Wheat,Very High,0.7694117426872253
-8.13883,-17.60362,48.0,Wheat,Very High,0.5451202392578125
-4.25573,-14.6202,51.9666666666667,Wheat,Very High,0.5243902206420898
-8.21365,-15.58145,28.1,Wheat,High,0.8302344083786011
-6.87821,-16.81349,30.2,Wheat,High,0.8426966071128845
-9.87179,-15.08901,16.8,Wheat,High,0.6503362059593201
-8.93608,-15.02459,29.7,Wheat,High,0.8269387483596802
-7.59119,-14.35741,28.5666666666667,Wheat,High,0.7852309346199036
-8.02511,-14.61055,41.8,Wheat,Very High,0.843904972076416
-6.96463,-11.09913,46.6,Wheat,Very High,0.8344120979309082
-5.93354,-13.93454,29.9,Tobacco,High,0.6948987245559692
-5.39243,-16.3356,28.6,Wheat,High,0.7770751118659973
-4.03164,-15.59948,42.1,Wheat,Very High,0.8730002641677856
-8.52353,-18.04451,27.7,Wheat,High,0.8960294723510742
-11.64321,-17.08462,37.0,Wheat,Very High,0.8637922406196594
-6.31722,-13.58084,39.2,Wheat,Very High,0.8598290681838989
-7.94091,-13.09796,21.0,Wheat,High,0.8545843362808228
-11.91943,-18.42199,23.07,Wheat,High,0.7812326550483704
-5.11188,-17.18483,42.6,Wheat,Very High,0.7864951491355896
-8.47479,-16.67879,37.6,Wheat,Very High,0.7738748788833618
-6.56931,-15.16305,36.6,Wheat,Very High,0.8425531983375549
-6.19275,-15.85995,45.14,Wheat,Very High,0.8300653696060181
-7.13017,-18.22986,38.6,Wheat,Very High,0.8426143527030945
-6.47431,-17.77234,27.5,Wheat,High,0.6384563446044922
-6.88149,-14.31314,32.6,Wheat,Very High,0.5088273882865906
-7.00027,-16.57542,15.4,Wheat,Medium,0.4477272629737854
-4.47084,-16.02267,50.0,Fallow,Very High,0.3484923243522644
-6.89454,-13.11464,33.2666666666667,Wheat,Very High,0.7699443697929382
-7.03283,-14.84769,10.6,Tobacco&Chikori,Medium,0.6127886176109314
-4.14556,-11.84687,9.0,Tobacco&Chikori,Medium,0.7879746556282043
-7.68301,-14.29395,20.8,Chickori,High,0.7465310096740723
-8.70289,-14.65171,34.6,Chickori,Very High,0.6477723121643066
-8.37295,-14.00611,31.2333333333333,Chickori,Very High,0.6015216112136841
-7.72708,-14.01248,50.0,Wheat,Very High,0.711003303527832
-11.7047,-16.07982,50.0,Wheat,Very High,0.705205500125885
-8.0502,-14.51165,50.0,Chickori,Very High,0.7680642008781433
-7.95289,-14.20146,50.0,Chickori,Very High,0.7523809671401978
-9.50135,-15.16907,50.0,Wheat,Very High,0.727371871471405
-6.9903,-12.35103,21.5,Wheat,High,0.7259713411331177
-7.35524,-15.64065,32.6,Chickori,Very High,0.7963488698005676
-2.16021,-14.89303,28.9,Wheat,High,0.809819757938385
-7.00638,-15.34778,34.6666666666667,Chickori,Very High,0.7705692648887634
-7.67633,-16.39315,26.8,Wheat,High,0.7997793555259705
-4.55797,-12.65182,13.3,Wheat,Medium,0.7792137861251831
-6.77434,-15.85558,38.8,Weed&Chickori,Very High,0.8019999861717224
-6.29035,-12.73817,27.9,Wheat,High,0.7274725437164307
-9.42883,-13.37286,22.6333333333333,Wheat,High,0.8744609355926514
-4.40158,-12.42109,16.5,Mustard,Medium,0.5524600148200989
-6.09943,-11.72674,36.2,Tobacco,Very High,0.7294281721115112
-10.00631,-15.09084,33.5,Tobacco,Very High,0.6701030731201172
-4.7357,-14.76062,22.7,Wheat,High,0.8317241668701172
-5.32404,-15.60768,32.6333333333333,Tobacco,Very High,0.7678396701812744
-7.79717,-14.60583,14.4,Tobacco,Medium,0.8337417244911194
-3.53922,-13.75621,49.6,Wheat,Very High,0.8005944490432739
-3.13017,-9.94574,39.3,Tobacco,Very High,0.8154981732368469
-4.50996,-12.98827,36.6,Tobacco,Very High,0.7963488698005676
-3.62305,-10.10662,36.5333333333333,Tobacco,Very High,0.8117693662643433
-4.49816,-11.69284,22.5,Tobacco,High,0.7275269627571106
-6.67674,-12.6169,25.1,Tobacco,High,0.7995287179946899
-5.43935,-9.5887,22.7,Tobacco,High,0.7622377872467041
-7.81745,-12.9178,21.4,Wheat,High,0.7469300627708435
-7.26159,-11.74019,24.0,Tobacco,High,0.7814619541168213
-6.3689,-12.35028,32.3,Tobacco,Very High,0.6068965792655945
-5.2556,-13.70725,30.5,Tobacco,High,0.6831896305084229
-8.73016,-17.18629,52.3,Tobacco,Very High,0.7224639058113098
-5.7685,-11.19172,32.9,Tobacco,Very High,0.7229636311531067
-8.55672,-12.79889,34.7,Tobacco,Very High,0.7161409854888916
-3.43606,-11.46965,35.3,Tobacco,Very High,0.7307773232460022
-6.15753,-9.29274,43.3,Tobacco,Very High,0.7932367324829102
-5.90936,-10.75165,32.2,Tobacco,Very High,0.6838427782058716
-3.65545,-14.425,40.0,Fallow,Very High,0.2787878811359405
-4.354,-12.43976,39.6,Wheat,Very High,0.8245701193809509
-4.49859,-10.19302,17.2,Wheat,High,0.8858656287193298
-8.42376,-15.70217,13.6,Bhaji,Medium,0.8592780232429504
-8.91445,-17.72289,20.0,Wheat,High,0.8602710962295532
-7.53917,-15.21295,9.8,Wheat,Medium,0.8995852470397949
-6.2977,-12.42688,12.8333333333333,Wheat,Medium,0.8512095212936401
-11.39028,-14.45735,22.3,Wheat,High,0.829741358757019
-7.27591,-14.89542,43.6,Wheat,Very High,0.7941716909408569
-6.35165,-11.70996,43.9,Wheat,Very High,0.730140209197998
-10.11211,-14.36982,39.5,Wheat,Very High,0.8254585862159729
-6.88852,-14.63118,44.2333333333333,Wheat,Very High,0.8203984498977661
-7.83739,-17.84368,15.8,Wheat,Medium,0.7232270836830139
-8.43331,-13.0224,10.0,Wheat,Medium,0.7835318446159363
-3.82582,-16.7093,17.3,Tobacco,High,0.7969865202903748
-8.37575,-15.1083,26.6,Tobacco,High,0.6735537052154541
-4.46318,-13.05373,22.1,Tobacco,High,0.7408267259597778
-5.8793,-13.89001,50.0,Wheat,Very High,0.8083009719848633
-6.14269,-15.00759,38.7,Tobacco,Very High,0.8396369218826294
-8.55152,-15.36699,32.1,Tobacco,Very High,0.6338028311729431
-3.82856,-15.11956,21.2,Tobacco,High,0.739130437374115
-7.13528,-14.13398,24.6,Tobacco,High,0.6709831953048706
-5.15094,-15.03994,8.7,Fallow,Medium,0.2704308927059173
-6.32535,-17.69331,25.9,Chickori,High,0.8610007762908936
-7.84002,-14.92221,49.7,Chickori,Very High,0.8005203604698181
-8.46383,-17.36857,3.3,Lemon,Low,0.384861409664154
-4.92177,-14.62923,49.0666666666667,Chickori,Very High,0.8113841414451599
-8.62339,-17.72896,25.2,Wheat,High,0.471729964017868
-6.38866,-15.94442,26.4,Wheat,High,0.4514692723751068
-6.45287,-15.24304,25.6,Wheat,High,0.5168417096138
-8.57051,-13.5368,30.0,Wheat,High,0.4563034474849701
-5.96146,-17.22767,21.8,Wheat,High,0.4755351543426513
-5.97816,-13.96104,41.0,Wheat,Very High,0.5566607713699341
-8.98597,-15.96011,37.7,Wheat,Very High,0.4877868294715881
-9.55062,-15.24599,32.3,Wheat,Very High,0.4836396276950836
-7.56409,-15.16093,37.0,Wheat,Very High,0.4836980700492859
-10.22938,-16.25107,33.1666666666667,Wheat,Very High,0.4847573935985565
-7.90634,-17.36723,25.4,Wheat,High,0.5991425514221191
-7.2307,-17.14799,20.2,Wheat,High,0.6580621004104614
-5.66462,-16.10262,31.6,Wheat,Very High,0.5075376629829407
-8.86954,-13.58678,54.1,Wheat,Very High,0.5346242189407349
-4.40918,-14.47324,29.6,Wheat,High,0.6005696058273315
-9.74498,-19.44816,20.8,Wheat,High,0.5583203434944153
-8.15695,-20.49878,14.1,Wheat,Medium,0.5611390471458435
-10.6915,-19.56545,12.4,Wheat,Medium,0.6310452222824097
-7.89358,-18.0427,7.0,Wheat,Low,0.6170861721038818
-9.29197,-18.51635,21.0666666666667,Wheat,High,0.6176245212554932
-8.59892,-18.97008,39.0,Wheat,Very High,0.5397260189056396
-7.15074,-16.56623,39.8,Wheat,Very High,0.5299455523490906
-7.47369,-18.0263,21.3,Wheat,High,0.4118078351020813
-6.65122,-16.11936,40.4,Wheat,Very High,0.4211229979991913
-7.13692,-19.10054,39.8666666666667,Wheat,Very High,0.5261756777763367
-5.67279,-18.20795,50.0,Fallow,Very High,0.7862903475761414
-4.80204,-18.64677,50.0,Fallow,Very High,0.8384075164794922
-7.82127,-15.6427,50.0,Fallow,Very High,0.6878137588500977
-6.31921,-17.81749,50.0,Fallow,Very High,0.8108031153678894
-5.30215,-19.09196,50.0,Fallow,Very High,0.7966546416282654
-9.45876,-15.64377,34.2,Wheat,Very High,0.5515101552009583
-11.56884,-13.55889,27.7,Wheat,High,0.6150035262107849
-8.34216,-15.06739,26.1,Wheat,High,0.6092114448547363
-8.43672,-14.74903,29.6,Wheat,High,0.4808405339717865
-8.58653,-14.52158,39.0333333333333,Wheat,Very High,0.416610836982727
-6.94218,-16.58721,27.8,Wheat,High,0.3888888955116272
-10.33355,-12.92172,25.7,Wheat,High,0.4795417487621307
-3.18096,-11.656,30.2,Wheat,High,0.5014577507972717
-10.30785,-16.05667,23.3,Wheat,High,0.3725490272045135
-7.39412,-15.76303,37.2,Wheat,Very High,0.3647541105747223
-11.06337,-17.51205,15.5,Wheat,Medium,0.3973037302494049
-7.66704,-16.95096,16.7,Wheat,High,0.3764757215976715
-8.8914,-17.19699,25.6,Wheat,High,0.4039921164512634
-8.56735,-14.9046,24.5,Wheat,High,0.4461305141448974
-8.72845,-15.61855,19.8666666666667,Wheat,High,0.4233856797218323
-6.03547,-16.63282,10.6,Wheat,Medium,0.5804142951965332
-6.55273,-16.08655,37.3,Wheat,Very High,0.6752974390983582
-6.32299,-16.96601,24.1,Tobacco,High,0.6631319522857666
-10.51478,-17.28849,17.5,Wheat,High,0.4805194735527038
-10.92548,-16.8931,12.9666666666667,Wheat,Medium,0.6927469968795776
-9.84715,-14.1256,42.3,Wheat,Very High,0.678470253944397
-12.25054,-16.27297,24.5,Wheat,High,0.6456241011619568
-7.97397,-15.15849,34.6,Wheat,Very High,0.4473144710063934
-10.45823,-15.97989,33.2,Wheat,Very High,0.6285930275917053
-11.09473,-17.78957,21.5666666666667,Wheat,High,0.6398671269416809
-8.40098,-20.02289,21.4,Wheat,High,0.4998255968093872
-8.31098,-17.66729,39.3,Wheat,Very High,0.4690909087657928
-10.49659,-14.03814,26.7,Wheat,High,0.5969868302345276
-7.09036,-14.78894,21.4,Wheat,High,0.4407523572444916
-7.14018,-18.25183,37.9666666666667,Wheat,Very High,0.486048012971878
-5.54084,-14.39622,50.0,Wheat,Very High,0.5532994866371155
-6.30783,-14.31132,34.6,Wheat,Very High,0.4646818339824676
-9.71406,-15.92339,17.3,Wheat,High,0.3816971778869629
-7.9229,-16.27355,50.0,Fallow,Very High,0.4158110916614532
-4.88999,-14.55155,37.7,Wheat,Very High,0.644994854927063
-6.02862,-16.90041,23.9,Tobacco&Chikori,High,0.7210401892662048
-7.63111,-14.10565,26.4,Tobacco&Chikori,High,0.8194384574890137
-9.11679,-13.86853,16.3,Chickori,Medium,0.7653519511222839
-11.04512,-13.4866,14.9,Chickori,Medium,0.6600837707519531
-10.31259,-13.30661,16.0666666666667,Chickori,Medium,0.5942290425300598
-8.9966,-13.71785,12.0,Wheat,Medium,0.5527027249336243
-10.36823,-15.6768,16.9,Wheat,High,0.6844014525413513
-8.97391,-13.06329,38.0,Chickori,Very High,0.7471925020217896
-10.79276,-14.11689,25.3,Chickori,High,0.7742745876312256
-9.66765,-13.07276,10.5,Wheat,Medium,0.6194455027580261
-12.67692,-14.95325,24.4,Wheat,High,0.6273712515830994
-10.67218,-15.25018,30.2,Wheat,High,0.7685987949371338
-7.25629,-16.85071,38.3,Chickori,Very High,0.7595402002334595
-8.40801,-16.3695,20.0,Wheat,High,0.3440559506416321
-10.34531,-15.60371,38.8,Chickori,Very High,0.6680538654327393
-10.77078,-14.87204,21.7,Wheat,High,0.4941860437393188
-11.71608,-12.93865,14.1,Wheat,Medium,0.6945606470108032
-9.33765,-16.35835,33.8,Weed&Chickori,Very High,0.755942165851593
-6.57584,-17.21585,19.2,Wheat,High,0.453046590089798
-8.04574,-16.24862,17.1,Wheat,High,0.5756509304046631
-8.72334,-15.14203,27.4,Tobacco,High,0.5395033955574036
-10.4102,-18.70944,26.4,Wheat,High,0.5491408705711365
-7.10656,-13.07138,30.5,Tobacco,High,0.6293615698814392
-6.85279,-15.55773,25.2,Tobacco,High,0.7401812672615051
-5.02436,-14.02227,29.3,Wheat,High,0.4060390889644623
-5.8884,-13.76714,29.4,Tobacco,High,0.7007592916488647
-2.26086,-14.48954,29.3,Tobacco,High,0.7164000868797302
-5.31369,-11.93462,26.8666666666667,Tobacco,High,0.7101385593414307
-7.53433,-13.93566,19.6,Tobacco,High,0.6082121729850769
-7.86463,-12.02875,27.3,Tobacco,High,0.6335616707801819
-5.71715,-11.85157,23.3,Tobacco,High,0.610472559928894
-5.42316,-16.61575,5.3,Wheat,Low,0.4032258093357086
-5.19346,-12.61175,25.1333333333333,Tobacco,High,0.6010240912437439
-7.36726,-12.09159,13.1,Tobacco,Medium,0.2141160517930984
-6.87419,-15.33173,13.4,Tobacco,Medium,0.2461799681186676
-6.04241,-15.79052,26.4,Tobacco,High,0.6599264740943909
-5.05276,-12.94747,37.8,Tobacco,Very High,0.6585031151771545
-4.89335,-11.63245,28.8333333333333,Tobacco,High,0.6242930889129639
-8.05309,-13.95449,11.5,Tobacco,Medium,0.2896231412887573
-7.26088,-15.61397,15.7,Tobacco,Medium,0.6828110218048096
-5.86757,-14.17861,17.4,Tobacco,High,0.5719490051269531
-8.49375,-19.40045,33.9,Fallow,Very High,0.1985843479633331
-8.10764,-18.04404,8.5,Wheat,Medium,0.4399746656417846
-7.19542,-11.93648,9.6,Wheat,Medium,0.495792418718338
-8.54427,-14.5055,23.2,Bhaji,High,0.5628742575645447
-7.79028,-17.77768,11.9,Wheat,Medium,0.6479772925376892
-8.54918,-17.35447,14.6,Wheat,Medium,0.5189107656478882
-9.31008,-15.89008,8.93333333333333,Wheat,Medium,0.5964854955673218
-7.12127,-16.51981,19.4,Wheat,High,0.5145273804664612
-5.86639,-15.11648,19.3,Wheat,High,0.6321911215782166
-7.87722,-14.4182,9.7,Wheat,Medium,0.4839498698711395
-12.32029,-15.15572,6.5,Wheat,Low,0.5146557688713074
-8.85128,-15.65176,7.53333333333333,Wheat,Low,0.5264968872070312
-11.52704,-16.79963,50.0,Wheat,Very High,0.5218725800514221
-8.07408,-13.55323,50.0,Wheat,Very High,0.5748526453971863
-5.35531,-13.77275,29.9,Tobacco,High,0.6097323894500732
-5.92941,-15.92869,24.7,Tobacco,High,0.6510257124900818
-6.08458,-15.9127,39.7333333333333,Tobacco,Very High,0.5523223280906677
-8.69274,-14.15688,50.0,Wheat,Very High,0.4374717772006988
-6.48271,-15.56076,50.0,Tobacco,Very High,0.4951298832893371
-6.2066,-14.73141,50.0,Tobacco,Very High,0.2310630232095718
-9.43414,-20.52987,50.0,Tobacco,Very High,0.2125681340694427
-7.47745,-15.42384,50.0,Tobacco,Very High,0.1837511956691742
-10.00167,-19.92209,16.3,Perl Millet,Medium,0.8372673988342285
-8.64632,-16.31338,2.4,Fallow,Low,0.1583220511674881
-9.64568,-15.35525,1.6,Fallow,Low,0.1714285761117935
-8.21415,-14.15616,4.3,Lemon,Low,0.387897253036499
-9.21949,-14.97651,2.8,Fallow,Low,0.2005329728126526
-8.19993,-18.87783,27.4,Perl Millet,High,0.5942818522453308
-8.94661,-17.33686,28.1,Perl Millet,High,0.5850956439971924
-11.73106,-16.32516,15.1,Fallow,Medium,0.2987654209136963
-9.4678,-20.71176,22.4,Fallow,High,0.2840520143508911
-10.43284,-18.92056,18.9,Perl Millet,High,0.6483253836631775
-5.86952,-15.82784,17.1,Fallow,High,0.231218472123146
-9.39252,-16.45629,15.3,Fallow,Medium,0.165278822183609
-7.64937,-16.4518,16.7,Fallow,High,0.1107094436883926
-9.96623,-13.75554,17.2,Fallow,High,0.1241535022854805
-8.59249,-14.81357,12.3666666666667,Fallow,Medium,0.1113013699650764
-10.2575,-15.26846,16.4,Fallow,Medium,0.2035959810018539
-11.13368,-20.16329,11.5,Fallow,Medium,0.1563731878995895
-12.30907,-18.12221,13.0,Fallow,Medium,0.1774956434965133
-12.65269,-16.64908,13.9,Fallow,Medium,0.1308182328939438
-13.74635,-18.87415,11.5666666666667,Fallow,Medium,0.1527705788612365
-9.14928,-16.28594,8.3,Fallow,Medium,0.241318941116333
-12.04352,-16.52743,7.9,Fallow,Low,0.1213801577687263
-11.57165,-17.94566,6.3,Fallow,Low,0.1255992352962494
-8.7048,-19.8832,6.4,Fallow,Low,0.138539046049118
-11.02199,-20.45797,7.26666666666667,Fallow,Low,0.1554634273052215
-11.7562,-15.25008,16.4,Paddy,Medium,0.8640776872634888
-7.80272,-18.62034,31.1,Paddy,Very High,0.8613333106040955
-7.4974,-17.3916,32.3,Paddy,Very High,0.7374784350395203
-9.35592,-11.2428,44.1,Paddy,Very High,0.865532398223877
-9.57783,-13.59843,40.0666666666667,Paddy,Very High,0.8796912431716919
-10.46127,-17.02879,14.2,Fallow,Medium,0.1618398576974868
-9.63905,-16.98398,12.6,Fallow,Medium,0.265849769115448
-8.89347,-21.33182,16.7,Fallow,High,0.1433155089616775
-13.00412,-21.53505,15.1,Fallow,Medium,0.1936566084623336
-11.51228,-21.96943,13.0666666666667,Fallow,Medium,0.1888579428195953
-8.75682,-18.06771,16.2,Fallow,Medium,0.2329338192939758
-9.4657,-20.12779,16.5,Fallow,Medium,0.2532467544078827
-8.70018,-17.92023,6.6,Fallow,Low,0.2668403387069702
-6.5437,-14.77157,4.1,Fallow,Low,0.1435343623161316
-7.83498,-19.31248,15.2666666666667,Fallow,Medium,0.1599147170782089
-14.77777,-16.40226,14.2,Maize,Medium,0.1290992051362991
-9.25342,-18.14691,19.4,Maize,High,0.2713823318481445
-11.00686,-18.66616,15.1,Fallow,Medium,0.1563569903373718
-13.57658,-19.41325,13.4,Fallow,Medium,0.2342388480901718
-11.22901,-17.66094,15.6333333333333,Maize,Medium,0.1637748628854751
-12.4898,-15.43007,17.7,Fallow,High,0.2745098173618316
-10.35267,-23.32974,19.1,Fallow,High,0.2662410736083984
-9.62227,-19.02364,13.7,Fallow,Medium,0.1713294833898544
-9.85162,-17.16426,9.6,Fallow,Medium,0.183220237493515
-10.89802,-16.97785,19.3333333333333,Fallow,High,0.3133402168750763
-8.46758,-17.81056,16.1,Fallow,Medium,0.1353882104158401
-10.96815,-16.11847,10.9,Fallow,Medium,0.1944700479507446
-12.37671,-19.99245,18.9,Fallow,High,0.233626589179039
-9.95245,-16.72325,18.6,Perl Millet,High,0.1675019711256027
-10.39046,-17.63279,10.1,Fodder,Medium,0.1976149976253509
-8.11004,-20.45958,16.1,Fallow,Medium,0.221061423420906
-7.65974,-22.82328,9.8,Fallow,Medium,0.2472806423902511
-8.94481,-18.0926,18.0,Perl Millet,High,0.5130193829536438
-10.08608,-16.17819,25.2,Perl Millet,High,0.4686854779720306
-8.87369,-22.23991,20.2666666666667,Fallow,High,0.1773533374071121
-9.89721,-20.18686,9.8,Fallow,Medium,0.2035916447639465
-8.76022,-24.29739,7.6,Fallow,Low,0.1392504870891571
-9.33478,-20.1129,6.2,Fallow,Low,0.190265491604805
-10.58796,-16.58006,7.1,Fallow,Low,0.1256029307842254
-9.63174,-20.46664,7.36666666666667,Fallow,Low,0.1308823525905609
-9.07433,-18.34596,9.4,Fallow,Medium,0.1861152201890945
-8.38483,-19.38255,7.2,Fallow,Low,0.1849288791418075
-12.41676,-20.07839,6.1,Fallow,Low,0.1508502513170242
-9.64515,-18.86558,7.7,Fallow,Low,0.2981007397174835
-8.95288,-19.81762,8.16666666666667,Fallow,Medium,0.1502209156751632
-9.12458,-13.70238,22.6,Chickori,High,0.5981404781341553
-8.10472,-13.26837,12.8,Chickori,Medium,0.3065519034862518
-10.35881,-15.1596,33.0,Chickori,Very High,0.2905879616737366
-8.79314,-17.56527,35.2,Chickori,Very High,0.2599531710147857
-11.26179,-17.99349,30.4,Chickori,High,0.6406875252723694
-9.28358,-16.72351,35.1,Perl Millet,Very High,0.3319264352321625
-7.51367,-17.17701,35.2,Perl Millet,Very High,0.3974895477294922
-8.413,-14.82572,21.7,Perl Millet,High,0.4674685597419739
-10.40472,-16.67539,9.4,Perl Millet,Medium,0.6877816319465637
-6.89782,-15.81969,31.0333333333333,Perl Millet,High,0.2930513620376587
-9.1237,-17.2709,21.2,Perl Millet,High,0.2382543385028839
-11.51835,-16.98093,6.7,Fallow,Low,0.2234527617692947
-8.94697,-12.80782,6.9,Fallow,Low,0.1977611929178238
-11.23339,-14.44374,12.1,Perl Millet,Medium,0.1385927498340606
-10.14497,-15.57308,7.4,Fallow,Low,0.3778990507125854
-6.97868,-12.11393,5.2,Fallow,Low,0.2025931924581527
-11.0799,-16.19341,3.1,Fallow,Low,0.2820321321487427
-8.44532,-12.24115,7.1,Fallow,Low,0.3568985164165497
-6.77393,-13.54384,6.2,Fallow,Low,0.2474289238452911
-7.52514,-14.47708,7.36666666666667,Fallow,Low,0.176875963807106
-12.08529,-16.14222,34.8,Perl Millet,Very High,0.4042325317859649
-7.39161,-13.81944,16.5,Perl Millet,Medium,0.1757342368364334
-8.94634,-14.64734,38.0,Perl Millet,Very High,0.4160664677619934
-8.0358,-15.59208,9.5,Perl Millet,Medium,0.8084291219711304
-8.53849,-16.88264,11.9,Perl Millet,Medium,0.1599999964237213
-10.07334,-15.20282,16.1,Perl Millet,Medium,0.8066334128379822
-8.02592,-17.34644,9.1,Fallow,Medium,0.6580381393432617
-9.76275,-15.27559,13.7,Perl Millet,Medium,0.8201906681060791
-11.06701,-15.54445,6.7,Fallow,Low,0.0922693237662315
-10.98505,-18.08996,11.3,Fallow,Medium,0.0943546742200851
-10.55756,-18.14134,13.2,Fallow,Medium,0.0909757912158966
-10.25137,-16.58471,17.2,Perl Millet,High,0.3363809585571289
-10.3858,-16.69823,12.2333333333333,Fallow,Medium,0.1059841364622116
-9.72612,-16.33301,10.3,Perl Millet,Medium,0.8338398933410645
-9.78805,-17.71266,18.7,Perl Millet,High,0.7575757503509521
-8.40458,-15.94226,6.1,Fallow,Low,0.7439773082733154
-8.50229,-17.00877,13.3,Perl Millet,Medium,0.7229260206222534
-6.83026,-16.07704,12.6333333333333,Perl Millet,Medium,0.7981489896774292
-8.27888,-14.17301,4.3,Fallow,Low,0.149870291352272
-6.90769,-13.29306,13.6,Perl Millet,Medium,0.7812713384628296
-6.20874,-14.10602,35.6,Perl Millet,Very High,0.546562671661377
-7.90551,-14.83405,16.5,Fallow,Medium,0.4183062314987182
-8.66599,-15.61931,6.2,Fallow,Low,0.1266666650772094
-6.67121,-16.79281,9.7,Fallow,Medium,0.2084921002388
-5.84262,-15.35538,3.8,Perl Millet,Low,0.6500142812728882
-9.36215,-21.95996,12.4,Fallow,Medium,0.5581395626068115
-8.36788,-15.60489,30.7,Perl Millet,High,0.1525241732597351
-7.26091,-14.82165,12.4666666666667,Fallow,Medium,0.2793925106525421
-9.02968,-18.88471,6.2,Fallow,Low,0.1780558228492736
-10.80033,-16.52202,7.3,Fallow,Low,0.1680784672498703
-11.62963,-17.45524,8.1,Fallow,Medium,0.214981272816658
-11.13305,-17.63522,8.2,Fallow,Medium,0.1291839629411697
-10.09761,-19.21026,7.96666666666667,Fallow,Low,0.1537171602249145
-7.36068,-16.18182,7.7,Fallow,Low,0.1775348633527755
-8.34078,-15.64833,3.3,Fallow,Low,0.1830863058567047
-6.53515,-13.78363,18.5,Perl Millet,High,0.7498601078987122
-9.69259,-17.64169,29.7,Perl Millet,High,0.7811576128005981
-6.12175,-13.34397,19.1333333333333,Perl Millet,High,0.7407407164573669
-11.81931,-15.82782,9.7,Perl Millet,Medium,0.2472351044416427
-9.55444,-15.40672,3.6,Lemon,Low,0.1285231113433838
-8.49574,-15.29254,29.8,Fallow,High,0.1361422836780548
-11.02725,-15.01579,5.9,Fallow,Low,0.3695884048938751
-8.85216,-16.34756,23.1666666666667,Fallow,High,0.1532514840364456
-8.68768,-17.92505,18.2,Perl Millet,High,0.6234498023986816
-10.82765,-16.71366,13.7,Perl Millet,Medium,0.6205787658691406
-8.08608,-18.78204,6.4,Perl Millet,Low,0.1530612260103225
-11.73934,-17.07287,5.7,Perl Millet,Low,0.1494360864162445
-8.5621,-18.43331,10.9,Perl Millet,Medium,0.6630017757415771
-10.13278,-14.68989,18.2,Fallow,High,0.199600800871849
-7.67497,-18.02937,2.9,Fallow,Low,0.1532566994428634
-9.49269,-19.5737,3.2,Fallow,Low,0.1054852306842804
-7.64437,-16.20923,15.2,Fallow,Medium,0.088260494172573
-7.29612,-17.31333,2.5,Fallow,Low,0.0958560034632682
-9.7773,-17.29109,8.0,Fallow,Low,0.1493449807167053
-10.86729,-20.66976,9.6,Fallow,Medium,0.1250603646039962
-12.33313,-19.77272,7.2,Fallow,Low,0.1592091619968414
-11.80557,-17.75042,44.6,Fallow,Very High,0.1393088549375534
-10.68872,-18.70944,4.2,Fallow,Low,0.1440968215465545
-10.6596,-19.78627,7.8,Fallow,Low,0.2525050044059753
-12.07464,-17.12676,5.7,Fallow,Low,0.0904419347643852
-9.73406,-18.31916,6.2,Fallow,Low,0.0987261161208152
-13.73697,-19.3535,7.1,Fallow,Low,0.114402450621128
-13.46296,-20.25111,6.76666666666667,Fallow,Low,0.1366691589355468
-11.06205,-17.52365,7.4,Fallow,Low,0.152800440788269
-11.12482,-18.04749,7.9,Fallow,Low,0.1473191082477569
-11.57439,-20.52464,7.3,Fallow,Low,0.139032557606697
-9.41299,-17.3895,6.7,Fallow,Low,0.1601786911487579
-10.29658,-18.95568,7.46666666666667,Fallow,Low,0.1508438885211944
-8.80446,-17.79013,5.8,Paddy,Low,0.1353199779987335
-9.67769,-16.60198,19.1,Paddy,High,0.1468620598316192
-7.77674,-17.36491,10.5,Paddy,Medium,0.132691740989685
-9.26227,-18.17236,18.7,Paddy,High,0.1423439532518386
-9.87786,-19.2689,18.0666666666667,Paddy,High,0.1279111355543136
-11.35662,-18.0677,3.8,Fallow,Low,0.1177685931324958
-7.81726,-16.18824,5.1,Fallow,Low,0.2205951809883117
-9.68076,-15.58033,6.2,Fallow,Low,0.1268549561500549
-13.50497,-18.19119,7.4,Fallow,Low,0.1688165962696075
-11.64754,-15.12892,8.26666666666667,Fallow,Medium,0.1562335640192031
-10.10692,-18.50116,6.2,Fallow,Low,0.1911656409502029
-6.83816,-19.46175,5.8,Fallow,Low,0.2123347967863083
-10.93372,-20.01041,3.8,Fallow,Low,0.2232558131217956
-9.78268,-15.34658,3.9,Fallow,Low,0.1372353732585907
-9.98394,-18.07798,6.8,Fallow,Low,0.1432117223739624
-10.14256,-20.37755,8.5,Fallow,Medium,0.4871508479118347
-15.02101,-17.2268,11.4,Fallow,Medium,0.7630854249000549
-10.58067,-16.1342,5.1,Fallow,Low,0.163025215268135
-12.35492,-16.92419,14.1,Fodder,Medium,0.6906989812850952
-12.94031,-16.70495,13.5666666666667,Fodder,Medium,0.6702649593353271
-10.71853,-16.79739,9.3,Fallow,Medium,0.1456123441457748
-11.56785,-20.05263,17.1,Fallow,High,0.206788420677185
-8.31874,-16.10224,8.8,Fallow,Medium,0.1658382266759872
-9.94707,-20.02201,6.9,Fallow,Low,0.1531620621681213
-10.55756,-20.21476,6.53333333333333,Fallow,Low,0.1433005630970001
-8.21267,-16.59742,4.7,Fallow,Low,0.1400523632764816
-8.30339,-15.80354,3.6,Fallow,Low,0.1513734608888626
-11.27394,-16.26287,19.5,Fallow,High,0.5829257369041443
-8.87558,-15.28992,7.1,Fodder,Low,0.6534446477890015
-11.22754,-17.53852,12.3,Fodder,Medium,0.1881676316261291
-7.49894,-12.51896,6.7,Perl Millet,Low,0.3398612737655639
-11.00953,-25.35855,15.1,Perl Millet,Medium,0.3209647536277771
-9.93137,-17.52361,8.3,Fallow,Medium,0.6639344096183777
-11.76035,-15.95107,7.5,Fallow,Low,0.6474081873893738
-10.00562,-17.55512,12.3666666666667,Fallow,Medium,0.1579921394586563
-11.59285,-19.06809,7.3,Fallow,Low,0.1307517141103744
-7.91563,-13.8029,6.7,Fallow,Low,0.1346341520547866
-9.30101,-16.79701,7.2,Fallow,Low,0.164797231554985
-11.2479,-16.58111,7.1,Fallow,Low,0.114030972123146
-10.25707,-16.90699,6.96666666666667,Fallow,Low,0.1118514984846115
-14.19664,-16.4906,3.7,Fallow,Low,0.1671469807624817
-11.4325,-18.08727,6.5,Fallow,Low,0.1712918728590011
-10.01446,-19.09438,4.9,Fallow,Low,0.1301859766244888
-10.33215,-18.82207,50.0,Fallow,Very High,0.2317167073488235
-9.98365,-17.22269,7.16666666666667,Fallow,Low,0.1235431209206581
-9.96243,-12.73853,5.3,Fallow,Low,0.16431924700737
-12.91104,-16.85854,11.9,Fallow,Medium,0.1315682232379913
-7.72607,-21.40274,5.2,Fallow,Low,0.5823045372962952
-8.40758,-17.53756,12.3,Fallow,Medium,0.7359483242034912
-6.89322,-18.21262,12.0,Fallow,Medium,0.1620217263698578
-5.38487,-14.7077,22.5,Perl Millet,High,0.5127308964729309
-11.15021,-15.0883,36.6,Perl Millet,Very High,0.6897081136703491
-7.40346,-14.93471,32.7,Perl Millet,Very High,0.592476487159729
-6.79264,-14.5378,8.8,Perl Millet,Medium,0.6598844528198242
-8.18369,-15.42793,10.5333333333333,Perl Millet,Medium,0.3825042843818664
-6.73145,-17.20118,16.4,Perl Millet,Medium,0.6430497765541077
-8.30284,-14.09194,8.1,Fallow,Medium,0.1748834997415542
-10.30924,-15.83813,9.1,Fallow,Medium,0.1691003292798996
-10.21729,-17.03273,7.3,Fallow,Low,0.150033950805664
-8.4213,-15.53871,7.1,Fallow,Low,0.2625117897987366
-6.36246,-17.21579,3.2,Fallow,Low,0.1771635711193084
-12.74794,-17.56132,6.1,Fallow,Low,0.2563438713550567
-8.74039,-16.46984,7.8,Fallow,Low,0.339842826128006
-7.6575,-13.11639,4.2,Fallow,Low,0.2935960590839386
-8.44988,-15.69015,6.43333333333333,Fallow,Low,0.1511111110448837
-9.04471,-14.90256,38.5,Perl Millet,Very High,0.5076212286949158
-8.03555,-14.24233,26.9,Perl Millet,High,0.1633262187242508
-8.59127,-13.30504,35.7666666666667,Perl Millet,Very High,0.6308316588401794
-6.4973,-15.97604,30.3,Perl Millet,High,0.673758864402771
-9.28497,-13.02534,32.0,Perl Millet,Very High,0.1666666716337204
-7.22109,-14.97562,34.7,Perl Millet,Very High,0.6116838455200195
-8.14316,-17.5295,7.8,Fallow,Low,0.7481940388679504
-6.71815,-14.15351,38.6333333333333,Perl Millet,Very High,0.665544331073761
-9.64249,-14.68928,27.1,Perl Millet,High,0.14885014295578
-5.11058,-18.38829,50.0,Perl Millet,Very High,0.1380617171525955
-3.17664,-14.32142,50.0,Perl Millet,Very High,0.1402061879634857
-7.3575,-13.3391,21.0,Fodder,High,0.4862645268440246
-4.30267,-13.83904,50.0,Fallow,Very High,0.1631057858467102
-8.01984,-13.66179,29.6,Perl Millet,High,0.279225617647171
-9.1248,-16.71117,32.5,Perl Millet,Very High,0.285315454006195
-8.13828,-18.07337,12.1,Fallow,Medium,0.6135321259498596
-6.5124,-13.74376,29.6,Perl Millet,High,0.4787393808364868
-8.92138,-16.10449,29.9333333333333,Perl Millet,High,0.6254515051841736
-8.72523,-19.16424,19.7,Fallow,High,0.1210691854357719
-8.82677,-16.67533,40.4,Perl Millet,Very High,0.6214396953582764
-7.12499,-15.6587,18.8,Perl Millet,High,0.6578434109687805
-7.7127,-18.1656,13.6,Fallow,Medium,0.1342105269432068
-8.62552,-15.82983,14.3333333333333,Fallow,Medium,0.1060414016246795
-8.02409,-13.62486,12.7,Fallow,Medium,0.179863154888153
-11.9958,-15.62525,31.9,Fallow,Very High,0.6593977212905884
-10.02929,-16.84146,14.1,Fallow,Medium,0.679090678691864
-9.01711,-17.09969,23.0,Perl Millet,High,0.1391834020614624
-7.78954,-16.20853,12.4333333333333,Fallow,Medium,0.2906448543071747
-9.06885,-17.96184,6.2,Fallow,Low,0.1566156595945358
-8.27599,-19.12009,7.3,Fallow,Low,0.1366255134344101
-10.10909,-19.18071,6.9,Fallow,Low,0.2046948373317718
-9.35134,-18.43408,5.2,Fallow,Low,0.1393788754940033
-8.75491,-17.21376,9.7,Fallow,Medium,0.1438596546649933
-11.22916,-17.05475,16.8,Fallow,High,0.152962788939476
-5.45131,-16.5076,12.3,Fallow,Medium,0.1285971254110336
-9.48685,-16.953,21.9,Perl Millet,High,0.6960518956184387
-10.91676,-14.30651,16.7,Perl Millet,High,0.8084848523139954
-7.55717,-16.68018,22.7333333333333,Perl Millet,High,0.6484395861625671
-12.90196,-17.77724,13.6,Fallow,Medium,0.1074968203902244
-11.61592,-18.22669,13.9,Fallow,Medium,0.1227178201079368
-8.26109,-15.43479,16.6,Fallow,High,0.1789077222347259
-8.96775,-18.53199,14.6,Fallow,Medium,0.1409275084733963
-8.63474,-17.6473,13.2333333333333,Fallow,Medium,0.1469740569591522
-8.51928,-14.27861,6.3,Fallow,Low,0.1271676272153854
-10.5337,-17.0563,8.4,Lemon,Medium,0.1251101344823837
-9.88471,-17.01366,11.1,Chickori,Medium,0.114791989326477
-9.95405,-17.00266,10.4,Fallow,Medium,0.3481254875659942
-9.01961,-17.70872,12.2,Fallow,Medium,0.1267828792333603
-8.2606,-17.58467,25.3,Perl Millet,High,0.5997926592826843
-12.29155,-18.39013,24.2,Perl Millet,High,0.5395256876945496
-12.92488,-18.52958,18.7,Fallow,High,0.1519936770200729
-12.7389,-20.5879,5.6,Fallow,Low,0.1549508720636367
-9.62751,-20.15304,24.8,Fallow,High,0.482293426990509
-13.44539,-15.19958,7.9,Fallow,Low,0.1861702054738998
-9.70283,-16.83706,8.2,Fallow,Medium,0.1299531310796737
-9.63891,-18.28604,7.1,Fallow,Low,0.1119047626852989
-8.18604,-20.4146,7.3,Fallow,Low,0.1068616434931755
-9.29699,-16.71435,8.13333333333333,Fallow,Medium,0.0936073064804077
-8.97837,-18.89408,6.8,Fallow,Low,0.230547547340393
-9.99465,-19.48081,8.8,Fallow,Medium,0.1316553801298141
-11.48611,-18.32698,8.9,Fallow,Medium,0.1636091321706771
-11.9705,-20.53896,6.7,Fallow,Low,0.1178451180458068
-10.41186,-19.0963,8.8,Fallow,Medium,0.1354359984397888
-12.91523,-19.62489,7.0,Fallow,Low,0.2046692669391632
-13.65618,-20.30301,8.5,Fallow,Medium,0.0843283608555793
-9.99721,-20.09301,8.5,Fallow,Medium,0.1062030047178268
-12.39714,-19.4477,7.9,Fallow,Low,0.0950056314468383
-15.65112,-20.38011,7.53333333333333,Fallow,Low,0.1327579170465469
-9.78236,-18.79927,6.0,Fallow,Low,0.0975128337740898
-13.16346,-19.09692,5.4,Fallow,Low,0.1006191968917846
-11.22349,-20.00375,3.2,Fallow,Low,0.1423357725143432
-11.25086,-16.93407,3.7,Fallow,Low,0.1644171774387359
-10.48338,-19.32631,6.2,Fallow,Low,0.102154828608036
-10.47203,-18.69562,2.5,Fallow,Low,0.1154000833630561
-8.54275,-15.13929,3.5,Fallow,Low,0.1217391267418861
-10.24749,-19.14128,7.9,Fallow,Low,0.1277801990509033
-10.85333,-19.23387,7.2,Fallow,Low,0.1257068216800689
-10.75128,-20.43515,6.93333333333333,Fallow,Low,0.1307783424854278
-14.40952,-18.52021,6.8,Fallow,Low,0.1397475004196167
-12.91798,-15.95875,6.4,Fallow,Low,0.2035102397203445
-11.27524,-16.59059,5.8,Fallow,Low,0.1167852655053138
-12.49643,-18.914,4.5,Fallow,Low,0.1569586545228958
-12.68103,-18.61378,5.76666666666667,Fallow,Low,0.1584249138832092
-9.69555,-17.24161,5.8,Fallow,Low,0.2345678955316543
-11.09046,-19.56469,5.4,Fallow,Low,0.1939524859189987
-9.31957,-17.15849,3.7,Fallow,Low,0.2420727014541626
-7.71057,-14.12646,1.2,Fallow,Low,0.1057098731398582
-8.77439,-18.42246,6.9,Fallow,Low,0.1355252563953399
-9.34459,-17.93576,9.0,Grass,Medium,0.640041708946228
-7.80977,-16.86535,50.0,Grass,Very High,0.7967648506164551
-9.57489,-17.70514,4.2,Fallow,Low,0.1449541300535202
-11.13255,-16.57762,16.7,Grass,High,0.8220885396003723
-9.2002,-16.41832,15.2,Grass,Medium,0.7936241626739502
-9.01717,-19.75775,4.2,Fallow,Low,0.1418152302503585
-11.38892,-20.43508,5.1,Fallow,Low,0.1986116468906402
-10.50425,-19.55395,3.9,Fallow,Low,0.1510562002658844
-9.52308,-17.21817,4.8,Fallow,Low,0.132501944899559
-8.9139,-17.69281,5.63333333333333,Fallow,Low,0.1433447152376175
-11.35466,-19.16644,3.8,Fallow,Low,0.1270390450954437
-7.42196,-15.55066,19.2,Perl Millet,High,0.3100172579288482
-7.89668,-18.04083,20.8,Perl Millet,High,0.7712895274162292
-8.12043,-18.51093,50.0,Fodder,Very High,0.7748399376869202
-7.16783,-18.54107,7.4,Fallow,Low,0.2259507775306701
-9.54866,-15.36225,6.8,Fallow,Low,0.4110787212848663
-9.56454,-19.53186,6.7,Fallow,Low,0.1532652229070663
-7.81183,-12.84159,21.4,Perl Millet,High,0.5074349641799927
-7.6944,-14.55334,20.4,Perl Millet,High,0.6657350659370422
-7.69168,-16.07112,10.3,Fallow,Medium,0.1375198662281036
-10.46143,-18.59533,9.1,Fallow,Medium,0.0991501435637474
-8.25762,-18.06697,8.2,Fallow,Medium,0.113122172653675
-10.65867,-12.89579,7.8,Fallow,Low,0.139398992061615
-7.34198,-13.36101,7.1,Fallow,Low,0.1083991378545761
-8.56563,-15.61607,9.93333333333333,Fallow,Medium,0.094906561076641
-11.66678,-17.51916,8.4,Fallow,Medium,0.2022426873445511
-10.67139,-19.22941,7.4,Fallow,Low,0.1662174314260482
-9.13588,-21.48727,7.1,Fallow,Low,0.096960924565792
-9.58959,-18.67389,6.9,Fallow,Low,0.2584167420864105
-9.89015,-20.72469,7.8,Fallow,Low,0.1241728290915489
-9.84308,-17.96756,5.7,Fallow,Low,0.1746857464313507
-11.46021,-21.9882,4.9,Fallow,Low,0.1350869387388229
-8.03045,-17.87206,6.1,Fallow,Low,0.5194681882858276
-10.75034,-16.15504,6.4,Fallow,Low,0.7292659878730774
-10.81074,-18.94414,7.0,Fallow,Low,0.173830360174179
-9.45316,-11.49652,29.7,Perl Millet,High,0.5559187531471252
-8.14801,-15.00961,28.1,Perl Millet,High,0.5685874819755554
-8.87271,-13.0456,35.2,Perl Millet,Very High,0.407665491104126
-12.22819,-13.13889,27.0,Perl Millet,High,0.2851511240005493
-10.1756,-12.80879,26.2333333333333,Perl Millet,High,0.2983555197715759
-8.56344,-18.53855,48.5,Perl Millet,Very High,0.6867470145225525
-11.84278,-15.55002,18.2,Perl Millet,High,0.1767594069242477
-7.64519,-14.86602,20.2,Perl Millet,High,0.1772102117538452
-7.75403,-16.43033,9.3,Fallow,Medium,0.1314160972833633
-9.02815,-18.1644,21.9,Perl Millet,High,0.3278418481349945
-9.77939,-17.64528,5.1,Fallow,Low,0.1607352346181869
-9.38166,-16.76433,5.6,Fallow,Low,0.1137594804167747
-10.11505,-19.60323,4.9,Fallow,Low,0.3017320036888122
-11.05916,-21.92294,6.2,Fallow,Low,0.1872791498899459
-8.81868,-20.80791,7.6,Fallow,Low,0.1393323689699173
-9.44043,-17.57213,9.5,Fallow,Medium,0.4557692408561706
-9.28193,-15.58009,8.5,Fallow,Medium,0.1816367208957672
-10.01618,-13.67096,10.6666666666667,Fallow,Medium,0.2424445897340774
-9.79328,-14.72909,9.8,Perl Millet,Medium,0.5777287483215332
-7.99805,-14.29536,24.4,Perl Millet,High,0.1230342239141464
-10.59105,-16.46074,14.0,Perl Millet,Medium,0.2566955089569092
-8.60959,-14.46107,4.0,Fallow,Low,0.7223677039146423
-8.50533,-14.50349,14.8666666666667,Perl Millet,Medium,0.2729570269584656
-9.9829,-19.55714,9.8,Fallow,Medium,0.1606488674879074
-8.1621,-20.05977,10.1,Fallow,Medium,0.1311111152172088
-9.1322,-16.2044,7.9,Fallow,Low,0.1420824229717254
-8.23329,-19.88401,25.4,Sorgham,High,0.8461538553237915
-7.70872,-22.32342,11.7333333333333,Fallow,Medium,0.1627907007932663
-10.23355,-19.50731,6.3,Fallow,Low,0.162767544388771
-9.80145,-20.11506,7.2,Fallow,Low,0.1698860824108123
-12.53831,-17.02724,8.2,Fallow,Medium,0.1300403177738189
-5.2944,-15.49228,9.1,Fallow,Medium,0.1360519677400589
-8.08588,-18.50718,7.06666666666667,Fallow,Low,0.1426269114017486
-8.2492,-20.37548,10.2,Fallow,Medium,0.1535974144935608
-9.49674,-15.86592,13.6,Perl Millet,Medium,0.3246254324913025
-7.3748,-13.50096,33.2,Perl Millet,Very High,0.465064525604248
-10.03619,-18.48378,8.1,Fallow,Medium,0.1956074088811874
-8.42468,-16.06905,9.6,Fallow,Medium,0.1111111119389534
-8.3543,-16.22012,6.4,Fallow,Low,0.2070815414190292
-9.52011,-17.49152,24.1,Weed,High,0.6382039785385132
-7.15213,-18.63881,50.0,Perl Millet,Very High,0.671444296836853
-8.66461,-15.02859,5.3,Perl Millet,Low,0.1563887447118759
-8.36273,-15.97959,6.73333333333333,Fallow,Low,0.2343507558107376
-13.34756,-16.20927,6.1,Fallow,Low,0.1467741876840591
-10.76268,-15.93247,5.2,Fallow,Low,0.1305683553218841
-10.43515,-20.14801,4.7,Fallow,Low,0.2477453649044037
-12.57679,-18.20552,6.7,Fallow,Low,0.1494937390089035
-12.16501,-18.3078,6.76666666666667,Fallow,Low,0.1516616344451904
-8.54094,-14.94142,28.4,Fallow,High,0.1250552386045456
-10.67947,-17.29432,7.6,Fallow,Low,0.1318114846944809
-8.63065,-15.21775,38.0,Perl Millet,Very High,0.6266666650772095
-8.8305,-17.03611,23.1,Sorgham&PerlMillet,High,0.7399352192878723
-6.69933,-14.86834,42.6,Perl Millet,Very High,0.5973742008209229
-8.75167,-20.04233,9.7,Fallow,Medium,0.1271676272153854
-7.88847,-18.32172,10.4,Fallow,Medium,0.1251101344823837
-8.95861,-15.92288,5.2,Fallow,Low,0.114791989326477
-10.87651,-15.28825,4.1,Lemon,Low,0.3481254875659942
-9.52169,-16.85548,6.1,Fallow,Low,0.1267828792333603
-9.8145,-19.45311,5.8,Fallow,Low,0.5997926592826843
-10.39702,-17.55064,5.5,Fallow,Low,0.5395256876945496
-10.18284,-22.81129,9.2,Fallow,Medium,0.1519936770200729
-10.99269,-23.15112,9.6,Fallow,Medium,0.1549508720636367
-10.10719,-18.3406,7.53333333333333,Fallow,Low,0.482293426990509
-9.65309,-17.37448,34.6,Fallow,Very High,0.1861702054738998
-10.97483,-16.90063,10.7,Fallow,Medium,0.1299531310796737
-11.6078,-19.98338,9.8,Fallow,Medium,0.1119047626852989
-9.77517,-18.1746,6.9,Fallow,Low,0.1068616434931755
-8.41147,-18.483,7.7,Fallow,Low,0.0936073064804077
-11.97212,-17.83651,19.6,Fallow,High,0.230547547340393
-9.41811,-19.71903,16.0,Fallow,Medium,0.1316553801298141
-8.59728,-19.85984,7.3,Fallow,Low,0.1636091321706771
-12.58677,-18.91842,14.0,Fallow,Medium,0.1178451180458068
-12.85868,-19.99165,13.7,Fallow,Medium,0.1354359984397888
-12.31109,-21.89246,16.2,Fallow,Medium,0.2046692669391632
-13.62385,-21.52762,8.0,Fallow,Low,0.0843283608555793
-13.74084,-22.7705,12.2,Fallow,Medium,0.1062030047178268
-13.59322,-18.80383,13.2,Fallow,Medium,0.0950056314468383
-15.22923,-22.94854,10.6666666666667,Fallow,Medium,0.1327579170465469
-9.44828,-25.04205,6.9,Fallow,Low,0.0975128337740898
-9.57694,-23.17151,8.6,Fallow,Medium,0.1006191968917846
-9.21723,-20.39445,7.2,Fallow,Low,0.1423357725143432
-12.59125,-16.96567,7.7,Fallow,Low,0.1644171774387359
-10.18117,-20.9932,11.2333333333333,Fallow,Medium,0.102154828608036
-10.38181,-17.41077,10.1,Fallow,Medium,0.1154000833630561
-11.80694,-19.52592,6.4,Fallow,Low,0.1217391267418861
-10.18847,-19.65122,11.2,Fallow,Medium,0.1277801990509033
-9.41803,-16.72277,15.7,Fallow,Medium,0.1257068216800689
-8.98686,-17.29327,15.3,Fallow,Medium,0.1307783424854278
-9.30996,-17.14248,5.0,Fallow,Low,0.1397475004196167
-9.42317,-19.25129,5.9,Fallow,Low,0.2035102397203445
-9.45326,-18.39343,20.0,Fallow,High,0.1167852655053138
-9.28089,-21.33977,11.8,Fallow,Medium,0.1569586545228958
-9.54327,-19.91577,4.9,Fallow,Low,0.1584249138832092
-12.11064,-20.45641,6.8,Fallow,Low,0.2345678955316543
-15.53682,-21.05001,16.6,Fallow,High,0.1939524859189987
-11.61576,-21.58603,6.1,Fallow,Low,0.2420727014541626
-8.89365,-21.79734,17.3,Fallow,High,0.1057098731398582
-11.99471,-23.22269,8.6,Fallow,Medium,0.1355252563953399
-10.89032,-17.51351,7.0,Fallow,Low,0.640041708946228
-9.70897,-17.81876,14.0,Fallow,Medium,0.7967648506164551
-8.41373,-16.42175,6.7,Fallow,Low,0.1449541300535202
-9.19015,-15.17505,18.9,Sorgham,High,0.8220885396003723
-7.80338,-14.79385,17.6666666666667,Fallow,High,0.7936241626739502
-12.56446,-18.0945,18.7,Fallow,High,0.1418152302503585
-11.50382,-19.32718,1.9,Fallow,Low,0.1986116468906402
-10.02985,-18.76278,10.8,Fallow,Medium,0.1510562002658844
-8.64443,-17.56579,12.2,Fallow,Medium,0.132501944899559
-11.78483,-20.32286,17.8333333333333,Fallow,High,0.1433447152376175
-10.38057,-17.18002,2.5,Fallow,Low,0.1270390450954437
-7.74767,-17.3354,13.3,Daicha,Medium,0.3100172579288482
-10.6776,-18.39251,23.8,Perl Millet,High,0.7712895274162292
-11.34068,-17.14855,7.6,Sorgham,Low,0.7748399376869202
-10.69008,-17.57871,14.3666666666667,Fallow,Medium,0.2259507775306701
-10.82769,-16.90328,9.9,Fallow,Medium,0.4110787212848663
-11.50436,-22.52911,4.1,Fallow,Low,0.1532652229070663
-10.77752,-19.32941,12.2,Fallow,Medium,0.5074349641799927
-10.36668,-17.96761,10.8,Fallow,Medium,0.6657350659370422
-10.85203,-19.84579,12.1,Fallow,Medium,0.1375198662281036
-8.10691,-19.94818,7.2,Fallow,Low,0.0991501435637474
-8.74876,-15.05695,8.2,Fallow,Medium,0.113122172653675
-9.93796,-17.86724,9.3,Fallow,Medium,0.139398992061615
-7.42865,-19.09358,7.9,Fallow,Low,0.1083991378545761
-7.70791,-21.49668,7.16666666666667,Fallow,Low,0.094906561076641
-13.20701,-19.03237,4.2,Fallow,Low,0.2022426873445511
-9.20496,-20.12355,7.9,Fallow,Low,0.1662174314260482
-10.50211,-18.76133,8.5,Fallow,Medium,0.096960924565792
-10.10096,-16.46849,11.6,Grass,Medium,0.2584167420864105
-9.53424,-18.13884,6.16666666666667,Fallow,Low,0.1241728290915489
-10.79432,-15.26845,9.4,Fallow,Medium,0.1746857464313507
-13.36108,-19.72846,9.0,Fallow,Medium,0.1350869387388229
-10.31949,-19.85425,8.9,Fallow,Medium,0.5194681882858276
-10.18298,-20.84249,8.0,Fallow,Low,0.7292659878730774
-11.52782,-21.35908,10.2666666666667,Fallow,Medium,0.173830360174179
-10.20336,-20.34521,17.0,Fallow,High,0.5559187531471252
-9.4883,-17.03998,12.6,Fallow,Medium,0.5685874819755554
-10.39453,-18.05887,12.3,Fallow,Medium,0.407665491104126
-6.27258,-15.91435,15.1,Fallow,Medium,0.2851511240005493
-8.62791,-18.28749,15.0,Fallow,Medium,0.2983555197715759
-10.17428,-14.27367,12.2,Fallow,Medium,0.6867470145225525
-10.56804,-16.39146,11.6,Fallow,Medium,0.1767594069242477
-11.38705,-16.69281,5.6,Fallow,Low,0.1772102117538452
-12.2741,-17.28515,7.8,Fallow,Low,0.1314160972833633
-11.1501,-15.37503,8.23333333333333,Fallow,Medium,0.3278418481349945
-11.73644,-16.37426,15.2,Fallow,Medium,0.1607352346181869
-10.54612,-18.62246,12.4,Fallow,Medium,0.1137594804167747
-9.80616,-14.96033,7.7,Fallow,Low,0.3017320036888122
-9.16587,-15.00299,9.5,Fallow,Medium,0.1872791498899459
-10.91952,-15.5,6.63333333333333,Fallow,Low,0.1393323689699173
-11.17136,-16.40434,7.9,Fallow,Low,0.4557692408561706
-9.97767,-15.5812,12.1,Fallow,Medium,0.1816367208957672
-9.86707,-15.23647,6.0,Fallow,Low,0.2424445897340774
-9.61099,-14.96192,10.8,Fallow,Medium,0.5777287483215332
-9.62763,-18.43609,19.6,Fallow,High,0.1230342239141464
-7.31651,-15.9533,15.7,Fallow,Medium,0.2566955089569092
-7.61589,-14.17122,8.2,Fallow,Medium,0.7223677039146423
-7.09657,-16.1768,13.5666666666667,Fallow,Medium,0.2729570269584656
-12.33498,-24.58123,12.7,Fallow,Medium,0.1606488674879074
-9.73114,-21.08175,20.2,Fallow,High,0.1311111152172088
-8.20695,-18.81511,16.7,Fallow,High,0.1420824229717254
-9.98537,-17.50659,9.2,Sorgham,Medium,0.8461538553237915
-10.59445,-18.65784,8.5,Fallow,Medium,0.1627907007932663
-12.04304,-19.67943,7.6,Fallow,Low,0.162767544388771
-9.47499,-14.98226,8.3,Fallow,Medium,0.1698860824108123
-12.21479,-19.77901,8.5,Fallow,Medium,0.1300403177738189
-12.27678,-18.16585,9.2,Fallow,Medium,0.1360519677400589
-11.22443,-16.48661,11.2,Fallow,Medium,0.1426269114017486
-7.89579,-16.35892,10.9,Fallow,Medium,0.1535974144935608
-11.74064,-18.03709,6.0,Fallow,Low,0.3246254324913025
-8.45022,-17.0766,8.1,Fallow,Medium,0.465064525604248
-10.9477,-19.84472,10.5,Fallow,Medium,0.1956074088811874
-8.6939,-19.25369,12.0333333333333,Fallow,Medium,0.1111111119389534
-6.21615,-18.96612,12.3,Fallow,Medium,0.2070815414190292
-6.22735,-18.98402,15.2,Grass,Medium,0.6382039785385132
-8.39722,-13.33041,11.2,Fallow,Medium,0.671444296836853
-13.14762,-20.49343,10.3,Fallow,Medium,0.1563887447118759
-12.38428,-16.72157,10.7,Fallow,Medium,0.2343507558107376
-11.76401,-21.85814,8.0,Fallow,Low,0.1467741876840591
-13.55689,-19.07093,41.4,Fallow,Very High,0.1305683553218841
-11.34468,-19.20011,16.0,Fallow,Medium,0.2477453649044037
-9.34341,-18.39952,4.3,Fallow,Low,0.1494937390089035
-12.30669,-19.03016,9.26666666666667,Fallow,Medium,0.1516616344451904
-7.5322,-20.04083,8.6,Fallow,Medium,0.1250552386045456
-7.51516,-19.31573,12.6,Fallow,Medium,0.1318114846944809
-11.06163,-19.10139,9.0,Fallow,Medium,0.6266666650772095
-7.03863,-16.74148,12.0,Fallow,Medium,0.7399352192878723
-9.4104,-18.74423,6.4,Fallow,Low,0.5973742008209229
-12.35404,-17.95942,6.7,Fallow,Low,0.1529680341482162
-10.38789,-16.97541,9.1,Fallow,Medium,0.1080870926380157
-9.90663,-14.85658,7.4,Fallow,Low,0.1943684071302414
-10.76328,-20.07481,8.0,Fallow,Low,0.1257746964693069
-10.26432,-18.20491,10.5333333333333,Fallow,Medium,0.1506849378347396
