date,sample_id,lat,lon,SM1,crop,NDVI,ndvi_fallback,HH-pol,HV-pol
2022-06-01,1A,22.526048,72.765011,8.2,Fallow,0.1855139285326004,False,-9.30941,-17.00176
2022-06-01,1B,22.525481,72.765028,44.8,Perl Millet,0.7043031454086304,False,-8.10325,-15.88235
2022-06-01,1C,22.525423,72.765663,6.0,Fallow,0.16781267523765564,False,-9.62345,-17.15174
2022-06-01,1D,22.525999,72.765663,5.7,Ortho,0.20076680183410645,False,-9.94934,-19.37645
2022-06-01,1E,22.525563,72.765399,2.7,Fallow,0.27951645851135254,False,-6.80651,-17.59076
2022-06-01,2A,22.52729,72.764707,37.4,Perl Millet,0.7071754336357117,False,-9.78643,-10.79381
2022-06-01,2B,22.527874,72.764718,27.3,Perl Millet,0.6216261982917786,False,-8.44387,-15.33186
2022-06-01,2C,22.527854,72.764092,15.2,Perl Millet,0.6952751874923706,False,-8.75233,-18.93091
2022-06-01,2D,22.527369,72.764055,9.1,Perl Millet,0.68604576587677,False,-12.47915,-18.12421
2022-06-01,2E,22.527544,72.764518,26.9,Perl Millet,0.7100813388824463,False,-9.48801,-14.64609
2022-06-01,3A,22.525921,72.762216,3.8,Fallow,0.1968420147895813,False,-7.93055,-19.29293
2022-06-01,3B,22.52584,72.762791,4.7,Fallow,0.17357711493968964,False,-10.35046,-17.05132
2022-06-01,3C,22.525384,72.762825,5.0,Fallow,0.1398393213748932,False,-10.06136,-19.13012
2022-06-01,3D,22.525408,72.762107,2.1,Fallow,0.1445223093032837,False,-12.05981,-19.29424
2022-06-01,3E,22.525592,72.762415,2.4,Fallow,0.15873491764068604,False,-10.30704,-19.45123
2022-06-01,4A,22.525937,72.760776,12.6,Fallow,0.17419113218784332,False,-12.82574,-21.29368
2022-06-01,4B,22.525981,72.760155,5.0,Fallow,0.15244804322719574,False,-10.22037,-19.06915
2022-06-01,4C,22.525355,72.760222,6.8,Fallow,0.21291786432266235,False,-8.61756,-20.42012
2022-06-01,4D,22.525455,72.760782,6.2,Fallow,0.4003955125808716,False,-12.73595,-17.84052
2022-06-01,4E,22.525639,72.760495,5.83333333333333,Fallow,0.19132238626480103,False,-12.2253,-22.54355
2022-06-01,5A,22.527575,72.759127,6.3,Fallow,0.14431464672088623,False,-10.92568,-15.49919
2022-06-01,5B,22.527161,72.759162,3.8,Fallow,0.1299549788236618,False,-12.65881,-16.4699
2022-06-01,5C,22.527168,72.759822,6.3,Fallow,0.11840081959962845,False,-12.57115,-20.66377
2022-06-01,5D,22.527736,72.759854,7.0,Fallow,0.14903971552848816,False,-12.63191,-15.34244
2022-06-01,5E,22.527454,72.759598,7.6,Fallow,0.12831147015094757,False,-13.02122,-15.69567
2022-06-01,6A,22.526732,72.757887,8.7,Fallow,0.1748446524143219,False,-11.54633,-13.21472
2022-06-01,6B,22.526314,72.757891,5.0,Fallow,0.1745884120464325,False,-10.58841,-15.85361
2022-06-01,6C,22.526244,72.757237,4.0,Fallow,0.11400312185287476,False,-8.42513,-17.40769
2022-06-01,6D,22.526763,72.757237,3.4,Fallow,0.14114396274089813,False,-12.02991,-15.60047
2022-06-01,6E,22.526525,72.757638,5.3,Fallow,0.12913298606872559,False,-13.06616,-14.96992
2022-06-01,7A,22.527958,72.750395,2.4,Fallow,0.186956524848938,False,-12.04677,-19.2503
2022-06-01,7B,22.528433,72.750436,6.8,Fallow,0.13934919238090515,False,-8.4518,-17.31775
2022-06-01,7C,22.528529,72.751032,3.0,Fallow,0.17290034890174866,False,-9.3763,-19.00197
2022-06-01,7D,22.527949,72.751069,4.3,Fallow,0.16524390876293182,False,-8.84624,-15.81384
2022-06-01,7E,22.528163,72.750758,3.03333333333333,Fallow,0.15358123183250427,False,-9.50577,-15.5643
2022-06-01,8A,22.526748,72.749919,3.6,Fallow,0.1447056233882904,False,-7.24491,-18.34963
2022-06-01,8B,22.526719,72.749468,4.2,Fallow,0.2932208478450775,False,-9.55814,-16.25389
2022-06-01,8C,22.526145,72.74949,6.0,Fallow,0.13182097673416138,False,-12.91854,-19.12096
2022-06-01,8D,22.526286,72.750055,2.3,Fallow,0.1611585021018982,False,-10.35664,-17.43173
2022-06-01,8E,22.526437,72.749791,4.53333333333333,Fallow,0.15739022195339203,False,-11.89789,-19.27818
2022-06-01,9A,22.527928,72.746618,2.6,Fallow,0.19170932471752167,False,-7.08127,-15.57441
2022-06-01,9B,22.527864,72.747112,2.4,Fallow,0.2970867156982422,False,-9.99693,-18.66412
2022-06-01,9C,22.528473,72.747142,2.8,Fallow,0.323417067527771,False,-9.61241,-16.59726
2022-06-01,9D,22.528502,72.746614,32.1,Fallow,0.3677308261394501,False,-9.83582,-15.61723
2022-06-01,9E,22.528209,72.746825,5.86666666666667,Fallow,0.16313275694847107,False,-9.15462,-14.64847
2022-06-01,10A,22.526665,72.746543,14.4,Fallow,0.12223117053508759,False,-5.9622,-16.00036
2022-06-01,10B,22.526281,72.746567,23.3,Fallow,0.12486258149147034,False,-7.39929,-16.99431
2022-06-01,10C,22.526099,72.747116,4.3,Fallow,0.1651390939950943,False,-12.4412,-18.07345
2022-06-01,10D,22.526674,72.747171,40.6,Fallow,0.1319977343082428,False,-9.06017,-20.28106
2022-06-01,10E,22.52649,72.746891,25.4666666666667,Fallow,0.1328127533197403,False,-10.5291,-19.31998
2022-06-01,11A,22.518984,72.749277,4.5,Fallow,0.766296923160553,False,-9.95405,-12.73768
2022-06-01,11B,22.519441,72.749219,52.2,Dalia,0.2993646264076233,False,-9.48952,-17.54862
2022-06-01,11C,22.519529,72.748567,25.1,Perl Millet,0.23265047371387482,False,-10.76591,-18.80001
2022-06-01,11D,22.519041,72.748613,17.2,Jowar,0.22187311947345734,False,-12.10011,-13.80231
2022-06-01,11E,22.519199,72.748927,5.2,Fallow,0.7958741188049316,False,-10.91712,-19.1987
2022-06-01,12A,22.518535,72.746677,,,0.20506522059440613,False,-12.8192,-16.19278
2022-06-01,12B,22.518013,72.746708,,,0.7901802659034729,False,-8.52763,-13.8088
2022-06-01,12C,22.517941,72.747349,,,0.5233144164085388,False,-10.872,-16.78034
2022-06-01,12D,22.518535,72.74737,,,0.6281545162200928,False,-11.57582,-17.26555
2022-06-01,12E,22.518272,72.747109,0.0,,0.25251442193984985,False,-9.43035,-16.89046
2022-06-01,13A,22.51777,72.752478,4.8,Fallow,0.14325597882270813,False,-7.81574,-18.94311
2022-06-01,13B,22.517764,72.753199,27.4,Fallow,0.26277756690979004,False,-6.59767,-18.39282
2022-06-01,13C,22.517261,72.753172,37.3,Fallow,0.5982919931411743,False,-10.1896,-14.50748
2022-06-01,13D,22.517127,72.752548,8.2,Fallow,0.3575413227081299,False,-9.96887,-15.24612
2022-06-01,13E,22.517547,72.752847,5.86666666666667,Fallow,0.18908482789993286,False,-12.61298,-20.17157
2022-06-01,14A,22.515363,72.751239,4.1,Fallow,0.2779066562652588,False,-13.38488,-19.73572
2022-06-01,14B,22.515897,72.751233,3.5,Fallow,0.190759539604187,False,-9.36742,-16.36509
2022-06-01,14C,22.515909,72.750612,4.0,Fallow,0.26200050115585327,False,-8.86449,-15.5614
2022-06-01,14D,22.51533,72.750642,3.8,Fallow,0.1514265090227127,False,-10.81193,-15.77439
2022-06-01,14E,22.515543,72.750935,5.13333333333333,Fallow,0.14771118760108948,False,-12.77497,-17.40721
2022-06-01,15A,22.515953,72.75545,3.6,Fallow,0.1680389791727066,False,-9.92453,-18.7951
2022-06-01,15B,22.515949,72.756128,5.1,Fallow,0.19900880753993988,False,-11.65075,-17.92907
2022-06-01,15C,22.515395,72.756042,16.0,Fallow,0.1549205631017685,False,-12.55268,-17.39989
2022-06-01,15D,22.515392,72.75548,2.8,Fallow,0.24546708166599274,False,-8.42385,-19.05501
2022-06-01,15E,22.515768,72.75581,10.7666666666667,Fallow,0.17225338518619537,False,-10.12433,-19.84436
2022-06-01,16A,22.509924,72.774006,3.2,Fallow,0.2048896998167038,False,-8.62324,-17.74773
2022-06-01,16B,22.509328,72.774041,6.5,Fallow,0.2538425624370575,False,-13.38404,-18.17859
2022-06-01,16C,22.50929,72.774752,6.0,Fallow,0.1472425013780594,False,-9.93938,-18.48502
2022-06-01,16D,22.509753,72.77471,4.9,Fallow,0.20295599102973938,False,-12.57221,-19.60516
2022-06-01,16E,22.509581,72.774453,6.06666666666667,Fallow,0.15345542132854462,False,-11.58666,-22.13792
2022-06-01,17A,22.508014,72.772291,9.6,Fallow,0.21657274663448334,False,-11.84989,-18.48023
2022-06-01,17B,22.508111,72.772801,3.4,Fallow,0.27201321721076965,False,-10.29152,-16.81516
2022-06-01,17C,22.507532,72.772595,21.8,Fallow,0.6714749336242676,False,-11.18491,-20.68605
2022-06-01,17D,22.507484,72.772119,5.9,Fallow,0.3030792474746704,False,-9.20688,-19.93405
2022-06-01,17E,22.50785,72.772474,4.6,Fallow,0.18568719923496246,False,-9.82747,-20.41621
2022-06-01,18A,22.510282,72.771327,,,0.3440103828907013,False,-11.73068,-18.05889
2022-06-01,18B,22.510154,72.771792,,,0.2764749228954315,False,-7.14371,-16.91009
2022-06-01,18C,22.510732,72.771577,,,0.30108216404914856,False,-11.58181,-17.66316
2022-06-01,18D,22.510569,72.771293,,,0.30586662888526917,False,-12.81656,-17.3698
2022-06-01,18E,22.510473,72.771515,0.0,,0.3186955153942108,False,-11.88261,-17.46669
2022-06-01,19A,22.505576,72.76343,3.9,Fallow,0.3168925344944,False,-11.9066,-15.6542
2022-06-01,19B,22.505581,72.764064,21.5,Perl Millet,0.6003332734107971,False,-8.62748,-16.12485
2022-06-01,19C,22.505961,72.764083,15.8,Perl Millet,0.7144039273262024,False,-10.26128,-17.77907
2022-06-01,19D,22.506133,72.763434,3.8,Fallow,0.3867734670639038,False,-9.58333,-15.26672
2022-06-01,19E,22.505784,72.763859,23.8,Perl Millet,0.5989859700202942,False,-10.80369,-16.14764
2022-06-01,20A,22.505233,72.763051,2.7,Fallow,0.22290128469467163,False,-11.40774,-16.74591
2022-06-01,20B,22.50465,72.763111,2.3,Fallow,0.1876034438610077,False,-10.66648,-18.70679
2022-06-01,20C,22.504626,72.762487,3.8,Fallow,0.27146637439727783,False,-10.40914,-19.00854
2022-06-01,20D,22.505225,72.762441,4.4,Fallow,0.4160492718219757,False,-10.64451,-14.9134
2022-06-01,20E,22.504991,72.762739,3.03333333333333,Fallow,0.18760111927986145,False,-10.85311,-15.57489
2022-06-01,21A,22.502812,72.762127,5.2,Fallow,0.20367534458637238,False,-8.71543,-16.33234
2022-06-01,21B,22.502834,72.761572,18.1,Perl Millet,0.5490517616271973,False,-7.59162,-17.00725
2022-06-01,21C,22.503324,72.761544,14.3,Perl Millet,0.5049384236335754,False,-9.77731,-14.99134
2022-06-01,21D,22.503423,72.762158,10.0,Fodder,0.7284581661224365,False,-9.90516,-15.88723
2022-06-01,21E,22.503156,72.761872,11.0666666666667,Perl Millet,0.6382055282592773,False,-7.98585,-13.54009
2022-06-01,22A,22.512449,72.761352,2.7,Fallow,0.13206593692302704,False,-11.59984,-15.24045
2022-06-01,22B,22.512453,72.761967,1.8,Fallow,0.17083047330379486,False,-10.15491,-16.6594
2022-06-01,22C,22.511898,72.761975,6.5,Fallow,0.1409751921892166,False,-10.27771,-15.62443
2022-06-01,22D,22.511855,72.761373,4.3,Fallow,0.15304969251155853,False,-11.41008,-14.18518
2022-06-01,22E,22.512015,72.761676,4.3,Fallow,0.19378255307674408,False,-9.99171,-17.71975
2022-06-01,23A,22.514247,72.763284,11.1,Perl Millet,0.17424020171165466,False,-9.99353,-17.59457
2022-06-01,23B,22.51377,72.763369,3.4,Fallow,0.1388639360666275,False,-16.11224,-16.47931
2022-06-01,23C,22.513729,72.763922,3.4,Fallow,0.13268950581550598,False,-12.40588,-18.25706
2022-06-01,23D,22.514213,72.763909,10.0,Perl Millet,0.7460227608680725,False,-10.10306,-20.26867
2022-06-01,23E,22.513938,72.763678,3.5,Fallow,0.2370605170726776,False,-11.42363,-18.8493
2022-06-01,24A,22.514666,72.762935,24.0,Perl Millet,0.7163880467414856,False,-10.27678,-15.48715
2022-06-01,24B,22.514581,72.762408,9.0,Perl Millet,0.23675131797790527,False,-10.50687,-19.34296
2022-06-01,24C,22.515133,72.762345,8.1,Fallow,0.29960712790489197,False,-9.73199,-20.68956
2022-06-01,24D,22.515104,72.762909,8.2,Fallow,0.27220070362091064,False,-4.61541,-16.63832
2022-06-01,24E,22.514946,72.762661,7.63333333333333,Fallow,0.2924412786960602,False,-5.96827,-17.78609
2022-06-01,25A,22.513455,72.765917,6.7,Fallow,0.13815568387508392,False,-8.34858,-15.88976
2022-06-01,25B,22.512796,72.765908,4.5,Fallow,0.18877750635147095,False,-11.14656,-17.52194
2022-06-01,25C,22.512796,72.765185,7.2,Fallow,0.15326707065105438,False,-8.52316,-20.67591
2022-06-01,25D,22.513408,72.765196,10.9,Fallow,0.6329331398010254,False,-10.1982,-20.33198
2022-06-01,25E,22.513116,72.765588,7.3,Fallow,0.13058142364025116,False,-8.41919,-16.53362
2022-06-01,26A,22.520103,72.766083,3.1,Fallow,0.1673840582370758,False,-12.539,-19.59726
2022-06-01,26B,22.520661,72.766068,6.3,Fallow,0.14745135605335236,False,-9.71709,-19.0863
2022-06-01,26C,22.520655,72.766749,8.2,Fallow,0.7956998348236084,False,-8.58314,-19.84718
2022-06-01,26D,22.520125,72.766746,3.1,Fallow,0.1617254912853241,False,-10.10585,-19.30422
2022-06-01,26E,22.520285,72.766488,3.06666666666667,Fallow,0.18873386085033417,False,-8.63957,-17.63755
2022-06-01,27A,22.521854,72.766591,4.8,Fallow,0.22820325195789337,False,-11.70591,-19.3558
2022-06-01,27B,22.521859,72.766132,6.0,Fallow,0.23766466975212097,False,-12.5956,-18.66204
2022-06-01,27C,22.522409,72.766261,4.7,Fallow,0.17401418089866638,False,-8.31751,-16.24288
2022-06-01,27D,22.522381,72.76673,5.3,Fallow,0.12226753681898117,False,-13.69957,-17.91339
2022-06-01,27E,22.522201,72.766434,3.93333333333333,Fallow,0.15208472311496735,False,-12.82822,-17.00291
2022-06-01,28A,22.523697,72.767969,7.5,Fallow,0.18207663297653198,False,-10.14318,-16.18518
2022-06-01,28B,22.52371,72.768582,5.5,Fallow,0.15390630066394806,False,-9.92714,-13.4896
2022-06-01,28C,22.524262,72.768629,3.6,Fallow,0.13680630922317505,False,-8.02571,-17.00131
2022-06-01,28D,22.524252,72.767989,24.3,Perl Millet,0.6718523502349854,False,-8.50091,-14.90316
2022-06-01,28E,22.524049,72.768361,4.13333333333333,Fallow,0.17625102400779724,False,-6.79147,-13.40384
2022-06-01,29A,22.52364,72.766727,3.9,Fallow,0.17857065796852112,False,-11.39931,-16.95714
2022-06-01,29B,22.523657,72.766016,3.2,Fallow,0.14862360060214996,False,-10.37276,-18.10662
2022-06-01,29C,22.524255,72.766024,6.2,Fallow,0.15629643201828003,False,-12.73931,-18.60884
2022-06-01,29D,22.524229,72.766601,6.0,Fallow,0.1456126570701599,False,-13.7772,-20.55642
2022-06-01,29E,22.524027,72.766357,5.2,Fallow,0.17074516415596008,False,-13.01777,-18.87309
2022-06-18,1A,22.526048,72.765011,4.6,Fallow,0.15000899136066437,True,-12.12883,-17.83792
2022-06-18,1B,22.525481,72.765028,7.2,Perl Millet,0.6024757623672485,True,-10.56085,-18.90542
2022-06-18,1C,22.525423,72.765663,6.4,Fallow,0.13404160737991333,True,-10.87192,-17.31002
2022-06-18,1D,22.525999,72.765663,9.6,Lemon,0.1856730431318283,True,-11.11697,-17.88612
2022-06-18,1E,22.525563,72.765399,3.9,Fallow,0.17270508408546448,True,-8.47505,-17.83606
2022-06-18,2A,22.52729,72.764707,9.9,Fallow,0.30403226613998413,True,-13.27059,-18.08
2022-06-18,2B,22.527874,72.764718,4.6,Fallow,0.2588304877281189,True,-9.52774,-15.92632
2022-06-18,2C,22.527854,72.764092,9.4,Perl Millet,0.5749611854553223,True,-11.35041,-18.37833
2022-06-18,2D,22.527369,72.764055,5.6,Perl Millet,0.4375351667404175,True,-11.05268,-20.60588
2022-06-18,2E,22.527544,72.764518,3.63333333333333,Fallow,0.5130549669265747,True,-10.55465,-18.73426
2022-06-18,3A,22.525921,72.762216,4.8,Fallow,0.1615144908428192,True,-8.04576,-16.04432
2022-06-18,3B,22.52584,72.762791,6.0,Fallow,0.1384700983762741,True,-11.49121,-14.58091
2022-06-18,3C,22.525384,72.762825,7.0,Fallow,0.11330004036426544,True,-12.41822,-19.93744
2022-06-18,3D,22.525408,72.762107,6.1,Fallow,0.13284502923488617,True,-8.47065,-18.07469
2022-06-18,3E,22.525592,72.762415,4.66666666666667,Fallow,0.13215482234954834,True,-9.38149,-15.65567
2022-06-18,4A,22.525937,72.760776,5.6,Fallow,0.12350326031446457,True,-9.76782,-19.85343
2022-06-18,4B,22.525981,72.760155,6.0,Fallow,0.10377630591392517,True,-8.08993,-20.00043
2022-06-18,4C,22.525355,72.760222,7.5,Fallow,0.13729225099086761,True,-13.25882,-19.69639
2022-06-18,4D,22.525455,72.760782,6.0,Fallow,0.38459333777427673,True,-12.57703,-18.34802
2022-06-18,4E,22.525639,72.760495,4.23333333333333,Fallow,0.1560177206993103,True,-12.42413,-21.58351
2022-06-18,5A,22.527575,72.759127,4.5,Fallow,0.12897077202796936,True,-8.81033,-16.99902
2022-06-18,5B,22.527161,72.759162,4.4,Fallow,0.10615959018468857,True,-9.55602,-20.43587
2022-06-18,5C,22.527168,72.759822,4.9,Fallow,0.10923538357019424,True,-10.88357,-19.17058
2022-06-18,5D,22.527736,72.759854,5.1,Fallow,0.12810063362121582,True,-9.89672,-18.51013
2022-06-18,5E,22.527454,72.759598,5.23333333333333,Fallow,0.1376911848783493,True,-9.94744,-19.98977
2022-06-18,6A,22.526732,72.757887,3.1,Fallow,0.11604776978492737,True,-9.73473,-17.54627
2022-06-18,6B,22.526314,72.757891,3.4,Fallow,0.18681254982948303,True,-8.39772,-18.18887
2022-06-18,6C,22.526244,72.757237,5.3,Fallow,0.0922049805521965,True,-10.90219,-20.4282
2022-06-18,6D,22.526763,72.757237,5.9,Fallow,0.11024682968854904,True,-9.06636,-20.15195
2022-06-18,6E,22.526525,72.757638,5.1,Fallow,0.1095450147986412,True,-9.98621,-19.54142
2022-06-18,7A,22.527958,72.750395,5.9,,0.11881701648235321,False,-12.4672,-19.07081
2022-06-18,7B,22.528433,72.750436,5.3,Fallow,0.10772331058979034,False,-13.52166,-18.06394
2022-06-18,7C,22.528529,72.751032,2.0,Fallow,0.11359988152980804,False,-9.53244,-21.01332
2022-06-18,7D,22.527949,72.751069,5.6,Fallow,0.09599359333515167,False,-12.92742,-18.34117
2022-06-18,7E,22.528163,72.750758,4.5,Fallow,0.11126315593719482,False,-12.30961,-18.75179
2022-06-18,8A,22.526748,72.749919,2.9,Fallow,0.11303842812776566,False,-7.23649,-17.44619
2022-06-18,8B,22.526719,72.749468,4.4,Fallow,0.2131061851978302,False,-5.30355,-16.9171
2022-06-18,8C,22.526145,72.74949,5.2,Fallow,0.0888526514172554,False,-10.80022,-20.36597
2022-06-18,8D,22.526286,72.750055,4.4,Fallow,0.1174938827753067,False,-9.4701,-20.03633
2022-06-18,8E,22.526437,72.749791,6.33333333333333,Fallow,0.12629103660583496,False,-8.81859,-20.72062
2022-06-18,9A,22.527928,72.746618,5.9,Fallow,0.18082284927368164,False,-6.31535,-14.88891
2022-06-18,9B,22.527864,72.747112,9.6,Fallow,0.18095438182353973,False,-10.88244,-17.12181
2022-06-18,9C,22.528473,72.747142,10.6,Fallow,0.25195246934890747,False,-13.55108,-17.08879
2022-06-18,9D,22.528502,72.746614,8.4,Fallow,0.4231051504611969,False,-6.13137,-14.66002
2022-06-18,9E,22.528209,72.746825,3.0,Jowar,0.12621060013771057,False,-5.91162,-15.37017
2022-06-18,10A,22.526665,72.746543,5.2,Fallow,0.08526315540075302,False,-10.59007,-20.75805
2022-06-18,10B,22.526281,72.746567,3.6,Fallow,0.12466271966695786,False,-11.84047,-20.21469
2022-06-18,10C,22.526099,72.747116,4.0,Fallow,0.10933730751276016,False,-12.92395,-17.17836
2022-06-18,10D,22.526674,72.747171,14.3,Fallow,0.09268063306808472,False,-11.04887,-19.74615
2022-06-18,10E,22.52649,72.746891,4.73333333333333,Fallow,0.09888218343257904,False,-10.3795,-19.64087
2022-06-18,11A,22.518984,72.749277,8.8,Fallow,0.1365886926651001,False,-10.67191,-17.0116
2022-06-18,11B,22.519441,72.749219,7.5,Fallow,0.2021806389093399,False,-11.12071,-17.89982
2022-06-18,11C,22.519529,72.748567,16.5,Fallow,0.15419434010982513,False,-6.98058,-19.11699
2022-06-18,11D,22.519041,72.748613,5.1,Fallow,0.17933499813079834,False,-11.10559,-15.65273
2022-06-18,11E,22.519199,72.748927,5.03333333333333,Fallow,0.12142013013362885,False,-12.85345,-16.76506
2022-06-18,12A,22.518535,72.746677,10.1,Fallow,0.1490291953086853,False,-10.27833,-19.20464
2022-06-18,12B,22.518013,72.746708,4.0,Fallow,0.13991127908229828,False,-11.12096,-18.51127
2022-06-18,12C,22.517941,72.747349,10.9,Fallow,0.19372566044330597,False,-10.82477,-17.25841
2022-06-18,12D,22.518535,72.74737,12.1,Fallow,0.2999480366706848,False,-9.44621,-20.6972
2022-06-18,12E,22.518272,72.747109,7.6,Jowar,0.16972482204437256,False,-8.39153,-21.29637
2022-06-18,13A,22.51777,72.752478,4.5,Fallow,0.12204968929290771,False,-11.58569,-18.73344
2022-06-18,13B,22.517764,72.753199,9.2,Fallow,0.21568289399147034,False,-11.61284,-21.14886
2022-06-18,13C,22.517261,72.753172,8.6,Fallow,0.1308256983757019,False,-10.98072,-20.57076
2022-06-18,13D,22.517127,72.752548,5.3,Fallow,0.2572658061981201,False,-11.73344,-14.9529
2022-06-18,13E,22.517547,72.752847,8.8,Fallow,0.13318276405334473,False,-12.89758,-22.37228
2022-06-18,14A,22.515363,72.751239,7.9,Fallow,0.22102805972099304,True,-11.03072,-22.94161
2022-06-18,14B,22.515897,72.751233,8.0,Fallow,0.15478774905204773,True,-9.26711,-18.83701
2022-06-18,14C,22.515909,72.750612,7.5,Fallow,0.1802416890859604,True,-9.15293,-16.9023
2022-06-18,14D,22.51533,72.750642,7.7,Fallow,0.13638512790203094,True,-9.37779,-18.77598
2022-06-18,14E,22.515543,72.750935,6.53333333333333,Fallow,0.12949025630950928,True,-10.19527,-21.27054
2022-06-18,15A,22.515953,72.75545,10.1,Fallow,0.12745049595832825,True,-13.58312,-19.5702
2022-06-18,15B,22.515949,72.756128,7.3,Fallow,0.1633215695619583,True,-7.60856,-17.88892
2022-06-18,15C,22.515395,72.756042,5.7,Fallow,0.13595345616340637,True,-11.93629,-20.25759
2022-06-18,15D,22.515392,72.75548,10.9,Fallow,0.2165505290031433,True,-10.76908,-18.3809
2022-06-18,15E,22.515768,72.75581,11.1666666666667,Fallow,0.11638554185628891,True,-10.11747,-17.90145
2022-06-18,16A,22.509924,72.774006,7.2,Fallow,0.20183485746383667,True,-9.63513,-14.17819
2022-06-18,16B,22.509328,72.774041,12.2,Fallow,0.20321452617645264,True,-10.83231,-19.34392
2022-06-18,16C,22.50929,72.774752,3.6,Fallow,0.12297368049621582,True,-12.4923,-17.70054
2022-06-18,16D,22.509753,72.77471,3.5,Fallow,0.14790287613868713,True,-13.35141,-18.0166
2022-06-18,16E,22.509581,72.774453,5.0,Fallow,0.1681998074054718,True,-12.41044,-19.67101
2022-06-18,17A,22.508014,72.772291,4.1,Fallow,0.19507725536823273,True,-11.44702,-19.2646
2022-06-18,17B,22.508111,72.772801,2.0,Fallow,0.23041416704654694,True,-11.85436,-17.14774
2022-06-18,17C,22.507532,72.772595,3.3,Fallow,0.22885560989379883,True,-9.85575,-18.12351
2022-06-18,17D,22.507484,72.772119,26.5,Fallow,0.2522754967212677,True,-8.82562,-17.03471
2022-06-18,17E,22.50785,72.772474,3.56666666666667,Fallow,0.16996170580387115,True,-12.17636,-19.5592
2022-06-18,18A,22.510282,72.771327,,,0.2425439953804016,True,-10.26617,-18.09793
2022-06-18,18B,22.510154,72.771792,,,0.15440993010997772,True,-12.19731,-22.49253
2022-06-18,18C,22.510732,72.771577,,,0.1763911247253418,True,-13.68217,-16.47745
2022-06-18,18D,22.510569,72.771293,,,0.18552947044372559,True,-11.56849,-17.24989
2022-06-18,18E,22.510473,72.771515,0.0,,0.18020978569984436,True,-11.73101,-16.89545
2022-06-18,19A,22.505576,72.76343,3.5,Fallow,0.4230203926563263,True,-8.50558,-15.9439
2022-06-18,19B,22.505581,72.764064,9.7,Perl Millet,0.46116361021995544,True,-9.61547,-16.58741
2022-06-18,19C,22.505961,72.764083,8.1,Perl Millet,0.4989926517009735,True,-8.48319,-14.92623
2022-06-18,19D,22.506133,72.763434,4.2,Fallow,0.23521757125854492,True,-9.25361,-16.75519
2022-06-18,19E,22.505784,72.763859,9.8,Perl Millet,0.35819530487060547,True,-7.76838,-15.93639
2022-06-18,20A,22.505233,72.763051,2.3,Fallow,0.1833329051733017,True,-10.4109,-17.86766
2022-06-18,20B,22.50465,72.763111,3.8,Fallow,0.1747739613056183,True,-11.28137,-19.2223
2022-06-18,20C,22.504626,72.762487,5.8,Fallow,0.3277634084224701,True,-14.32589,-18.3308
2022-06-18,20D,22.505225,72.762441,3.4,Fallow,0.14114505052566528,True,-12.17004,-15.89186
2022-06-18,20E,22.504991,72.762739,3.73333333333333,Fallow,0.22422972321510315,True,-10.30995,-18.01309
2022-06-18,21A,22.502812,72.762127,5.8,Fallow,0.13161155581474304,True,-10.97115,-19.15121
2022-06-18,21B,22.502834,72.761572,5.9,Fallow,0.2546817362308502,True,-10.79507,-18.25691
2022-06-18,21C,22.503324,72.761544,4.9,Fallow,0.36088457703590393,True,-10.51529,-17.58019
2022-06-18,21D,22.503423,72.762158,8.9,Fallow,0.7365291714668274,True,-11.15279,-18.58536
2022-06-18,21E,22.503156,72.761872,4.1,Maize,0.313966304063797,True,-12.51155,-16.91809
2022-06-18,22A,22.512449,72.761352,5.0,Fallow,0.11450818926095963,True,-9.56054,-14.20705
2022-06-18,22B,22.512453,72.761967,21.7,Fallow,0.10730813443660736,True,-9.97564,-17.33197
2022-06-18,22C,22.511898,72.761975,6.0,Fallow,0.09864430129528046,True,-12.70208,-21.24128
2022-06-18,22D,22.511855,72.761373,5.7,Fallow,0.12058678269386292,True,-8.70931,-15.94359
2022-06-18,22E,22.512015,72.761676,4.93333333333333,Fallow,0.12873148918151855,True,-8.82938,-20.02662
2022-06-18,23A,22.514247,72.763284,6.6,Fallow,0.13756059110164642,True,-12.36847,-17.67123
2022-06-18,23B,22.51377,72.763369,4.5,Fallow,0.10387340933084488,True,-9.98334,-20.29229
2022-06-18,23C,22.513729,72.763922,4.9,Fallow,0.11451990902423859,True,-11.12333,-22.18016
2022-06-18,23D,22.514213,72.763909,6.5,Fallow,0.2512223720550537,True,-10.66911,-18.22038
2022-06-18,23E,22.513938,72.763678,6.7,Fallow,0.12784717977046967,True,-11.66468,-20.84065
2022-06-18,24A,22.514666,72.762935,1.3,Fallow,0.579674482345581,True,-11.27748,-18.23177
2022-06-18,24B,22.514581,72.762408,1.5,Fallow,0.21348628401756287,True,-9.71333,-14.93049
2022-06-18,24C,22.515133,72.762345,5.5,Fallow,0.15808694064617157,True,-12.87783,-17.31876
2022-06-18,24D,22.515104,72.762909,6.6,Fallow,0.155391126871109,True,-11.93946,-16.6588
2022-06-18,24E,22.514946,72.762661,4.73333333333333,Fallow,0.15641090273857117,True,-11.75839,-16.83139
2022-06-18,25A,22.513455,72.765917,6.7,Fallow,0.1320728212594986,True,-10.72236,-17.07624
2022-06-18,25B,22.512796,72.765908,5.1,Fallow,0.12355425953865051,True,-8.76442,-20.7882
2022-06-18,25C,22.512796,72.765185,4.5,Fallow,0.11989348381757736,True,-12.13231,-19.25582
2022-06-18,25D,22.513408,72.765196,12.3,Fallow,0.3308253586292267,True,-9.63208,-18.72573
2022-06-18,25E,22.513116,72.765588,5.46666666666667,Fallow,0.11805377155542374,True,-8.37543,-19.00868
2022-06-18,26A,22.520103,72.766083,5.8,Fallow,0.20411203801631927,True,-10.17586,-19.2662
2022-06-18,26B,22.520661,72.766068,24.8,Fallow,0.13576433062553406,True,-12.2818,-18.61947
2022-06-18,26C,22.520655,72.766749,10.7,Fallow,0.24912197887897491,True,-9.11226,-17.7916
2022-06-18,26D,22.520125,72.766746,5.0,Fallow,0.14047056436538696,True,-10.8465,-17.73043
2022-06-18,26E,22.520285,72.766488,5.9,Fallow,0.14674782752990723,True,-8.68175,-17.82693
2022-06-18,27A,22.521854,72.766591,31.9,Fallow,0.26538848876953125,True,-13.66941,-17.14915
2022-06-18,27B,22.521859,72.766132,5.4,Fallow,0.19916105270385742,True,-15.03101,-20.1679
2022-06-18,27C,22.522409,72.766261,4.7,Fallow,0.17769737541675568,True,-13.244,-19.5706
2022-06-18,27D,22.522381,72.76673,1.9,Fallow,0.10760124772787094,True,-11.22909,-17.73561
2022-06-18,27E,22.522201,72.766434,2.13333333333333,Fallow,0.14290501177310944,True,-15.27264,-18.05136
2022-06-18,28A,22.523697,72.767969,23.3,Fallow,0.15815678238868713,True,-8.04853,-17.97629
2022-06-18,28B,22.52371,72.768582,7.1,Fallow,0.12862111628055573,True,-10.66532,-15.91695
2022-06-18,28C,22.524262,72.768629,5.2,Fallow,0.10683620721101761,True,-10.26165,-19.33342
2022-06-18,28D,22.524252,72.767989,5.7,Fallow,0.37826913595199585,True,-9.21452,-15.38738
2022-06-18,28E,22.524049,72.768361,5.16666666666667,Fallow,0.26527485251426697,True,-10.16959,-19.17929
2022-06-18,29A,22.52364,72.766727,5.5,Fallow,0.16351880133152008,True,-11.8137,-18.54244
2022-06-18,29B,22.523657,72.766016,3.6,Fallow,0.10796794295310974,True,-11.95471,-20.28526
2022-06-18,29C,22.524255,72.766024,6.2,Fallow,0.16872315108776093,True,-9.54902,-17.59835
2022-06-18,29D,22.524229,72.766601,7.3,Fallow,0.12464769929647446,True,-11.22326,-18.5828
2022-06-18,29E,22.524027,72.766357,7.33333333333333,Fallow,0.15753357112407684,True,-11.10386,-17.03619
2022-07-22,1A,22.526048,72.765011,45.5,Paddy,,False,-8.5308,-15.03628
2022-07-22,1B,22.525481,72.765028,50.0,Paddy,,False,-11.34406,-15.7179
2022-07-22,1C,22.525423,72.765663,50.0,Paddy,,False,-9.4332,-21.29746
2022-07-22,1D,22.525999,72.765663,30.7,Lemon,,False,-12.2483,-17.42746
2022-07-22,1E,22.525563,72.765399,50.0,Paddy,,False,-10.26339,-17.23349
2022-07-22,2A,22.52729,72.764707,50.0,Paddy,,False,-9.16349,-17.78382
2022-07-22,2B,22.527874,72.764718,50.0,Paddy,,False,-8.15553,-17.89625
2022-07-22,2C,22.527854,72.764092,50.0,Paddy,,False,-4.34219,-19.40525
2022-07-22,2D,22.527369,72.764055,50.0,Paddy,,False,-6.3311,-18.77193
2022-07-22,2E,22.527544,72.764518,50.0,Paddy,,False,-7.96304,-18.63305
2022-07-22,3A,22.525921,72.762216,50.0,Paddy,,False,-5.82978,-13.20335
2022-07-22,3B,22.52584,72.762791,50.0,Paddy,,False,-9.47855,-18.2966
2022-07-22,3C,22.525384,72.762825,50.0,Paddy,,False,-11.74358,-19.7147
2022-07-22,3D,22.525408,72.762107,50.0,Paddy,,False,-9.98594,-13.46176
2022-07-22,3E,22.525592,72.762415,50.0,Paddy,,False,-9.51948,-13.80209
2022-07-22,4A,22.525937,72.760776,50.0,Fallow,,False,-11.09481,-21.20652
2022-07-22,4B,22.525981,72.760155,50.0,Fallow,,False,-4.99003,-17.23485
2022-07-22,4C,22.525355,72.760222,50.0,Paddy,,False,-10.82931,-20.12851
2022-07-22,4D,22.525455,72.760782,41.8,Fallow,,False,-12.24493,-22.67266
2022-07-22,4E,22.525639,72.760495,50.0,Paddy,,False,-11.27731,-22.56109
2022-07-22,5A,22.527575,72.759127,50.0,Paddy,,False,-12.15875,-19.22189
2022-07-22,5B,22.527161,72.759162,50.0,Paddy,,False,-13.97678,-20.70181
2022-07-22,5C,22.527168,72.759822,50.0,Paddy,,False,-10.52266,-20.00559
2022-07-22,5D,22.527736,72.759854,50.0,Paddy,,False,-11.1282,-21.04484
2022-07-22,5E,22.527454,72.759598,50.0,Paddy,,False,-13.01533,-21.96145
2022-07-22,6A,22.526732,72.757887,50.0,Paddy,,False,-12.51616,-18.8468
2022-07-22,6B,22.526314,72.757891,50.0,Paddy,,False,-16.27731,-22.62097
2022-07-22,6C,22.526244,72.757237,50.0,Paddy,,False,-11.82443,-21.86456
2022-07-22,6D,22.526763,72.757237,50.0,Paddy,,False,-9.90692,-14.64921
2022-07-22,6E,22.526525,72.757638,50.0,Paddy,,False,-13.48555,-20.10587
2022-07-22,7A,22.527958,72.750395,50.0,Paddy,,False,-14.04271,-19.5161
2022-07-22,7B,22.528433,72.750436,,,,False,-11.80588,-20.78259
2022-07-22,7C,22.528529,72.751032,,,,False,-11.5295,-19.71949
2022-07-22,7D,22.527949,72.751069,,,,False,-13.79955,-19.12227
2022-07-22,7E,22.528163,72.750758,0.0,,,False,-11.34138,-19.03927
2022-07-22,8A,22.526748,72.749919,50.0,Fallow,,False,-12.64351,-21.33518
2022-07-22,8B,22.526719,72.749468,50.0,Paddy,,False,-11.07345,-17.89273
2022-07-22,8C,22.526145,72.74949,50.0,Paddy,,False,-12.87642,-20.74323
2022-07-22,8D,22.526286,72.750055,,,,False,-12.7121,-20.46648
2022-07-22,8E,22.526437,72.749791,0.0,,,False,-12.58068,-19.35328
2022-07-22,9A,22.527928,72.746618,50.0,Paddy,,False,-6.82333,-16.20901
2022-07-22,9B,22.527864,72.747112,38.9,Paddy,,False,-11.31522,-15.84673
2022-07-22,9C,22.528473,72.747142,50.0,Paddy,,False,-6.14152,-17.384
2022-07-22,9D,22.528502,72.746614,43.4,Jowar,0.520900309085846,True,-11.68878,-13.91453
2022-07-22,9E,22.528209,72.746825,50.0,Paddy,,False,-8.29516,-15.47847
2022-07-22,10A,22.526665,72.746543,50.0,Paddy,0.2527322769165039,True,-10.7819,-19.28788
2022-07-22,10B,22.526281,72.746567,,,0.3160322904586792,True,-9.24821,-18.4894
2022-07-22,10C,22.526099,72.747116,,,,False,-9.01135,-15.20827
2022-07-22,10D,22.526674,72.747171,,,,False,-14.1325,-22.5923
2022-07-22,10E,22.52649,72.746891,0.0,,0.30085960030555725,True,-12.61061,-22.45763
2022-07-22,11A,22.518984,72.749277,50.0,Paddy,,False,-13.13772,-20.08251
2022-07-22,11B,22.519441,72.749219,50.0,Fallow,,False,-16.96575,-21.34628
2022-07-22,11C,22.519529,72.748567,50.0,Fallow,,False,-17.27041,-19.42139
2022-07-22,11D,22.519041,72.748613,50.0,Fallow,,False,-8.05964,-16.01037
2022-07-22,11E,22.519199,72.748927,50.0,Paddy,,False,-16.05697,-21.51727
2022-07-22,12A,22.518535,72.746677,,,-0.014251717366278172,True,-13.82675,-19.44851
2022-07-22,12B,22.518013,72.746708,,,0.19832417368888855,True,-10.20256,-16.76255
2022-07-22,12C,22.517941,72.747349,,,,False,-14.54139,-22.37714
2022-07-22,12D,22.518535,72.74737,,,,False,-9.26442,-16.96434
2022-07-22,12E,22.518272,72.747109,0.0,,,False,-13.25293,-22.97204
2022-07-22,13A,22.51777,72.752478,50.0,Paddy,,False,-8.15488,-18.29449
2022-07-22,13B,22.517764,72.753199,,,0.05343853309750557,True,-12.7,-23.51413
2022-07-22,13C,22.517261,72.753172,,,0.34502923488616943,True,-12.10443,-20.30426
2022-07-22,13D,22.517127,72.752548,,,0.4636267125606537,True,-10.45566,-17.03839
2022-07-22,13E,22.517547,72.752847,0.0,,0.22077356278896332,True,-12.19093,-19.91995
2022-07-22,14A,22.515363,72.751239,50.0,Paddy,0.3548421561717987,True,-12.88873,-21.12575
2022-07-22,14B,22.515897,72.751233,,,0.27127784490585327,True,-12.51641,-19.61439
2022-07-22,14C,22.515909,72.750612,,,,False,-5.31777,-13.76815
2022-07-22,14D,22.51533,72.750642,,,0.20372115075588226,True,-9.73249,-17.41296
2022-07-22,14E,22.515543,72.750935,0.0,,0.2553238868713379,True,-15.13531,-19.52228
2022-07-22,15A,22.515953,72.75545,50.0,Paddy,0.30212438106536865,True,-13.56555,-20.2449
2022-07-22,15B,22.515949,72.756128,50.0,Fallow,0.3937627673149109,True,-13.04687,-18.27802
2022-07-22,15C,22.515395,72.756042,50.0,Paddy,0.38722240924835205,True,-8.50332,-15.65694
2022-07-22,15D,22.515392,72.75548,43.7,Fallow,0.5361800193786621,True,-8.41803,-15.43912
2022-07-22,15E,22.515768,72.75581,50.0,Fallow,0.030459726229310036,True,-10.00566,-16.41489
2022-07-22,16A,22.509924,72.774006,19.3,Kshan,0.5854454636573792,True,-7.309,-14.17957
2022-07-22,16B,22.509328,72.774041,23.1,Kshan,0.8667104244232178,True,-6.33322,-17.6409
2022-07-22,16C,22.50929,72.774752,23.8,Fallow,0.2512826919555664,True,-9.58935,-13.73057
2022-07-22,16D,22.509753,72.77471,25.2,Fallow,0.20915518701076508,True,-8.3461,-13.12251
2022-07-22,16E,22.509581,72.774453,24.3333333333333,Fallow,0.2770031988620758,True,-8.21738,-12.56861
2022-07-22,17A,22.508014,72.772291,26.7,Fallow,0.3480851650238037,True,-6.86609,-14.60348
2022-07-22,17B,22.508111,72.772801,36.7,Fallow,0.2931312918663025,True,-6.02413,-13.26454
2022-07-22,17C,22.507532,72.772595,29.0,Fallow,0.24795322120189667,True,-10.45769,-16.53224
2022-07-22,17D,22.507484,72.772119,37.0,Jowar,0.833350658416748,True,-6.12466,-14.20569
2022-07-22,17E,22.50785,72.772474,31.6,Fallow,0.17438580095767975,True,-8.62571,-15.0882
2022-07-22,18A,22.510282,72.771327,,,0.8102853298187256,True,-8.94033,-16.23939
2022-07-22,18B,22.510154,72.771792,,,0.6875795722007751,True,-8.19914,-17.12784
2022-07-22,18C,22.510732,72.771577,,,0.6853538155555725,True,-7.14179,-15.75988
2022-07-22,18D,22.510569,72.771293,,,0.7776001691818237,True,-8.71116,-17.2504
2022-07-22,18E,22.510473,72.771515,0.0,,0.780633807182312,True,-7.92516,-17.36066
2022-07-22,19A,22.505576,72.76343,33.5,Fallow,0.5927697420120239,True,-8.56671,-15.51097
2022-07-22,19B,22.505581,72.764064,32.3,Fallow,0.23727937042713165,True,-10.35874,-10.90153
2022-07-22,19C,22.505961,72.764083,31.2,Fallow,0.3636592924594879,True,-10.86261,-17.07296
2022-07-22,19D,22.506133,72.763434,41.9,Fallow,0.24333877861499786,True,-5.86578,-12.9668
2022-07-22,19E,22.505784,72.763859,31.5666666666667,Fallow,0.37831610441207886,True,-10.08786,-13.93044
2022-07-22,20A,22.505233,72.763051,27.6,Fallow,0.49865302443504333,True,-8.25635,-18.71127
2022-07-22,20B,22.50465,72.763111,28.3,Fallow,0.2402077168226242,True,-7.98556,-17.91144
2022-07-22,20C,22.504626,72.762487,50.0,Paddy,0.6850194334983826,True,-8.47568,-16.03512
2022-07-22,20D,22.505225,72.762441,34.9,Fallow,0.478022038936615,True,-6.38065,-14.61677
2022-07-22,20E,22.504991,72.762739,27.6333333333333,Paddy,0.24322302639484406,True,-6.75783,-17.04476
2022-07-22,21A,22.502812,72.762127,37.8,Fallow,,False,-8.97659,-15.62152
2022-07-22,21B,22.502834,72.761572,32.6,Perl Millet,,False,-8.68369,-15.51584
2022-07-22,21C,22.503324,72.761544,50.0,Paddy,,False,-10.83341,-20.98558
2022-07-22,21D,22.503423,72.762158,29.2,Jowar,0.06472615897655487,True,-13.02923,-16.41008
2022-07-22,21E,22.503156,72.761872,31.7333333333333,Perl Millet,,False,-11.38574,-18.39531
2022-07-22,22A,22.512449,72.761352,37.7,Fallow,0.5516477823257446,True,-7.39612,-19.49279
2022-07-22,22B,22.512453,72.761967,50.0,Paddy,0.2933999001979828,True,-5.66686,-14.14722
2022-07-22,22C,22.511898,72.761975,39.1,Fallow,0.583465576171875,True,-8.8775,-15.21464
2022-07-22,22D,22.511855,72.761373,36.6,Fallow,0.5211434364318848,True,-9.44876,-15.68499
2022-07-22,22E,22.512015,72.761676,37.5,Fallow,0.3541910648345947,True,-8.01311,-14.96839
2022-07-22,23A,22.514247,72.763284,50.0,Paddy,,False,-11.44493,-14.73063
2022-07-22,23B,22.51377,72.763369,,,,False,-7.14799,-16.23674
2022-07-22,23C,22.513729,72.763922,,,,False,-5.83268,-19.15598
2022-07-22,23D,22.514213,72.763909,,,,False,-9.43232,-13.93573
2022-07-22,23E,22.513938,72.763678,0.0,,,False,-7.89805,-13.20758
2022-07-22,24A,22.514666,72.762935,50.0,Paddy,,False,-11.8559,-18.77247
2022-07-22,24B,22.514581,72.762408,,,,False,-10.70639,-17.23384
2022-07-22,24C,22.515133,72.762345,,,,False,-9.36972,-18.41204
2022-07-22,24D,22.515104,72.762909,,,,False,-14.24376,-18.59907
2022-07-22,24E,22.514946,72.762661,0.0,,,False,-14.15551,-18.56339
2022-07-22,25A,22.513455,72.765917,50.0,Paddy,,False,-9.06436,-16.29996
2022-07-22,25B,22.512796,72.765908,50.0,Paddy,0.48572883009910583,True,-10.27836,-16.04705
2022-07-22,25C,22.512796,72.765185,50.0,Paddy,,False,-8.51599,-20.99684
2022-07-22,25D,22.513408,72.765196,50.0,Paddy,,False,-10.96273,-18.79009
2022-07-22,25E,22.513116,72.765588,50.0,Fallow,0.25175368785858154,True,-12.03098,-17.67436
2022-07-22,26A,22.520103,72.766083,31.1,Paddy,0.30835631489753723,True,-9.40011,-17.84343
2022-07-22,26B,22.520661,72.766068,50.0,Paddy,0.5392727255821228,True,-10.59467,-17.05055
2022-07-22,26C,22.520655,72.766749,39.7,Paddy,0.5183103680610657,True,-10.86994,-18.5496
2022-07-22,26D,22.520125,72.766746,27.7,Fallow,0.3171096444129944,True,-10.83925,-18.9779
2022-07-22,26E,22.520285,72.766488,31.0,Fallow,0.3505306541919708,True,-10.18749,-20.28508
2022-07-22,27A,22.521854,72.766591,50.0,Paddy,,False,-10.3624,-16.83933
2022-07-22,27B,22.521859,72.766132,,,,False,-8.77619,-13.99938
2022-07-22,27C,22.522409,72.766261,,,,False,-6.13325,-15.87046
2022-07-22,27D,22.522381,72.76673,,,,False,-9.25703,-17.50315
2022-07-22,27E,22.522201,72.766434,0.0,,,False,-8.83369,-16.82553
2022-07-22,28A,22.523697,72.767969,50.0,Paddy,,False,-11.24673,-17.86069
2022-07-22,28B,22.52371,72.768582,50.0,Paddy,,False,-12.67938,-16.12312
2022-07-22,28C,22.524262,72.768629,36.3,Fallow,,False,-9.09611,-16.8896
2022-07-22,28D,22.524252,72.767989,50.0,Fallow,,False,-7.3754,-17.26604
2022-07-22,28E,22.524049,72.768361,35.1666666666667,Fallow,,False,-12.89968,-18.29554
2022-07-22,29A,22.52364,72.766727,50.0,Paddy,,False,-10.53195,-18.60829
2022-07-22,29B,22.523657,72.766016,36.1,Fallow,0.2689882218837738,True,-12.03672,-16.73884
2022-07-22,29C,22.524255,72.766024,35.2,Fallow,0.45578232407569885,True,-10.63929,-16.29804
2022-07-22,29D,22.524229,72.766601,40.9,Fallow,,False,-12.70363,-18.54269
2022-07-22,29E,22.524027,72.766357,40.8666666666667,Fallow,0.36028537154197693,True,-10.34854,-18.27671
2022-08-08,1A,22.526048,72.765011,38.9,Fallow,,False,-7.29373,-12.14712
2022-08-08,1B,22.525481,72.765028,50.0,Paddy,,False,-6.18405,-16.34395
2022-08-08,1C,22.525423,72.765663,50.0,Paddy,,False,-5.47001,-16.20899
2022-08-08,1D,22.525999,72.765663,25.0,Lemon,,False,-4.38481,-14.81886
2022-08-08,1E,22.525563,72.765399,50.0,Paddy,,False,-6.36916,-17.59889
2022-08-08,2A,22.52729,72.764707,51.9,Paddy,,False,-4.58597,-16.34784
2022-08-08,2B,22.527874,72.764718,50.0,Paddy,,False,-8.4368,-18.56791
2022-08-08,2C,22.527854,72.764092,50.0,Paddy,,False,-7.55066,-15.89843
2022-08-08,2D,22.527369,72.764055,50.0,Paddy,,False,-9.92803,-14.14654
2022-08-08,2E,22.527544,72.764518,50.0,Paddy,,False,-6.27212,-18.32305
2022-08-08,3A,22.525921,72.762216,50.0,Paddy,,False,-3.19903,-14.53877
2022-08-08,3B,22.52584,72.762791,50.0,Paddy,,False,-6.1912,-15.74326
2022-08-08,3C,22.525384,72.762825,50.0,Paddy,,False,-9.42683,-17.74835
2022-08-08,3D,22.525408,72.762107,50.0,Paddy,,False,-6.85237,-14.40415
2022-08-08,3E,22.525592,72.762415,50.0,Paddy,,False,-6.7946,-15.25469
2022-08-08,4A,22.525937,72.760776,47.2,Paddy,,False,-7.82381,-18.21699
2022-08-08,4B,22.525981,72.760155,50.0,Paddy,,False,-4.7548,-17.94712
2022-08-08,4C,22.525355,72.760222,50.0,Paddy,,False,-11.70137,-16.59612
2022-08-08,4D,22.525455,72.760782,37.8,Fallow,,False,-7.11744,-18.59997
2022-08-08,4E,22.525639,72.760495,50.0,Paddy,,False,-11.65993,-18.40831
2022-08-08,5A,22.527575,72.759127,44.1,Paddy,,False,-6.49692,-17.11342
2022-08-08,5B,22.527161,72.759162,47.7,Paddy,,False,-6.09195,-17.99396
2022-08-08,5C,22.527168,72.759822,46.9,Paddy,,False,-7.27144,-16.68757
2022-08-08,5D,22.527736,72.759854,50.0,Paddy,,False,-8.5525,-17.10312
2022-08-08,5E,22.527454,72.759598,50.0,Paddy,,False,-8.39989,-17.42946
2022-08-08,6A,22.526732,72.757887,50.0,Paddy,,False,-9.96563,-14.62218
2022-08-08,6B,22.526314,72.757891,50.0,Paddy,,False,-8.95811,-15.11142
2022-08-08,6C,22.526244,72.757237,50.0,Paddy,,False,-9.31051,-14.73217
2022-08-08,6D,22.526763,72.757237,50.0,Paddy,,False,-8.57977,-12.50566
2022-08-08,6E,22.526525,72.757638,50.0,Paddy,,False,-8.41679,-13.83682
2022-08-08,7A,22.527958,72.750395,50.0,Paddy,,False,-4.54688,-15.08678
2022-08-08,7B,22.528433,72.750436,,,,False,-6.44861,-16.33908
2022-08-08,7C,22.528529,72.751032,,,,False,-8.74971,-17.90692
2022-08-08,7D,22.527949,72.751069,,,,False,-8.81773,-16.32077
2022-08-08,7E,22.528163,72.750758,0.0,,,False,-7.87309,-17.79487
2022-08-08,8A,22.526748,72.749919,50.0,Paddy,,False,-11.72673,-17.33714
2022-08-08,8B,22.526719,72.749468,,,0.4962631165981293,False,-8.13055,-17.15549
2022-08-08,8C,22.526145,72.74949,,,0.5354337096214294,False,-9.9305,-18.21858
2022-08-08,8D,22.526286,72.750055,,,,False,-9.58396,-18.53709
2022-08-08,8E,22.526437,72.749791,0.0,,0.424053430557251,False,-10.19437,-18.2996
2022-08-08,9A,22.527928,72.746618,50.0,Paddy,0.3540438115596771,False,-6.34147,-18.35529
2022-08-08,9B,22.527864,72.747112,44.0,Paddy,0.4899301528930664,False,-8.96873,-18.02634
2022-08-08,9C,22.528473,72.747142,46.1,Paddy,0.5168049931526184,False,-6.07186,-15.19654
2022-08-08,9D,22.528502,72.746614,43.7,Jowar,0.48687127232551575,False,-7.72652,-18.17919
2022-08-08,9E,22.528209,72.746825,50.0,Paddy,0.3315276801586151,False,-4.40809,-15.64045
2022-08-08,10A,22.526665,72.746543,50.0,Paddy,0.685546338558197,False,-12.03091,-16.1165
2022-08-08,10B,22.526281,72.746567,,,0.6725016832351685,False,-11.41676,-16.53473
2022-08-08,10C,22.526099,72.747116,,,0.6485532522201538,False,-8.23498,-18.92988
2022-08-08,10D,22.526674,72.747171,,,0.6135758757591248,False,-6.93409,-19.25647
2022-08-08,10E,22.52649,72.746891,0.0,,0.5989483594894409,False,-9.48457,-18.09667
2022-08-08,11A,22.518984,72.749277,,,,False,-12.36339,-19.27669
2022-08-08,11B,22.519441,72.749219,50.0,Paddy,,False,-12.07203,-18.54006
2022-08-08,11C,22.519529,72.748567,,,,False,-11.02979,-18.7902
2022-08-08,11D,22.519041,72.748613,,,,False,-9.19662,-17.08449
2022-08-08,11E,22.519199,72.748927,0.0,,,False,-10.86437,-18.95768
2022-08-08,12A,22.518535,72.746677,,,-0.014251717366278172,True,-6.85207,-17.48195
2022-08-08,12B,22.518013,72.746708,50.0,Paddy,0.19832417368888855,True,-6.93895,-17.66455
2022-08-08,12C,22.517941,72.747349,,,,False,-12.32155,-16.44661
2022-08-08,12D,22.518535,72.74737,,,,False,-11.93972,-19.839
2022-08-08,12E,22.518272,72.747109,0.0,,,False,-11.20299,-17.04454
2022-08-08,13A,22.51777,72.752478,50.0,Paddy,,False,-13.9828,-24.9935
2022-08-08,13B,22.517764,72.753199,,,0.05343853309750557,True,-7.13071,-19.37462
2022-08-08,13C,22.517261,72.753172,,,0.34502923488616943,True,-6.7128,-16.73054
2022-08-08,13D,22.517127,72.752548,,,0.4636267125606537,True,-9.63529,-14.12932
2022-08-08,13E,22.517547,72.752847,0.0,,0.22077356278896332,True,-10.8682,-20.66812
2022-08-08,14A,22.515363,72.751239,50.0,Paddy,0.7118462920188904,False,-12.28186,-13.79171
2022-08-08,14B,22.515897,72.751233,,,0.6723102331161499,False,-7.54555,-17.81061
2022-08-08,14C,22.515909,72.750612,,,,False,-11.2441,-15.40161
2022-08-08,14D,22.51533,72.750642,,,0.20372115075588226,True,-7.26713,-15.42324
2022-08-08,14E,22.515543,72.750935,0.0,,0.2553238868713379,True,-9.96052,-13.35669
2022-08-08,15A,22.515953,72.75545,50.0,Paddy,0.30212438106536865,True,-10.84241,-18.51539
2022-08-08,15B,22.515949,72.756128,50.0,Paddy,0.3937627673149109,True,-13.30624,-17.67404
2022-08-08,15C,22.515395,72.756042,50.0,Paddy,0.38722240924835205,True,-7.6572,-17.76231
2022-08-08,15D,22.515392,72.75548,38.4,Fallow,0.5361800193786621,True,-8.01907,-18.70567
2022-08-08,15E,22.515768,72.75581,50.0,Paddy,0.030459726229310036,True,-9.9391,-20.1757
2022-08-08,16A,22.509924,72.774006,24.6,Fallow,0.5854454636573792,True,-6.64937,-14.96786
2022-08-08,16B,22.509328,72.774041,17.9,Fallow,0.8667104244232178,True,-8.23447,-17.53228
2022-08-08,16C,22.50929,72.774752,33.2,Fallow,0.2512826919555664,True,-7.0817,-15.82356
2022-08-08,16D,22.509753,72.77471,27.8,Fallow,0.20915518701076508,True,-8.14,-12.49061
2022-08-08,16E,22.509581,72.774453,28.3333333333333,Fallow,0.2770031988620758,True,-8.70077,-15.50631
2022-08-08,17A,22.508014,72.772291,27.3,Jowar,0.3480851650238037,True,-7.50349,-14.51266
2022-08-08,17B,22.508111,72.772801,31.3,Jowar,0.2931312918663025,True,-6.33829,-13.4996
2022-08-08,17C,22.507532,72.772595,36.8,Jowar,0.24795322120189667,True,-7.46843,-12.3931
2022-08-08,17D,22.507484,72.772119,38.9,Jowar,0.833350658416748,True,-12.44615,-15.96233
2022-08-08,17E,22.50785,72.772474,29.2666666666667,Jowar,0.17438580095767975,True,-7.35386,-14.12052
2022-08-08,18A,22.510282,72.771327,,,0.653911292552948,False,-10.6535,-15.92447
2022-08-08,18B,22.510154,72.771792,,,0.6875795722007751,True,-7.73817,-17.01918
2022-08-08,18C,22.510732,72.771577,,,0.6853538155555725,True,-3.56607,-13.44975
2022-08-08,18D,22.510569,72.771293,,,0.625593900680542,False,-7.39569,-16.46382
2022-08-08,18E,22.510473,72.771515,0.0,,0.780633807182312,True,-7.85829,-14.07558
2022-08-08,19A,22.505576,72.76343,36.5,Fallow,0.5927697420120239,True,-8.56139,-15.68347
2022-08-08,19B,22.505581,72.764064,32.5,Fallow,0.23727937042713165,True,-4.48916,-16.62357
2022-08-08,19C,22.505961,72.764083,42.0,Fallow,0.3636592924594879,True,-6.70969,-17.98182
2022-08-08,19D,22.506133,72.763434,50.0,Paddy,0.24333877861499786,True,-7.98202,-16.25261
2022-08-08,19E,22.505784,72.763859,36.3666666666667,Fallow,0.37831610441207886,True,-7.48484,-19.04729
2022-08-08,20A,22.505233,72.763051,34.0,Jowar,0.49865302443504333,True,-4.76422,-12.6668
2022-08-08,20B,22.50465,72.763111,26.3,Jowar,0.2402077168226242,True,-5.72056,-15.0184
2022-08-08,20C,22.504626,72.762487,50.0,Paddy,0.6850194334983826,True,-7.72644,-17.10797
2022-08-08,20D,22.505225,72.762441,34.1,Jowar,0.478022038936615,True,-7.55017,-15.41769
2022-08-08,20E,22.504991,72.762739,29.3333333333333,Jowar,0.24322302639484406,True,-5.43762,-14.48507
2022-08-08,21A,22.502812,72.762127,40.8,Fallow,,False,-7.65977,-15.2958
2022-08-08,21B,22.502834,72.761572,30.0,Perl Millet,0.6659600734710693,False,-8.54116,-16.96816
2022-08-08,21C,22.503324,72.761544,50.0,Paddy,0.5469046235084534,False,-9.52052,-16.26146
2022-08-08,21D,22.503423,72.762158,29.0,Fallow,0.06472615897655487,True,-10.25364,-13.55352
2022-08-08,21E,22.503156,72.761872,32.6333333333333,Perl Millet,,False,-8.50553,-16.4293
2022-08-08,22A,22.512449,72.761352,36.8,Fallow,0.5516477823257446,True,-5.44225,-14.39821
2022-08-08,22B,22.512453,72.761967,50.0,Paddy,0.2933999001979828,True,-4.3588,-16.12111
2022-08-08,22C,22.511898,72.761975,36.4,Fallow,0.583465576171875,True,-6.14225,-16.39474
2022-08-08,22D,22.511855,72.761373,38.5,Fallow,0.5211434364318848,True,-4.11842,-14.55967
2022-08-08,22E,22.512015,72.761676,36.0,Fallow,0.3541910648345947,True,-5.1737,-14.60308
2022-08-08,23A,22.514247,72.763284,46.9,Paddy,,False,-8.06514,-15.1054
2022-08-08,23B,22.51377,72.763369,42.0,Paddy,,False,-7.68397,-18.48664
2022-08-08,23C,22.513729,72.763922,48.5,Paddy,,False,-6.95712,-16.41238
2022-08-08,23D,22.514213,72.763909,50.0,Paddy,,False,-6.57781,-13.33375
2022-08-08,23E,22.513938,72.763678,38.8666666666667,Paddy,,False,-8.34875,-14.48604
2022-08-08,24A,22.514666,72.762935,50.0,Paddy,,False,-8.98571,-14.66324
2022-08-08,24B,22.514581,72.762408,,,,False,-7.70341,-17.97643
2022-08-08,24C,22.515133,72.762345,,,,False,-9.52917,-18.1728
2022-08-08,24D,22.515104,72.762909,,,,False,-10.42899,-15.92163
2022-08-08,24E,22.514946,72.762661,0.0,,,False,-8.78037,-16.17905
2022-08-08,25A,22.513455,72.765917,44.6,Paddy,,False,-5.88914,-15.26398
2022-08-08,25B,22.512796,72.765908,34.4,Fallow,0.48572883009910583,True,-8.6018,-16.29018
2022-08-08,25C,22.512796,72.765185,32.2,Paddy,,False,-7.02499,-15.68814
2022-08-08,25D,22.513408,72.765196,50.0,Paddy,,False,-8.57395,-14.50222
2022-08-08,25E,22.513116,72.765588,50.0,Paddy,0.25175368785858154,True,-6.82182,-16.61835
2022-08-08,26A,22.520103,72.766083,30.0,Fallow,0.30835631489753723,True,-8.69237,-19.28199
2022-08-08,26B,22.520661,72.766068,50.0,Paddy,0.5392727255821228,True,-5.97735,-15.46773
2022-08-08,26C,22.520655,72.766749,41.4,Paddy,0.5183103680610657,True,-4.20397,-14.73294
2022-08-08,26D,22.520125,72.766746,24.7,Fallow,0.3171096444129944,True,-5.97702,-11.54259
2022-08-08,26E,22.520285,72.766488,27.7,Fallow,0.3505306541919708,True,-4.27793,-12.46743
2022-08-08,27A,22.521854,72.766591,50.0,Paddy,,False,-9.24373,-13.12367
2022-08-08,27B,22.521859,72.766132,35.1,Paddy,,False,-5.32011,-16.12759
2022-08-08,27C,22.522409,72.766261,40.7,Paddy,,False,-6.66367,-14.79861
2022-08-08,27D,22.522381,72.76673,40.9,Paddy,,False,-7.88414,-15.73399
2022-08-08,27E,22.522201,72.766434,42.0,Paddy,,False,-7.58686,-14.04316
2022-08-08,28A,22.523697,72.767969,46.1,Paddy,,False,-7.49553,-13.07635
2022-08-08,28B,22.52371,72.768582,46.4,Paddy,0.4270232021808624,False,-8.01217,-12.84601
2022-08-08,28C,22.524262,72.768629,30.7,Fallow,0.3852025270462036,False,-6.05729,-16.02069
2022-08-08,28D,22.524252,72.767989,50.0,Paddy,0.38669639825820923,False,-5.75495,-13.02981
2022-08-08,28E,22.524049,72.768361,40.9,Fallow,0.4042673707008362,False,-6.81345,-14.52173
2022-08-08,29A,22.52364,72.766727,50.0,Fallow,,False,-4.70898,-13.49072
2022-08-08,29B,22.523657,72.766016,,,0.2689882218837738,True,-7.43957,-13.5099
2022-08-08,29C,22.524255,72.766024,,,0.45578232407569885,True,-6.66576,-19.54054
2022-08-08,29D,22.524229,72.766601,,,,False,-3.44092,-12.72555
2022-08-08,29E,22.524027,72.766357,0.0,,0.36028537154197693,True,-3.60416,-15.34225
2022-08-08,1A,22.526048,72.765011,30.5,Fallow,,False,-4.99884,-13.33651
2022-08-08,1B,22.525481,72.765028,46.9,Paddy,,False,-8.76236,-16.08855
2022-08-08,1C,22.525423,72.765663,50.0,Paddy,,False,-8.06031,-15.74053
2022-08-08,1D,22.525999,72.765663,18.1,Lemon,,False,-7.11428,-11.90641
2022-08-08,1E,22.525563,72.765399,50.0,Paddy,,False,-8.73264,-15.6103
2022-08-08,2A,22.52729,72.764707,34.4,Paddy,,False,-8.32358,-15.11733
2022-08-08,2B,22.527874,72.764718,41.1,Paddy,,False,-5.27314,-15.93518
2022-08-08,2C,22.527854,72.764092,43.0,Paddy,,False,-4.6602,-12.17197
2022-08-08,2D,22.527369,72.764055,46.7,Paddy,,False,-8.35388,-15.54511
2022-08-08,2E,22.527544,72.764518,41.1333333333333,Paddy,,False,-6.66882,-14.40144
2022-08-08,3A,22.525921,72.762216,50.0,Paddy,,False,-4.35199,-11.88953
2022-08-08,3B,22.52584,72.762791,50.0,Paddy,,False,-1.8608,-14.00908
2022-08-08,3C,22.525384,72.762825,36.4,Paddy,,False,-4.47322,-14.55493
2022-08-08,3D,22.525408,72.762107,24.6,Paddy,,False,-6.66511,-15.17774
2022-08-08,3E,22.525592,72.762415,43.9666666666667,Paddy,,False,-4.99897,-13.89358
2022-08-08,4A,22.525937,72.760776,47.9,Paddy,,False,-4.48987,-16.22099
2022-08-08,4B,22.525981,72.760155,44.3,Paddy,,False,-5.83306,-13.3987
2022-08-08,4C,22.525355,72.760222,52.5,Paddy,,False,-6.48017,-13.16828
2022-08-08,4D,22.525455,72.760782,41.1,Fallow,,False,-5.55754,-15.08214
2022-08-08,4E,22.525639,72.760495,37.3666666666667,Paddy,,False,-7.28152,-13.28189
2022-08-08,5A,22.527575,72.759127,38.5,Paddy,,False,-4.08988,-14.32754
2022-08-08,5B,22.527161,72.759162,33.8,Paddy,,False,-4.8644,-19.51873
2022-08-08,5C,22.527168,72.759822,40.7,Paddy,,False,-5.32052,-12.68728
2022-08-08,5D,22.527736,72.759854,37.9,Paddy,,False,-4.50244,-14.0559
2022-08-08,5E,22.527454,72.759598,43.8,Paddy,,False,-5.62248,-12.87219
2022-08-08,6A,22.526732,72.757887,48.1,Paddy,,False,-7.75879,-17.50017
2022-08-08,6B,22.526314,72.757891,50.4,Paddy,,False,-8.62711,-16.22842
2022-08-08,6C,22.526244,72.757237,34.0,Paddy,,False,-5.83336,-15.59575
2022-08-08,6D,22.526763,72.757237,45.7,Paddy,,False,-7.10793,-15.47552
2022-08-08,6E,22.526525,72.757638,48.1,Paddy,,False,-6.65469,-13.96096
2022-08-08,7A,22.527958,72.750395,32.0,Paddy,,False,-5.06773,-13.6938
2022-08-08,7B,22.528433,72.750436,35.0,,,False,-6.03225,-18.69456
2022-08-08,7C,22.528529,72.751032,33.5,,,False,-6.35676,-18.32635
2022-08-08,7D,22.527949,72.751069,36.5,,,False,-3.22809,-14.13902
2022-08-08,7E,22.528163,72.750758,12.5,,,False,-3.4376,-15.20224
2022-08-08,8A,22.526748,72.749919,32.0,Paddy,,False,-4.07858,-14.66934
2022-08-08,8B,22.526719,72.749468,35.0,,0.4962631165981293,False,-5.16892,-14.81379
2022-08-08,8C,22.526145,72.74949,33.5,,0.5354337096214294,False,-5.88403,-12.4986
2022-08-08,8D,22.526286,72.750055,36.5,,,False,-5.31056,-15.36587
2022-08-08,8E,22.526437,72.749791,12.5,,0.424053430557251,False,-5.65461,-14.97589
2022-08-08,9A,22.527928,72.746618,50.0,Paddy,0.3540438115596771,False,-6.50964,-13.4572
2022-08-08,9B,22.527864,72.747112,40.4,Paddy,0.4899301528930664,False,-8.56189,-14.49474
2022-08-08,9C,22.528473,72.747142,46.1,Paddy,0.5168049931526184,False,-6.54663,-14.60627
2022-08-08,9D,22.528502,72.746614,41.4,Sorgham,0.48687127232551575,False,-5.29002,-18.48192
2022-08-08,9E,22.528209,72.746825,50.0,Paddy,0.3315276801586151,False,-6.33641,-13.52044
2022-08-08,10A,22.526665,72.746543,46.1,Paddy,0.685546338558197,False,-8.10189,-17.94307
2022-08-08,10B,22.526281,72.746567,46.6,Paddy,0.6725016832351685,False,-6.47336,-16.44584
2022-08-08,10C,22.526099,72.747116,41.6,Paddy,0.6485532522201538,False,-5.83898,-15.54271
2022-08-08,10D,22.526674,72.747171,50.0,Paddy,0.6135758757591248,False,-8.05631,-15.32829
2022-08-08,10E,22.52649,72.746891,38.7666666666667,Paddy,0.5989483594894409,False,-6.26478,-16.16601
2022-08-08,11A,22.518984,72.749277,32.0,Paddy,,False,-5.16772,-17.85686
2022-08-08,11B,22.519441,72.749219,33.0,Paddy,,False,-4.63326,-17.51054
2022-08-08,11C,22.519529,72.748567,35.0,Paddy,,False,-6.58812,-15.59142
2022-08-08,11D,22.519041,72.748613,36.0,Paddy,,False,-8.07244,-13.98138
2022-08-08,11E,22.519199,72.748927,12.6666666666667,Paddy,,False,-6.0819,-17.50151
2022-08-08,12A,22.518535,72.746677,32.0,Paddy,-0.014251717366278172,True,-5.2147,-16.84822
2022-08-08,12B,22.518013,72.746708,33.0,Paddy,0.19832417368888855,True,-4.64057,-13.77984
2022-08-08,12C,22.517941,72.747349,35.0,Paddy,,False,-7.45518,-15.36296
2022-08-08,12D,22.518535,72.74737,36.0,Paddy,,False,-5.25265,-16.18699
2022-08-08,12E,22.518272,72.747109,12.6666666666667,Paddy,,False,-7.85296,-12.8293
2022-08-08,13A,22.51777,72.752478,32.0,Paddy,,False,-5.43428,-17.25871
2022-08-08,13B,22.517764,72.753199,33.0,Paddy,0.05343853309750557,True,-5.47961,-17.69059
2022-08-08,13C,22.517261,72.753172,35.0,Paddy,0.34502923488616943,True,-5.36748,-14.50275
2022-08-08,13D,22.517127,72.752548,36.0,Paddy,0.4636267125606537,True,-5.93136,-16.04081
2022-08-08,13E,22.517547,72.752847,12.6666666666667,Paddy,0.22077356278896332,True,-4.05484,-15.50216
2022-08-08,14A,22.515363,72.751239,32.0,Paddy,0.7118462920188904,False,-4.29823,-17.39193
2022-08-08,14B,22.515897,72.751233,33.0,Paddy,0.6723102331161499,False,-5.9704,-18.23486
2022-08-08,14C,22.515909,72.750612,35.0,Paddy,,False,-7.15453,-15.02996
2022-08-08,14D,22.51533,72.750642,36.0,Paddy,0.20372115075588226,True,-5.10828,-13.87133
2022-08-08,14E,22.515543,72.750935,12.6666666666667,Paddy,0.2553238868713379,True,-5.83141,-16.57474
2022-08-08,15A,22.515953,72.75545,50.0,Paddy,0.30212438106536865,True,-6.3091,-14.7848
2022-08-08,15B,22.515949,72.756128,50.0,Paddy,0.3937627673149109,True,-9.13262,-14.72121
2022-08-08,15C,22.515395,72.756042,50.0,Paddy,0.38722240924835205,True,-8.45834,-13.09418
2022-08-08,15D,22.515392,72.75548,44.1,Fallow,0.5361800193786621,True,-5.25104,-15.03094
2022-08-08,15E,22.515768,72.75581,50.0,Paddy,0.030459726229310036,True,-4.5851,-16.06787
2022-08-08,16A,22.509924,72.774006,22.7,Fallow,0.5854454636573792,True,-10.71792,-13.33568
2022-08-08,16B,22.509328,72.774041,15.6,Fallow,0.8667104244232178,True,-5.37054,-14.10747
2022-08-08,16C,22.50929,72.774752,22.9,Perl Millet,0.2512826919555664,True,-8.74534,-15.00133
2022-08-08,16D,22.509753,72.77471,16.5,Perl Millet,0.20915518701076508,True,-9.57462,-17.80553
2022-08-08,16E,22.509581,72.774453,20.8333333333333,Perl Millet,0.2770031988620758,True,-9.09491,-15.77481
2022-08-08,17A,22.508014,72.772291,19.0,Fodder,0.3480851650238037,True,-6.95776,-14.11567
2022-08-08,17B,22.508111,72.772801,21.2,Fodder,0.2931312918663025,True,-6.27938,-14.12466
2022-08-08,17C,22.507532,72.772595,25.4,Fodder,0.24795322120189667,True,-5.0082,-13.58419
2022-08-08,17D,22.507484,72.772119,32.7,Fallow,0.833350658416748,True,-7.77221,-12.65154
2022-08-08,17E,22.50785,72.772474,23.7,Fodder,0.17438580095767975,True,-4.57311,-12.97232
2022-08-08,18A,22.510282,72.771327,,,0.653911292552948,False,-7.51532,-12.46981
2022-08-08,18B,22.510154,72.771792,,,0.6875795722007751,True,-5.08594,-14.51825
2022-08-08,18C,22.510732,72.771577,,,0.6853538155555725,True,-9.0551,-16.58685
2022-08-08,18D,22.510569,72.771293,,,0.625593900680542,False,-4.76078,-13.30439
2022-08-08,18E,22.510473,72.771515,0.0,,0.780633807182312,True,-6.84257,-15.97355
2022-08-08,19A,22.505576,72.76343,26.1,Fallow,0.5927697420120239,True,-9.98429,-13.89482
2022-08-08,19B,22.505581,72.764064,19.9,Fallow,0.23727937042713165,True,-7.70979,-10.56117
2022-08-08,19C,22.505961,72.764083,25.2,Fallow,0.3636592924594879,True,-4.21573,-12.36695
2022-08-08,19D,22.506133,72.763434,44.1,Paddy,0.24333877861499786,True,-5.42929,-14.73629
2022-08-08,19E,22.505784,72.763859,25.3333333333333,Fallow,0.37831610441207886,True,-5.82171,-11.99275
2022-08-08,20A,22.505233,72.763051,32.7,Perl Millet,0.49865302443504333,True,-6.83583,-12.53825
2022-08-08,20B,22.50465,72.763111,15.6,Perl Millet,0.2402077168226242,True,-6.62373,-13.16136
2022-08-08,20C,22.504626,72.762487,48.6,Paddy,0.6850194334983826,True,-6.49366,-16.58032
2022-08-08,20D,22.505225,72.762441,32.8,Perl Millet,0.478022038936615,True,-5.71479,-15.29142
2022-08-08,20E,22.504991,72.762739,37.3333333333333,Perl Millet,0.24322302639484406,True,-4.76671,-14.12548
2022-08-08,21A,22.502812,72.762127,32.2,Fallow,,False,-6.12961,-15.56835
2022-08-08,21B,22.502834,72.761572,35.3,Perl Millet,0.6659600734710693,False,-7.06738,-15.0869
2022-08-08,21C,22.503324,72.761544,40.5,Paddy,0.5469046235084534,False,-4.94165,-14.08518
2022-08-08,21D,22.503423,72.762158,26.2,Fallow,0.06472615897655487,True,-6.09963,-12.48138
2022-08-08,21E,22.503156,72.761872,37.2333333333333,Perl Millet,,False,-5.24226,-15.49371
2022-08-08,22A,22.512449,72.761352,29.8,Fallow,0.5516477823257446,True,-9.20043,-12.16521
2022-08-08,22B,22.512453,72.761967,50.0,Paddy,0.2933999001979828,True,-6.027,-15.79688
2022-08-08,22C,22.511898,72.761975,27.7,Fallow,0.583465576171875,True,-8.80665,-11.36516
2022-08-08,22D,22.511855,72.761373,25.4,Fallow,0.5211434364318848,True,-4.36921,-17.11619
2022-08-08,22E,22.512015,72.761676,29.2666666666667,Fallow,0.3541910648345947,True,-5.25829,-13.97995
2022-08-08,23A,22.514247,72.763284,39.0,Paddy,,False,-8.18872,-14.55643
2022-08-08,23B,22.51377,72.763369,39.6,Paddy,,False,-5.30542,-12.30038
2022-08-08,23C,22.513729,72.763922,45.3,Paddy,,False,-3.21495,-13.81128
2022-08-08,23D,22.514213,72.763909,42.1,Paddy,,False,-6.95738,-16.2576
2022-08-08,23E,22.513938,72.763678,38.5,Paddy,,False,-7.07188,-13.64715
2022-08-08,24A,22.514666,72.762935,50.0,Paddy,,False,-4.02301,-17.24557
2022-08-08,24B,22.514581,72.762408,50.0,Paddy,,False,-8.49218,-16.03073
2022-08-08,24C,22.515133,72.762345,50.0,Paddy,,False,-5.05138,-15.49632
2022-08-08,24D,22.515104,72.762909,50.0,Paddy,,False,-1.85849,-17.99376
2022-08-08,24E,22.514946,72.762661,50.0,Paddy,,False,-2.11521,-16.72054
2022-08-08,25A,22.513455,72.765917,33.2,Paddy,,False,-6.36912,-13.75119
2022-08-08,25B,22.512796,72.765908,50.0,Fallow,0.48572883009910583,True,-5.19342,-15.52219
2022-08-08,25C,22.512796,72.765185,21.1,Paddy,,False,-3.6856,-16.30875
2022-08-08,25D,22.513408,72.765196,41.2,Paddy,,False,-8.95153,-15.54802
2022-08-08,25E,22.513116,72.765588,40.7333333333333,Paddy,0.25175368785858154,True,-4.96792,-14.74616
2022-08-08,26A,22.520103,72.766083,28.3,Fallow,0.30835631489753723,True,-7.1087,-14.12915
2022-08-08,26B,22.520661,72.766068,50.0,Paddy,0.5392727255821228,True,-9.30291,-12.86556
2022-08-08,26C,22.520655,72.766749,50.0,Paddy,0.5183103680610657,True,-8.75691,-15.40885
2022-08-08,26D,22.520125,72.766746,21.3,Fallow,0.3171096444129944,True,-7.12508,-13.7808
2022-08-08,26E,22.520285,72.766488,21.1,Fallow,0.3505306541919708,True,-8.59081,-14.06468
2022-08-08,27A,22.521854,72.766591,44.3,Paddy,,False,-6.70794,-16.0276
2022-08-08,27B,22.521859,72.766132,24.3,Paddy,,False,-7.30944,-14.52715
2022-08-08,27C,22.522409,72.766261,27.6,Paddy,,False,-7.64711,-16.6676
2022-08-08,27D,22.522381,72.76673,33.9,Paddy,,False,-4.90405,-14.00856
2022-08-08,27E,22.522201,72.766434,33.0333333333333,Paddy,,False,-6.97647,-13.94084
2022-08-08,28A,22.523697,72.767969,25.3,Paddy,,False,-7.06393,-14.37601
2022-08-08,28B,22.52371,72.768582,36.1,Paddy,0.4270232021808624,False,-4.55831,-14.321
2022-08-08,28C,22.524262,72.768629,28.8,Fallow,0.3852025270462036,False,-7.21936,-12.94086
2022-08-08,28D,22.524252,72.767989,44.2,Paddy,0.38669639825820923,False,-4.74375,-14.61305
2022-08-08,28E,22.524049,72.768361,36.6666666666667,Fallow,0.4042673707008362,False,-4.4083,-14.32181
2022-08-08,29A,22.52364,72.766727,50.0,Fallow,,False,-5.90796,-12.52526
2022-08-08,29B,22.523657,72.766016,,,0.2689882218837738,True,-8.802,-15.69318
2022-08-08,29C,22.524255,72.766024,,,0.45578232407569885,True,-6.62259,-13.93064
2022-08-08,29D,22.524229,72.766601,,,,False,-7.14713,-13.13406
2022-08-08,29E,22.524027,72.766357,0.0,,0.36028537154197693,True,-7.16362,-14.69352
2022-09-11,1A,22.526048,72.765011,24.4,Fallow,0.6073472499847412,True,-7.38713,-15.09099
2022-09-11,1B,22.525481,72.765028,41.0,Paddy,0.7163247466087341,True,-6.2574,-12.05392
2022-09-11,1C,22.525423,72.765663,25.3,Paddy,0.704460084438324,True,-8.44134,-16.46069
2022-09-11,1D,22.525999,72.765663,53.7,Orchad,0.32411202788352966,True,-2.85467,-17.00499
2022-09-11,1E,22.525563,72.765399,49.3,Paddy,0.7143483757972717,True,-6.88868,-12.32378
2022-09-11,2A,22.52729,72.764707,50.0,Paddy,0.7090297341346741,True,-3.97072,-16.29953
2022-09-11,2B,22.527874,72.764718,50.0,Paddy,0.7095020413398743,True,-4.72315,-14.51099
2022-09-11,2C,22.527854,72.764092,50.0,Paddy,0.7432228326797485,True,-6.20342,-14.23523
2022-09-11,2D,22.527369,72.764055,50.0,Paddy,0.7191112637519836,True,-3.75298,-15.14806
2022-09-11,2E,22.527544,72.764518,50.0,Paddy,0.7235645651817322,True,-5.38613,-17.08112
2022-09-11,3A,22.525921,72.762216,50.0,Paddy,0.7127393484115601,True,-7.39166,-9.1063
2022-09-11,3B,22.52584,72.762791,50.0,Paddy,0.7083322405815125,True,-5.273,-12.95383
2022-09-11,3C,22.525384,72.762825,44.2,Paddy,0.7001472115516663,True,-5.28297,-14.08056
2022-09-11,3D,22.525408,72.762107,39.8,Paddy,0.6634259223937988,True,-6.95083,-13.64403
2022-09-11,3E,22.525592,72.762415,37.8333333333333,Paddy,0.6841086149215698,True,-7.09757,-14.043
2022-09-11,4A,22.525937,72.760776,40.8,Paddy,0.6912814378738403,True,-8.20464,-16.64977
2022-09-11,4B,22.525981,72.760155,43.7,Paddy,0.7288150787353516,True,-4.87058,-16.89353
2022-09-11,4C,22.525355,72.760222,46.5,Paddy,0.6993403434753418,True,-4.55784,-16.67149
2022-09-11,4D,22.525455,72.760782,20.8,Fallow,0.4769470691680908,True,-6.59729,-13.9734
2022-09-11,4E,22.525639,72.760495,50.0,Paddy,0.7199037075042725,True,-6.60565,-16.34644
2022-09-11,5A,22.527575,72.759127,50.0,Paddy,0.6953405141830444,True,-4.76756,-13.00728
2022-09-11,5B,22.527161,72.759162,50.0,Paddy,0.6829834580421448,True,-6.36367,-15.02861
2022-09-11,5C,22.527168,72.759822,50.0,Paddy,0.7227120995521545,True,-7.27669,-16.78046
2022-09-11,5D,22.527736,72.759854,50.0,Paddy,0.7191842794418335,True,-3.74459,-15.64025
2022-09-11,5E,22.527454,72.759598,50.0,Paddy,0.703325629234314,True,-7.22014,-16.0361
2022-09-11,6A,22.526732,72.757887,50.0,Paddy,0.6903427243232727,True,-6.95673,-15.10044
2022-09-11,6B,22.526314,72.757891,50.0,Paddy,0.6981664299964905,True,-8.25937,-14.49804
2022-09-11,6C,22.526244,72.757237,50.0,Paddy,0.7254877686500549,True,-7.20351,-12.98312
2022-09-11,6D,22.526763,72.757237,50.0,Paddy,0.7323147058486938,True,-4.98963,-16.98427
2022-09-11,6E,22.526525,72.757638,50.0,Paddy,0.7007724642753601,True,-6.0826,-14.58547
2022-09-11,7A,22.527958,72.750395,50.0,Paddy,0.9003892540931702,False,-6.19544,-13.75025
2022-09-11,7B,22.528433,72.750436,50.0,Paddy,0.9200819134712219,False,-10.42013,-18.08521
2022-09-11,7C,22.528529,72.751032,50.0,Paddy,0.9172227382659912,False,-6.72844,-16.71515
2022-09-11,7D,22.527949,72.751069,50.0,Paddy,0.9241584539413452,False,-6.49229,-16.83213
2022-09-11,7E,22.528163,72.750758,50.0,Paddy,0.9161319732666016,False,-10.29932,-15.73432
2022-09-11,8A,22.526748,72.749919,50.0,Paddy,0.6874955892562866,True,-9.37322,-13.50721
2022-09-11,8B,22.526719,72.749468,50.0,Paddy,0.733717679977417,True,-6.11948,-14.53983
2022-09-11,8C,22.526145,72.74949,50.0,Paddy,0.7081490159034729,True,-6.07232,-16.53215
2022-09-11,8D,22.526286,72.750055,50.0,Paddy,0.6796584725379944,True,-6.63722,-12.84217
2022-09-11,8E,22.526437,72.749791,50.0,Paddy,0.6693814396858215,True,-5.9934,-13.82399
2022-09-11,9A,22.527928,72.746618,50.0,Paddy,0.8858422040939331,False,-7.50381,-18.24995
2022-09-11,9B,22.527864,72.747112,33.1,Paddy,0.936873733997345,False,-5.88805,-14.23372
2022-09-11,9C,22.528473,72.747142,50.0,Paddy,0.9210855960845947,False,-4.52708,-15.08702
2022-09-11,9D,22.528502,72.746614,22.5,Fallow,0.42263054847717285,False,-7.98117,-18.49023
2022-09-11,9E,22.528209,72.746825,50.0,Paddy,0.8690005540847778,False,-6.66725,-18.4706
2022-09-11,10A,22.526665,72.746543,50.0,Paddy,0.8295218348503113,False,-6.41655,-16.98897
2022-09-11,10B,22.526281,72.746567,50.0,Paddy,0.8173658847808838,False,-4.60409,-16.83565
2022-09-11,10C,22.526099,72.747116,50.0,Paddy,0.8157267570495605,False,-5.1949,-14.37999
2022-09-11,10D,22.526674,72.747171,40.4,Paddy,0.8586069345474243,False,-4.85469,-15.77813
2022-09-11,10E,22.52649,72.746891,50.0,Paddy,0.792924165725708,False,-5.05693,-16.71887
2022-09-11,11A,22.518984,72.749277,,,0.8695980906486511,False,-5.8234,-13.18382
2022-09-11,11B,22.519441,72.749219,,,0.8279252648353577,False,-4.24159,-12.84538
2022-09-11,11C,22.519529,72.748567,,,0.8488423824310303,False,-3.52748,-15.77472
2022-09-11,11D,22.519041,72.748613,,,0.7781777381896973,False,-4.86006,-14.13494
2022-09-11,11E,22.519199,72.748927,0.0,,0.8559295535087585,False,-4.2547,-13.41796
2022-09-11,12A,22.518535,72.746677,,,0.860338568687439,False,-5.44148,-14.11943
2022-09-11,12B,22.518013,72.746708,,,0.8525732755661011,False,-6.39664,-15.38477
2022-09-11,12C,22.517941,72.747349,,,0.8328296542167664,False,-8.40255,-12.62748
2022-09-11,12D,22.518535,72.74737,,,0.8512440323829651,False,-4.89314,-13.96535
2022-09-11,12E,22.518272,72.747109,0.0,,0.8691633939743042,False,-5.80489,-13.02396
2022-09-11,13A,22.51777,72.752478,,,0.9022582769393921,False,-8.18336,-12.60888
2022-09-11,13B,22.517764,72.753199,,,0.9101742506027222,False,-5.80949,-14.66253
2022-09-11,13C,22.517261,72.753172,,,0.9225661158561707,False,-6.84297,-17.0858
2022-09-11,13D,22.517127,72.752548,,,0.8966197371482849,False,-5.92796,-13.02028
2022-09-11,13E,22.517547,72.752847,0.0,,0.9225800633430481,False,-7.40904,-15.23112
2022-09-11,14A,22.515363,72.751239,,,0.8925182223320007,False,-3.64446,-13.96699
2022-09-11,14B,22.515897,72.751233,,,0.9099055528640747,False,-3.87523,-13.75875
2022-09-11,14C,22.515909,72.750612,,,0.8847204446792603,False,-5.94568,-13.31344
2022-09-11,14D,22.51533,72.750642,,,0.8542081117630005,False,-6.84832,-13.48655
2022-09-11,14E,22.515543,72.750935,0.0,,0.8820031881332397,False,-2.20579,-15.36279
2022-09-11,15A,22.515953,72.75545,50.0,Paddy,0.8903937935829163,False,-6.35198,-15.12945
2022-09-11,15B,22.515949,72.756128,50.0,Paddy,0.8730153441429138,False,-4.52847,-14.65907
2022-09-11,15C,22.515395,72.756042,42.7,Paddy,0.9208315014839172,False,-4.95791,-16.31956
2022-09-11,15D,22.515392,72.75548,38.1,Fallow,0.794561505317688,False,-4.80316,-14.81964
2022-09-11,15E,22.515768,72.75581,50.0,Paddy,0.8852921724319458,False,-3.79642,-16.69548
2022-09-11,16A,22.509924,72.774006,25.7,Fallow,0.3381791114807129,False,-8.03541,-12.67302
2022-09-11,16B,22.509328,72.774041,24.4,Fallow,0.3517455458641052,False,-7.59181,-12.08597
2022-09-11,16C,22.50929,72.774752,30.2,Perl Millet,0.6780346632003784,False,-8.10765,-12.8694
2022-09-11,16D,22.509753,72.77471,32.3,Perl Millet,0.5978423953056335,False,-9.55976,-12.23526
2022-09-11,16E,22.509581,72.774453,26.9333333333333,Perl Millet,0.6619240045547485,False,-9.57895,-11.0488
2022-09-11,17A,22.508014,72.772291,25.7,Jowar,0.5724781155586243,True,-6.66593,-13.70446
2022-09-11,17B,22.508111,72.772801,25.0,Jowar,0.6151198744773865,True,-5.73409,-11.53527
2022-09-11,17C,22.507532,72.772595,37.7,Perl Millet,0.7119346857070923,True,-5.36592,-13.03373
2022-09-11,17D,22.507484,72.772119,30.5,Fallow,0.2235438972711563,True,-6.55107,-12.55879
2022-09-11,17E,22.50785,72.772474,29.8,Jowar,0.5464669466018677,True,-5.17544,-13.14677
2022-09-11,18A,22.510282,72.771327,,,0.7381938695907593,False,-7.01203,-12.29552
2022-09-11,18B,22.510154,72.771792,,,0.300239235162735,True,-6.26625,-12.49567
2022-09-11,18C,22.510732,72.771577,,,0.7700294256210327,False,-6.21156,-15.33377
2022-09-11,18D,22.510569,72.771293,,,0.7793998718261719,False,-6.75364,-15.28791
2022-09-11,18E,22.510473,72.771515,0.0,,0.7777812480926514,False,-8.66213,-12.17721
2022-09-11,19A,22.505576,72.76343,29.4,Jowar,,False,-7.81748,-12.70248
2022-09-11,19B,22.505581,72.764064,32.2,Fallow,,False,-8.20132,-11.33044
2022-09-11,19C,22.505961,72.764083,36.8,Fallow,,False,-6.81515,-14.83563
2022-09-11,19D,22.506133,72.763434,41.1,Paddy,,False,-7.53377,-11.8508
2022-09-11,19E,22.505784,72.763859,30.9666666666667,Fallow,,False,-7.23958,-12.56512
2022-09-11,20A,22.505233,72.763051,36.1,Perl Millet,,False,-8.14768,-15.77665
2022-09-11,20B,22.50465,72.763111,35.5,Perl Millet,,False,-8.23199,-13.13017
2022-09-11,20C,22.504626,72.762487,50.0,Paddy,0.6870342493057251,True,-8.43148,-13.11874
2022-09-11,20D,22.505225,72.762441,35.9,Perl Millet,,False,-6.11649,-16.90045
2022-09-11,20E,22.504991,72.762739,34.4333333333333,Perl Millet,,False,-9.42138,-17.96617
2022-09-11,21A,22.502812,72.762127,29.3,Fallow,0.5503592491149902,False,-5.36583,-13.46388
2022-09-11,21B,22.502834,72.761572,35.7,Perl Millet,,False,-5.68236,-11.82191
2022-09-11,21C,22.503324,72.761544,39.1,Paddy,0.6968523263931274,False,-7.58366,-15.71152
2022-09-11,21D,22.503423,72.762158,28.1,Jowar,0.7276785969734192,False,-2.94859,-13.97028
2022-09-11,21E,22.503156,72.761872,36.5,Perl Millet,0.7664108872413635,False,-1.43595,-13.23508
2022-09-11,22A,22.512449,72.761352,26.0,Fallow,0.34472113847732544,True,-5.49269,-14.88128
2022-09-11,22B,22.512453,72.761967,50.0,Paddy,0.7283253073692322,True,-4.19633,-13.65325
2022-09-11,22C,22.511898,72.761975,23.8,Fallow,0.33305618166923523,True,-4.70233,-11.76186
2022-09-11,22D,22.511855,72.761373,26.5,Fallow,0.3778839707374573,True,-4.99361,-9.55766
2022-09-11,22E,22.512015,72.761676,32.9666666666667,Fallow,0.2871814966201782,True,-3.81434,-8.98321
2022-09-11,23A,22.514247,72.763284,48.7,Paddy,0.6457069516181946,True,-10.1728,-14.82236
2022-09-11,23B,22.51377,72.763369,43.5,Paddy,0.6600280404090881,True,-9.50731,-14.07459
2022-09-11,23C,22.513729,72.763922,43.0,Paddy,0.6912450790405273,True,-8.31541,-14.23503
2022-09-11,23D,22.514213,72.763909,43.9,Paddy,0.6005784869194031,True,-8.77887,-15.80917
2022-09-11,23E,22.513938,72.763678,45.9333333333333,Paddy,0.6609752178192139,True,-8.26804,-16.34328
2022-09-11,24A,22.514666,72.762935,50.0,Paddy,0.7836299538612366,True,-8.25896,-15.51185
2022-09-11,24B,22.514581,72.762408,50.0,Paddy,0.7968730330467224,True,-4.07168,-13.62378
2022-09-11,24C,22.515133,72.762345,50.0,Perl Millet,0.7404304146766663,True,-3.24645,-16.70486
2022-09-11,24D,22.515104,72.762909,50.0,Perl Millet,0.574592649936676,True,-6.0956,-14.8831
2022-09-11,24E,22.514946,72.762661,50.0,Perl Millet,0.7211019396781921,True,-7.57461,-16.45597
2022-09-11,25A,22.513455,72.765917,26.2,Paddy,0.7424315214157104,True,-10.36355,-15.29136
2022-09-11,25B,22.512796,72.765908,13.4,Fallow,0.43032267689704895,True,-8.44209,-14.3791
2022-09-11,25C,22.512796,72.765185,50.0,Paddy,0.7163739800453186,True,-5.87107,-15.78801
2022-09-11,25D,22.513408,72.765196,37.5,Paddy,0.6420463919639587,True,-7.77546,-12.98961
2022-09-11,25E,22.513116,72.765588,35.4333333333333,Paddy,0.7041780352592468,True,-7.12148,-10.30859
2022-09-11,26A,22.520103,72.766083,24.5,Fallow,0.4018997848033905,True,-7.23443,-12.65618
2022-09-11,26B,22.520661,72.766068,48.8,Paddy,0.7222419381141663,True,-7.72299,-13.91962
2022-09-11,26C,22.520655,72.766749,43.7,Paddy,0.6860747933387756,True,-6.89739,-12.67178
2022-09-11,26D,22.520125,72.766746,19.9,Fallow,0.3854735195636749,True,-4.56618,-11.84326
2022-09-11,26E,22.520285,72.766488,26.8666666666667,Fallow,0.39348238706588745,True,-6.09577,-12.73796
2022-09-11,27A,22.521854,72.766591,40.0,Paddy,0.6790214776992798,True,-7.69476,-15.0524
2022-09-11,27B,22.521859,72.766132,29.1,Paddy,0.7128811478614807,True,-5.04545,-15.27458
2022-09-11,27C,22.522409,72.766261,43.7,Paddy,0.6632248759269714,True,-5.76332,-16.14313
2022-09-11,27D,22.522381,72.76673,30.3,Paddy,0.6270631551742554,True,-8.85327,-14.98321
2022-09-11,27E,22.522201,72.766434,43.1,Paddy,0.6786465048789978,True,-7.76935,-16.99055
2022-09-11,28A,22.523697,72.767969,47.4,Paddy,0.8870640397071838,False,-6.04081,-11.59471
2022-09-11,28B,22.52371,72.768582,50.0,Paddy,0.8393691778182983,False,-7.12837,-14.80381
2022-09-11,28C,22.524262,72.768629,28.7,Fallow,0.31852132081985474,False,-4.52744,-13.2964
2022-09-11,28D,22.524252,72.767989,46.0,Paddy,0.8579877018928528,False,-8.73387,-13.20201
2022-09-11,28E,22.524049,72.768361,28.8333333333333,Fallow,0.341317355632782,False,-4.37301,-14.05658
2022-09-11,29A,22.52364,72.766727,,,0.646225094795227,True,-5.88847,-14.06366
2022-09-11,29B,22.523657,72.766016,,,0.5336219072341919,True,-9.88824,-11.94107
2022-09-11,29C,22.524255,72.766024,,,0.33917686343193054,True,-4.70239,-13.66761
2022-09-11,29D,22.524229,72.766601,,,0.26261886954307556,True,-0.07729,-13.86878
2022-09-11,29E,22.524027,72.766357,0.0,,0.2663753926753998,True,-3.53326,-14.22819
2022-09-28,1A,22.526048,72.765011,8.6,Fallow,0.6074369549751282,False,-9.67993,-17.06888
2022-09-28,1B,22.525481,72.765028,31.6,Paddy,0.8277755379676819,False,-6.8702,-16.07295
2022-09-28,1C,22.525423,72.765663,13.7,Paddy,0.7544538378715515,False,-9.79337,-13.75319
2022-09-28,1D,22.525999,72.765663,29.2,Lemon,0.37489691376686096,False,-7.31254,-14.62754
2022-09-28,1E,22.525563,72.765399,8.93333333333333,Paddy,0.7827749252319336,False,-7.58662,-14.73556
2022-09-28,2A,22.52729,72.764707,37.4,Paddy,0.82033371925354,False,-7.78498,-13.26301
2022-09-28,2B,22.527874,72.764718,40.9,Paddy,0.8224959969520569,False,-9.07334,-14.50024
2022-09-28,2C,22.527854,72.764092,24.7,Paddy,0.8190513849258423,False,-9.23549,-16.15772
2022-09-28,2D,22.527369,72.764055,29.4,Paddy,0.7753635048866272,False,-9.41912,-14.03018
2022-09-28,2E,22.527544,72.764518,38.3666666666667,Paddy,0.8098531365394592,False,-7.69788,-13.62584
2022-09-28,3A,22.525921,72.762216,36.6,Paddy,0.7997731566429138,False,-4.22983,-14.17036
2022-09-28,3B,22.52584,72.762791,35.2,Paddy,0.7794905304908752,False,-9.40017,-13.39128
2022-09-28,3C,22.525384,72.762825,35.9,Paddy,0.8140019178390503,False,-5.8318,-15.231
2022-09-28,3D,22.525408,72.762107,40.8,Paddy,0.7892692685127258,False,-6.41246,-11.81783
2022-09-28,3E,22.525592,72.762415,44.3333333333333,Paddy,0.8100990056991577,False,-6.39611,-13.92856
2022-09-28,4A,22.525937,72.760776,26.6,Paddy,0.8176392316818237,False,-7.62499,-17.3326
2022-09-28,4B,22.525981,72.760155,21.3,Paddy,0.8464609384536743,False,-9.90959,-18.79653
2022-09-28,4C,22.525355,72.760222,38.2,Paddy,0.7889257669448853,False,-10.23597,-17.30018
2022-09-28,4D,22.525455,72.760782,19.7,Fallow,0.35278335213661194,False,-10.87947,-16.49611
2022-09-28,4E,22.525639,72.760495,20.1333333333333,Paddy,0.8089873194694519,False,-10.36803,-18.50712
2022-09-28,5A,22.527575,72.759127,30.6,Paddy,0.8443495035171509,False,-7.69793,-17.60595
2022-09-28,5B,22.527161,72.759162,30.4,Paddy,0.8440546989440918,False,-8.81273,-17.85205
2022-09-28,5C,22.527168,72.759822,24.8,Paddy,0.8509441614151001,False,-9.02416,-15.41681
2022-09-28,5D,22.527736,72.759854,34.9,Paddy,0.8445989489555359,False,-6.71782,-17.32557
2022-09-28,5E,22.527454,72.759598,33.0333333333333,Paddy,0.8445087671279907,False,-6.23676,-18.16079
2022-09-28,6A,22.526732,72.757887,30.3,Paddy,0.7757271528244019,False,-7.473,-13.92515
2022-09-28,6B,22.526314,72.757891,31.0,Paddy,0.784171462059021,False,-5.13573,-15.53998
2022-09-28,6C,22.526244,72.757237,22.4,Paddy,0.7719269394874573,False,-10.0797,-11.75667
2022-09-28,6D,22.526763,72.757237,29.8,Paddy,0.7819856405258179,False,-8.12062,-14.28938
2022-09-28,6E,22.526525,72.757638,24.5,Paddy,0.7873207330703735,False,-8.9432,-17.14628
2022-09-28,7A,22.527958,72.750395,52.4,Paddy,0.8141687512397766,False,-7.58157,-12.42122
2022-09-28,7B,22.528433,72.750436,50.0,Paddy,0.8236445188522339,False,-8.01205,-13.44829
2022-09-28,7C,22.528529,72.751032,50.0,Paddy,0.7874977588653564,False,-5.95296,-15.15676
2022-09-28,7D,22.527949,72.751069,50.0,Paddy,0.8324451446533203,False,-9.17134,-15.60565
2022-09-28,7E,22.528163,72.750758,50.0,Paddy,0.8258143663406372,False,-10.9238,-14.99635
2022-09-28,8A,22.526748,72.749919,50.0,Paddy,0.7988753318786621,False,-7.69929,-13.02082
2022-09-28,8B,22.526719,72.749468,,,0.8403117060661316,False,-8.26541,-12.93936
2022-09-28,8C,22.526145,72.74949,,,0.8214840888977051,False,-6.7385,-14.58367
2022-09-28,8D,22.526286,72.750055,,,0.7750629186630249,False,-8.64885,-15.56617
2022-09-28,8E,22.526437,72.749791,0.0,,0.746906042098999,False,-9.05993,-15.30776
2022-09-28,9A,22.527928,72.746618,52.7,Paddy,0.8040345311164856,False,-9.1117,-16.77862
2022-09-28,9B,22.527864,72.747112,27.9,Paddy,0.8071839213371277,False,-6.35071,-12.19522
2022-09-28,9C,22.528473,72.747142,31.8,Paddy,0.7739103436470032,False,-9.28166,-17.65554
2022-09-28,9D,22.528502,72.746614,28.2,Fallow,0.2797463536262512,False,-4.76673,-15.52828
2022-09-28,9E,22.528209,72.746825,50.0,Paddy,0.791789710521698,False,-7.87006,-15.14446
2022-09-28,10A,22.526665,72.746543,14.1,Paddy,0.7749717831611633,False,-11.05152,-16.3981
2022-09-28,10B,22.526281,72.746567,23.0,Paddy,0.7609748244285583,False,-10.92141,-17.05293
2022-09-28,10C,22.526099,72.747116,44.4,Paddy,0.6420469284057617,False,-4.21314,-15.7392
2022-09-28,10D,22.526674,72.747171,50.0,Paddy,0.7723615169525146,False,-6.47818,-13.12915
2022-09-28,10E,22.52649,72.746891,39.0666666666667,Paddy,0.7512205243110657,False,-6.14736,-14.43242
2022-09-28,11A,22.518984,72.749277,50.0,Paddy,0.861785352230072,False,-3.62777,-13.21088
2022-09-28,11B,22.519441,72.749219,50.0,Paddy,0.8293395042419434,False,-4.0697,-15.21458
2022-09-28,11C,22.519529,72.748567,50.0,Paddy,0.8484485745429993,False,-6.7287,-14.78814
2022-09-28,11D,22.519041,72.748613,50.0,Paddy,0.8124755024909973,False,-4.56948,-14.55198
2022-09-28,11E,22.519199,72.748927,50.0,Paddy,0.8376126885414124,False,-4.80457,-13.92447
2022-09-28,12A,22.518535,72.746677,,,0.856300413608551,False,-7.4053,-13.24359
2022-09-28,12B,22.518013,72.746708,,,0.8426260948181152,False,-7.21268,-15.47775
2022-09-28,12C,22.517941,72.747349,,,0.7426732778549194,False,-7.03014,-13.36876
2022-09-28,12D,22.518535,72.74737,,,0.8091641664505005,False,-4.7561,-16.00131
2022-09-28,12E,22.518272,72.747109,0.0,,0.8422905802726746,False,-7.49865,-14.61001
2022-09-28,13A,22.51777,72.752478,,,0.7978193759918213,False,-7.30144,-19.48777
2022-09-28,13B,22.517764,72.753199,,,0.848713219165802,False,-7.05794,-15.76328
2022-09-28,13C,22.517261,72.753172,,,0.8066579699516296,False,-5.4683,-13.80145
2022-09-28,13D,22.517127,72.752548,,,0.8119989037513733,False,-11.18194,-15.27904
2022-09-28,13E,22.517547,72.752847,0.0,,0.8023814558982849,False,-8.11629,-13.58613
2022-09-28,14A,22.515363,72.751239,,,0.7895694971084595,False,-7.46655,-14.81995
2022-09-28,14B,22.515897,72.751233,,,0.776454746723175,False,-5.62846,-14.15149
2022-09-28,14C,22.515909,72.750612,,,0.823042631149292,False,-6.20604,-13.26051
2022-09-28,14D,22.51533,72.750642,,,0.7375019788742065,False,-8.47182,-16.53659
2022-09-28,14E,22.515543,72.750935,0.0,,0.7554133534431458,False,-5.10964,-15.9907
2022-09-28,15A,22.515953,72.75545,50.2,Paddy,0.7886872291564941,False,-5.82408,-14.0258
2022-09-28,15B,22.515949,72.756128,50.0,Paddy,0.7979671359062195,False,-5.21816,-15.5259
2022-09-28,15C,22.515395,72.756042,34.2,Paddy,0.7465798854827881,False,-5.90603,-10.93259
2022-09-28,15D,22.515392,72.75548,31.3,Fallow,0.6572439670562744,False,-6.46341,-18.11471
2022-09-28,15E,22.515768,72.75581,50.0,Paddy,0.8104007244110107,False,-5.34019,-14.61141
2022-09-28,16A,22.509924,72.774006,16.2,Fallow,0.2560379207134247,False,-9.47756,-12.58843
2022-09-28,16B,22.509328,72.774041,12.9,Fallow,0.24097271263599396,False,-7.00555,-15.2191
2022-09-28,16C,22.50929,72.774752,15.6,Perl Millet,0.5679434537887573,False,-6.14996,-14.44698
2022-09-28,16D,22.509753,72.77471,12.7,Perl Millet,0.5171760320663452,False,-8.43812,-17.32951
2022-09-28,16E,22.509581,72.774453,12.6,Perl Millet,0.5682705044746399,False,-10.12827,-18.05722
2022-09-28,17A,22.508014,72.772291,8.8,Perl Millet,0.5593622922897339,False,-5.08836,-12.31809
2022-09-28,17B,22.508111,72.772801,8.8,Perl Millet,0.6271024346351624,False,-6.68482,-15.1893
2022-09-28,17C,22.507532,72.772595,9.6,Fallow,0.7303213477134705,False,-11.915,-16.77444
2022-09-28,17D,22.507484,72.772119,27.6,Perl Millet,0.2406008541584015,False,-11.91964,-16.85568
2022-09-28,17E,22.50785,72.772474,6.76666666666667,Perl Millet,0.5304768681526184,False,-7.88292,-15.42486
2022-09-28,18A,22.510282,72.771327,,,0.38914138078689575,False,-11.81197,-15.06006
2022-09-28,18B,22.510154,72.771792,,,0.2589961886405945,False,-10.04106,-13.23651
2022-09-28,18C,22.510732,72.771577,,,0.46191248297691345,False,-8.79324,-14.83607
2022-09-28,18D,22.510569,72.771293,,,0.2876463234424591,False,-12.57047,-14.91128
2022-09-28,18E,22.510473,72.771515,0.0,,0.4453531801700592,False,-11.38518,-13.30117
2022-09-28,19A,22.505576,72.76343,8.8,Fallow,0.7470201849937439,False,-6.87637,-16.65811
2022-09-28,19B,22.505581,72.764064,8.4,Jowar,0.5954837799072266,False,-9.17609,-11.99697
2022-09-28,19C,22.505961,72.764083,8.0,Fallow,0.7022931575775146,False,-8.14816,-14.95836
2022-09-28,19D,22.506133,72.763434,28.3,Paddy,0.797761857509613,False,-5.66477,-15.13717
2022-09-28,19E,22.505784,72.763859,8.0,Fallow,0.629054605960846,False,-8.43595,-16.21147
2022-09-28,20A,22.505233,72.763051,33.9,,0.5171524286270142,False,-8.22835,-15.21831
2022-09-28,20B,22.50465,72.763111,14.2,,0.40554967522621155,False,-6.21287,-17.40634
2022-09-28,20C,22.504626,72.762487,41.8,Paddy,0.8048268556594849,False,-8.72562,-14.55278
2022-09-28,20D,22.505225,72.762441,29.4,,0.7887720465660095,False,-6.69586,-11.77068
2022-09-28,20E,22.504991,72.762739,28.5333333333333,,0.3809686005115509,False,-7.7214,-14.30658
2022-09-28,21A,22.502812,72.762127,31.0,Fallow,0.4857000708580017,False,-7.86327,-16.91076
2022-09-28,21B,22.502834,72.761572,34.1,Fallow,0.46466079354286194,False,-6.91781,-15.05523
2022-09-28,21C,22.503324,72.761544,41.6,Paddy,0.8016662001609802,False,-4.07846,-14.83412
2022-09-28,21D,22.503423,72.762158,14.2,Jowar,0.764420747756958,False,-8.59369,-14.49742
2022-09-28,21E,22.503156,72.761872,37.2,Fallow,0.3729669153690338,False,-9.07801,-14.3956
2022-09-28,22A,22.512449,72.761352,13.8,Fallow,0.37960103154182434,False,-12.36725,-16.46464
2022-09-28,22B,22.512453,72.761967,26.1,Paddy,0.7965909242630005,False,-9.49287,-19.4676
2022-09-28,22C,22.511898,72.761975,11.9,Fallow,0.3602965176105499,False,-10.57321,-19.14912
2022-09-28,22D,22.511855,72.761373,14.9,Fallow,0.3969400227069855,False,-7.49887,-15.38953
2022-09-28,22E,22.512015,72.761676,13.8333333333333,Fallow,0.31758809089660645,False,-9.96286,-16.12926
2022-09-28,23A,22.514247,72.763284,25.6,Paddy,0.6942128539085388,False,-8.98184,-16.02619
2022-09-28,23B,22.51377,72.763369,21.7,Paddy,0.6658897995948792,False,-10.29964,-15.98919
2022-09-28,23C,22.513729,72.763922,29.9,Paddy,0.6462996006011963,False,-8.37857,-16.84818
2022-09-28,23D,22.514213,72.763909,40.2,Paddy,0.4462910294532776,False,-9.08714,-16.61518
2022-09-28,23E,22.513938,72.763678,35.9666666666667,Paddy,0.6457138061523438,False,-8.37454,-13.84557
2022-09-28,24A,22.514666,72.762935,,,0.7836299538612366,False,-8.67277,-17.19489
2022-09-28,24B,22.514581,72.762408,,,0.7910791635513306,False,-7.50436,-16.56856
2022-09-28,24C,22.515133,72.762345,,,0.7403736114501953,False,-8.5494,-12.87537
2022-09-28,24D,22.515104,72.762909,,,0.44697442650794983,False,-8.18826,-15.40805
2022-09-28,24E,22.514946,72.762661,0.0,,0.7309889793395996,False,-6.06027,-15.02384
2022-09-28,25A,22.513455,72.765917,14.0,Paddy,0.7279218435287476,False,-7.08157,-15.75737
2022-09-28,25B,22.512796,72.765908,16.0,Fallow,0.41225558519363403,False,-8.60075,-15.75984
2022-09-28,25C,22.512796,72.765185,31.0,Paddy,0.7604882717132568,False,-6.13209,-13.5268
2022-09-28,25D,22.513408,72.765196,36.4,Paddy,0.7707535624504089,False,-10.67223,-15.55887
2022-09-28,25E,22.513116,72.765588,50.0,Paddy,0.7661203145980835,False,-9.86522,-15.08194
2022-09-28,26A,22.520103,72.766083,11.4,Fallow,0.3074814975261688,False,-6.04073,-12.52337
2022-09-28,26B,22.520661,72.766068,38.6,Paddy,0.705680251121521,False,-8.28367,-13.97348
2022-09-28,26C,22.520655,72.766749,50.0,Paddy,0.7457806468009949,False,-11.33464,-17.242
2022-09-28,26D,22.520125,72.766746,8.5,Fallow,0.2538917362689972,False,-10.73824,-16.65344
2022-09-28,26E,22.520285,72.766488,10.1666666666667,Fallow,0.33819204568862915,False,-8.06631,-14.8909
2022-09-28,27A,22.521854,72.766591,48.1,Paddy,0.7598662376403809,False,-6.80049,-13.25469
2022-09-28,27B,22.521859,72.766132,21.5,Paddy,0.7398869395256042,False,-5.82878,-14.65034
2022-09-28,27C,22.522409,72.766261,20.7,Paddy,0.7472794651985168,False,-9.37152,-15.99012
2022-09-28,27D,22.522381,72.76673,19.3,Paddy,0.7476209998130798,False,-10.00388,-11.25435
2022-09-28,27E,22.522201,72.766434,20.1,Paddy,0.7926550507545471,False,-9.00572,-14.08299
2022-09-28,28A,22.523697,72.767969,41.8,Paddy,0.7919526100158691,False,-10.23989,-12.9441
2022-09-28,28B,22.52371,72.768582,43.4,Paddy,0.7839659452438354,False,-8.30494,-16.09564
2022-09-28,28C,22.524262,72.768629,30.6,Paddy,0.2280638962984085,False,-6.76528,-14.11871
2022-09-28,28D,22.524252,72.767989,16.6,Paddy,0.7048567533493042,False,-6.64412,-13.80327
2022-09-28,28E,22.524049,72.768361,18.6,Paddy,0.2678883671760559,False,-7.14885,-12.24361
2022-09-28,29A,22.52364,72.766727,,,0.7940623760223389,False,-10.01553,-18.78301
2022-09-28,29B,22.523657,72.766016,,,0.3597622513771057,False,-8.75744,-15.58758
2022-09-28,29C,22.524255,72.766024,,,0.33773139119148254,False,-5.62424,-12.61332
2022-09-28,29D,22.524229,72.766601,,,0.2598041594028473,False,-10.00618,-14.50896
2022-09-28,29E,22.524027,72.766357,0.0,,0.2199515849351883,False,-8.78608,-14.35986
2022-10-15,1A,22.526048,72.765011,15.4,Fallow,0.20362864434719086,False,-7.2251,-15.31476
2022-10-15,1B,22.525481,72.765028,11.0,Paddy,0.5971930623054504,False,-7.12465,-15.65603
2022-10-15,1C,22.525423,72.765663,13.1,Paddy,0.21824884414672852,False,-9.24639,-15.80069
2022-10-15,1D,22.525999,72.765663,20.8,Lemon,0.441970556974411,False,-8.71673,-17.20822
2022-10-15,1E,22.525563,72.765399,12.2,Paddy,0.3403209149837494,False,-7.06178,-17.07947
2022-10-15,2A,22.52729,72.764707,17.9,Paddy,0.6544725298881531,False,-7.43414,-14.51735
2022-10-15,2B,22.527874,72.764718,10.7,Paddy,0.6544169783592224,False,-7.12501,-16.43618
2022-10-15,2C,22.527854,72.764092,23.6,Paddy,0.5821394920349121,False,-7.91534,-17.33915
2022-10-15,2D,22.527369,72.764055,27.0,Paddy,0.44249483942985535,False,-9.74557,-14.95861
2022-10-15,2E,22.527544,72.764518,21.1666666666667,Paddy,0.6580420732498169,False,-7.58933,-15.34737
2022-10-15,3A,22.525921,72.762216,21.2,Paddy,0.6531602740287781,False,-7.60925,-13.21455
2022-10-15,3B,22.52584,72.762791,19.9,Paddy,0.5110906958580017,False,-4.60224,-16.31329
2022-10-15,3C,22.525384,72.762825,16.2,Paddy,0.6169198155403137,False,-7.84144,-15.75865
2022-10-15,3D,22.525408,72.762107,18.3,Paddy,0.5825105309486389,False,-8.24454,-13.49637
2022-10-15,3E,22.525592,72.762415,18.4,Paddy,0.6450112462043762,False,-6.73637,-15.9156
2022-10-15,4A,22.525937,72.760776,40.2,Paddy,0.7010155320167542,False,-8.51199,-12.73815
2022-10-15,4B,22.525981,72.760155,21.2,Paddy,0.7250024676322937,False,-5.5378,-15.22541
2022-10-15,4C,22.525355,72.760222,50.0,Paddy,0.6751542091369629,False,-13.24095,-17.84823
2022-10-15,4D,22.525455,72.760782,21.8,Fallow,0.5323356986045837,False,-9.87248,-13.04388
2022-10-15,4E,22.525639,72.760495,50.0,Paddy,0.573937177658081,False,-9.73063,-15.76775
2022-10-15,5A,22.527575,72.759127,20.4,Paddy,0.7809891104698181,False,-8.20933,-15.29454
2022-10-15,5B,22.527161,72.759162,25.6,Paddy,0.7848184704780579,False,-8.41655,-15.6332
2022-10-15,5C,22.527168,72.759822,36.7,Paddy,0.7672737836837769,False,-6.41996,-15.99634
2022-10-15,5D,22.527736,72.759854,19.6,Paddy,0.7746045589447021,False,-6.15002,-17.00401
2022-10-15,5E,22.527454,72.759598,26.3666666666667,Paddy,0.7735366821289062,False,-7.99491,-15.89964
2022-10-15,6A,22.526732,72.757887,26.0,Paddy,0.6537538766860962,False,-8.20146,-12.45911
2022-10-15,6B,22.526314,72.757891,28.5,Paddy,0.6689701676368713,False,-6.83616,-13.64874
2022-10-15,6C,22.526244,72.757237,18.8,Paddy,0.4720079302787781,False,-6.95836,-12.55582
2022-10-15,6D,22.526763,72.757237,30.2,Paddy,0.5230000615119934,False,-6.25622,-14.0647
2022-10-15,6E,22.526525,72.757638,22.1333333333333,Paddy,0.6884858012199402,False,-8.49191,-13.48937
2022-10-15,7A,22.527958,72.750395,50.0,Paddy,0.5706188678741455,False,-7.24857,-16.74232
2022-10-15,7B,22.528433,72.750436,,,0.6311674118041992,False,-7.76145,-16.67458
2022-10-15,7C,22.528529,72.751032,,,0.6072065234184265,False,-9.45377,-15.00264
2022-10-15,7D,22.527949,72.751069,,,0.6561495661735535,False,-7.40712,-16.38759
2022-10-15,7E,22.528163,72.750758,0.0,,0.6219385862350464,False,-7.85318,-15.77353
2022-10-15,8A,22.526748,72.749919,50.0,Paddy,0.6529796719551086,False,-8.53103,-16.33715
2022-10-15,8B,22.526719,72.749468,,,0.792012095451355,False,-8.81169,-13.82846
2022-10-15,8C,22.526145,72.74949,,,0.6844080686569214,False,-9.88238,-16.20606
2022-10-15,8D,22.526286,72.750055,,,0.49660080671310425,False,-7.09842,-17.53242
2022-10-15,8E,22.526437,72.749791,0.0,,0.5510017275810242,False,-8.84149,-17.32093
2022-10-15,9A,22.527928,72.746618,31.2,Paddy,0.6742690801620483,False,-8.19666,-14.87923
2022-10-15,9B,22.527864,72.747112,35.2,Paddy,0.6288099884986877,False,-7.93737,-13.68591
2022-10-15,9C,22.528473,72.747142,34.0,Paddy,0.6520453691482544,False,-7.63989,-13.77787
2022-10-15,9D,22.528502,72.746614,45.5,Fallow,0.27211523056030273,False,-9.44499,-14.23499
2022-10-15,9E,22.528209,72.746825,40.4666666666667,Paddy,0.6284915208816528,False,-8.64383,-14.54826
2022-10-15,10A,22.526665,72.746543,20.9,Paddy,0.5338616371154785,False,-7.67486,-15.75328
2022-10-15,10B,22.526281,72.746567,22.0,Paddy,0.5769422054290771,False,-9.9049,-16.3609
2022-10-15,10C,22.526099,72.747116,32.6,Paddy,0.3330657482147217,False,-8.84512,-14.79299
2022-10-15,10D,22.526674,72.747171,32.2,Paddy,0.5477644205093384,False,-6.03389,-14.73619
2022-10-15,10E,22.52649,72.746891,33.6666666666667,Paddy,0.5592432022094727,False,-5.68191,-14.90392
2022-10-15,11A,22.518984,72.749277,,,0.8275007009506226,False,-7.35104,-16.00113
2022-10-15,11B,22.519441,72.749219,,,0.7700207233428955,False,-8.08736,-16.06662
2022-10-15,11C,22.519529,72.748567,,,0.7498284578323364,False,-8.48241,-15.10075
2022-10-15,11D,22.519041,72.748613,,,0.8403653502464294,False,-7.02267,-15.2558
2022-10-15,11E,22.519199,72.748927,0.0,,0.8298659920692444,False,-7.48438,-18.18061
2022-10-15,12A,22.518535,72.746677,,,0.758491039276123,False,-8.69408,-13.39389
2022-10-15,12B,22.518013,72.746708,,,0.7958449721336365,False,-5.91883,-14.00084
2022-10-15,12C,22.517941,72.747349,,,0.5435287356376648,False,-8.61031,-15.44679
2022-10-15,12D,22.518535,72.74737,,,0.742542564868927,False,-5.34563,-16.65407
2022-10-15,12E,22.518272,72.747109,0.0,,0.7601804733276367,False,-8.17003,-13.73734
2022-10-15,13A,22.51777,72.752478,,,0.4799249470233917,False,-8.77416,-14.54103
2022-10-15,13B,22.517764,72.753199,,,0.8673089742660522,False,-6.39022,-11.79051
2022-10-15,13C,22.517261,72.753172,,,0.40342849493026733,False,-8.47095,-12.13837
2022-10-15,13D,22.517127,72.752548,,,0.8152413368225098,False,-7.29032,-12.34597
2022-10-15,13E,22.517547,72.752847,0.0,,0.4292527139186859,False,-7.52964,-14.5691
2022-10-15,14A,22.515363,72.751239,,,0.622889518737793,False,-4.36443,-16.14236
2022-10-15,14B,22.515897,72.751233,,,0.554861307144165,False,-10.59384,-13.75773
2022-10-15,14C,22.515909,72.750612,,,0.653961181640625,False,-8.40271,-15.22683
2022-10-15,14D,22.51533,72.750642,,,0.5214289426803589,False,-6.31661,-15.71095
2022-10-15,14E,22.515543,72.750935,0.0,,0.47980937361717224,False,-5.17153,-15.69916
2022-10-15,15A,22.515953,72.75545,20.9,Paddy,0.6313773989677429,False,-7.48392,-16.85425
2022-10-15,15B,22.515949,72.756128,41.4,Paddy,0.7236652970314026,False,-9.7351,-13.27157
2022-10-15,15C,22.515395,72.756042,18.8,Fallow,0.2792830765247345,False,-7.61772,-15.61088
2022-10-15,15D,22.515392,72.75548,15.7,Fallow,0.6660203337669373,False,-8.64384,-17.00718
2022-10-15,15E,22.515768,72.75581,28.7333333333333,Paddy,0.5790391564369202,False,-9.30894,-11.26946
2022-10-15,16A,22.509924,72.774006,14.6,Fallow,0.24631111323833466,False,-6.30962,-12.52007
2022-10-15,16B,22.509328,72.774041,13.0,Fallow,0.26090121269226074,False,-8.87362,-14.19927
2022-10-15,16C,22.50929,72.774752,12.7,Fallow,0.28070372343063354,False,-4.45889,-17.19832
2022-10-15,16D,22.509753,72.77471,10.9,Fallow,0.3607231378555298,False,-8.40071,-15.40947
2022-10-15,16E,22.509581,72.774453,11.5666666666667,Fallow,0.34847691655158997,False,-9.1015,-18.86874
2022-10-15,17A,22.508014,72.772291,10.3,Perl Millet,0.48463448882102966,False,-7.46604,-15.82094
2022-10-15,17B,22.508111,72.772801,14.0,Perl Millet,0.5173735022544861,False,-9.71529,-14.22727
2022-10-15,17C,22.507532,72.772595,8.5,Fallow,0.46239107847213745,False,-9.29936,-19.79051
2022-10-15,17D,22.507484,72.772119,30.2,Fallow,0.2707676887512207,False,-8.05099,-18.98089
2022-10-15,17E,22.50785,72.772474,12.4,Perl Millet,0.4166451394557953,False,-8.33263,-16.0843
2022-10-15,18A,22.510282,72.771327,,,0.32692983746528625,False,-12.69333,-13.64982
2022-10-15,18B,22.510154,72.771792,,,0.184285506606102,False,-9.98377,-16.65002
2022-10-15,18C,22.510732,72.771577,,,0.2775120735168457,False,-9.17018,-14.10476
2022-10-15,18D,22.510569,72.771293,,,0.2273513525724411,False,-9.44167,-11.49669
2022-10-15,18E,22.510473,72.771515,0.0,,0.22696015238761902,False,-11.16155,-14.41001
2022-10-15,19A,22.505576,72.76343,14.6,Fallow,0.748765230178833,False,-8.21032,-13.62383
2022-10-15,19B,22.505581,72.764064,11.5,Fallow,0.22765621542930603,False,-9.57109,-16.05677
2022-10-15,19C,22.505961,72.764083,16.0,Fallow,0.3504236042499542,False,-9.71196,-17.21481
2022-10-15,19D,22.506133,72.763434,26.5,Paddy,0.6156420707702637,False,-8.93207,-17.06045
2022-10-15,19E,22.505784,72.763859,17.7,Fallow,0.30837395787239075,False,-9.18264,-16.77452
2022-10-15,20A,22.505233,72.763051,16.6,Perl Millet,0.5612640380859375,False,-6.90067,-13.92013
2022-10-15,20B,22.50465,72.763111,13.3,Perl Millet,0.40083572268486023,False,-7.5311,-14.50716
2022-10-15,20C,22.504626,72.762487,23.8,Paddy,0.5809028148651123,False,-9.65503,-11.20537
2022-10-15,20D,22.505225,72.762441,17.6,Perl Millet,0.5516855120658875,False,-4.11814,-13.13486
2022-10-15,20E,22.504991,72.762739,17.3333333333333,Perl Millet,0.35933321714401245,False,-5.96607,-13.69468
2022-10-15,21A,22.502812,72.762127,30.3,Fallow,0.4552748203277588,False,-8.15871,-13.85074
2022-10-15,21B,22.502834,72.761572,25.0,Fallow,0.4960460066795349,False,-8.2963,-13.21562
2022-10-15,21C,22.503324,72.761544,30.4,Paddy,0.5596800446510315,False,-7.43818,-13.2136
2022-10-15,21D,22.503423,72.762158,9.3,Fallow,0.5234940052032471,False,-7.15401,-17.84544
2022-10-15,21E,22.503156,72.761872,26.0666666666667,Fallow,0.42448189854621887,False,-7.52601,-14.1695
2022-10-15,22A,22.512449,72.761352,11.6,Fallow,0.1509638875722885,False,-9.98098,-13.25767
2022-10-15,22B,22.512453,72.761967,7.3,Fallow,0.20882777869701385,False,-13.7665,-19.1326
2022-10-15,22C,22.511898,72.761975,6.8,Fallow,0.16208210587501526,False,-8.87266,-17.74279
2022-10-15,22D,22.511855,72.761373,25.5,Fallow,0.16038921475410461,False,-8.47054,-17.15322
2022-10-15,22E,22.512015,72.761676,6.6,Fallow,0.2261507362127304,False,-9.31764,-17.49725
2022-10-15,23A,22.514247,72.763284,19.0,Fallow,0.2291475385427475,False,-7.1832,-16.18557
2022-10-15,23B,22.51377,72.763369,19.5,Fallow,0.19872459769248962,False,-5.32603,-13.44815
2022-10-15,23C,22.513729,72.763922,19.6,Fallow,0.20696957409381866,False,-9.00566,-16.14215
2022-10-15,23D,22.514213,72.763909,23.7,Fallow,0.21555651724338531,False,-12.60974,-18.71686
2022-10-15,23E,22.513938,72.763678,18.8666666666667,Fallow,0.19660957157611847,False,-8.42947,-17.05728
2022-10-15,24A,22.514666,72.762935,16.1,Paddy,0.3722500801086426,False,-6.69392,-13.59474
2022-10-15,24B,22.514581,72.762408,13.9,Paddy,0.40697863698005676,False,-7.71952,-12.80422
2022-10-15,24C,22.515133,72.762345,14.7,Paddy,0.3343474566936493,False,-9.87678,-13.32553
2022-10-15,24D,22.515104,72.762909,15.0,Paddy,0.20590242743492126,False,-7.00305,-12.89361
2022-10-15,24E,22.514946,72.762661,14.2,Paddy,0.3113964796066284,False,-8.26711,-14.99384
2022-10-15,25A,22.513455,72.765917,8.4,Fallow,0.18368111550807953,False,-9.67182,-18.03304
2022-10-15,25B,22.512796,72.765908,7.5,Fallow,0.324842244386673,False,-9.18882,-13.76375
2022-10-15,25C,22.512796,72.765185,11.3,Fallow,0.48164916038513184,False,-9.6165,-12.57734
2022-10-15,25D,22.513408,72.765196,12.5,Fallow,0.4930311441421509,False,-9.92915,-13.20957
2022-10-15,25E,22.513116,72.765588,29.0,Fallow,0.33225035667419434,False,-7.58066,-15.19447
2022-10-15,26A,22.520103,72.766083,12.6,Fallow,0.20602501928806305,False,-11.00889,-15.48443
2022-10-15,26B,22.520661,72.766068,20.3,Fallow,0.19493445754051208,False,-8.03133,-18.86819
2022-10-15,26C,22.520655,72.766749,45.5,Paddy,0.5705258846282959,False,-9.89441,-17.8276
2022-10-15,26D,22.520125,72.766746,11.6,Fallow,0.1957148164510727,False,-7.45865,-17.6693
2022-10-15,26E,22.520285,72.766488,10.3333333333333,Fallow,0.2728298604488373,False,-9.69651,-16.37356
2022-10-15,27A,22.521854,72.766591,16.0,Paddy,0.6389972567558289,False,-9.78835,-12.52098
2022-10-15,27B,22.521859,72.766132,14.1,Fallow,0.5480901598930359,False,-9.1865,-14.86157
2022-10-15,27C,22.522409,72.766261,22.4,Paddy,0.35498738288879395,False,-5.86429,-14.71178
2022-10-15,27D,22.522381,72.76673,24.0,Paddy,0.37438011169433594,False,-6.89559,-14.96993
2022-10-15,27E,22.522201,72.766434,23.3,Paddy,0.4248408377170563,False,-8.79231,-13.86891
2022-10-15,28A,22.523697,72.767969,12.9,Paddy,0.6342206597328186,False,-6.77242,-15.89802
2022-10-15,28B,22.52371,72.768582,10.5,Paddy,0.5633447766304016,False,-7.6008,-13.91302
2022-10-15,28C,22.524262,72.768629,12.6,Fallow,0.17399609088897705,False,-6.70097,-15.06266
2022-10-15,28D,22.524252,72.767989,10.0,Fallow,0.2531975209712982,False,-8.81502,-16.6733
2022-10-15,28E,22.524049,72.768361,13.5333333333333,Fallow,0.19187939167022705,False,-8.46241,-15.24373
2022-10-15,29A,22.52364,72.766727,25.0,Paddy,0.5767438411712646,False,-9.47301,-15.62018
2022-10-15,29B,22.523657,72.766016,14.7,Fallow,0.17161031067371368,False,-10.09941,-15.9901
2022-10-15,29C,22.524255,72.766024,13.4,Fallow,0.244285449385643,False,-6.97591,-15.35068
2022-10-15,29D,22.524229,72.766601,13.5,Fallow,0.19511979818344116,False,-6.176,-15.46252
2022-10-15,29E,22.524027,72.766357,11.4,Fallow,0.17579807341098785,False,-8.35863,-13.63467
2022-11-18,1A,22.526048,72.765011,6.0,Mustard,0.2832429111003876,False,-8.83241,-19.55807
2022-11-18,1B,22.525481,72.765028,16.6,Fallow,0.20111876726150513,False,-5.13958,-16.36991
2022-11-18,1C,22.525423,72.765663,14.5,Chickori,0.21796779334545135,False,-8.56951,-13.325
2022-11-18,1D,22.525999,72.765663,6.6,Lemon,0.36448046565055847,False,-11.509,-15.19455
2022-11-18,1E,22.525563,72.765399,11.0333333333333,Chickori,0.33165279030799866,False,-6.60937,-17.27067
2022-11-18,2A,22.52729,72.764707,25.0,Fallow,0.24107760190963745,False,-6.62317,-13.87265
2022-11-18,2B,22.527874,72.764718,27.0,Fallow,0.2146715372800827,False,-5.19865,-17.90241
2022-11-18,2C,22.527854,72.764092,22.0,Fallow,0.34986650943756104,False,-7.18239,-12.1853
2022-11-18,2D,22.527369,72.764055,23.5,Fallow,0.24658115208148956,False,-7.41473,-15.43798
2022-11-18,2E,22.527544,72.764518,25.6333333333333,Fallow,0.44054141640663147,False,-6.30716,-16.49157
2022-11-18,3A,22.525921,72.762216,34.6,Fallow,0.35679811239242554,False,-6.52005,-13.72523
2022-11-18,3B,22.52584,72.762791,35.2,Fallow,0.2677158713340759,False,-6.75503,-14.3575
2022-11-18,3C,22.525384,72.762825,24.2,Fallow,0.2067548781633377,False,-8.09776,-17.20153
2022-11-18,3D,22.525408,72.762107,28.6,Fallow,0.15276451408863068,False,-4.70542,-16.31835
2022-11-18,3E,22.525592,72.762415,28.8,Fallow,0.22191479802131653,False,-7.16274,-16.80871
2022-11-18,4A,22.525937,72.760776,4.4,Fallow,0.2404073178768158,False,-9.70575,-13.39709
2022-11-18,4B,22.525981,72.760155,3.7,Fallow,0.21528415381908417,False,-12.10264,-20.83667
2022-11-18,4C,22.525355,72.760222,50.0,Fallow,0.281232625246048,False,-8.26031,-22.69616
2022-11-18,4D,22.525455,72.760782,26.5,Jowar,0.6173017621040344,False,-9.73309,-14.25711
2022-11-18,4E,22.525639,72.760495,6.23333333333333,Fallow,0.22610865533351898,False,-11.50146,-20.70678
2022-11-18,5A,22.527575,72.759127,4.3,Fallow,0.19382557272911072,False,-10.25796,-20.78176
2022-11-18,5B,22.527161,72.759162,5.2,Fallow,0.15824204683303833,False,-8.90284,-19.35423
2022-11-18,5C,22.527168,72.759822,4.7,Fallow,0.16481082141399384,False,-10.5962,-17.92551
2022-11-18,5D,22.527736,72.759854,5.2,Fallow,0.20120614767074585,False,-10.28129,-14.25219
2022-11-18,5E,22.527454,72.759598,4.26666666666667,Fallow,0.17928750813007355,False,-10.04473,-16.17187
2022-11-18,6A,22.526732,72.757887,50.0,Fallow,0.3230610191822052,False,-9.74362,-16.82279
2022-11-18,6B,22.526314,72.757891,50.0,Fallow,0.22902178764343262,False,-3.1851,-18.2523
2022-11-18,6C,22.526244,72.757237,11.2,Fallow,0.18713420629501343,False,-5.05385,-15.13859
2022-11-18,6D,22.526763,72.757237,10.3,Fallow,0.2777976393699646,False,-7.63593,-15.30688
2022-11-18,6E,22.526525,72.757638,50.0,Fallow,0.2176331728696823,False,-6.08771,-14.00539
2022-11-18,7A,22.527958,72.750395,7.3,Fallow,0.22051553428173065,False,-7.59099,-15.52804
2022-11-18,7B,22.528433,72.750436,4.7,Fallow,0.16985027492046356,False,-10.05792,-18.50305
2022-11-18,7C,22.528529,72.751032,25.4,Fallow,0.2366556078195572,False,-8.38727,-16.90486
2022-11-18,7D,22.527949,72.751069,3.6,Fallow,0.19704993069171906,False,-11.48194,-18.50171
2022-11-18,7E,22.528163,72.750758,10.0666666666667,Fallow,0.18145786225795746,False,-9.03836,-17.29538
2022-11-18,8A,22.526748,72.749919,9.3,Fallow,0.19947439432144165,False,-9.09719,-12.18676
2022-11-18,8B,22.526719,72.749468,44.0,Fallow,0.37652912735939026,False,-6.00904,-11.05739
2022-11-18,8C,22.526145,72.74949,10.4,Fallow,0.17834751307964325,False,-9.85114,-18.12127
2022-11-18,8D,22.526286,72.750055,9.5,Fallow,0.22864508628845215,False,-8.74295,-16.39317
2022-11-18,8E,22.526437,72.749791,50.0,Fallow,0.28739091753959656,False,-11.07446,-14.81323
2022-11-18,9A,22.527928,72.746618,4.5,Fallow,0.23511934280395508,False,-10.25558,-18.72159
2022-11-18,9B,22.527864,72.747112,8.8,Fallow,0.3428821563720703,False,-9.82656,-14.9431
2022-11-18,9C,22.528473,72.747142,50.0,Fallow,0.3286278247833252,False,-7.51584,-14.78874
2022-11-18,9D,22.528502,72.746614,48.9,Fallow,0.1870625913143158,False,-10.43341,-14.37689
2022-11-18,9E,22.528209,72.746825,9.83333333333333,Fallow,0.22770053148269653,False,-10.62792,-15.1352
2022-11-18,10A,22.526665,72.746543,27.9,Fallow,0.19801127910614014,False,-8.84662,-18.34139
2022-11-18,10B,22.526281,72.746567,36.2,Fallow,0.20681829750537872,False,-5.547,-16.97857
2022-11-18,10C,22.526099,72.747116,35.7,Fallow,0.22454005479812622,False,-4.60667,-10.79208
2022-11-18,10D,22.526674,72.747171,36.4,Fallow,0.22612516582012177,False,-5.81126,-11.4304
2022-11-18,10E,22.52649,72.746891,38.8,Fallow,0.21560892462730408,False,-4.25993,-12.1033
2022-11-18,11A,22.518984,72.749277,50.0,Fallow,0.20466309785842896,False,-6.28481,-16.27217
2022-11-18,11B,22.519441,72.749219,50.0,Fallow,0.26931482553482056,False,-5.56287,-16.2288
2022-11-18,11C,22.519529,72.748567,50.0,Fallow,0.28416699171066284,False,-7.59822,-15.23602
2022-11-18,11D,22.519041,72.748613,50.0,Fallow,0.45052993297576904,False,-6.11102,-12.91473
2022-11-18,11E,22.519199,72.748927,50.0,Fallow,0.2048557847738266,False,-6.90279,-15.78935
2022-11-18,12A,22.518535,72.746677,13.2,Fallow,0.23974643647670746,False,-10.97415,-18.06414
2022-11-18,12B,22.518013,72.746708,6.4,Fallow,0.21802976727485657,False,-6.71266,-12.74051
2022-11-18,12C,22.517941,72.747349,31.7,Tobacco,0.4041033983230591,False,-11.50967,-16.98491
2022-11-18,12D,22.518535,72.74737,19.6,Fallow,0.45103996992111206,False,-9.93901,-14.5421
2022-11-18,12E,22.518272,72.747109,10.6666666666667,Fallow,0.23527918756008148,False,-10.65519,-15.18023
2022-11-18,13A,22.51777,72.752478,22.6,Fallow,0.1824614703655243,False,-8.73401,-19.0875
2022-11-18,13B,22.517764,72.753199,7.3,Fallow,0.2806352972984314,False,-8.5496,-16.36282
2022-11-18,13C,22.517261,72.753172,45.5,Fallow,0.17171110212802887,False,-4.48589,-15.72366
2022-11-18,13D,22.517127,72.752548,12.6,Fallow,0.39314842224121094,False,-7.91211,-15.32489
2022-11-18,13E,22.517547,72.752847,50.0,Fallow,0.1964462548494339,False,-9.0115,-18.8411
2022-11-18,14A,22.515363,72.751239,19.3,Fallow,0.2767941355705261,False,-8.79524,-18.00043
2022-11-18,14B,22.515897,72.751233,17.2,Fallow,0.1992453634738922,False,-11.25941,-20.7269
2022-11-18,14C,22.515909,72.750612,11.2,Fallow,0.21734225749969482,False,-12.80775,-15.91396
2022-11-18,14D,22.51533,72.750642,14.5,Fallow,0.18571263551712036,False,-11.7715,-15.49669
2022-11-18,14E,22.515543,72.750935,18.5666666666667,Fallow,0.18137550354003906,False,-14.11637,-15.00172
2022-11-18,15A,22.515953,72.75545,4.9,Fallow,0.2696995437145233,False,-8.76364,-20.31315
2022-11-18,15B,22.515949,72.756128,6.0,Fallow,0.387746125459671,False,-7.27406,-19.71082
2022-11-18,15C,22.515395,72.756042,6.7,Fallow,0.22951647639274597,False,-8.88953,-20.07001
2022-11-18,15D,22.515392,72.75548,2.4,Fallow,0.4434830844402313,False,-8.80985,-14.23473
2022-11-18,15E,22.515768,72.75581,16.2,Fallow,0.21450752019882202,False,-9.58779,-15.95406
2022-11-18,16A,22.509924,72.774006,7.5,Tobacco&Chikori,0.2564278841018677,False,-9.55435,-16.90254
2022-11-18,16B,22.509328,72.774041,5.4,Tobacco&Chikori,0.3492863178253174,False,-8.2195,-20.55171
2022-11-18,16C,22.50929,72.774752,13.5,Fallow,0.21281945705413818,False,-13.17683,-17.82726
2022-11-18,16D,22.509753,72.77471,12.2,Fallow,0.29145315289497375,False,-9.48689,-17.93043
2022-11-18,16E,22.509581,72.774453,14.0,Fallow,0.26509177684783936,False,-11.87834,-17.03746
2022-11-18,17A,22.508014,72.772291,2.5,Fallow,0.3093668222427368,False,-9.08814,-19.58943
2022-11-18,17B,22.508111,72.772801,2.3,Fallow,0.3847159743309021,False,-10.50558,-14.94108
2022-11-18,17C,22.507532,72.772595,6.4,Fallow,0.38310539722442627,False,-9.96143,-17.63374
2022-11-18,17D,22.507484,72.772119,38.8,Chickori,0.2631561756134033,False,-8.48617,-15.85643
2022-11-18,17E,22.50785,72.772474,2.13333333333333,Fallow,0.19987688958644867,False,-8.61249,-17.33305
2022-11-18,18A,22.510282,72.771327,,,0.28767210245132446,False,-5.4172,-16.60689
2022-11-18,18B,22.510154,72.771792,,,0.23470404744148254,False,-11.94359,-18.77387
2022-11-18,18C,22.510732,72.771577,,,0.3230660557746887,False,-5.66395,-13.80574
2022-11-18,18D,22.510569,72.771293,,,0.23358073830604553,False,-6.19545,-16.85727
2022-11-18,18E,22.510473,72.771515,0.0,,0.2328527420759201,False,-8.41016,-17.21737
2022-11-18,19A,22.505576,72.76343,1.2,Fallow,0.4759717583656311,False,-11.22089,-14.34349
2022-11-18,19B,22.505581,72.764064,8.8,Chickori,0.29806503653526306,False,-8.38857,-17.5427
2022-11-18,19C,22.505961,72.764083,8.9,Chickori,0.43396544456481934,False,-3.38915,-15.48436
2022-11-18,19D,22.506133,72.763434,24.1,Fallow,0.21994686126708984,False,-9.26836,-18.11013
2022-11-18,19E,22.505784,72.763859,9.26666666666667,Fallow,0.37373629212379456,False,-3.07449,-16.79861
2022-11-18,20A,22.505233,72.763051,2.1,Fallow,0.28587237000465393,False,-5.55774,-17.40624
2022-11-18,20B,22.50465,72.763111,1.4,Fallow,0.32469648122787476,False,-10.99969,-18.66422
2022-11-18,20C,22.504626,72.762487,21.9,Fallow,0.4908349812030792,False,-7.83008,-20.46705
2022-11-18,20D,22.505225,72.762441,2.3,Fallow,0.21648673713207245,False,-8.94983,-16.61918
2022-11-18,20E,22.504991,72.762739,20.3666666666667,Fallow,0.2155594676733017,False,-7.98047,-17.05651
2022-11-18,21A,22.502812,72.762127,24.0,Fodder&Jowar,0.5277047753334045,False,-7.95838,-13.9233
2022-11-18,21B,22.502834,72.761572,11.0,Tobacco,0.3417741358280182,False,-6.43373,-16.82384
2022-11-18,21C,22.503324,72.761544,11.5,Tobacco,0.2626805901527405,False,-10.70448,-17.57721
2022-11-18,21D,22.503423,72.762158,34.3,Fallow,0.47200897336006165,False,-9.18284,-17.43577
2022-11-18,21E,22.503156,72.761872,11.2,Tobacco,0.25195857882499695,False,-7.3383,-16.16442
2022-11-18,22A,22.512449,72.761352,11.4,Tobacco,0.22574007511138916,False,-9.30088,-16.1324
2022-11-18,22B,22.512453,72.761967,37.0,Fallow,0.1857132762670517,False,-11.05178,-16.86996
2022-11-18,22C,22.511898,72.761975,12.6,Tobacco,0.21271376311779022,False,-8.45938,-18.95792
2022-11-18,22D,22.511855,72.761373,10.2,Tobacco,0.21935391426086426,False,-8.7945,-17.23768
2022-11-18,22E,22.512015,72.761676,9.8,Tobacco,0.27648407220840454,False,-6.65707,-18.97401
2022-11-18,23A,22.514247,72.763284,36.6,Tobacco,0.35690343379974365,False,-8.25676,-18.40174
2022-11-18,23B,22.51377,72.763369,30.9,Tobacco,0.3808929920196533,False,-7.04517,-16.6443
2022-11-18,23C,22.513729,72.763922,27.1,Tobacco,0.32607823610305786,False,-4.40336,-15.24683
2022-11-18,23D,22.514213,72.763909,22.7,Mustard,0.47553858160972595,False,-10.16801,-18.55963
2022-11-18,23E,22.513938,72.763678,31.5666666666667,Tobacco,0.3427581787109375,False,-3.73192,-17.97693
2022-11-18,24A,22.514666,72.762935,11.1,Tobacco,0.2521904706954956,False,-8.70563,-18.29034
2022-11-18,24B,22.514581,72.762408,10.7,Tobacco,0.3425047993659973,False,-9.0146,-14.65495
2022-11-18,24C,22.515133,72.762345,10.5,Tobacco,0.28455933928489685,False,-6.72818,-16.01029
2022-11-18,24D,22.515104,72.762909,9.0,Tobacco,0.19036275148391724,False,-11.73583,-17.92443
2022-11-18,24E,22.514946,72.762661,9.3,Tobacco,0.24314172565937042,False,-11.23729,-18.85378
2022-11-18,25A,22.513455,72.765917,11.3,Tobacco,0.23052527010440826,False,-7.49536,-14.72904
2022-11-18,25B,22.512796,72.765908,21.5,Tobacco,0.4017057716846466,False,-8.04454,-13.91522
2022-11-18,25C,22.512796,72.765185,25.1,Tobacco,0.21896220743656158,False,-8.56925,-15.41372
2022-11-18,25D,22.513408,72.765196,17.4,Tobacco,0.20471441745758057,False,-9.76795,-18.44851
2022-11-18,25E,22.513116,72.765588,32.0666666666667,Fallow,0.20117618143558502,False,-6.57851,-13.85697
2022-11-18,26A,22.520103,72.766083,36.8,Fallow,0.1933058798313141,False,-8.70472,-20.81596
2022-11-18,26B,22.520661,72.766068,39.0,Fallow,0.21499040722846985,False,-8.11419,-14.42772
2022-11-18,26C,22.520655,72.766749,50.0,Fallow,0.22740808129310608,False,-11.08406,-19.12764
2022-11-18,26D,22.520125,72.766746,9.4,Fallow,0.207845076918602,False,-5.86731,-15.29115
2022-11-18,26E,22.520285,72.766488,35.6666666666667,Fallow,0.25642403960227966,False,-6.03947,-15.36209
2022-11-18,27A,22.521854,72.766591,25.1,Fallow,0.3428959250450134,False,-5.17759,-12.66822
2022-11-18,27B,22.521859,72.766132,15.0,Fallow,0.2946214973926544,False,-7.4351,-15.94924
2022-11-18,27C,22.522409,72.766261,13.3,Fallow,0.2873179614543915,False,-8.12506,-16.86434
2022-11-18,27D,22.522381,72.76673,14.2,Fallow,0.16964972019195557,False,-8.81952,-15.88563
2022-11-18,27E,22.522201,72.766434,14.3333333333333,Fallow,0.20936258137226105,False,-7.89393,-12.7493
2022-11-18,28A,22.523697,72.767969,43.5,Fallow,0.2657575309276581,False,-4.23258,-17.76399
2022-11-18,28B,22.52371,72.768582,44.2,Fallow,0.23087015748023987,False,-7.09405,-17.94833
2022-11-18,28C,22.524262,72.768629,14.5,Tobacco,0.30723974108695984,False,-9.12453,-18.7345
2022-11-18,28D,22.524252,72.767989,26.4,Tobacco,0.2525138854980469,False,-6.37891,-17.56174
2022-11-18,28E,22.524049,72.768361,16.0,Tobacco,0.31316468119621277,False,-7.72919,-19.17009
2022-11-18,29A,22.52364,72.766727,46.4,Fallow,0.26162785291671753,False,-5.02662,-14.46858
2022-11-18,29B,22.523657,72.766016,2.5,Fallow,0.15689212083816528,False,-12.62717,-20.14777
2022-11-18,29C,22.524255,72.766024,37.2,Tobacco,0.3558409512042999,False,-7.57804,-19.14762
2022-11-18,29D,22.524229,72.766601,38.3,Tobacco,0.28031104803085327,False,-6.77106,-13.07721
2022-11-18,29E,22.524027,72.766357,36.5666666666667,Tobacco,0.33673718571662903,False,-6.65133,-12.07113
2022-12-22,1A,22.526048,72.765011,8.5,Mustard,0.8210040926933289,False,-5.82287,-14.30649
2022-12-22,1B,22.525481,72.765028,35.9,Chickori,0.3843882977962494,False,-6.14798,-13.27
2022-12-22,1C,22.525423,72.765663,25.1,Chickori,0.7520017623901367,False,-6.14368,-12.36393
2022-12-22,1D,22.525999,72.765663,12.6,Lemon,0.46341294050216675,False,-8.14496,-11.83545
2022-12-22,1E,22.525563,72.765399,23.6333333333333,Chickori,0.7012891173362732,False,-9.10682,-11.61773
2022-12-22,2A,22.52729,72.764707,36.3,Wheat,0.5056065917015076,False,-4.55952,-17.20658
2022-12-22,2B,22.527874,72.764718,32.6,Wheat,0.4411918520927429,False,-2.34621,-13.53474
2022-12-22,2C,22.527854,72.764092,30.6,Wheat,0.49288007616996765,False,-2.52711,-13.32216
2022-12-22,2D,22.527369,72.764055,29.8,Wheat,0.5093377232551575,False,-9.45965,-17.13696
2022-12-22,2E,22.527544,72.764518,36.7,Wheat,0.6214438676834106,False,-3.66157,-16.58692
2022-12-22,3A,22.525921,72.762216,53.6,Wheat,0.4545925259590149,False,-8.98383,-14.1861
2022-12-22,3B,22.52584,72.762791,44.9,Wheat,0.41934406757354736,False,-3.95837,-14.78166
2022-12-22,3C,22.525384,72.762825,35.1,Wheat,0.33873251080513,False,-8.66889,-16.98748
2022-12-22,3D,22.525408,72.762107,9.6,Wheat,0.3313853442668915,False,-7.2024,-14.45343
2022-12-22,3E,22.525592,72.762415,43.7666666666667,Wheat,0.3031280040740967,False,-7.18908,-15.74454
2022-12-22,4A,22.525937,72.760776,14.0,Fallow,0.23320487141609192,False,-9.04196,-19.53871
2022-12-22,4B,22.525981,72.760155,8.2,Fallow,0.1788315325975418,False,-9.02207,-18.78126
2022-12-22,4C,22.525355,72.760222,18.1,Fallow,0.33453884720802307,False,-8.68461,-20.34576
2022-12-22,4D,22.525455,72.760782,26.0,Fallow,0.23252223432064056,False,-7.76322,-17.16619
2022-12-22,4E,22.525639,72.760495,18.1666666666667,Fallow,0.2147151231765747,False,-8.30756,-19.54926
2022-12-22,5A,22.527575,72.759127,7.8,Wheat,0.26153478026390076,False,-10.39864,-18.52873
2022-12-22,5B,22.527161,72.759162,5.0,Wheat,0.21555083990097046,False,-8.30769,-20.03726
2022-12-22,5C,22.527168,72.759822,7.0,Wheat,0.20237426459789276,False,-10.88074,-20.20384
2022-12-22,5D,22.527736,72.759854,11.1,Wheat,0.24732117354869843,False,-8.54609,-17.67388
2022-12-22,5E,22.527454,72.759598,11.2333333333333,Wheat,0.2603611648082733,False,-9.86155,-18.97485
2022-12-22,6A,22.526732,72.757887,16.9,Wheat,0.3362507224082947,False,-8.45783,-18.66297
2022-12-22,6B,22.526314,72.757891,15.7,Wheat,0.29854676127433777,False,-7.44074,-17.66072
2022-12-22,6C,22.526244,72.757237,39.5,Wheat,0.3311070501804352,False,-3.17928,-12.04631
2022-12-22,6D,22.526763,72.757237,33.1,Wheat,0.40407270193099976,False,-8.92292,-17.19782
2022-12-22,6E,22.526525,72.757638,12.1666666666667,Wheat,0.27337756752967834,False,-3.3637,-16.63148
2022-12-22,7A,22.527958,72.750395,9.6,Fallow,0.21444983780384064,False,-8.32823,-16.05168
2022-12-22,7B,22.528433,72.750436,11.2,Fallow,0.16204442083835602,False,-11.32349,-18.20643
2022-12-22,7C,22.528529,72.751032,12.4,Fallow,0.2023451179265976,False,-7.62567,-17.34078
2022-12-22,7D,22.527949,72.751069,11.6,Fallow,0.15216681361198425,False,-10.68391,-17.26859
2022-12-22,7E,22.528163,72.750758,12.5333333333333,Fallow,0.1596153825521469,False,-11.2771,-16.98557
2022-12-22,8A,22.526748,72.749919,25.6,Wheat,0.3360104560852051,False,-8.87441,-15.65316
2022-12-22,8B,22.526719,72.749468,13.2,Wheat,0.41602930426597595,False,-10.18181,-15.08642
2022-12-22,8C,22.526145,72.74949,13.7,Wheat,0.2013377845287323,False,-8.99715,-16.67062
2022-12-22,8D,22.526286,72.750055,26.2,Wheat,0.33018845319747925,False,-11.37043,-17.57137
2022-12-22,8E,22.526437,72.749791,11.8666666666667,Wheat,0.3944614827632904,False,-10.18138,-18.85185
2022-12-22,9A,22.527928,72.746618,9.1,Wheat,0.3452519476413727,False,-10.04811,-17.66765
2022-12-22,9B,22.527864,72.747112,9.3,Wheat,0.42389410734176636,False,-12.76397,-20.60842
2022-12-22,9C,22.528473,72.747142,20.4,Wheat,0.417168527841568,False,-8.32994,-14.59947
2022-12-22,9D,22.528502,72.746614,7.3,Wheat,0.24979723989963531,False,-8.35911,-17.57266
2022-12-22,9E,22.528209,72.746825,8.13333333333333,Wheat,0.2632102966308594,False,-8.62677,-19.98844
2022-12-22,10A,22.526665,72.746543,40.5,Wheat,0.2724236845970154,False,-8.6528,-16.9546
2022-12-22,10B,22.526281,72.746567,37.1,Wheat,0.36304396390914917,False,-8.50529,-18.77127
2022-12-22,10C,22.526099,72.747116,13.0,Wheat,0.25857147574424744,False,-6.74197,-13.28752
2022-12-22,10D,22.526674,72.747171,50.0,Wheat,0.2805759012699127,False,-7.04878,-17.73615
2022-12-22,10E,22.52649,72.746891,50.0,Wheat,0.2615799009799957,False,-6.65919,-18.81659
2022-12-22,11A,22.518984,72.749277,,,0.198812335729599,False,-6.84955,-21.12506
2022-12-22,11B,22.519441,72.749219,,,0.2730780243873596,False,-9.86349,-18.21292
2022-12-22,11C,22.519529,72.748567,,,0.23208929598331451,False,-8.91486,-17.61932
2022-12-22,11D,22.519041,72.748613,,,0.2759675085544586,False,-7.75646,-11.28239
2022-12-22,11E,22.519199,72.748927,0.0,,0.19759446382522583,False,-6.37383,-16.7948
2022-12-22,12A,22.518535,72.746677,7.8,Wheat,0.2503005266189575,False,-11.03164,-16.73789
2022-12-22,12B,22.518013,72.746708,14.7,Wheat,0.2248997837305069,False,-9.75986,-16.75259
2022-12-22,12C,22.517941,72.747349,605.0,Tobacco,0.436542809009552,False,-7.22535,-19.21707
2022-12-22,12D,22.518535,72.74737,18.6,Wheat,0.4235825836658478,False,-9.91761,-13.2964
2022-12-22,12E,22.518272,72.747109,6.83333333333333,Wheat,0.25117501616477966,False,-8.11792,-17.44525
2022-12-22,13A,22.51777,72.752478,15.8,Wheat,0.27660077810287476,False,-11.96973,-18.86651
2022-12-22,13B,22.517764,72.753199,3.9,Wheat,0.2503405809402466,False,-9.43068,-19.28555
2022-12-22,13C,22.517261,72.753172,52.3,Wheat,0.4615509510040283,False,-9.2437,-20.32572
2022-12-22,13D,22.517127,72.752548,8.5,Wheat,0.5094134211540222,False,-8.37899,-17.33404
2022-12-22,13E,22.517547,72.752847,6.93333333333333,Wheat,0.22042416036128998,False,-11.00234,-21.69222
2022-12-22,14A,22.515363,72.751239,20.2,Wheat,0.43949657678604126,False,-10.71196,-18.55943
2022-12-22,14B,22.515897,72.751233,19.5,Wheat,0.2847360372543335,False,-8.58503,-15.97542
2022-12-22,14C,22.515909,72.750612,21.2,Wheat,0.2530573308467865,False,-7.33312,-17.13726
2022-12-22,14D,22.51533,72.750642,19.5,Wheat,0.23602399230003357,False,-10.12769,-17.85755
2022-12-22,14E,22.515543,72.750935,16.7,Wheat,0.21921750903129578,False,-9.57604,-18.05649
2022-12-22,15A,22.515953,72.75545,23.7,Fallow,0.2826681435108185,False,-10.40841,-18.83615
2022-12-22,15B,22.515949,72.756128,29.9,Fallow,0.33659979701042175,False,-7.6015,-16.73129
2022-12-22,15C,22.515395,72.756042,10.1,Wheat,0.2362097054719925,False,-9.54269,-18.71165
2022-12-22,15D,22.515392,72.75548,7.2,Fallow,0.38688093423843384,False,-11.22672,-16.60944
2022-12-22,15E,22.515768,72.75581,18.5,Paddy,0.1821323037147522,False,-7.44649,-19.66825
2022-12-22,16A,22.509924,72.774006,7.7,Tobacco&Chikori,0.5044195055961609,False,-5.17099,-16.47101
2022-12-22,16B,22.509328,72.774041,6.9,Tobacco&Chikori,0.7302055954933167,False,-5.42169,-16.17289
2022-12-22,16C,22.50929,72.774752,11.5,Wheat,0.45523905754089355,False,-7.27901,-14.78569
2022-12-22,16D,22.509753,72.77471,10.2,Wheat,0.3559865951538086,False,-5.82358,-17.28635
2022-12-22,16E,22.509581,72.774453,10.3333333333333,Wheat,0.2892274856567383,False,-5.94014,-17.03551
2022-12-22,17A,22.508014,72.772291,12.1,Wheat,0.35882580280303955,False,-8.09138,-15.33416
2022-12-22,17B,22.508111,72.772801,6.1,Wheat,0.3889104127883911,False,-9.30395,-13.5906
2022-12-22,17C,22.507532,72.772595,6.0,Chickori,0.5965002179145813,False,-8.88121,-14.0498
2022-12-22,17D,22.507484,72.772119,15.3,Chickori,0.6682140231132507,False,-7.66555,-16.9779
2022-12-22,17E,22.50785,72.772474,11.2333333333333,Wheat,0.26402950286865234,False,-9.28207,-14.20265
2022-12-22,18A,22.510282,72.771327,,,0.4367925822734833,False,-4.5934,-15.56584
2022-12-22,18B,22.510154,72.771792,,,0.5093952417373657,False,-6.22106,-15.28038
2022-12-22,18C,22.510732,72.771577,,,0.7288711071014404,False,-8.5324,-16.5562
2022-12-22,18D,22.510569,72.771293,,,0.430259644985199,False,-6.38651,-17.1252
2022-12-22,18E,22.510473,72.771515,0.0,,0.5223755240440369,False,-5.95608,-16.74665
2022-12-22,19A,22.505576,72.76343,25.3,Wheat,0.536904513835907,False,-9.00961,-13.81625
2022-12-22,19B,22.505581,72.764064,10.5,Chickori,0.6215702891349792,False,-6.72179,-14.65188
2022-12-22,19C,22.505961,72.764083,12.2,Chickori,0.6020252704620361,False,-10.30163,-12.94827
2022-12-22,19D,22.506133,72.763434,6.7,Wheat,0.34517329931259155,False,-8.94438,-14.91492
2022-12-22,19E,22.505784,72.763859,11.7,Chickori,0.741794228553772,False,-8.0846,-15.9685
2022-12-22,20A,22.505233,72.763051,10.7,Wheat,0.3994491696357727,False,-9.87958,-14.92961
2022-12-22,20B,22.50465,72.763111,8.3,Wheat,0.32054081559181213,False,-7.51018,-14.77722
2022-12-22,20C,22.504626,72.762487,9.2,Wheat,0.515055239200592,False,-3.04955,-17.53536
2022-12-22,20D,22.505225,72.762441,8.9,Wheat,0.3202929198741913,False,-6.76346,-16.86202
2022-12-22,20E,22.504991,72.762739,11.2333333333333,Wheat,0.35445117950439453,False,-8.08444,-15.23617
2022-12-22,21A,22.502812,72.762127,37.1,Mustard,0.6342984437942505,False,-3.9578,-16.85563
2022-12-22,21B,22.502834,72.761572,34.4,Tobacco,0.5928148031234741,False,-3.7621,-15.69931
2022-12-22,21C,22.503324,72.761544,32.7,Tobacco,0.43318215012550354,False,-4.88965,-14.13435
2022-12-22,21D,22.503423,72.762158,8.7,Wheat,0.5586674213409424,False,-7.5189,-16.48574
2022-12-22,21E,22.503156,72.761872,28.2333333333333,Tobacco,0.5346657037734985,False,-4.8656,-15.03496
2022-12-22,22A,22.512449,72.761352,32.1,Tobacco,0.7242873311042786,False,-6.20353,-12.56848
2022-12-22,22B,22.512453,72.761967,41.9,Tobacco,0.5099424123764038,False,-1.47667,-13.4481
2022-12-22,22C,22.511898,72.761975,32.0,Wheat,0.6569430232048035,False,-2.20823,-11.20654
2022-12-22,22D,22.511855,72.761373,47.6,Wheat,0.6628499031066895,False,-6.85599,-14.37831
2022-12-22,22E,22.512015,72.761676,40.4666666666667,Tobacco,0.6763280630111694,False,-4.37881,-9.72225
2022-12-22,23A,22.514247,72.763284,30.7,Tobacco,0.7541043758392334,False,-7.44397,-12.77596
2022-12-22,23B,22.51377,72.763369,22.7,Tobacco,0.7335258722305298,False,-6.76479,-9.62953
2022-12-22,23C,22.513729,72.763922,5.1,Tobacco,0.6670974493026733,False,-4.92247,-10.48882
2022-12-22,23D,22.514213,72.763909,29.1,Wheat,0.3141005337238312,False,-7.52135,-12.19858
2022-12-22,23E,22.513938,72.763678,31.2666666666667,Tobacco,0.6924705505371094,False,-6.00221,-8.74963
2022-12-22,24A,22.514666,72.762935,28.2,Tobacco,0.3608487844467163,False,-8.49918,-18.13265
2022-12-22,24B,22.514581,72.762408,27.2,Tobacco,0.4172348082065582,False,-8.68105,-16.87605
2022-12-22,24C,22.515133,72.762345,24.2,Tobacco,0.4973979890346527,False,-7.91104,-17.08327
2022-12-22,24D,22.515104,72.762909,25.8,Tobacco,0.5029706954956055,False,-6.85016,-15.94232
2022-12-22,24E,22.514946,72.762661,27.1,Tobacco,0.4951201379299164,False,-8.52219,-17.0353
2022-12-22,25A,22.513455,72.765917,27.1,Fallow,0.6121622323989868,False,-5.03235,-12.65974
2022-12-22,25B,22.512796,72.765908,14.4,Fallow,0.6874670386314392,False,-5.83819,-12.18478
2022-12-22,25C,22.512796,72.765185,14.9,Paddy,0.4439898431301117,False,-8.13412,-15.85764
2022-12-22,25D,22.513408,72.765196,23.4,Paddy,0.47917696833610535,False,-6.17162,-14.25899
2022-12-22,25E,22.513116,72.765588,10.7,Paddy,0.44964903593063354,False,-5.9062,-14.32408
2022-12-22,26A,22.520103,72.766083,24.2,Tobacco,0.5563989281654358,False,-4.56745,-15.46478
2022-12-22,26B,22.520661,72.766068,14.0,Tobacco,0.5034719705581665,False,-4.44125,-15.77796
2022-12-22,26C,22.520655,72.766749,12.0,Tobacco,0.3476962149143219,False,-7.47873,-16.48955
2022-12-22,26D,22.520125,72.766746,22.4,Tobacco,0.5214716196060181,False,-4.05496,-14.40413
2022-12-22,26E,22.520285,72.766488,22.7666666666667,Wheat,0.5834763050079346,False,-2.87035,-13.34937
2022-12-22,27A,22.521854,72.766591,24.1,Wheat,0.5049344897270203,False,-7.80769,-12.01392
2022-12-22,27B,22.521859,72.766132,17.7,Bhaji,0.4758829176425934,False,-5.95766,-11.39466
2022-12-22,27C,22.522409,72.766261,26.7,Wheat,0.46475377678871155,False,-4.76641,-13.71766
2022-12-22,27D,22.522381,72.76673,32.1,Wheat,0.34719547629356384,False,-9.32319,-15.49116
2022-12-22,27E,22.522201,72.766434,22.4666666666667,Wheat,0.4481348693370819,False,-4.46969,-13.02304
2022-12-22,28A,22.523697,72.767969,6.3,Wheat,0.3270759582519531,False,-5.71519,-15.53722
2022-12-22,28B,22.52371,72.768582,7.0,Wheat,0.320696622133255,False,-6.66482,-12.82327
2022-12-22,28C,22.524262,72.768629,14.8,Tobacco,0.7806230187416077,False,-7.36052,-16.96437
2022-12-22,28D,22.524252,72.767989,24.7,Tobacco,0.4021105170249939,False,-8.00362,-16.35576
2022-12-22,28E,22.524049,72.768361,20.3,Tobacco,0.6841363310813904,False,-8.11173,-18.68297
2022-12-22,29A,22.52364,72.766727,35.7,Wheat,0.5226775407791138,False,-1.48334,-12.39327
2022-12-22,29B,22.523657,72.766016,8.9,Wheat,0.34254541993141174,False,-9.05426,-14.31592
2022-12-22,29C,22.524255,72.766024,45.4,Tobacco,0.6531760096549988,False,-3.98465,-14.83982
2022-12-22,29D,22.524229,72.766601,34.0,Tobacco,0.7509686350822449,False,-0.94524,-9.1816
2022-12-22,29E,22.524027,72.766357,29.9,Tobacco,0.753886342048645,False,-3.04179,-8.9284
2023-01-08,1A,22.526048,72.765011,17.8,Mustard,0.7605001330375671,False,-7.3001,-13.66706
2023-01-08,1B,22.525481,72.765028,8.7,Chickori,0.6489165425300598,False,-8.37866,-10.59103
2023-01-08,1C,22.525423,72.765663,34.6,Chickori,0.6655798554420471,False,-7.45312,-13.15587
2023-01-08,1D,22.525999,72.765663,8.5,Lemon,0.4102778434753418,False,-6.49392,-13.07652
2023-01-08,1E,22.525563,72.765399,30.3666666666667,Chickori,0.746097207069397,False,-8.3134,-11.5365
2023-01-08,2A,22.52729,72.764707,21.2,Wheat,0.7027522921562195,False,-4.32821,-14.49095
2023-01-08,2B,22.527874,72.764718,11.6,Wheat,0.7326712012290955,False,-7.52273,-14.88572
2023-01-08,2C,22.527854,72.764092,50.0,Wheat,0.7230008244514465,False,-7.78598,-20.30491
2023-01-08,2D,22.527369,72.764055,50.0,Wheat,0.7060281038284302,False,-7.60702,-15.36169
2023-01-08,2E,22.527544,72.764518,8.13333333333333,Wheat,0.727722704410553,False,-6.08713,-15.68212
2023-01-08,3A,22.525921,72.762216,12.7,Wheat,0.6423080563545227,False,-7.88148,-13.81355
2023-01-08,3B,22.52584,72.762791,14.9,Wheat,0.6696239709854126,False,-7.73784,-13.84932
2023-01-08,3C,22.525384,72.762825,14.2,Wheat,0.6537919640541077,False,-10.91621,-17.0743
2023-01-08,3D,22.525408,72.762107,13.5,Wheat,0.6027076840400696,False,-7.16871,-15.72833
2023-01-08,3E,22.525592,72.762415,11.6666666666667,Wheat,0.5927497744560242,False,-8.81235,-15.69372
2023-01-08,4A,22.525937,72.760776,14.0,Wheat,0.398206889629364,False,-4.40472,-13.94099
2023-01-08,4B,22.525981,72.760155,45.6,Wheat,0.5157851576805115,False,-3.77516,-15.53201
2023-01-08,4C,22.525355,72.760222,12.8,Wheat,0.4740464687347412,False,-7.32164,-13.27447
2023-01-08,4D,22.525455,72.760782,9.4,Wheat,0.38949209451675415,False,-8.54905,-13.8751
2023-01-08,4E,22.525639,72.760495,50.0,Wheat,0.4289454519748688,False,-4.18625,-15.5266
2023-01-08,5A,22.527575,72.759127,25.4,Wheat,0.6181093454360962,False,-7.94158,-15.92086
2023-01-08,5B,22.527161,72.759162,22.7,Wheat,0.6811688542366028,False,-8.51379,-16.18291
2023-01-08,5C,22.527168,72.759822,20.4,Wheat,0.6283323764801025,False,-8.64175,-18.4878
2023-01-08,5D,22.527736,72.759854,25.6,Wheat,0.6331788897514343,False,-9.86724,-14.85909
2023-01-08,5E,22.527454,72.759598,33.9333333333333,Wheat,0.6272552013397217,False,-9.76508,-18.36535
2023-01-08,6A,22.526732,72.757887,32.6,Wheat,0.5571041107177734,False,-9.54951,-18.55247
2023-01-08,6B,22.526314,72.757891,27.5,Wheat,0.613735556602478,False,-11.00788,-18.84857
2023-01-08,6C,22.526244,72.757237,16.0,Wheat,0.6598708629608154,False,-10.35976,-18.80139
2023-01-08,6D,22.526763,72.757237,20.2,Wheat,0.6048166751861572,False,-9.92564,-15.57134
2023-01-08,6E,22.526525,72.757638,18.6,Wheat,0.6173767447471619,False,-11.08897,-18.1151
2023-01-08,7A,22.527958,72.750395,2.7,Fallow,0.2253900170326233,False,-8.80419,-17.8039
2023-01-08,7B,22.528433,72.750436,50.0,Fallow,0.14340448379516602,False,-9.47249,-17.39054
2023-01-08,7C,22.528529,72.751032,6.2,Fallow,0.20904690027236938,False,-10.96949,-16.11387
2023-01-08,7D,22.527949,72.751069,2.8,Fallow,0.20147831737995148,False,-10.69305,-18.52724
2023-01-08,7E,22.528163,72.750758,2.93333333333333,Fallow,0.18297241628170013,False,-13.17138,-20.58784
2023-01-08,8A,22.526748,72.749919,29.0,Wheat,0.41669487953186035,False,-6.42053,-15.69267
2023-01-08,8B,22.526719,72.749468,14.8,Wheat,0.4309625029563904,False,-5.72084,-15.03277
2023-01-08,8C,22.526145,72.74949,5.9,Wheat,0.34241941571235657,False,-9.63449,-15.34059
2023-01-08,8D,22.526286,72.750055,12.3,Wheat,0.4127075970172882,False,-8.75454,-12.23171
2023-01-08,8E,22.526437,72.749791,24.1666666666667,Wheat,0.38603463768959045,False,-9.20049,-13.18561
2023-01-08,9A,22.527928,72.746618,19.3,Wheat,0.35675227642059326,False,-3.55157,-15.54753
2023-01-08,9B,22.527864,72.747112,21.3,Wheat,0.44916489720344543,False,-5.18217,-18.32544
2023-01-08,9C,22.528473,72.747142,21.0,Wheat,0.5160167217254639,False,-8.31015,-17.52199
2023-01-08,9D,22.528502,72.746614,33.7,Wheat,0.293212354183197,False,-8.29513,-15.64069
2023-01-08,9E,22.528209,72.746825,24.7,Wheat,0.318647563457489,False,-5.49602,-15.33855
2023-01-08,10A,22.526665,72.746543,13.3,Wheat,0.5492599010467529,False,-10.11804,-17.96061
2023-01-08,10B,22.526281,72.746567,11.4,Wheat,0.6125178337097168,False,-8.43611,-16.42689
2023-01-08,10C,22.526099,72.747116,24.1,Wheat,0.3567124009132385,False,-13.18916,-17.65422
2023-01-08,10D,22.526674,72.747171,19.0,Wheat,0.5533999800682068,False,-11.23265,-17.94706
2023-01-08,10E,22.52649,72.746891,13.6333333333333,Wheat,0.4690350890159607,False,-10.21575,-17.06681
2023-01-08,11A,22.518984,72.749277,,,0.2298552691936493,False,-7.72156,-16.37215
2023-01-08,11B,22.519441,72.749219,,,0.507293701171875,False,-7.82634,-17.77673
2023-01-08,11C,22.519529,72.748567,,,0.34752514958381653,False,-8.5782,-15.611
2023-01-08,11D,22.519041,72.748613,,,0.2871014177799225,False,-10.79347,-14.95514
2023-01-08,11E,22.519199,72.748927,0.0,,0.21924705803394318,False,-10.60107,-18.2153
2023-01-08,12A,22.518535,72.746677,50.0,Wheat,0.5467026829719543,False,-8.39747,-11.819
2023-01-08,12B,22.518013,72.746708,50.0,Wheat,0.4395337402820587,False,-10.65584,-12.90645
2023-01-08,12C,22.517941,72.747349,50.0,Wheat,0.5082135796546936,False,-9.21785,-18.21157
2023-01-08,12D,22.518535,72.74737,50.0,Wheat,0.4589017629623413,False,-6.9783,-14.71115
2023-01-08,12E,22.518272,72.747109,50.0,Wheat,0.5585781931877136,False,-8.36145,-16.16408
2023-01-08,13A,22.51777,72.752478,39.5,Wheat,0.7689294815063477,False,-6.57267,-11.47128
2023-01-08,13B,22.517764,72.753199,21.2,Wheat,0.5483200550079346,False,-5.79389,-14.3113
2023-01-08,13C,22.517261,72.753172,39.1,Wheat,0.5872523784637451,False,-5.54355,-14.25265
2023-01-08,13D,22.517127,72.752548,30.8,Wheat,0.7090064883232117,False,-7.37492,-12.72306
2023-01-08,13E,22.517547,72.752847,32.8666666666667,Wheat,0.47155365347862244,False,-7.40022,-13.56579
2023-01-08,14A,22.515363,72.751239,27.6,Wheat,0.5885316729545593,False,-8.6506,-17.04237
2023-01-08,14B,22.515897,72.751233,28.6,Wheat,0.582446277141571,False,-5.80551,-17.42352
2023-01-08,14C,22.515909,72.750612,29.2,Wheat,0.6013796925544739,False,-6.1408,-12.69163
2023-01-08,14D,22.51533,72.750642,33.3,Wheat,0.5560879111289978,False,-5.04715,-14.01784
2023-01-08,14E,22.515543,72.750935,29.4,Wheat,0.6272019743919373,False,-7.32163,-16.91498
2023-01-08,15A,22.515953,72.75545,18.8,Wheat,0.2898705005645752,False,-8.5911,-17.90714
2023-01-08,15B,22.515949,72.756128,14.2,Wheat,0.3340669274330139,False,-10.78764,-14.74707
2023-01-08,15C,22.515395,72.756042,18.1,Wheat,0.356290340423584,False,-11.16746,-15.55351
2023-01-08,15D,22.515392,72.75548,3.3,Fallow,0.3566174805164337,False,-9.72578,-16.83334
2023-01-08,15E,22.515768,72.75581,11.1,Wheat,0.3010917603969574,False,-9.73057,-17.17111
2023-01-08,16A,22.509924,72.774006,6.1,Tobacco&Chikori,0.4916684031486511,False,-6.28885,-17.21641
2023-01-08,16B,22.509328,72.774041,5.8,Tobacco&Chikori,0.6381963491439819,False,-8.35145,-15.18081
2023-01-08,16C,22.50929,72.774752,6.0,Chickori,0.5611565113067627,False,-8.6208,-13.40548
2023-01-08,16D,22.509753,72.77471,7.8,Chickori,0.41866278648376465,False,-5.83054,-17.13174
2023-01-08,16E,22.509581,72.774453,7.1,Chickori,0.4101163148880005,False,-7.74055,-14.3259
2023-01-08,17A,22.508014,72.772291,29.4,Wheat,0.5095558762550354,False,-6.78882,-12.61279
2023-01-08,17B,22.508111,72.772801,30.3,Chickori,0.48101022839546204,False,-10.62952,-16.84785
2023-01-08,17C,22.507532,72.772595,13.8,Chickori,0.6196606755256653,False,-7.17416,-13.63429
2023-01-08,17D,22.507484,72.772119,32.4,Wheat,0.6519155502319336,False,-7.24806,-13.65166
2023-01-08,17E,22.50785,72.772474,36.6666666666667,Wheat,0.41275283694267273,False,-7.34781,-13.4704
2023-01-08,18A,22.510282,72.771327,,,0.5195830464363098,False,-6.87589,-18.36327
2023-01-08,18B,22.510154,72.771792,,,0.5534842014312744,False,-9.31057,-13.80622
2023-01-08,18C,22.510732,72.771577,,,0.6785730123519897,False,-6.6803,-19.63377
2023-01-08,18D,22.510569,72.771293,,,0.5214948058128357,False,-7.57155,-19.07022
2023-01-08,18E,22.510473,72.771515,0.0,,0.5930028557777405,False,-6.73188,-20.1498
2023-01-08,19A,22.505576,72.76343,13.3,Wheat,0.5260505676269531,False,-9.53741,-15.07966
2023-01-08,19B,22.505581,72.764064,29.4,Wheat,0.6040629148483276,False,-5.55788,-13.21036
2023-01-08,19C,22.505961,72.764083,25.6,Chickori,0.6165308356285095,False,-6.48425,-11.36329
2023-01-08,19D,22.506133,72.763434,22.4,Chickori,0.5126609206199646,False,-7.36028,-14.14141
2023-01-08,19E,22.505784,72.763859,35.0,Chickori,0.6813610196113586,False,-4.34274,-12.8636
2023-01-08,20A,22.505233,72.763051,15.9,Wheat,0.5260619521141052,False,-8.46724,-16.71693
2023-01-08,20B,22.50465,72.763111,11.8,Wheat,0.44933369755744934,False,-8.53314,-14.95846
2023-01-08,20C,22.504626,72.762487,15.2,Weed&Chickori,0.5236310362815857,False,-7.87819,-15.52704
2023-01-08,20D,22.505225,72.762441,22.0,Wheat,0.46022728085517883,False,-11.05548,-14.97895
2023-01-08,20E,22.504991,72.762739,14.4333333333333,Wheat,0.5527350306510925,False,-9.4353,-16.84435
2023-01-08,21A,22.502812,72.762127,37.1,Mustard,0.542949914932251,False,-8.56909,-15.85531
2023-01-08,21B,22.502834,72.761572,34.4,Tobacco,0.6376072764396667,False,-5.35712,-16.60454
2023-01-08,21C,22.503324,72.761544,32.7,Tobacco,0.5405780673027039,False,-6.33886,-15.99356
2023-01-08,21D,22.503423,72.762158,8.7,Wheat,0.5302752256393433,False,-5.40295,-14.6491
2023-01-08,21E,22.503156,72.761872,28.2333333333333,Tobacco,0.5913680195808411,False,-7.3334,-14.73441
2023-01-08,22A,22.512449,72.761352,17.5,Tobacco,0.6908685564994812,False,-8.64124,-11.71709
2023-01-08,22B,22.512453,72.761967,15.8,Wheat,0.5827949643135071,False,-7.14701,-12.8386
2023-01-08,22C,22.511898,72.761975,21.6,Wheat,0.668907642364502,False,-7.01369,-11.2785
2023-01-08,22D,22.511855,72.761373,21.7,Wheat,0.596956729888916,False,-5.76414,-13.45989
2023-01-08,22E,22.512015,72.761676,23.4666666666667,Wheat,0.6646387577056885,False,-4.69079,-10.59698
2023-01-08,23A,22.514247,72.763284,20.2,Tobacco,0.6878465414047241,False,-5.54867,-10.53479
2023-01-08,23B,22.51377,72.763369,13.5,Tobacco,0.7053333520889282,False,-7.14681,-12.9762
2023-01-08,23C,22.513729,72.763922,18.5,Tobacco,0.6517223119735718,False,-2.92725,-9.33254
2023-01-08,23D,22.514213,72.763909,16.3,Wheat,0.4364713132381439,False,-8.91515,-11.84184
2023-01-08,23E,22.513938,72.763678,17.9333333333333,Tobacco,0.6870359778404236,False,-4.78335,-8.61146
2023-01-08,24A,22.514666,72.762935,23.5,Tobacco,0.41311466693878174,False,-8.80126,-14.36789
2023-01-08,24B,22.514581,72.762408,15.0,Tobacco,0.4302271902561188,False,-8.01169,-16.48898
2023-01-08,24C,22.515133,72.762345,19.5,Tobacco,0.5213673710823059,False,-7.23346,-16.94551
2023-01-08,24D,22.515104,72.762909,20.6,Tobacco,0.5551666617393494,False,-6.05,-13.2755
2023-01-08,24E,22.514946,72.762661,15.0,Tobacco,0.5646188855171204,False,-7.49222,-14.02282
2023-01-08,25A,22.513455,72.765917,21.8,Tobacco,0.6118420958518982,False,-6.17266,-11.34971
2023-01-08,25B,22.512796,72.765908,42.5,Tobacco,0.6191166639328003,False,-5.03815,-12.56878
2023-01-08,25C,22.512796,72.765185,18.7,Tobacco,0.4493348002433777,False,-4.26509,-14.56684
2023-01-08,25D,22.513408,72.765196,8.8,Fallow,0.2824200987815857,False,-3.8687,-14.85987
2023-01-08,25E,22.513116,72.765588,18.5,Wheat,0.5700386166572571,False,-7.22434,-16.412
2023-01-08,26A,22.520103,72.766083,50.0,Wheat,0.783094048500061,False,-2.15901,-10.49341
2023-01-08,26B,22.520661,72.766068,50.0,Wheat,0.7977970838546753,False,-6.41176,-13.37225
2023-01-08,26C,22.520655,72.766749,50.0,Wheat,0.6429616808891296,False,-6.55685,-15.53604
2023-01-08,26D,22.520125,72.766746,16.5,Wheat,0.7946034669876099,False,-7.92531,-13.34352
2023-01-08,26E,22.520285,72.766488,50.0,Wheat,0.7814039587974548,False,-5.68423,-14.23027
2023-01-08,27A,22.521854,72.766591,25.0,Wheat,0.5362804532051086,False,-8.54889,-14.53372
2023-01-08,27B,22.521859,72.766132,15.7,Wheat,0.5587981939315796,False,-8.26652,-12.81816
2023-01-08,27C,22.522409,72.766261,50.0,Wheat,0.5145964622497559,False,-4.36213,-14.26147
2023-01-08,27D,22.522381,72.76673,50.0,Wheat,0.4818592071533203,False,-6.27077,-12.76467
2023-01-08,27E,22.522201,72.766434,50.0,Wheat,0.52097088098526,False,-8.30097,-13.76285
2023-01-08,28A,22.523697,72.767969,23.1,Wheat,0.4694218337535858,False,-7.10024,-14.75623
2023-01-08,28B,22.52371,72.768582,19.2,Wheat,0.46808403730392456,False,-5.28264,-12.60738
2023-01-08,28C,22.524262,72.768629,15.7,Wheat,0.7666372656822205,False,-1.17338,-13.92305
2023-01-08,28D,22.524252,72.767989,30.3,Wheat,0.4181179106235504,False,-8.76085,-11.8852
2023-01-08,28E,22.524049,72.768361,18.0,Wheat,0.6212325096130371,False,-1.24029,-12.83939
2023-01-08,29A,22.52364,72.766727,13.4,Wheat,0.6148350238800049,False,-4.92552,-12.93627
2023-01-08,29B,22.523657,72.766016,29.8,Wheat,0.526961624622345,False,-7.84816,-16.55497
2023-01-08,29C,22.524255,72.766024,33.7,Tobacco,0.5781340599060059,False,-9.02112,-13.3603
2023-01-08,29D,22.524229,72.766601,31.9,Tobacco,0.6585016846656799,False,-1.17006,-11.91452
2023-01-08,29E,22.524027,72.766357,31.7,Tobacco,0.6306373476982117,False,-4.524,-11.83523
2023-01-25,1A,22.526048,72.765011,5.4,Mustard,0.7192896008491516,False,-9.40656,-10.92078
2023-01-25,1B,22.525481,72.765028,34.9,Chickori,0.7924238443374634,False,-9.0491,-16.00639
2023-01-25,1C,22.525423,72.765663,23.4,Chickori,0.8179989457130432,False,-4.08504,-15.3982
2023-01-25,1D,22.525999,72.765663,9.8,Lemon,0.3971463441848755,False,-5.84081,-14.11612
2023-01-25,1E,22.525563,72.765399,24.2666666666667,Chickori,0.7897819876670837,False,-6.80554,-12.04932
2023-01-25,2A,22.52729,72.764707,17.2,Wheat,0.8184151649475098,False,-9.76498,-14.81137
2023-01-25,2B,22.527874,72.764718,19.2,Wheat,0.83259117603302,False,-8.71334,-15.30439
2023-01-25,2C,22.527854,72.764092,6.9,Wheat,0.795099139213562,False,-8.47611,-14.39097
2023-01-25,2D,22.527369,72.764055,11.8,Wheat,0.7941645979881287,False,-8.68366,-17.22009
2023-01-25,2E,22.527544,72.764518,8.63333333333333,Wheat,0.7761538028717041,False,-8.79179,-14.70925
2023-01-25,3A,22.525921,72.762216,31.2,Wheat,0.7690652012825012,False,-5.15925,-15.59514
2023-01-25,3B,22.52584,72.762791,23.2,Wheat,0.8042039275169373,False,-7.06687,-11.87321
2023-01-25,3C,22.525384,72.762825,20.8,Wheat,0.8384625315666199,False,-9.45056,-15.42558
2023-01-25,3D,22.525408,72.762107,32.0,Wheat,0.7962200045585632,False,-9.26903,-14.47198
2023-01-25,3E,22.525592,72.762415,17.5333333333333,Wheat,0.8053486943244934,False,-8.14709,-16.25539
2023-01-25,4A,22.525937,72.760776,11.1,Wheat,0.5759048461914062,False,-10.85037,-18.26802
2023-01-25,4B,22.525981,72.760155,8.2,Wheat,0.7548084855079651,False,-12.09006,-17.13592
2023-01-25,4C,22.525355,72.760222,27.7,Wheat,0.6383128762245178,False,-7.45576,-18.75444
2023-01-25,4D,22.525455,72.760782,22.4,Wheat,0.6469771265983582,False,-9.28703,-17.68809
2023-01-25,4E,22.525639,72.760495,18.0666666666667,Wheat,0.5730479955673218,False,-9.93766,-17.84593
2023-01-25,5A,22.527575,72.759127,19.3,Wheat,0.7834855318069458,False,-8.28808,-17.90496
2023-01-25,5B,22.527161,72.759162,6.2,Wheat,0.8271362781524658,False,-8.93054,-19.77845
2023-01-25,5C,22.527168,72.759822,50.0,Wheat,0.81410151720047,False,-9.68655,-16.7159
2023-01-25,5D,22.527736,72.759854,50.0,Wheat,0.8319684267044067,False,-11.99647,-16.47927
2023-01-25,5E,22.527454,72.759598,50.0,Wheat,0.81903475522995,False,-10.67982,-15.36133
2023-01-25,6A,22.526732,72.757887,39.6,Wheat,0.6839627623558044,False,-9.22852,-14.90181
2023-01-25,6B,22.526314,72.757891,40.6,Wheat,0.7867131233215332,False,-9.33738,-19.63594
2023-01-25,6C,22.526244,72.757237,30.4,Wheat,0.816272497177124,False,-7.05337,-13.50969
2023-01-25,6D,22.526763,72.757237,41.4,Wheat,0.7575000524520874,False,-5.09266,-16.47738
2023-01-25,6E,22.526525,72.757638,43.6,Wheat,0.75853431224823,False,-7.70584,-14.97677
2023-01-25,7A,22.527958,72.750395,50.0,Fallow,0.34992069005966187,False,-11.33209,-18.6006
2023-01-25,7B,22.528433,72.750436,50.0,Fallow,0.36120784282684326,False,-9.69436,-17.01209
2023-01-25,7C,22.528529,72.751032,50.0,Fallow,0.3876778781414032,False,-12.24929,-16.63967
2023-01-25,7D,22.527949,72.751069,50.0,Fallow,0.3238053023815155,False,-9.17312,-18.50741
2023-01-25,7E,22.528163,72.750758,50.0,Fallow,0.3090760409832001,False,-13.80723,-18.81557
2023-01-25,8A,22.526748,72.749919,31.2,Wheat,0.7468985319137573,False,-6.97713,-12.90883
2023-01-25,8B,22.526719,72.749468,24.5,Wheat,0.6028085350990295,False,-5.75285,-15.67151
2023-01-25,8C,22.526145,72.74949,26.8,Wheat,0.6480631828308105,False,-8.58402,-17.0563
2023-01-25,8D,22.526286,72.750055,27.2,Wheat,0.7211688160896301,False,-9.30988,-14.28066
2023-01-25,8E,22.526437,72.749791,40.9,Wheat,0.6598378419876099,False,-10.36436,-13.6265
2023-01-25,9A,22.527928,72.746618,34.2,Wheat,0.5888888835906982,False,-8.86356,-15.26873
2023-01-25,9B,22.527864,72.747112,34.4,Wheat,0.738567054271698,False,-5.21031,-13.6308
2023-01-25,9C,22.528473,72.747142,34.9,Wheat,0.72539222240448,False,-3.86034,-14.20187
2023-01-25,9D,22.528502,72.746614,46.0,Wheat,0.5087108016014099,False,-8.82004,-17.86986
2023-01-25,9E,22.528209,72.746825,40.1666666666667,Wheat,0.535719633102417,False,-6.06455,-16.46784
2023-01-25,10A,22.526665,72.746543,18.5,Wheat,0.7831141948699951,False,-7.47286,-16.86855
2023-01-25,10B,22.526281,72.746567,33.0,Wheat,0.8046388626098633,False,-11.27238,-15.85388
2023-01-25,10C,22.526099,72.747116,3.7,Wheat,0.6071926951408386,False,-7.79481,-17.34865
2023-01-25,10D,22.526674,72.747171,26.0,Wheat,0.7902163863182068,False,-9.37912,-12.03001
2023-01-25,10E,22.52649,72.746891,23.6333333333333,Wheat,0.7176797389984131,False,-9.90732,-15.66825
2023-01-25,11A,22.518984,72.749277,36.4,Wheat,0.3749734163284302,False,-7.22629,-15.64732
2023-01-25,11B,22.519441,72.749219,26.8,Wheat,0.7419419884681702,False,-7.58855,-17.56487
2023-01-25,11C,22.519529,72.748567,50.0,Wheat,0.4975040853023529,False,-7.41511,-16.50356
2023-01-25,11D,22.519041,72.748613,44.2,Wheat,0.5053393244743347,False,-6.19271,-13.3488
2023-01-25,11E,22.519199,72.748927,46.9,Wheat,0.33933770656585693,False,-6.68291,-17.38963
2023-01-25,12A,22.518535,72.746677,20.7,Wheat,0.7860581874847412,False,-7.28384,-16.98336
2023-01-25,12B,22.518013,72.746708,44.1,Wheat,0.750558078289032,False,-10.1361,-17.09937
2023-01-25,12C,22.517941,72.747349,31.8,Tobacco,0.6574466824531555,False,-4.21685,-14.03735
2023-01-25,12D,22.518535,72.74737,15.5,Wheat,0.5903291702270508,False,-6.80002,-13.68367
2023-01-25,12E,22.518272,72.747109,49.5333333333333,Wheat,0.8028239011764526,False,-6.14407,-13.35245
2023-01-25,13A,22.51777,72.752478,50.0,Wheat,0.8620753288269043,False,-9.31434,-17.25649
2023-01-25,13B,22.517764,72.753199,41.5,Wheat,0.8083005547523499,False,-9.6656,-19.29547
2023-01-25,13C,22.517261,72.753172,30.5,Wheat,0.8203887939453125,False,-9.31116,-15.55692
2023-01-25,13D,22.517127,72.752548,37.5,Wheat,0.8221702575683594,False,-6.00259,-17.23738
2023-01-25,13E,22.517547,72.752847,48.7666666666667,Wheat,0.6473550200462341,False,-8.30268,-17.78602
2023-01-25,14A,22.515363,72.751239,39.3,Wheat,0.7402423620223999,False,-6.78028,-14.08185
2023-01-25,14B,22.515897,72.751233,44.5,Wheat,0.724826455116272,False,-5.85154,-12.03403
2023-01-25,14C,22.515909,72.750612,39.2,Wheat,0.7398861050605774,False,-9.32081,-13.31119
2023-01-25,14D,22.51533,72.750642,42.1,Wheat,0.7734189629554749,False,-4.98209,-15.71236
2023-01-25,14E,22.515543,72.750935,36.3,Wheat,0.7990441918373108,False,-6.15837,-13.52911
2023-01-25,15A,22.515953,72.75545,30.3,Wheat,0.4461207091808319,False,-7.88658,-16.27651
2023-01-25,15B,22.515949,72.756128,28.0,Wheat,0.42296814918518066,False,-5.90469,-13.97473
2023-01-25,15C,22.515395,72.756042,38.0,Wheat,0.5285800695419312,False,-10.92458,-17.49827
2023-01-25,15D,22.515392,72.75548,50.0,Fallow,0.38808929920196533,False,-8.64444,-16.04842
2023-01-25,15E,22.515768,72.75581,32.2333333333333,Wheat,0.5398676991462708,False,-6.90041,-14.86184
2023-01-25,16A,22.509924,72.774006,9.3,Tobacco&Chikori,0.6310006976127625,False,-7.23694,-13.09216
2023-01-25,16B,22.509328,72.774041,50.0,Tobacco&Chikori,0.7759665846824646,False,-6.91976,-13.8805
2023-01-25,16C,22.50929,72.774752,50.0,Chickori,0.7777377367019653,False,-7.57064,-15.63268
2023-01-25,16D,22.509753,72.77471,50.0,Chickori,0.6601487994194031,False,-10.31079,-16.65835
2023-01-25,16E,22.509581,72.774453,23.2666666666667,Chickori,0.6993626356124878,False,-7.11069,-14.47023
2023-01-25,17A,22.508014,72.772291,50.0,Wheat,0.6487035751342773,False,-5.86756,-13.78684
2023-01-25,17B,22.508111,72.772801,50.0,Wheat,0.6591395735740662,False,-6.34729,-12.68668
2023-01-25,17C,22.507532,72.772595,25.0,Chickori,0.7650941610336304,False,-5.94694,-12.62929
2023-01-25,17D,22.507484,72.772119,21.5,Chickori,0.814028799533844,False,-8.4924,-14.04056
2023-01-25,17E,22.50785,72.772474,31.9333333333333,Wheat,0.660824179649353,False,-5.84433,-12.57454
2023-01-25,18A,22.510282,72.771327,,,0.7450705766677856,False,-7.6413,-18.39488
2023-01-25,18B,22.510154,72.771792,,,0.7132665514945984,False,-8.55267,-13.56061
2023-01-25,18C,22.510732,72.771577,,,0.8524175882339478,False,-9.87189,-13.39112
2023-01-25,18D,22.510569,72.771293,,,0.7586180567741394,False,-7.70343,-16.78058
2023-01-25,18E,22.510473,72.771515,0.0,,0.794698178768158,False,-9.11659,-14.95452
2023-01-25,19A,22.505576,72.76343,15.6,Wheat,0.6801199913024902,False,-6.88852,-16.75805
2023-01-25,19B,22.505581,72.764064,50.0,Wheat,0.7679988741874695,False,-8.0793,-15.43109
2023-01-25,19C,22.505961,72.764083,50.0,Chickori,0.7141234278678894,False,-8.35177,-15.7204
2023-01-25,19D,22.506133,72.763434,29.6,Wheat,0.7799375653266907,False,-5.49884,-15.06179
2023-01-25,19E,22.505784,72.763859,28.4333333333333,Chickori,0.7682265639305115,False,-8.91273,-15.88269
2023-01-25,20A,22.505233,72.763051,27.0,Wheat,0.771557092666626,False,-8.85696,-19.50638
2023-01-25,20B,22.50465,72.763111,16.9,Wheat,0.6951605081558228,False,-9.34439,-14.57386
2023-01-25,20C,22.504626,72.762487,22.6,Weed&Chickori,0.7285927534103394,False,-6.91094,-14.98379
2023-01-25,20D,22.505225,72.762441,50.0,Wheat,0.6853463053703308,False,-10.01344,-17.29812
2023-01-25,20E,22.504991,72.762739,19.8333333333333,Wheat,0.824650764465332,False,-11.21393,-17.97876
2023-01-25,21A,22.502812,72.762127,37.6,Mustard,0.5071485638618469,False,-2.27772,-12.31483
2023-01-25,21B,22.502834,72.761572,31.6,Tobacco,0.7670171856880188,False,-4.70363,-13.02783
2023-01-25,21C,22.503324,72.761544,28.4,Tobacco,0.6512710452079773,False,-7.1486,-15.04564
2023-01-25,21D,22.503423,72.762158,28.3,Wheat,0.783216118812561,False,-8.84003,-15.05885
2023-01-25,21E,22.503156,72.761872,23.6333333333333,Tobacco,0.7463507652282715,False,-4.91476,-13.14311
2023-01-25,22A,22.512449,72.761352,33.7,Tobacco,0.8174371719360352,False,-5.23352,-16.25214
2023-01-25,22B,22.512453,72.761967,34.7,Wheat,0.8053170442581177,False,-5.2556,-12.90205
2023-01-25,22C,22.511898,72.761975,36.3,Tobacco,0.8142969012260437,False,-5.35883,-10.17617
2023-01-25,22D,22.511855,72.761373,38.3,Tobacco,0.7441704869270325,False,-3.97213,-15.1756
2023-01-25,22E,22.512015,72.761676,31.1333333333333,Tobacco,0.8140177130699158,False,-5.50456,-12.77619
2023-01-25,23A,22.514247,72.763284,50.0,Tobacco,0.7836728096008301,False,-4.27904,-11.41773
2023-01-25,23B,22.51377,72.763369,50.0,Tobacco,0.8153184056282043,False,-6.0888,-10.98773
2023-01-25,23C,22.513729,72.763922,50.0,Tobacco,0.7725445628166199,False,-3.33698,-10.02776
2023-01-25,23D,22.514213,72.763909,15.5,Wheat,0.7142998576164246,False,-5.03309,-8.33017
2023-01-25,23E,22.513938,72.763678,24.0333333333333,Tobacco,0.8021166324615479,False,-1.61495,-7.74255
2023-01-25,24A,22.514666,72.762935,27.2,Tobacco,0.5077265501022339,False,-4.51488,-12.01198
2023-01-25,24B,22.514581,72.762408,27.2,Tobacco,0.4853847920894623,False,-8.70287,-13.39777
2023-01-25,24C,22.515133,72.762345,50.0,Tobacco,0.7081035375595093,False,-8.95517,-15.2072
2023-01-25,24D,22.515104,72.762909,50.0,Tobacco,0.7421274781227112,False,-4.16953,-14.70909
2023-01-25,24E,22.514946,72.762661,32.3,Tobacco,0.7597754597663879,False,-7.87921,-12.45514
2023-01-25,25A,22.513455,72.765917,40.8,Tobacco,0.764538049697876,False,-5.66362,-14.52637
2023-01-25,25B,22.512796,72.765908,27.2,Tobacco,0.7697269916534424,False,-5.57599,-14.26849
2023-01-25,25C,22.512796,72.765185,34.9,Tobacco,0.6059917211532593,False,-4.87848,-10.81538
2023-01-25,25D,22.513408,72.765196,17.4,Fallow,0.332729697227478,False,-5.38746,-15.09056
2023-01-25,25E,22.513116,72.765588,30.8666666666667,Wheat,0.7886859774589539,False,-7.37346,-13.34348
2023-01-25,26A,22.520103,72.766083,40.0,Wheat,0.8794965744018555,False,-3.52567,-10.9129
2023-01-25,26B,22.520661,72.766068,41.5,Bhaji,0.8896320462226868,False,-8.25054,-12.30701
2023-01-25,26C,22.520655,72.766749,33.3,Wheat,0.8560886979103088,False,-8.96173,-18.5209
2023-01-25,26D,22.520125,72.766746,50.0,Wheat,0.8601906895637512,False,-9.15927,-15.97063
2023-01-25,26E,22.520285,72.766488,29.8333333333333,Wheat,0.8766987919807434,False,-8.65911,-15.49505
2023-01-25,27A,22.521854,72.766591,27.4,Wheat,0.7147998213768005,False,-8.80923,-14.45008
2023-01-25,27B,22.521859,72.766132,14.6,Wheat,0.7211723327636719,False,-6.97568,-16.12786
2023-01-25,27C,22.522409,72.766261,50.0,Wheat,0.6898569464683533,False,-7.83354,-15.26945
2023-01-25,27D,22.522381,72.76673,50.0,Wheat,0.7258942127227783,False,-11.12658,-16.73475
2023-01-25,27E,22.522201,72.766434,14.6,Wheat,0.7053495049476624,False,-10.42331,-15.40236
2023-01-25,28A,22.523697,72.767969,50.0,Wheat,0.7302460670471191,False,-9.26701,-17.27327
2023-01-25,28B,22.52371,72.768582,50.0,Wheat,0.7687080502510071,False,-4.21843,-16.43928
2023-01-25,28C,22.524262,72.768629,50.0,Tobacco,0.8130841851234436,False,-4.07829,-12.65487
2023-01-25,28D,22.524252,72.767989,50.0,Tobacco,0.6217923164367676,False,-4.34308,-16.02214
2023-01-25,28E,22.524049,72.768361,50.0,Tobacco,0.7621394395828247,False,-2.03734,-17.19125
2023-01-25,29A,22.52364,72.766727,50.0,Wheat,0.8351327776908875,False,-3.64921,-11.55532
2023-01-25,29B,22.523657,72.766016,50.0,Tobacco,0.8163496851921082,False,-5.12706,-15.84033
2023-01-25,29C,22.524255,72.766024,50.0,Tobacco,0.7052347660064697,False,-6.30909,-13.94096
2023-01-25,29D,22.524229,72.766601,50.0,Tobacco,0.7735217213630676,False,-4.80583,-10.11014
2023-01-25,29E,22.524027,72.766357,50.0,Tobacco,0.7407367825508118,False,-5.62512,-11.64378
2023-02-11,1A,22.526048,72.765011,31.7,Fallow,0.40924063324928284,False,-6.65891,-16.04795
2023-02-11,1B,22.525481,72.765028,15.0,Chickori,0.846638023853302,False,-8.39406,-14.4306
2023-02-11,1C,22.525423,72.765663,30.4,Chickori,0.8579398989677429,False,-7.16176,-18.05111
2023-02-11,1D,22.525999,72.765663,1.9,Lemon,0.357879638671875,False,-6.16542,-14.59074
2023-02-11,1E,22.525563,72.765399,32.7,Chickori,0.8293548822402954,False,-9.40695,-16.35837
2023-02-11,2A,22.52729,72.764707,25.5,Wheat,0.87892746925354,False,-8.61439,-15.32492
2023-02-11,2B,22.527874,72.764718,29.1,Wheat,0.8669365644454956,False,-6.72788,-15.88433
2023-02-11,2C,22.527854,72.764092,21.8,Wheat,0.8410068154335022,False,-9.01983,-14.00514
2023-02-11,2D,22.527369,72.764055,14.7,Wheat,0.8111699819564819,False,-9.33403,-15.35659
2023-02-11,2E,22.527544,72.764518,21.2,Wheat,0.8109196424484253,False,-8.88493,-15.06127
2023-02-11,3A,22.525921,72.762216,33.6,Wheat,0.8325033783912659,False,-7.86865,-17.07683
2023-02-11,3B,22.52584,72.762791,31.3,Wheat,0.8578881025314331,False,-8.36899,-14.577
2023-02-11,3C,22.525384,72.762825,30.7,Wheat,0.8675727248191833,False,-7.66836,-16.76501
2023-02-11,3D,22.525408,72.762107,35.1,Wheat,0.8664335012435913,False,-8.57505,-16.28233
2023-02-11,3E,22.525592,72.762415,33.7666666666667,Wheat,0.8593926429748535,False,-6.77178,-14.42523
2023-02-11,4A,22.525937,72.760776,24.4,Wheat,0.8007796406745911,False,-7.16464,-15.24033
2023-02-11,4B,22.525981,72.760155,26.4,Wheat,0.8830379843711853,False,-4.48397,-15.46932
2023-02-11,4C,22.525355,72.760222,39.4,Wheat,0.7426942586898804,False,-6.21031,-21.11321
2023-02-11,4D,22.525455,72.760782,29.8,Wheat,0.8103203177452087,False,-8.80508,-17.51568
2023-02-11,4E,22.525639,72.760495,35.0,Wheat,0.7934911251068115,False,-4.70854,-21.48905
2023-02-11,5A,22.527575,72.759127,24.4,Wheat,0.8623838424682617,False,-9.37308,-15.78609
2023-02-11,5B,22.527161,72.759162,21.1,Wheat,0.8770034313201904,False,-5.94154,-19.05471
2023-02-11,5C,22.527168,72.759822,26.1,Wheat,0.8984187841415405,False,-10.20651,-18.14804
2023-02-11,5D,22.527736,72.759854,20.5,Wheat,0.8936365842819214,False,-11.4897,-17.12215
2023-02-11,5E,22.527454,72.759598,24.1,Wheat,0.886473536491394,False,-12.53116,-16.48726
2023-02-11,6A,22.526732,72.757887,36.1,Wheat,0.7972859144210815,False,-10.25612,-16.58167
2023-02-11,6B,22.526314,72.757891,23.6,Wheat,0.8668203353881836,False,-6.46736,-16.97135
2023-02-11,6C,22.526244,72.757237,42.8,Wheat,0.8197914958000183,False,-7.14475,-14.86343
2023-02-11,6D,22.526763,72.757237,36.5,Wheat,0.7823847532272339,False,-9.23571,-15.29686
2023-02-11,6E,22.526525,72.757638,24.1333333333333,Wheat,0.8430957794189453,False,-6.71841,-15.13778
2023-02-11,7A,22.527958,72.750395,50.0,Fallow,0.5111754536628723,False,-10.48515,-19.68214
2023-02-11,7B,22.528433,72.750436,50.0,Fallow,0.3904879093170166,False,-8.70066,-15.32989
2023-02-11,7C,22.528529,72.751032,50.0,Fallow,0.21273653209209442,False,-8.75374,-15.8308
2023-02-11,7D,22.527949,72.751069,50.0,Fallow,0.236516535282135,True,-11.04082,-17.56583
2023-02-11,7E,22.528163,72.750758,50.0,Fallow,0.26349613070487976,True,-12.08031,-17.77776
2023-02-11,8A,22.526748,72.749919,26.6,Wheat,0.8329830169677734,False,-5.89754,-15.67923
2023-02-11,8B,22.526719,72.749468,33.7,Wheat,0.7877753973007202,False,-7.64356,-13.73007
2023-02-11,8C,22.526145,72.74949,24.4,Wheat,0.8599166870117188,False,-8.16543,-14.62803
2023-02-11,8D,22.526286,72.750055,33.9,Wheat,0.7886269688606262,False,-6.98091,-14.30762
2023-02-11,8E,22.526437,72.749791,47.9666666666667,Wheat,0.6925313472747803,False,-4.98537,-15.3516
2023-02-11,9A,22.527928,72.746618,49.1,Wheat,0.6340007185935974,False,-7.20171,-15.22947
2023-02-11,9B,22.527864,72.747112,48.9,Wheat,0.7704702615737915,False,-6.49432,-17.12418
2023-02-11,9C,22.528473,72.747142,53.8,Wheat,0.7943128943443298,False,-5.41929,-13.09354
2023-02-11,9D,22.528502,72.746614,48.0,Wheat,0.6007429957389832,False,-8.13883,-17.60362
2023-02-11,9E,22.528209,72.746825,51.9666666666667,Wheat,0.5610145926475525,False,-4.25573,-14.6202
2023-02-11,10A,22.526665,72.746543,28.1,Wheat,0.8242611885070801,False,-8.21365,-15.58145
2023-02-11,10B,22.526281,72.746567,30.2,Wheat,0.8511335253715515,False,-6.87821,-16.81349
2023-02-11,10C,22.526099,72.747116,16.8,Wheat,0.6549658179283142,False,-9.87179,-15.08901
2023-02-11,10D,22.526674,72.747171,29.7,Wheat,0.8343484997749329,False,-8.93608,-15.02459
2023-02-11,10E,22.52649,72.746891,28.5666666666667,Wheat,0.8020169138908386,False,-7.59119,-14.35741
2023-02-11,11A,22.518984,72.749277,37.7,,0.6220452189445496,False,-6.48416,-12.04602
2023-02-11,11B,22.519441,72.749219,40.1,,0.8350249528884888,False,-7.95011,-12.98952
2023-02-11,11C,22.519529,72.748567,45.7,,0.7452874183654785,False,-7.69743,-17.22928
2023-02-11,11D,22.519041,72.748613,41.8,,0.736985445022583,False,-7.84879,-11.21801
2023-02-11,11E,22.519199,72.748927,43.4,,0.5886644721031189,False,-5.76151,-13.05985
2023-02-11,12A,22.518535,72.746677,41.8,Wheat,0.8432469367980957,False,-8.02511,-14.61055
2023-02-11,12B,22.518013,72.746708,46.6,Wheat,0.8532639741897583,False,-6.96463,-11.09913
2023-02-11,12C,22.517941,72.747349,29.9,Tobacco,0.7345833778381348,False,-5.93354,-13.93454
2023-02-11,12D,22.518535,72.74737,28.6,Wheat,0.6607922911643982,False,-5.39243,-16.3356
2023-02-11,12E,22.518272,72.747109,42.1,Wheat,0.8765095472335815,False,-4.03164,-15.59948
2023-02-11,13A,22.51777,72.752478,27.7,Wheat,0.9004751443862915,False,-8.52353,-18.04451
2023-02-11,13B,22.517764,72.753199,37.0,Wheat,0.8655550479888916,False,-11.64321,-17.08462
2023-02-11,13C,22.517261,72.753172,39.2,Wheat,0.8615058660507202,False,-6.31722,-13.58084
2023-02-11,13D,22.517127,72.752548,21.0,Wheat,0.8623064160346985,False,-7.94091,-13.09796
2023-02-11,13E,22.517547,72.752847,23.07,Wheat,0.7862099409103394,False,-11.91943,-18.42199
2023-02-11,14A,22.515363,72.751239,42.6,Wheat,0.8060720562934875,False,-5.11188,-17.18483
2023-02-11,14B,22.515897,72.751233,37.6,Wheat,0.7893718481063843,False,-8.47479,-16.67879
2023-02-11,14C,22.515909,72.750612,36.6,Wheat,0.8591418266296387,False,-6.56931,-15.16305
2023-02-11,14D,22.51533,72.750642,45.14,Wheat,0.8378682136535645,False,-6.19275,-15.85995
2023-02-11,14E,22.515543,72.750935,38.6,Wheat,0.8462032675743103,False,-7.13017,-18.22986
2023-02-11,15A,22.515953,72.75545,27.5,Wheat,0.6842734217643738,False,-6.47431,-17.77234
2023-02-11,15B,22.515949,72.756128,32.6,Wheat,0.5366518497467041,False,-6.88149,-14.31314
2023-02-11,15C,22.515395,72.756042,15.4,Wheat,0.6081038117408752,False,-7.00027,-16.57542
2023-02-11,15D,22.515392,72.75548,50.0,Fallow,0.4260687530040741,False,-4.47084,-16.02267
2023-02-11,15E,22.515768,72.75581,33.2666666666667,Wheat,0.7836798429489136,False,-6.89454,-13.11464
2023-02-11,16A,22.509924,72.774006,10.6,Tobacco&Chikori,0.651856541633606,False,-7.03283,-14.84769
2023-02-11,16B,22.509328,72.774041,9.0,Tobacco&Chikori,0.7672629952430725,False,-4.14556,-11.84687
2023-02-11,16C,22.50929,72.774752,20.8,Chickori,0.7816092371940613,False,-7.68301,-14.29395
2023-02-11,16D,22.509753,72.77471,34.6,Chickori,0.7060100436210632,False,-8.70289,-14.65171
2023-02-11,16E,22.509581,72.774453,31.2333333333333,Chickori,0.6021626591682434,False,-8.37295,-14.00611
2023-02-11,17A,22.508014,72.772291,50.0,Wheat,0.7073163986206055,False,-7.72708,-14.01248
2023-02-11,17B,22.508111,72.772801,50.0,Wheat,0.7206010222434998,False,-11.7047,-16.07982
2023-02-11,17C,22.507532,72.772595,50.0,Chickori,0.788568913936615,False,-8.0502,-14.51165
2023-02-11,17D,22.507484,72.772119,50.0,Chickori,0.7810910940170288,False,-7.95289,-14.20146
2023-02-11,17E,22.50785,72.772474,50.0,Wheat,0.6935657858848572,False,-9.50135,-15.16907
2023-02-11,18A,22.510282,72.771327,,,0.7663547992706299,False,-7.49269,-13.35757
2023-02-11,18B,22.510154,72.771792,,,0.7871241569519043,False,-10.29448,-14.56469
2023-02-11,18C,22.510732,72.771577,,,0.8689824342727661,False,-5.24438,-13.70429
2023-02-11,18D,22.510569,72.771293,,,0.794092059135437,False,-7.05453,-12.21429
2023-02-11,18E,22.510473,72.771515,0.0,,0.8136656284332275,False,-6.43229,-12.07091
2023-02-11,19A,22.505576,72.76343,21.5,Wheat,0.750617265701294,False,-6.9903,-12.35103
2023-02-11,19B,22.505581,72.764064,283.0,Wheat,0.8050830364227295,False,-7.41082,-15.17008
2023-02-11,19C,22.505961,72.764083,32.6,Chickori,0.7985556721687317,False,-7.35524,-15.64065
2023-02-11,19D,22.506133,72.763434,28.9,Wheat,0.8127905130386353,False,-2.16021,-14.89303
2023-02-11,19E,22.505784,72.763859,34.6666666666667,Chickori,0.7490009665489197,False,-7.00638,-15.34778
2023-02-11,20A,22.505233,72.763051,26.8,Wheat,0.821295976638794,False,-7.67633,-16.39315
2023-02-11,20B,22.50465,72.763111,13.3,Wheat,0.7983057498931885,False,-4.55797,-12.65182
2023-02-11,20C,22.504626,72.762487,38.8,Weed&Chickori,0.8231377601623535,False,-6.77434,-15.85558
2023-02-11,20D,22.505225,72.762441,27.9,Wheat,0.735361635684967,False,-6.29035,-12.73817
2023-02-11,20E,22.504991,72.762739,22.6333333333333,Wheat,0.8770557045936584,False,-9.42883,-13.37286
2023-02-11,21A,22.502812,72.762127,16.5,Mustard,0.544124960899353,False,-4.40158,-12.42109
2023-02-11,21B,22.502834,72.761572,36.2,Tobacco,0.7281820774078369,False,-6.09943,-11.72674
2023-02-11,21C,22.503324,72.761544,33.5,Tobacco,0.7075698375701904,False,-10.00631,-15.09084
2023-02-11,21D,22.503423,72.762158,22.7,Wheat,0.8509861826896667,False,-4.7357,-14.76062
2023-02-11,21E,22.503156,72.761872,32.6333333333333,Tobacco,0.7643441557884216,False,-5.32404,-15.60768
2023-02-11,22A,22.512449,72.761352,14.4,Tobacco,0.8382431864738464,False,-7.79717,-14.60583
2023-02-11,22B,22.512453,72.761967,49.6,Wheat,0.8216631412506104,False,-3.53922,-13.75621
2023-02-11,22C,22.511898,72.761975,39.3,Tobacco,0.8151358366012573,False,-3.13017,-9.94574
2023-02-11,22D,22.511855,72.761373,36.6,Tobacco,0.7854928374290466,False,-4.50996,-12.98827
2023-02-11,22E,22.512015,72.761676,36.5333333333333,Tobacco,0.8184395432472229,False,-3.62305,-10.10662
2023-02-11,23A,22.514247,72.763284,22.5,Tobacco,0.7560133337974548,False,-4.49816,-11.69284
2023-02-11,23B,22.51377,72.763369,25.1,Tobacco,0.7998555302619934,False,-6.67674,-12.6169
2023-02-11,23C,22.513729,72.763922,22.7,Tobacco,0.729556143283844,False,-5.43935,-9.5887
2023-02-11,23D,22.514213,72.763909,21.4,Wheat,0.7607414722442627,False,-7.81745,-12.9178
2023-02-11,23E,22.513938,72.763678,24.0,Tobacco,0.7784267663955688,False,-7.26159,-11.74019
2023-02-11,24A,22.514666,72.762935,32.3,Tobacco,0.6546537280082703,False,-6.3689,-12.35028
2023-02-11,24B,22.514581,72.762408,30.5,Tobacco,0.633338987827301,False,-5.2556,-13.70725
2023-02-11,24C,22.515133,72.762345,52.3,Tobacco,0.7083551287651062,False,-8.73016,-17.18629
2023-02-11,24D,22.515104,72.762909,32.9,Tobacco,0.7388052940368652,False,-5.7685,-11.19172
2023-02-11,24E,22.514946,72.762661,34.7,Tobacco,0.7310203909873962,False,-8.55672,-12.79889
2023-02-11,25A,22.513455,72.765917,35.3,Tobacco,0.7457797527313232,False,-3.43606,-11.46965
2023-02-11,25B,22.512796,72.765908,43.3,Tobacco,0.7729859352111816,False,-6.15753,-9.29274
2023-02-11,25C,22.512796,72.765185,32.2,Tobacco,0.716130793094635,False,-5.90936,-10.75165
2023-02-11,25D,22.513408,72.765196,40.0,Fallow,0.2755844295024872,False,-3.65545,-14.425
2023-02-11,25E,22.513116,72.765588,39.6,Wheat,0.8295825123786926,False,-4.354,-12.43976
2023-02-11,26A,22.520103,72.766083,17.2,Wheat,0.8937801718711853,False,-4.49859,-10.19302
2023-02-11,26B,22.520661,72.766068,13.6,Bhaji,0.9045761823654175,False,-8.42376,-15.70217
2023-02-11,26C,22.520655,72.766749,20.0,Wheat,0.9020408391952515,False,-8.91445,-17.72289
2023-02-11,26D,22.520125,72.766746,9.8,Wheat,0.8836818337440491,False,-7.53917,-15.21295
2023-02-11,26E,22.520285,72.766488,12.8333333333333,Wheat,0.8991281986236572,False,-6.2977,-12.42688
2023-02-11,27A,22.521854,72.766591,22.3,Wheat,0.737360417842865,False,-11.39028,-14.45735
2023-02-11,27B,22.521859,72.766132,43.6,Wheat,0.7847349047660828,False,-7.27591,-14.89542
2023-02-11,27C,22.522409,72.766261,43.9,Wheat,0.7443296313285828,False,-6.35165,-11.70996
2023-02-11,27D,22.522381,72.76673,39.5,Wheat,0.8606721758842468,False,-10.11211,-14.36982
2023-02-11,27E,22.522201,72.766434,44.2333333333333,Wheat,0.7900270223617554,False,-6.88852,-14.63118
2023-02-11,28A,22.523697,72.767969,15.8,Wheat,0.7412108778953552,False,-7.83739,-17.84368
2023-02-11,28B,22.52371,72.768582,10.0,Wheat,0.809621274471283,False,-8.43331,-13.0224
2023-02-11,28C,22.524262,72.768629,17.3,Tobacco,0.7868872284889221,False,-3.82582,-16.7093
2023-02-11,28D,22.524252,72.767989,26.6,Tobacco,0.7123161554336548,False,-8.37575,-15.1083
2023-02-11,28E,22.524049,72.768361,22.1,Tobacco,0.7713940143585205,False,-4.46318,-13.05373
2023-02-11,29A,22.52364,72.766727,50.0,Wheat,0.8292223811149597,False,-5.8793,-13.89001
2023-02-11,29B,22.523657,72.766016,38.7,Tobacco,0.8463298678398132,False,-6.14269,-15.00759
2023-02-11,29C,22.524255,72.766024,32.1,Tobacco,0.6281536817550659,False,-8.55152,-15.36699
2023-02-11,29D,22.524229,72.766601,21.2,Tobacco,0.7307416796684265,False,-3.82856,-15.11956
2023-02-11,29E,22.524027,72.766357,24.6,Tobacco,0.670581042766571,False,-7.13528,-14.13398
2023-02-28,1A,22.526048,72.765011,8.7,Fallow,0.2667944133281708,False,-5.15094,-15.03994
2023-02-28,1B,22.525481,72.765028,25.9,Chickori,0.8395294547080994,False,-6.32535,-17.69331
2023-02-28,1C,22.525423,72.765663,49.7,Chickori,0.8082704544067383,False,-7.84002,-14.92221
2023-02-28,1D,22.525999,72.765663,3.3,Lemon,0.3975611925125122,False,-8.46383,-17.36857
2023-02-28,1E,22.525563,72.765399,49.0666666666667,Chickori,0.7906404137611389,False,-4.92177,-14.62923
2023-02-28,2A,22.52729,72.764707,25.2,Wheat,0.5863723158836365,False,-8.62339,-17.72896
2023-02-28,2B,22.527874,72.764718,26.4,Wheat,0.5179210901260376,False,-6.38866,-15.94442
2023-02-28,2C,22.527854,72.764092,25.6,Wheat,0.5812368392944336,False,-6.45287,-15.24304
2023-02-28,2D,22.527369,72.764055,30.0,Wheat,0.508509635925293,False,-8.57051,-13.5368
2023-02-28,2E,22.527544,72.764518,21.8,Wheat,0.5552211403846741,False,-5.96146,-17.22767
2023-02-28,3A,22.525921,72.762216,41.0,Wheat,0.6021001935005188,False,-5.97816,-13.96104
2023-02-28,3B,22.52584,72.762791,37.7,Wheat,0.5698703527450562,False,-8.98597,-15.96011
2023-02-28,3C,22.525384,72.762825,32.3,Wheat,0.5728445649147034,False,-9.55062,-15.24599
2023-02-28,3D,22.525408,72.762107,37.0,Wheat,0.573323667049408,False,-7.56409,-15.16093
2023-02-28,3E,22.525592,72.762415,33.1666666666667,Wheat,0.5770398378372192,False,-10.22938,-16.25107
2023-02-28,4A,22.525937,72.760776,25.4,Wheat,0.647913932800293,False,-7.90634,-17.36723
2023-02-28,4B,22.525981,72.760155,20.2,Wheat,0.6979624032974243,False,-7.2307,-17.14799
2023-02-28,4C,22.525355,72.760222,31.6,Wheat,0.48013800382614136,False,-5.66462,-16.10262
2023-02-28,4D,22.525455,72.760782,54.1,Wheat,0.636766254901886,False,-8.86954,-13.58678
2023-02-28,4E,22.525639,72.760495,29.6,Wheat,0.6460590958595276,False,-4.40918,-14.47324
2023-02-28,5A,22.527575,72.759127,20.8,Wheat,0.6197975873947144,False,-9.74498,-19.44816
2023-02-28,5B,22.527161,72.759162,14.1,Wheat,0.6519320607185364,False,-8.15695,-20.49878
2023-02-28,5C,22.527168,72.759822,12.4,Wheat,0.7052904367446899,False,-10.6915,-19.56545
2023-02-28,5D,22.527736,72.759854,7.0,Wheat,0.6814009547233582,False,-7.89358,-18.0427
2023-02-28,5E,22.527454,72.759598,21.0666666666667,Wheat,0.7080605030059814,False,-9.29197,-18.51635
2023-02-28,6A,22.526732,72.757887,39.0,Wheat,0.5402064323425293,False,-8.59892,-18.97008
2023-02-28,6B,22.526314,72.757891,39.8,Wheat,0.6277406811714172,False,-7.15074,-16.56623
2023-02-28,6C,22.526244,72.757237,21.3,Wheat,0.44883882999420166,False,-7.47369,-18.0263
2023-02-28,6D,22.526763,72.757237,40.4,Wheat,0.472702294588089,False,-6.65122,-16.11936
2023-02-28,6E,22.526525,72.757638,39.8666666666667,Wheat,0.6066651940345764,False,-7.13692,-19.10054
2023-02-28,7A,22.527958,72.750395,50.0,Fallow,0.7879917025566101,False,-5.67279,-18.20795
2023-02-28,7B,22.528433,72.750436,50.0,Fallow,0.8428561091423035,False,-4.80204,-18.64677
2023-02-28,7C,22.528529,72.751032,50.0,Fallow,0.6846666932106018,False,-7.82127,-15.6427
2023-02-28,7D,22.527949,72.751069,50.0,Fallow,0.810215175151825,False,-6.31921,-17.81749
2023-02-28,7E,22.528163,72.750758,50.0,Fallow,0.7756537199020386,False,-5.30215,-19.09196
2023-02-28,8A,22.526748,72.749919,34.2,Wheat,0.6028918623924255,False,-9.45876,-15.64377
2023-02-28,8B,22.526719,72.749468,27.7,Wheat,0.6609301567077637,False,-11.56884,-13.55889
2023-02-28,8C,22.526145,72.74949,26.1,Wheat,0.684849739074707,False,-8.34216,-15.06739
2023-02-28,8D,22.526286,72.750055,29.6,Wheat,0.5303203463554382,False,-8.43672,-14.74903
2023-02-28,8E,22.526437,72.749791,39.0333333333333,Wheat,0.512704074382782,False,-8.58653,-14.52158
2023-02-28,9A,22.527928,72.746618,27.8,Wheat,0.4329204261302948,False,-6.94218,-16.58721
2023-02-28,9B,22.527864,72.747112,25.7,Wheat,0.525672972202301,False,-10.33355,-12.92172
2023-02-28,9C,22.528473,72.747142,30.2,Wheat,0.5611803531646729,False,-3.18096,-11.656
2023-02-28,9D,22.528502,72.746614,23.3,Wheat,0.4399668574333191,False,-10.30785,-16.05667
2023-02-28,9E,22.528209,72.746825,37.2,Wheat,0.38271528482437134,False,-7.39412,-15.76303
2023-02-28,10A,22.526665,72.746543,15.5,Wheat,0.4489966630935669,False,-11.06337,-17.51205
2023-02-28,10B,22.526281,72.746567,16.7,Wheat,0.45242011547088623,False,-7.66704,-16.95096
2023-02-28,10C,22.526099,72.747116,25.6,Wheat,0.4531175494194031,False,-8.8914,-17.19699
2023-02-28,10D,22.526674,72.747171,24.5,Wheat,0.5074307322502136,False,-8.56735,-14.9046
2023-02-28,10E,22.52649,72.746891,19.8666666666667,Wheat,0.4968929886817932,False,-8.72845,-15.61855
2023-02-28,11A,22.518984,72.749277,37.7,,0.663910448551178,False,-5.68254,-15.89467
2023-02-28,11B,22.519441,72.749219,40.1,,0.7373786568641663,False,-5.71707,-15.7005
2023-02-28,11C,22.519529,72.748567,45.7,,0.6723940372467041,False,-4.7135,-13.88821
2023-02-28,11D,22.519041,72.748613,41.8,,0.6969950795173645,False,-4.44557,-14.8617
2023-02-28,11E,22.519199,72.748927,43.4,,0.6611858606338501,False,-4.99855,-15.03899
2023-02-28,12A,22.518535,72.746677,10.6,Wheat,0.6153115630149841,False,-6.03547,-16.63282
2023-02-28,12B,22.518013,72.746708,37.3,Wheat,0.7355282306671143,False,-6.55273,-16.08655
2023-02-28,12C,22.517941,72.747349,24.1,Tobacco,0.7040815353393555,False,-6.32299,-16.96601
2023-02-28,12D,22.518535,72.74737,17.5,Wheat,0.5335147380828857,False,-10.51478,-17.28849
2023-02-28,12E,22.518272,72.747109,12.9666666666667,Wheat,0.7361228466033936,False,-10.92548,-16.8931
2023-02-28,13A,22.51777,72.752478,42.3,Wheat,0.7335106730461121,False,-9.84715,-14.1256
2023-02-28,13B,22.517764,72.753199,24.5,Wheat,0.7051596641540527,False,-12.25054,-16.27297
2023-02-28,13C,22.517261,72.753172,34.6,Wheat,0.5052712559700012,False,-7.97397,-15.15849
2023-02-28,13D,22.517127,72.752548,33.2,Wheat,0.6949446797370911,False,-10.45823,-15.97989
2023-02-28,13E,22.517547,72.752847,21.5666666666667,Wheat,0.6934424638748169,False,-11.09473,-17.78957
2023-02-28,14A,22.515363,72.751239,21.4,Wheat,0.5657959580421448,False,-8.40098,-20.02289
2023-02-28,14B,22.515897,72.751233,39.3,Wheat,0.5543004274368286,False,-8.31098,-17.66729
2023-02-28,14C,22.515909,72.750612,26.7,Wheat,0.686448872089386,False,-10.49659,-14.03814
2023-02-28,14D,22.51533,72.750642,21.4,Wheat,0.5331700444221497,False,-7.09036,-14.78894
2023-02-28,14E,22.515543,72.750935,37.9666666666667,Wheat,0.5576132535934448,False,-7.14018,-18.25183
2023-02-28,15A,22.515953,72.75545,50.0,Wheat,0.6406081914901733,False,-5.54084,-14.39622
2023-02-28,15B,22.515949,72.756128,34.6,Wheat,0.46101486682891846,False,-6.30783,-14.31132
2023-02-28,15C,22.515395,72.756042,17.3,Wheat,0.36572542786598206,False,-9.71406,-15.92339
2023-02-28,15D,22.515392,72.75548,50.0,Fallow,0.4389498233795166,False,-7.9229,-16.27355
2023-02-28,15E,22.515768,72.75581,37.7,Wheat,0.6565164923667908,False,-4.88999,-14.55155
2023-02-28,16A,22.509924,72.774006,23.9,Tobacco&Chikori,0.6884072422981262,False,-6.02862,-16.90041
2023-02-28,16B,22.509328,72.774041,26.4,Tobacco&Chikori,0.7412600517272949,False,-7.63111,-14.10565
2023-02-28,16C,22.50929,72.774752,16.3,Chickori,0.7488161325454712,False,-9.11679,-13.86853
2023-02-28,16D,22.509753,72.77471,14.9,Chickori,0.6479113101959229,False,-11.04512,-13.4866
2023-02-28,16E,22.509581,72.774453,16.0666666666667,Chickori,0.5694898366928101,False,-10.31259,-13.30661
2023-02-28,17A,22.508014,72.772291,12.0,Wheat,0.6017878651618958,False,-8.9966,-13.71785
2023-02-28,17B,22.508111,72.772801,16.9,Wheat,0.7045474052429199,False,-10.36823,-15.6768
2023-02-28,17C,22.507532,72.772595,38.0,Chickori,0.7769810557365417,False,-8.97391,-13.06329
2023-02-28,17D,22.507484,72.772119,25.3,Chickori,0.7605381608009338,False,-10.79276,-14.11689
2023-02-28,17E,22.50785,72.772474,10.5,Wheat,0.6231261491775513,False,-9.66765,-13.07276
2023-02-28,18A,22.510282,72.771327,,,0.7196131944656372,False,-8.02265,-13.56967
2023-02-28,18B,22.510154,72.771792,,,0.8023577332496643,False,-9.9024,-14.47547
2023-02-28,18C,22.510732,72.771577,,,0.6201427578926086,False,-4.59872,-14.76013
2023-02-28,18D,22.510569,72.771293,,,0.7927461266517639,False,-7.67541,-14.06864
2023-02-28,18E,22.510473,72.771515,0.0,,0.8030117750167847,False,-7.01198,-13.35124
2023-02-28,19A,22.505576,72.76343,24.4,Wheat,0.6203651428222656,False,-12.67692,-14.95325
2023-02-28,19B,22.505581,72.764064,30.2,Wheat,0.7643872499465942,False,-10.67218,-15.25018
2023-02-28,19C,22.505961,72.764083,38.3,Chickori,0.7232376933097839,False,-7.25629,-16.85071
2023-02-28,19D,22.506133,72.763434,20.0,Wheat,0.4117332994937897,False,-8.40801,-16.3695
2023-02-28,19E,22.505784,72.763859,38.8,Chickori,0.7227283120155334,False,-10.34531,-15.60371
2023-02-28,20A,22.505233,72.763051,21.7,Wheat,0.5587750673294067,False,-10.77078,-14.87204
2023-02-28,20B,22.50465,72.763111,14.1,Wheat,0.7139986157417297,False,-11.71608,-12.93865
2023-02-28,20C,22.504626,72.762487,33.8,Weed&Chickori,0.7547309994697571,False,-9.33765,-16.35835
2023-02-28,20D,22.505225,72.762441,19.2,Wheat,0.5208863615989685,False,-6.57584,-17.21585
2023-02-28,20E,22.504991,72.762739,17.1,Wheat,0.6424810886383057,False,-8.04574,-16.24862
2023-02-28,21A,22.502812,72.762127,21.4,Mustard,0.5390419363975525,False,-6.96336,-14.18192
2023-02-28,21B,22.502834,72.761572,36.9,Tobacco,0.656915545463562,False,-7.55548,-14.10518
2023-02-28,21C,22.503324,72.761544,27.4,Tobacco,0.5825597643852234,False,-8.72334,-15.14203
2023-02-28,21D,22.503423,72.762158,26.4,Wheat,0.6801242232322693,False,-10.4102,-18.70944
2023-02-28,21E,22.503156,72.761872,30.5,Tobacco,0.6409258246421814,False,-7.10656,-13.07138
2023-02-28,22A,22.512449,72.761352,25.2,Tobacco,0.7489814162254333,False,-6.85279,-15.55773
2023-02-28,22B,22.512453,72.761967,29.3,Wheat,0.4934918284416199,False,-5.02436,-14.02227
2023-02-28,22C,22.511898,72.761975,29.4,Tobacco,0.7105290293693542,False,-5.8884,-13.76714
2023-02-28,22D,22.511855,72.761373,29.3,Tobacco,0.7312930822372437,False,-2.26086,-14.48954
2023-02-28,22E,22.512015,72.761676,26.8666666666667,Tobacco,0.7237093448638916,False,-5.31369,-11.93462
2023-02-28,23A,22.514247,72.763284,19.6,Tobacco,0.5879728198051453,False,-7.53433,-13.93566
2023-02-28,23B,22.51377,72.763369,27.3,Tobacco,0.6523022055625916,False,-7.86463,-12.02875
2023-02-28,23C,22.513729,72.763922,23.3,Tobacco,0.5749783515930176,False,-5.71715,-11.85157
2023-02-28,23D,22.514213,72.763909,5.3,Wheat,0.4378071427345276,False,-5.42316,-16.61575
2023-02-28,23E,22.513938,72.763678,25.1333333333333,Tobacco,0.6218875646591187,False,-5.19346,-12.61175
2023-02-28,24A,22.514666,72.762935,13.1,Tobacco,0.26926618814468384,False,-7.36726,-12.09159
2023-02-28,24B,22.514581,72.762408,13.4,Tobacco,0.4108368754386902,False,-6.87419,-15.33173
2023-02-28,24C,22.515133,72.762345,26.4,Tobacco,0.6549974083900452,False,-6.04241,-15.79052
2023-02-28,24D,22.515104,72.762909,37.8,Tobacco,0.6479228734970093,False,-5.05276,-12.94747
2023-02-28,24E,22.514946,72.762661,28.8333333333333,Tobacco,0.6420190930366516,False,-4.89335,-11.63245
2023-02-28,25A,22.513455,72.765917,11.5,Tobacco,0.35288238525390625,False,-8.05309,-13.95449
2023-02-28,25B,22.512796,72.765908,15.7,Tobacco,0.6537141799926758,False,-7.26088,-15.61397
2023-02-28,25C,22.512796,72.765185,17.4,Tobacco,0.5936911106109619,False,-5.86757,-14.17861
2023-02-28,25D,22.513408,72.765196,33.9,Fallow,0.24815422296524048,False,-8.49375,-19.40045
2023-02-28,25E,22.513116,72.765588,8.5,Wheat,0.5146292448043823,False,-8.10764,-18.04404
2023-02-28,26A,22.520103,72.766083,9.6,Wheat,0.5907676219940186,False,-7.19542,-11.93648
2023-02-28,26B,22.520661,72.766068,23.2,Bhaji,0.6450100541114807,False,-8.54427,-14.5055
2023-02-28,26C,22.520655,72.766749,11.9,Wheat,0.7159854769706726,False,-7.79028,-17.77768
2023-02-28,26D,22.520125,72.766746,14.6,Wheat,0.6135593056678772,False,-8.54918,-17.35447
2023-02-28,26E,22.520285,72.766488,8.93333333333333,Wheat,0.6480268239974976,False,-9.31008,-15.89008
2023-02-28,27A,22.521854,72.766591,19.4,Wheat,0.5444605946540833,False,-7.12127,-16.51981
2023-02-28,27B,22.521859,72.766132,19.3,Wheat,0.723679780960083,False,-5.86639,-15.11648
2023-02-28,27C,22.522409,72.766261,9.7,Wheat,0.5214954018592834,False,-7.87722,-14.4182
2023-02-28,27D,22.522381,72.76673,6.5,Wheat,0.590095579624176,False,-12.32029,-15.15572
2023-02-28,27E,22.522201,72.766434,7.53333333333333,Wheat,0.5525873303413391,False,-8.85128,-15.65176
2023-02-28,28A,22.523697,72.767969,50.0,Wheat,0.5393921732902527,False,-11.52704,-16.79963
2023-02-28,28B,22.52371,72.768582,50.0,Wheat,0.6167330741882324,False,-8.07408,-13.55323
2023-02-28,28C,22.524262,72.768629,29.9,Tobacco,0.6273162364959717,False,-5.35531,-13.77275
2023-02-28,28D,22.524252,72.767989,24.7,Tobacco,0.6049920320510864,False,-5.92941,-15.92869
2023-02-28,28E,22.524049,72.768361,39.7333333333333,Tobacco,0.5776345133781433,False,-6.08458,-15.9127
2023-02-28,29A,22.52364,72.766727,50.0,Wheat,0.4947681128978729,False,-8.69274,-14.15688
2023-02-28,29B,22.523657,72.766016,50.0,Tobacco,0.57076495885849,False,-6.48271,-15.56076
2023-02-28,29C,22.524255,72.766024,50.0,Tobacco,0.2509313225746155,False,-6.2066,-14.73141
2023-02-28,29D,22.524229,72.766601,50.0,Tobacco,0.23046401143074036,False,-9.43414,-20.52987
2023-02-28,29E,22.524027,72.766357,50.0,Tobacco,0.20507094264030457,False,-7.47745,-15.42384
2023-04-20,1A,22.526048,72.765011,16.3,Perl Millet,0.7779281139373779,False,-10.00167,-19.92209
2023-04-20,1B,22.525481,72.765028,2.4,Fallow,0.16581428050994873,False,-8.64632,-16.31338
2023-04-20,1C,22.525423,72.765663,1.6,Fallow,0.17852026224136353,False,-9.64568,-15.35525
2023-04-20,1D,22.525999,72.765663,4.3,Lemon,0.3799952268600464,False,-8.21415,-14.15616
2023-04-20,1E,22.525563,72.765399,2.8,Fallow,0.2441975176334381,False,-9.21949,-14.97651
2023-04-20,2A,22.52729,72.764707,27.4,Perl Millet,0.621453583240509,False,-8.19993,-18.87783
2023-04-20,2B,22.527874,72.764718,28.1,Perl Millet,0.5536453127861023,False,-8.94661,-17.33686
2023-04-20,2C,22.527854,72.764092,15.1,Fallow,0.2668066918849945,False,-11.73106,-16.32516
2023-04-20,2D,22.527369,72.764055,22.4,Fallow,0.28815022110939026,False,-9.4678,-20.71176
2023-04-20,2E,22.527544,72.764518,18.9,Perl Millet,0.5978308320045471,False,-10.43284,-18.92056
2023-04-20,3A,22.525921,72.762216,17.1,Fallow,0.19626161456108093,False,-5.86952,-15.82784
2023-04-20,3B,22.52584,72.762791,15.3,Fallow,0.13495153188705444,False,-9.39252,-16.45629
2023-04-20,3C,22.525384,72.762825,16.7,Fallow,0.11212129890918732,False,-7.64937,-16.4518
2023-04-20,3D,22.525408,72.762107,17.2,Fallow,0.11939437687397003,False,-9.96623,-13.75554
2023-04-20,3E,22.525592,72.762415,12.3666666666667,Fallow,0.10893286764621735,False,-8.59249,-14.81357
2023-04-20,4A,22.525937,72.760776,16.4,Fallow,0.1944013386964798,False,-10.2575,-15.26846
2023-04-20,4B,22.525981,72.760155,11.5,Fallow,0.1424008011817932,False,-11.13368,-20.16329
2023-04-20,4C,22.525355,72.760222,13.0,Fallow,0.1866503655910492,False,-12.30907,-18.12221
2023-04-20,4D,22.525455,72.760782,13.9,Fallow,0.1323457509279251,False,-12.65269,-16.64908
2023-04-20,4E,22.525639,72.760495,11.5666666666667,Fallow,0.16706609725952148,False,-13.74635,-18.87415
2023-04-20,5A,22.527575,72.759127,8.3,Fallow,0.1500529944896698,False,-9.14928,-16.28594
2023-04-20,5B,22.527161,72.759162,7.9,Fallow,0.12353496253490448,False,-12.04352,-16.52743
2023-04-20,5C,22.527168,72.759822,6.3,Fallow,0.12645845115184784,False,-11.57165,-17.94566
2023-04-20,5D,22.527736,72.759854,6.4,Fallow,0.1412820965051651,False,-8.7048,-19.8832
2023-04-20,5E,22.527454,72.759598,7.26666666666667,Fallow,0.13718056678771973,False,-11.02199,-20.45797
2023-04-20,6A,22.526732,72.757887,,,0.17226770520210266,False,-13.12643,-18.62002
2023-04-20,6B,22.526314,72.757891,,,0.20517314970493317,False,-9.67909,-20.94805
2023-04-20,6C,22.526244,72.757237,,,0.19460639357566833,False,-12.171,-18.20248
2023-04-20,6D,22.526763,72.757237,,,0.15618112683296204,False,-11.91137,-17.95824
2023-04-20,6E,22.526525,72.757638,0.0,,0.15246640145778656,False,-12.67345,-20.11899
2023-04-20,7A,22.527958,72.750395,16.4,Paddy,0.768231213092804,False,-11.7562,-15.25008
2023-04-20,7B,22.528433,72.750436,31.1,Paddy,0.7457230687141418,False,-7.80272,-18.62034
2023-04-20,7C,22.528529,72.751032,32.3,Paddy,0.616908073425293,False,-7.4974,-17.3916
2023-04-20,7D,22.527949,72.751069,44.1,Paddy,0.8099851012229919,False,-9.35592,-11.2428
2023-04-20,7E,22.528163,72.750758,40.0666666666667,Paddy,0.8322751522064209,False,-9.57783,-13.59843
2023-04-20,8A,22.526748,72.749919,14.2,Fallow,0.17311938107013702,False,-10.46127,-17.02879
2023-04-20,8B,22.526719,72.749468,12.6,Fallow,0.26280516386032104,False,-9.63905,-16.98398
2023-04-20,8C,22.526145,72.74949,16.7,Fallow,0.14173245429992676,False,-8.89347,-21.33182
2023-04-20,8D,22.526286,72.750055,15.1,Fallow,0.17213550209999084,False,-13.00412,-21.53505
2023-04-20,8E,22.526437,72.749791,13.0666666666667,Fallow,0.20866671204566956,False,-11.51228,-21.96943
2023-04-20,9A,22.527928,72.746618,16.2,Fallow,0.2375446856021881,False,-8.75682,-18.06771
2023-04-20,9B,22.527864,72.747112,16.5,Fallow,0.24896380305290222,False,-9.4657,-20.12779
2023-04-20,9C,22.528473,72.747142,6.6,Fallow,0.295392245054245,False,-8.70018,-17.92023
2023-04-20,9D,22.528502,72.746614,4.1,Fallow,0.1441701203584671,False,-6.5437,-14.77157
2023-04-20,9E,22.528209,72.746825,15.2666666666667,Fallow,0.16052331030368805,False,-7.83498,-19.31248
2023-04-20,10A,22.526665,72.746543,14.2,Maize,0.12226106226444244,False,-14.77777,-16.40226
2023-04-20,10B,22.526281,72.746567,19.4,Maize,0.26094329357147217,False,-9.25342,-18.14691
2023-04-20,10C,22.526099,72.747116,15.1,Fallow,0.15369813144207,False,-11.00686,-18.66616
2023-04-20,10D,22.526674,72.747171,13.4,Fallow,0.21083202958106995,False,-13.57658,-19.41325
2023-04-20,10E,22.52649,72.746891,15.6333333333333,Maize,0.22841008007526398,False,-11.22901,-17.66094
2023-04-20,11A,22.518984,72.749277,17.7,Fallow,0.2678070068359375,False,-12.4898,-15.43007
2023-04-20,11B,22.519441,72.749219,19.1,Fallow,0.23969604074954987,False,-10.35267,-23.32974
2023-04-20,11C,22.519529,72.748567,13.7,Fallow,0.21531470119953156,False,-9.62227,-19.02364
2023-04-20,11D,22.519041,72.748613,9.6,Fallow,0.29479578137397766,False,-9.85162,-17.16426
2023-04-20,11E,22.519199,72.748927,19.3333333333333,Fallow,0.2909870445728302,False,-10.89802,-16.97785
2023-04-20,12A,22.518535,72.746677,16.1,Fallow,0.12533627450466156,False,-8.46758,-17.81056
2023-04-20,12B,22.518013,72.746708,10.9,Fallow,0.19507578015327454,False,-10.96815,-16.11847
2023-04-20,12C,22.517941,72.747349,18.9,Fallow,0.26614564657211304,False,-12.37671,-19.99245
2023-04-20,12D,22.518535,72.74737,18.6,Perl Millet,0.2744356095790863,False,-9.95245,-16.72325
2023-04-20,12E,22.518272,72.747109,10.1,Fodder,0.1874403953552246,False,-10.39046,-17.63279
2023-04-20,13A,22.51777,72.752478,16.1,Fallow,0.29133012890815735,False,-8.11004,-20.45958
2023-04-20,13B,22.517764,72.753199,9.8,Fallow,0.23879598081111908,False,-7.65974,-22.82328
2023-04-20,13C,22.517261,72.753172,18.0,Perl Millet,0.500544011592865,False,-8.94481,-18.0926
2023-04-20,13D,22.517127,72.752548,25.2,Perl Millet,0.48611220717430115,False,-10.08608,-16.17819
2023-04-20,13E,22.517547,72.752847,20.2666666666667,Fallow,0.15589754283428192,False,-8.87369,-22.23991
2023-04-20,14A,22.515363,72.751239,9.8,Fallow,0.25746336579322815,False,-9.89721,-20.18686
2023-04-20,14B,22.515897,72.751233,7.6,Fallow,0.16274528205394745,False,-8.76022,-24.29739
2023-04-20,14C,22.515909,72.750612,6.2,Fallow,0.18890312314033508,False,-9.33478,-20.1129
2023-04-20,14D,22.51533,72.750642,7.1,Fallow,0.12743742763996124,False,-10.58796,-16.58006
2023-04-20,14E,22.515543,72.750935,7.36666666666667,Fallow,0.12048564106225967,False,-9.63174,-20.46664
2023-04-20,15A,22.515953,72.75545,9.4,Fallow,0.20531809329986572,False,-9.07433,-18.34596
2023-04-20,15B,22.515949,72.756128,7.2,Fallow,0.1867011934518814,False,-8.38483,-19.38255
2023-04-20,15C,22.515395,72.756042,6.1,Fallow,0.14387297630310059,False,-12.41676,-20.07839
2023-04-20,15D,22.515392,72.75548,7.7,Fallow,0.27503979206085205,False,-9.64515,-18.86558
2023-04-20,15E,22.515768,72.75581,8.16666666666667,Fallow,0.13823316991329193,False,-8.95288,-19.81762
2023-04-20,16A,22.509924,72.774006,22.6,Chickori,0.4535849094390869,False,-9.12458,-13.70238
2023-04-20,16B,22.509328,72.774041,12.8,Chickori,0.3640584647655487,False,-8.10472,-13.26837
2023-04-20,16C,22.50929,72.774752,33.0,Chickori,0.30687958002090454,False,-10.35881,-15.1596
2023-04-20,16D,22.509753,72.77471,35.2,Chickori,0.24076561629772186,False,-8.79314,-17.56527
2023-04-20,16E,22.509581,72.774453,30.4,Chickori,0.5790697336196899,False,-11.26179,-17.99349
2023-04-20,17A,22.508014,72.772291,35.1,Perl Millet,0.4567166268825531,False,-9.28358,-16.72351
2023-04-20,17B,22.508111,72.772801,35.2,Perl Millet,0.5390541553497314,False,-7.51367,-17.17701
2023-04-20,17C,22.507532,72.772595,21.7,Perl Millet,0.46757879853248596,False,-8.413,-14.82572
2023-04-20,17D,22.507484,72.772119,9.4,Perl Millet,0.6862735152244568,False,-10.40472,-16.67539
2023-04-20,17E,22.50785,72.772474,31.0333333333333,Perl Millet,0.3074565529823303,False,-6.89782,-15.81969
2023-04-20,18A,22.510282,72.771327,,,0.47730448842048645,False,-7.71546,-14.41095
2023-04-20,18B,22.510154,72.771792,,,0.25715371966362,False,-10.11177,-16.72501
2023-04-20,18C,22.510732,72.771577,,,0.4397200047969818,False,-8.24195,-15.55544
2023-04-20,18D,22.510569,72.771293,,,0.45220205187797546,False,-8.60839,-16.88494
2023-04-20,18E,22.510473,72.771515,0.0,,0.4343418776988983,False,-9.43506,-15.77922
2023-04-20,19A,22.505576,72.76343,21.2,Perl Millet,0.3926791250705719,False,-9.1237,-17.2709
2023-04-20,19B,22.505581,72.764064,6.7,Fallow,0.19840164482593536,False,-11.51835,-16.98093
2023-04-20,19C,22.505961,72.764083,6.9,Fallow,0.2016626000404358,False,-8.94697,-12.80782
2023-04-20,19D,22.506133,72.763434,12.1,Perl Millet,0.13695259392261505,False,-11.23339,-14.44374
2023-04-20,19E,22.505784,72.763859,7.4,Fallow,0.3252611458301544,False,-10.14497,-15.57308
2023-04-20,20A,22.505233,72.763051,5.2,Fallow,0.18895570933818817,False,-6.97868,-12.11393
2023-04-20,20B,22.50465,72.763111,3.1,Fallow,0.2628255784511566,False,-11.0799,-16.19341
2023-04-20,20C,22.504626,72.762487,7.1,Fallow,0.33334019780158997,False,-8.44532,-12.24115
2023-04-20,20D,22.505225,72.762441,6.2,Fallow,0.2707732915878296,False,-6.77393,-13.54384
2023-04-20,20E,22.504991,72.762739,7.36666666666667,Fallow,0.16921213269233704,False,-7.52514,-14.47708
2023-04-20,21A,22.502812,72.762127,4.5,Fallow,0.441660076379776,False,-4.44817,-12.27366
2023-04-20,21B,22.502834,72.761572,39.1,Perl Millet,0.5349480509757996,False,-7.03014,-15.63455
2023-04-20,21C,22.503324,72.761544,34.8,Perl Millet,0.4940507709980011,False,-12.08529,-16.14222
2023-04-20,21D,22.503423,72.762158,16.5,Perl Millet,0.37051233649253845,False,-7.39161,-13.81944
2023-04-20,21E,22.503156,72.761872,38.0,Perl Millet,0.5155168175697327,False,-8.94634,-14.64734
2023-04-20,22A,22.512449,72.761352,9.5,Perl Millet,0.8105061650276184,False,-8.0358,-15.59208
2023-04-20,22B,22.512453,72.761967,11.9,Perl Millet,0.13632507622241974,False,-8.53849,-16.88264
2023-04-20,22C,22.511898,72.761975,16.1,Perl Millet,0.8024072051048279,False,-10.07334,-15.20282
2023-04-20,22D,22.511855,72.761373,9.1,Fallow,0.6784712076187134,False,-8.02592,-17.34644
2023-04-20,22E,22.512015,72.761676,13.7,Perl Millet,0.8157052993774414,False,-9.76275,-15.27559
2023-04-20,23A,22.514247,72.763284,6.7,Fallow,0.09822037816047668,False,-11.06701,-15.54445
2023-04-20,23B,22.51377,72.763369,11.3,Fallow,0.09872833639383316,False,-10.98505,-18.08996
2023-04-20,23C,22.513729,72.763922,13.2,Fallow,0.09250133484601974,False,-10.55756,-18.14134
2023-04-20,23D,22.514213,72.763909,17.2,Perl Millet,0.37369754910469055,False,-10.25137,-16.58471
2023-04-20,23E,22.513938,72.763678,12.2333333333333,Fallow,0.11648227274417877,False,-10.3858,-16.69823
2023-04-20,24A,22.514666,72.762935,10.3,Perl Millet,0.7320621013641357,False,-9.72612,-16.33301
2023-04-20,24B,22.514581,72.762408,18.7,Perl Millet,0.6156987547874451,False,-9.78805,-17.71266
2023-04-20,24C,22.515133,72.762345,6.1,Fallow,0.7550339102745056,False,-8.40458,-15.94226
2023-04-20,24D,22.515104,72.762909,13.3,Perl Millet,0.7829785943031311,False,-8.50229,-17.00877
2023-04-20,24E,22.514946,72.762661,12.6333333333333,Perl Millet,0.7878402471542358,False,-6.83026,-16.07704
2023-04-20,25A,22.513455,72.765917,4.3,Fallow,0.13750125467777252,False,-8.27888,-14.17301
2023-04-20,25B,22.512796,72.765908,13.6,Perl Millet,0.7392300963401794,False,-6.90769,-13.29306
2023-04-20,25C,22.512796,72.765185,35.6,Perl Millet,0.6131064891815186,False,-6.20874,-14.10602
2023-04-20,25D,22.513408,72.765196,16.5,Fallow,0.4286215603351593,False,-7.90551,-14.83405
2023-04-20,25E,22.513116,72.765588,6.2,Fallow,0.1461593210697174,False,-8.66599,-15.61931
2023-04-20,26A,22.520103,72.766083,9.7,Fallow,0.23853203654289246,False,-6.67121,-16.79281
2023-04-20,26B,22.520661,72.766068,3.8,Perl Millet,0.6487449407577515,False,-5.84262,-15.35538
2023-04-20,26C,22.520655,72.766749,12.4,Fallow,0.5529778003692627,False,-9.36215,-21.95996
2023-04-20,26D,22.520125,72.766746,30.7,Perl Millet,0.1683041751384735,False,-8.36788,-15.60489
2023-04-20,26E,22.520285,72.766488,12.4666666666667,Fallow,0.20506185293197632,False,-7.26091,-14.82165
2023-04-20,27A,22.521854,72.766591,6.2,Fallow,0.21704252064228058,False,-9.02968,-18.88471
2023-04-20,27B,22.521859,72.766132,7.3,Fallow,0.24539253115653992,False,-10.80033,-16.52202
2023-04-20,27C,22.522409,72.766261,8.1,Fallow,0.2040105015039444,False,-11.62963,-17.45524
2023-04-20,27D,22.522381,72.76673,8.2,Fallow,0.13897496461868286,False,-11.13305,-17.63522
2023-04-20,27E,22.522201,72.766434,7.96666666666667,Fallow,0.17435403168201447,False,-10.09761,-19.21026
2023-04-20,28A,22.523697,72.767969,7.7,Fallow,0.1857270449399948,False,-7.36068,-16.18182
2023-04-20,28B,22.52371,72.768582,3.3,Fallow,0.17048077285289764,False,-8.34078,-15.64833
2023-04-20,28C,22.524262,72.768629,18.5,Perl Millet,0.744539201259613,False,-6.53515,-13.78363
2023-04-20,28D,22.524252,72.767989,29.7,Perl Millet,0.7903613448143005,False,-9.69259,-17.64169
2023-04-20,28E,22.524049,72.768361,19.1333333333333,Perl Millet,0.7411378622055054,False,-6.12175,-13.34397
2023-04-20,29A,22.52364,72.766727,,,0.2177717089653015,False,-10.5196,-15.09562
2023-04-20,29B,22.523657,72.766016,,,0.12133333086967468,False,-8.83722,-17.12799
2023-04-20,29C,22.524255,72.766024,,,0.16582918167114258,False,-11.04818,-18.02311
2023-04-20,29D,22.524229,72.766601,,,0.13870994746685028,False,-8.77927,-15.75354
2023-04-20,29E,22.524027,72.766357,0.0,,0.1631934940814972,False,-8.79656,-17.12029
2023-05-07,1A,22.526048,72.765011,9.7,Perl Millet,0.6885560750961304,False,-11.81931,-15.82782
2023-05-07,1B,22.525481,72.765028,3.6,Lemon,0.14398489892482758,False,-9.55444,-15.40672
2023-05-07,1C,22.525423,72.765663,29.8,Fallow,0.21756349503993988,False,-8.49574,-15.29254
2023-05-07,1D,22.525999,72.765663,5.9,Fallow,0.4034973978996277,False,-11.02725,-15.01579
2023-05-07,1E,22.525563,72.765399,23.1666666666667,Fallow,0.3039396405220032,False,-8.85216,-16.34756
2023-05-07,2A,22.52729,72.764707,18.2,Perl Millet,0.7552195191383362,False,-8.68768,-17.92505
2023-05-07,2B,22.527874,72.764718,13.7,Perl Millet,0.7384373545646667,False,-10.82765,-16.71366
2023-05-07,2C,22.527854,72.764092,6.4,Perl Millet,0.1770690232515335,False,-8.08608,-18.78204
2023-05-07,2D,22.527369,72.764055,5.7,Perl Millet,0.2040078341960907,False,-11.73934,-17.07287
2023-05-07,2E,22.527544,72.764518,10.9,Perl Millet,0.6487837433815002,False,-8.5621,-18.43331
2023-05-07,3A,22.525921,72.762216,18.2,Fallow,0.19669780135154724,False,-10.13278,-14.68989
2023-05-07,3B,22.52584,72.762791,2.9,Fallow,0.12517674267292023,False,-7.67497,-18.02937
2023-05-07,3C,22.525384,72.762825,3.2,Fallow,0.09450248628854752,False,-9.49269,-19.5737
2023-05-07,3D,22.525408,72.762107,15.2,Fallow,0.0966959074139595,False,-7.64437,-16.20923
2023-05-07,3E,22.525592,72.762415,2.5,Fallow,0.08917974680662155,False,-7.29612,-17.31333
2023-05-07,4A,22.525937,72.760776,8.0,Fallow,0.15303364396095276,False,-9.7773,-17.29109
2023-05-07,4B,22.525981,72.760155,9.6,Fallow,0.11054766923189163,False,-10.86729,-20.66976
2023-05-07,4C,22.525355,72.760222,7.2,Fallow,0.1847495585680008,False,-12.33313,-19.77272
2023-05-07,4D,22.525455,72.760782,44.6,Fallow,0.19477567076683044,False,-11.80557,-17.75042
2023-05-07,4E,22.525639,72.760495,4.2,Fallow,0.14504337310791016,False,-10.68872,-18.70944
2023-05-07,5A,22.527575,72.759127,7.8,Fallow,0.11137847602367401,False,-10.6596,-19.78627
2023-05-07,5B,22.527161,72.759162,5.7,Fallow,0.09510591626167297,False,-12.07464,-17.12676
2023-05-07,5C,22.527168,72.759822,6.2,Fallow,0.10418685525655746,False,-9.73406,-18.31916
2023-05-07,5D,22.527736,72.759854,7.1,Fallow,0.1099976971745491,False,-13.73697,-19.3535
2023-05-07,5E,22.527454,72.759598,6.76666666666667,Fallow,0.11906398087739944,False,-13.46296,-20.25111
2023-05-07,6A,22.526732,72.757887,7.4,Fallow,0.1503368318080902,False,-11.06205,-17.52365
2023-05-07,6B,22.526314,72.757891,7.9,Fallow,0.18403510749340057,False,-11.12482,-18.04749
2023-05-07,6C,22.526244,72.757237,7.3,Fallow,0.15471091866493225,False,-11.57439,-20.52464
2023-05-07,6D,22.526763,72.757237,6.7,Fallow,0.14929190278053284,False,-9.41299,-17.3895
2023-05-07,6E,22.526525,72.757638,7.46666666666667,Fallow,0.13693752884864807,False,-10.29658,-18.95568
2023-05-07,7A,22.527958,72.750395,5.8,Paddy,0.4846641421318054,False,-8.80446,-17.79013
2023-05-07,7B,22.528433,72.750436,19.1,Paddy,0.43904006481170654,False,-9.67769,-16.60198
2023-05-07,7C,22.528529,72.751032,10.5,Paddy,0.2846369445323944,False,-7.77674,-17.36491
2023-05-07,7D,22.527949,72.751069,18.7,Paddy,0.5290780067443848,False,-9.26227,-18.17236
2023-05-07,7E,22.528163,72.750758,18.0666666666667,Paddy,0.5210978388786316,False,-9.87786,-19.2689
2023-05-07,8A,22.526748,72.749919,3.8,Fallow,0.1477382779121399,False,-11.35662,-18.0677
2023-05-07,8B,22.526719,72.749468,5.1,Fallow,0.26465904712677,False,-7.81726,-16.18824
2023-05-07,8C,22.526145,72.74949,6.2,Fallow,0.11904849112033844,False,-9.68076,-15.58033
2023-05-07,8D,22.526286,72.750055,7.4,Fallow,0.15252818167209625,False,-13.50497,-18.19119
2023-05-07,8E,22.526437,72.749791,8.26666666666667,Fallow,0.18681834638118744,False,-11.64754,-15.12892
2023-05-07,9A,22.527928,72.746618,6.2,Fallow,0.21634449064731598,False,-10.10692,-18.50116
2023-05-07,9B,22.527864,72.747112,5.8,Fallow,0.23115789890289307,False,-6.83816,-19.46175
2023-05-07,9C,22.528473,72.747142,3.8,Fallow,0.28881940245628357,False,-10.93372,-20.01041
2023-05-07,9D,22.528502,72.746614,3.9,Fallow,0.11726690828800201,False,-9.78268,-15.34658
2023-05-07,9E,22.528209,72.746825,6.8,Fallow,0.1307080090045929,False,-9.98394,-18.07798
2023-05-07,10A,22.526665,72.746543,8.5,Fallow,0.28770557045936584,False,-10.14256,-20.37755
2023-05-07,10B,22.526281,72.746567,11.4,Fallow,0.5558944344520569,False,-15.02101,-17.2268
2023-05-07,10C,22.526099,72.747116,5.1,Fallow,0.12468430399894714,False,-10.58067,-16.1342
2023-05-07,10D,22.526674,72.747171,14.1,Fodder,0.4105559289455414,False,-12.35492,-16.92419
2023-05-07,10E,22.52649,72.746891,13.5666666666667,Fodder,0.5628460049629211,False,-12.94031,-16.70495
2023-05-07,11A,22.518984,72.749277,9.3,Fallow,0.19520829617977142,False,-10.71853,-16.79739
2023-05-07,11B,22.519441,72.749219,17.1,Fallow,0.19717372953891754,False,-11.56785,-20.05263
2023-05-07,11C,22.519529,72.748567,8.8,Fallow,0.19942569732666016,False,-8.31874,-16.10224
2023-05-07,11D,22.519041,72.748613,6.9,Fallow,0.23190128803253174,False,-9.94707,-20.02201
2023-05-07,11E,22.519199,72.748927,6.53333333333333,Fallow,0.21531306207180023,False,-10.55756,-20.21476
2023-05-07,12A,22.518535,72.746677,4.7,Fallow,0.1288195699453354,False,-8.21267,-16.59742
2023-05-07,12B,22.518013,72.746708,3.6,Fallow,0.13993984460830688,False,-8.30339,-15.80354
2023-05-07,12C,22.517941,72.747349,19.5,Fallow,0.5142839550971985,False,-11.27394,-16.26287
2023-05-07,12D,22.518535,72.74737,7.1,Fodder,0.327839732170105,False,-8.87558,-15.28992
2023-05-07,12E,22.518272,72.747109,12.3,Fodder,0.1634143888950348,False,-11.22754,-17.53852
2023-05-07,13A,22.51777,72.752478,6.7,Perl Millet,0.3679015338420868,False,-7.49894,-12.51896
2023-05-07,13B,22.517764,72.753199,15.1,Perl Millet,0.2986914813518524,False,-11.00953,-25.35855
2023-05-07,13C,22.517261,72.753172,8.3,Fallow,0.7425824403762817,False,-9.93137,-17.52361
2023-05-07,13D,22.517127,72.752548,7.5,Fallow,0.7607942819595337,False,-11.76035,-15.95107
2023-05-07,13E,22.517547,72.752847,12.3666666666667,Fallow,0.14453105628490448,False,-10.00562,-17.55512
2023-05-07,14A,22.515363,72.751239,7.3,Fallow,0.23552343249320984,False,-11.59285,-19.06809
2023-05-07,14B,22.515897,72.751233,6.7,Fallow,0.14214132726192474,False,-7.91563,-13.8029
2023-05-07,14C,22.515909,72.750612,7.2,Fallow,0.1797119677066803,False,-9.30101,-16.79701
2023-05-07,14D,22.51533,72.750642,7.1,Fallow,0.11453218013048172,False,-11.2479,-16.58111
2023-05-07,14E,22.515543,72.750935,6.96666666666667,Fallow,0.10344981402158737,False,-10.25707,-16.90699
2023-05-07,15A,22.515953,72.75545,3.7,Fallow,0.18220654129981995,False,-14.19664,-16.4906
2023-05-07,15B,22.515949,72.756128,6.5,Fallow,0.17364318668842316,False,-11.4325,-18.08727
2023-05-07,15C,22.515395,72.756042,4.9,Fallow,0.12563364207744598,False,-10.01446,-19.09438
2023-05-07,15D,22.515392,72.75548,50.0,Fallow,0.24612991511821747,False,-10.33215,-18.82207
2023-05-07,15E,22.515768,72.75581,7.16666666666667,Fallow,0.13770857453346252,False,-9.98365,-17.22269
2023-05-07,16A,22.509924,72.774006,5.3,Fallow,0.142343670129776,False,-9.96243,-12.73853
2023-05-07,16B,22.509328,72.774041,11.9,Fallow,0.25827568769454956,False,-12.91104,-16.85854
2023-05-07,16C,22.50929,72.774752,5.2,Fallow,0.45684120059013367,False,-7.72607,-21.40274
2023-05-07,16D,22.509753,72.77471,12.3,Fallow,0.6410648822784424,False,-8.40758,-17.53756
2023-05-07,16E,22.509581,72.774453,12.0,Fallow,0.15975278615951538,False,-6.89322,-18.21262
2023-05-07,17A,22.508014,72.772291,22.5,Perl Millet,0.6105360388755798,False,-5.38487,-14.7077
2023-05-07,17B,22.508111,72.772801,36.6,Perl Millet,0.757735550403595,False,-11.15021,-15.0883
2023-05-07,17C,22.507532,72.772595,32.7,Perl Millet,0.7267469167709351,False,-7.40346,-14.93471
2023-05-07,17D,22.507484,72.772119,8.8,Perl Millet,0.788174569606781,False,-6.79264,-14.5378
2023-05-07,17E,22.50785,72.772474,10.5333333333333,Perl Millet,0.4435570538043976,False,-8.18369,-15.42793
2023-05-07,18A,22.510282,72.771327,,,0.763679027557373,False,-8.20617,-13.53218
2023-05-07,18B,22.510154,72.771792,,,0.7636585831642151,False,-5.74371,-14.00053
2023-05-07,18C,22.510732,72.771577,,,0.6897769570350647,False,-8.11592,-15.55176
2023-05-07,18D,22.510569,72.771293,,,0.7444814443588257,False,-10.46314,-12.39797
2023-05-07,18E,22.510473,72.771515,0.0,,0.785911500453949,False,-10.97179,-12.16354
2023-05-07,19A,22.505576,72.76343,16.4,Perl Millet,0.5380748510360718,False,-6.73145,-17.20118
2023-05-07,19B,22.505581,72.764064,8.1,Fallow,0.16859257221221924,False,-8.30284,-14.09194
2023-05-07,19C,22.505961,72.764083,9.1,Fallow,0.17572711408138275,False,-10.30924,-15.83813
2023-05-07,19D,22.506133,72.763434,7.3,Fallow,0.1303868293762207,False,-10.21729,-17.03273
2023-05-07,19E,22.505784,72.763859,7.1,Fallow,0.3089296519756317,False,-8.4213,-15.53871
2023-05-07,20A,22.505233,72.763051,3.2,Fallow,0.14592422544956207,False,-6.36246,-17.21579
2023-05-07,20B,22.50465,72.763111,6.1,Fallow,0.2456447184085846,False,-12.74794,-17.56132
2023-05-07,20C,22.504626,72.762487,7.8,Fallow,0.2840588092803955,False,-8.74039,-16.46984
2023-05-07,20D,22.505225,72.762441,4.2,Fallow,0.35098060965538025,False,-7.6575,-13.11639
2023-05-07,20E,22.504991,72.762739,6.43333333333333,Fallow,0.13651278614997864,False,-8.44988,-15.69015
2023-05-07,21A,22.502812,72.762127,7.9,Fallow,0.6006487607955933,False,-7.11793,-12.91434
2023-05-07,21B,22.502834,72.761572,28.9,Perl Millet,0.7285169363021851,False,-10.72732,-14.06842
2023-05-07,21C,22.503324,72.761544,38.5,Perl Millet,0.7134955525398254,False,-9.04471,-14.90256
2023-05-07,21D,22.503423,72.762158,26.9,Perl Millet,0.336314857006073,False,-8.03555,-14.24233
2023-05-07,21E,22.503156,72.761872,35.7666666666667,Perl Millet,0.7668805718421936,False,-8.59127,-13.30504
2023-05-07,22A,22.512449,72.761352,30.3,Perl Millet,0.7698160409927368,False,-6.4973,-15.97604
2023-05-07,22B,22.512453,72.761967,32.0,Perl Millet,0.1429724246263504,False,-9.28497,-13.02534
2023-05-07,22C,22.511898,72.761975,34.7,Perl Millet,0.7780362367630005,False,-7.22109,-14.97562
2023-05-07,22D,22.511855,72.761373,7.8,Fallow,0.8154539465904236,False,-8.14316,-17.5295
2023-05-07,22E,22.512015,72.761676,38.6333333333333,Perl Millet,0.7816320657730103,False,-6.71815,-14.15351
2023-05-07,23A,22.514247,72.763284,27.1,Perl Millet,0.17797577381134033,False,-9.64249,-14.68928
2023-05-07,23B,22.51377,72.763369,50.0,Perl Millet,0.15301278233528137,False,-5.11058,-18.38829
2023-05-07,23C,22.513729,72.763922,50.0,Perl Millet,0.18195635080337524,False,-3.17664,-14.32142
2023-05-07,23D,22.514213,72.763909,21.0,Fodder,0.6452237963676453,False,-7.3575,-13.3391
2023-05-07,23E,22.513938,72.763678,50.0,Fallow,0.23086293041706085,False,-4.30267,-13.83904
2023-05-07,24A,22.514666,72.762935,29.6,Perl Millet,0.6647191047668457,False,-8.01984,-13.66179
2023-05-07,24B,22.514581,72.762408,32.5,Perl Millet,0.5731818675994873,False,-9.1248,-16.71117
2023-05-07,24C,22.515133,72.762345,12.1,Fallow,0.7411090135574341,False,-8.13828,-18.07337
2023-05-07,24D,22.515104,72.762909,29.6,Perl Millet,0.741658091545105,False,-6.5124,-13.74376
2023-05-07,24E,22.514946,72.762661,29.9333333333333,Perl Millet,0.7607195973396301,False,-8.92138,-16.10449
2023-05-07,25A,22.513455,72.765917,19.7,Fallow,0.11912006139755249,False,-8.72523,-19.16424
2023-05-07,25B,22.512796,72.765908,40.4,Perl Millet,0.7106648087501526,False,-8.82677,-16.67533
2023-05-07,25C,22.512796,72.765185,18.8,Perl Millet,0.7908620238304138,False,-7.12499,-15.6587
2023-05-07,25D,22.513408,72.765196,13.6,Fallow,0.1648058444261551,False,-7.7127,-18.1656
2023-05-07,25E,22.513116,72.765588,14.3333333333333,Fallow,0.1294153332710266,False,-8.62552,-15.82983
2023-05-07,26A,22.520103,72.766083,12.7,Fallow,0.18463408946990967,False,-8.02409,-13.62486
2023-05-07,26B,22.520661,72.766068,31.9,Fallow,0.784684956073761,False,-11.9958,-15.62525
2023-05-07,26C,22.520655,72.766749,14.1,Fallow,0.7775920629501343,False,-10.02929,-16.84146
2023-05-07,26D,22.520125,72.766746,23.0,Perl Millet,0.15638446807861328,False,-9.01711,-17.09969
2023-05-07,26E,22.520285,72.766488,12.4333333333333,Fallow,0.22334137558937073,False,-7.78954,-16.20853
2023-05-07,27A,22.521854,72.766591,6.2,Fallow,0.22097013890743256,False,-9.06885,-17.96184
2023-05-07,27B,22.521859,72.766132,7.3,Fallow,0.22984758019447327,False,-8.27599,-19.12009
2023-05-07,27C,22.522409,72.766261,6.9,Fallow,0.19354447722434998,False,-10.10909,-19.18071
2023-05-07,27D,22.522381,72.76673,5.2,Fallow,0.1265278160572052,False,-9.35134,-18.43408
2023-05-07,27E,22.522201,72.766434,9.7,Fallow,0.15453170239925385,False,-8.75491,-17.21376
2023-05-07,28A,22.523697,72.767969,16.8,Fallow,0.1525120586156845,False,-11.22916,-17.05475
2023-05-07,28B,22.52371,72.768582,12.3,Fallow,0.13051730394363403,False,-5.45131,-16.5076
2023-05-07,28C,22.524262,72.768629,21.9,Perl Millet,0.8049471378326416,False,-9.48685,-16.953
2023-05-07,28D,22.524252,72.767989,16.7,Perl Millet,0.8174697756767273,False,-10.91676,-14.30651
2023-05-07,28E,22.524049,72.768361,22.7333333333333,Perl Millet,0.7949789762496948,False,-7.55717,-16.68018
2023-05-07,29A,22.52364,72.766727,13.6,Fallow,0.22206231951713562,False,-12.90196,-17.77724
2023-05-07,29B,22.523657,72.766016,13.9,Fallow,0.11057330667972565,False,-11.61592,-18.22669
2023-05-07,29C,22.524255,72.766024,16.6,Fallow,0.1546812653541565,False,-8.26109,-15.43479
2023-05-07,29D,22.524229,72.766601,14.6,Fallow,0.11153537780046463,False,-8.96775,-18.53199
2023-05-07,29E,22.524027,72.766357,13.2333333333333,Fallow,0.1236669272184372,False,-8.63474,-17.6473
2023-05-24,1A,22.526048,72.765011,6.3,Fallow,0.15841685235500336,False,-8.51928,-14.27861
2023-05-24,1B,22.525481,72.765028,8.4,Lemon,0.13167160749435425,False,-10.5337,-17.0563
2023-05-24,1C,22.525423,72.765663,11.1,Chickori,0.15703514218330383,False,-9.88471,-17.01366
2023-05-24,1D,22.525999,72.765663,10.4,Fallow,0.34376364946365356,False,-9.95405,-17.00266
2023-05-24,1E,22.525563,72.765399,12.2,Fallow,0.19349299371242523,False,-9.01961,-17.70872
2023-05-24,2A,22.52729,72.764707,25.3,Perl Millet,0.5849988460540771,False,-8.2606,-17.58467
2023-05-24,2B,22.527874,72.764718,24.2,Perl Millet,0.5226853489875793,False,-12.29155,-18.39013
2023-05-24,2C,22.527854,72.764092,18.7,Fallow,0.18162138760089874,False,-12.92488,-18.52958
2023-05-24,2D,22.527369,72.764055,5.6,Fallow,0.19955788552761078,False,-12.7389,-20.5879
2023-05-24,2E,22.527544,72.764518,24.8,Fallow,0.4806174039840698,False,-9.62751,-20.15304
2023-05-24,3A,22.525921,72.762216,7.9,Fallow,0.168675497174263,False,-13.44539,-15.19958
2023-05-24,3B,22.52584,72.762791,8.2,Fallow,0.12274102121591568,False,-9.70283,-16.83706
2023-05-24,3C,22.525384,72.762825,7.1,Fallow,0.11099616438150406,False,-9.63891,-18.28604
2023-05-24,3D,22.525408,72.762107,7.3,Fallow,0.11834844946861267,False,-8.18604,-20.4146
2023-05-24,3E,22.525592,72.762415,8.13333333333333,Fallow,0.08969555795192719,False,-9.29699,-16.71435
2023-05-24,4A,22.525937,72.760776,6.8,Fallow,0.20431366562843323,False,-8.97837,-18.89408
2023-05-24,4B,22.525981,72.760155,8.8,Fallow,0.15879526734352112,False,-9.99465,-19.48081
2023-05-24,4C,22.525355,72.760222,8.9,Fallow,0.18723930418491364,False,-11.48611,-18.32698
2023-05-24,4D,22.525455,72.760782,6.7,Fallow,0.1288377344608307,False,-11.9705,-20.53896
2023-05-24,4E,22.525639,72.760495,8.8,Fallow,0.14735303819179535,False,-10.41186,-19.0963
2023-05-24,5A,22.527575,72.759127,7.0,Fallow,0.14068636298179626,False,-12.91523,-19.62489
2023-05-24,5B,22.527161,72.759162,8.5,Fallow,0.13219797611236572,False,-13.65618,-20.30301
2023-05-24,5C,22.527168,72.759822,8.5,Fallow,0.13505972921848297,False,-9.99721,-20.09301
2023-05-24,5D,22.527736,72.759854,7.9,Fallow,0.1506970077753067,False,-12.39714,-19.4477
2023-05-24,5E,22.527454,72.759598,7.53333333333333,Fallow,0.1458963304758072,False,-15.65112,-20.38011
2023-05-24,6A,22.526732,72.757887,6.0,Fallow,0.18037915229797363,False,-9.78236,-18.79927
2023-05-24,6B,22.526314,72.757891,5.4,Fallow,0.20860393345355988,False,-13.16346,-19.09692
2023-05-24,6C,22.526244,72.757237,3.2,Fallow,0.1376771479845047,False,-11.22349,-20.00375
2023-05-24,6D,22.526763,72.757237,3.7,Fallow,0.1567886769771576,False,-11.25086,-16.93407
2023-05-24,6E,22.526525,72.757638,6.2,Fallow,0.14647911489009857,False,-10.48338,-19.32631
2023-05-24,7A,22.527958,72.750395,2.5,Fallow,0.14791767299175262,False,-10.47203,-18.69562
2023-05-24,7B,22.528433,72.750436,3.5,Fallow,0.13399946689605713,False,-8.54275,-15.13929
2023-05-24,7C,22.528529,72.751032,7.9,Fallow,0.13595975935459137,False,-10.24749,-19.14128
2023-05-24,7D,22.527949,72.751069,7.2,Fallow,0.12392997741699219,False,-10.85333,-19.23387
2023-05-24,7E,22.528163,72.750758,6.93333333333333,Fallow,0.1370733231306076,False,-10.75128,-20.43515
2023-05-24,8A,22.526748,72.749919,6.8,Fallow,0.13951849937438965,False,-14.40952,-18.52021
2023-05-24,8B,22.526719,72.749468,6.4,Fallow,0.22554297745227814,False,-12.91798,-15.95875
2023-05-24,8C,22.526145,72.74949,5.8,Fallow,0.1152915358543396,False,-11.27524,-16.59059
2023-05-24,8D,22.526286,72.750055,4.5,Fallow,0.14758746325969696,False,-12.49643,-18.914
2023-05-24,8E,22.526437,72.749791,5.76666666666667,Fallow,0.1577608287334442,False,-12.68103,-18.61378
2023-05-24,9A,22.527928,72.746618,5.8,Fallow,0.20102420449256897,False,-9.69555,-17.24161
2023-05-24,9B,22.527864,72.747112,5.4,Fallow,0.19925382733345032,False,-11.09046,-19.56469
2023-05-24,9C,22.528473,72.747142,3.7,Fallow,0.2622414231300354,False,-9.31957,-17.15849
2023-05-24,9D,22.528502,72.746614,1.2,Fallow,0.1198025792837143,False,-7.71057,-14.12646
2023-05-24,9E,22.528209,72.746825,6.9,Fallow,0.14588001370429993,False,-8.77439,-18.42246
2023-05-24,10A,22.526665,72.746543,9.0,Grass,0.5687133073806763,False,-9.34459,-17.93576
2023-05-24,10B,22.526281,72.746567,50.0,Grass,0.7119888663291931,False,-7.80977,-16.86535
2023-05-24,10C,22.526099,72.747116,4.2,Fallow,0.150167778134346,False,-9.57489,-17.70514
2023-05-24,10D,22.526674,72.747171,16.7,Grass,0.6960312724113464,False,-11.13255,-16.57762
2023-05-24,10E,22.52649,72.746891,15.2,Grass,0.7324125170707703,False,-9.2002,-16.41832
2023-05-24,11A,22.518984,72.749277,4.2,Fallow,0.17374096810817719,False,-9.01717,-19.75775
2023-05-24,11B,22.519441,72.749219,5.1,Fallow,0.20765210688114166,False,-11.38892,-20.43508
2023-05-24,11C,22.519529,72.748567,3.9,Fallow,0.23110535740852356,False,-10.50425,-19.55395
2023-05-24,11D,22.519041,72.748613,4.8,Fallow,0.21693481504917145,False,-9.52308,-17.21817
2023-05-24,11E,22.519199,72.748927,5.63333333333333,Fallow,0.1655513197183609,False,-8.9139,-17.69281
2023-05-24,12A,22.518535,72.746677,3.8,Fallow,0.14105400443077087,False,-11.35466,-19.16644
2023-05-24,12B,22.518013,72.746708,19.2,Perl Millet,0.2122078537940979,False,-7.42196,-15.55066
2023-05-24,12C,22.517941,72.747349,20.8,Perl Millet,0.675864040851593,False,-7.89668,-18.04083
2023-05-24,12D,22.518535,72.74737,50.0,Fodder,0.5105909109115601,False,-8.12043,-18.51093
2023-05-24,12E,22.518272,72.747109,7.4,Fallow,0.1814751923084259,False,-7.16783,-18.54107
2023-05-24,13A,22.51777,72.752478,6.8,Fallow,0.4327698349952698,False,-9.54866,-15.36225
2023-05-24,13B,22.517764,72.753199,6.7,Fallow,0.22925491631031036,False,-9.56454,-19.53186
2023-05-24,13C,22.517261,72.753172,21.4,Perl Millet,0.5684207677841187,False,-7.81183,-12.84159
2023-05-24,13D,22.517127,72.752548,20.4,Perl Millet,0.6246055364608765,False,-7.6944,-14.55334
2023-05-24,13E,22.517547,72.752847,10.3,Fallow,0.16576488316059113,False,-7.69168,-16.07112
2023-05-24,14A,22.515363,72.751239,9.1,Fallow,0.2768411338329315,False,-10.46143,-18.59533
2023-05-24,14B,22.515897,72.751233,8.2,Fallow,0.16299021244049072,False,-8.25762,-18.06697
2023-05-24,14C,22.515909,72.750612,7.8,Fallow,0.16971825063228607,False,-10.65867,-12.89579
2023-05-24,14D,22.51533,72.750642,7.1,Fallow,0.1288193017244339,False,-7.34198,-13.36101
2023-05-24,14E,22.515543,72.750935,9.93333333333333,Fallow,0.11443497240543365,False,-8.56563,-15.61607
2023-05-24,15A,22.515953,72.75545,8.4,Fallow,0.18978764116764069,False,-11.66678,-17.51916
2023-05-24,15B,22.515949,72.756128,7.4,Fallow,0.1929902285337448,False,-10.67139,-19.22941
2023-05-24,15C,22.515395,72.756042,7.1,Fallow,0.14815720915794373,False,-9.13588,-21.48727
2023-05-24,15D,22.515392,72.75548,6.9,Fallow,0.22234466671943665,False,-9.58959,-18.67389
2023-05-24,15E,22.515768,72.75581,7.8,Fallow,0.14449559152126312,False,-9.89015,-20.72469
2023-05-24,16A,22.509924,72.774006,5.7,Fallow,0.17311331629753113,False,-9.84308,-17.96756
2023-05-24,16B,22.509328,72.774041,4.9,Fallow,0.19386330246925354,False,-11.46021,-21.9882
2023-05-24,16C,22.50929,72.774752,6.1,Fallow,0.49546876549720764,False,-8.03045,-17.87206
2023-05-24,16D,22.509753,72.77471,6.4,Fallow,0.6817328929901123,False,-10.75034,-16.15504
2023-05-24,16E,22.509581,72.774453,7.0,Fallow,0.19138085842132568,False,-10.81074,-18.94414
2023-05-24,17A,22.508014,72.772291,29.7,Perl Millet,0.5478336811065674,False,-9.45316,-11.49652
2023-05-24,17B,22.508111,72.772801,28.1,Perl Millet,0.6309348940849304,False,-8.14801,-15.00961
2023-05-24,17C,22.507532,72.772595,35.2,Perl Millet,0.5091442465782166,False,-8.87271,-13.0456
2023-05-24,17D,22.507484,72.772119,27.0,Perl Millet,0.5125078558921814,False,-12.22819,-13.13889
2023-05-24,17E,22.50785,72.772474,26.2333333333333,Perl Millet,0.39502212405204773,False,-10.1756,-12.80879
2023-05-24,18A,22.510282,72.771327,,,0.6727779507637024,False,-7.71468,-16.30922
2023-05-24,18B,22.510154,72.771792,,,0.6986666917800903,False,-7.55672,-15.25159
2023-05-24,18C,22.510732,72.771577,,,0.5694118142127991,False,-5.71951,-13.97947
2023-05-24,18D,22.510569,72.771293,,,0.6537891626358032,False,-4.83906,-15.54825
2023-05-24,18E,22.510473,72.771515,0.0,,0.6704089641571045,False,-5.76566,-14.74759
2023-05-24,19A,22.505576,72.76343,48.5,Perl Millet,0.6072816252708435,False,-8.56344,-18.53855
2023-05-24,19B,22.505581,72.764064,18.2,Perl Millet,0.17641061544418335,False,-11.84278,-15.55002
2023-05-24,19C,22.505961,72.764083,20.2,Perl Millet,0.1891060322523117,False,-7.64519,-14.86602
2023-05-24,19D,22.506133,72.763434,9.3,Fallow,0.13770374655723572,False,-7.75403,-16.43033
2023-05-24,19E,22.505784,72.763859,21.9,Perl Millet,0.28556331992149353,False,-9.02815,-18.1644
2023-05-24,20A,22.505233,72.763051,5.1,Fallow,0.16769640147686005,False,-9.77939,-17.64528
2023-05-24,20B,22.50465,72.763111,5.6,Fallow,0.21265728771686554,False,-9.38166,-16.76433
2023-05-24,20C,22.504626,72.762487,4.9,Fallow,0.32122063636779785,False,-10.11505,-19.60323
2023-05-24,20D,22.505225,72.762441,6.2,Fallow,0.2654668688774109,False,-11.05916,-21.92294
2023-05-24,20E,22.504991,72.762739,7.6,Fallow,0.15367701649665833,False,-8.81868,-20.80791
2023-05-24,21A,22.502812,72.762127,19.8,Perl Millet,0.4947649836540222,False,-8.42057,-15.62834
2023-05-24,21B,22.502834,72.761572,11.7,Fallow,0.6240245699882507,False,-6.83533,-15.49481
2023-05-24,21C,22.503324,72.761544,9.5,Fallow,0.6122027039527893,False,-9.44043,-17.57213
2023-05-24,21D,22.503423,72.762158,8.5,Fallow,0.3838134706020355,False,-9.28193,-15.58009
2023-05-24,21E,22.503156,72.761872,10.6666666666667,Fallow,0.5781521201133728,False,-10.01618,-13.67096
2023-05-24,22A,22.512449,72.761352,9.8,Perl Millet,0.5740846991539001,False,-9.79328,-14.72909
2023-05-24,22B,22.512453,72.761967,24.4,Perl Millet,0.14028999209403992,False,-7.99805,-14.29536
2023-05-24,22C,22.511898,72.761975,14.0,Perl Millet,0.4622361361980438,False,-10.59105,-16.46074
2023-05-24,22D,22.511855,72.761373,4.0,Fallow,0.672291100025177,False,-8.60959,-14.46107
2023-05-24,22E,22.512015,72.761676,14.8666666666667,Perl Millet,0.5209952592849731,False,-8.50533,-14.50349
2023-05-24,23A,22.514247,72.763284,9.8,Fallow,0.1498713344335556,False,-9.9829,-19.55714
2023-05-24,23B,22.51377,72.763369,10.1,Fallow,0.13882267475128174,False,-8.1621,-20.05977
2023-05-24,23C,22.513729,72.763922,7.9,Fallow,0.13715578615665436,False,-9.1322,-16.2044
2023-05-24,23D,22.514213,72.763909,25.4,Sorgham,0.6738066673278809,False,-8.23329,-19.88401
2023-05-24,23E,22.513938,72.763678,11.7333333333333,Fallow,0.17664839327335358,False,-7.70872,-22.32342
2023-05-24,24A,22.514666,72.762935,6.3,Fallow,0.16359420120716095,False,-10.23355,-19.50731
2023-05-24,24B,22.514581,72.762408,7.2,Fallow,0.21729159355163574,False,-9.80145,-20.11506
2023-05-24,24C,22.515133,72.762345,8.2,Fallow,0.3932366967201233,False,-12.53831,-17.02724
2023-05-24,24D,22.515104,72.762909,9.1,Fallow,0.3736003637313843,False,-5.2944,-15.49228
2023-05-24,24E,22.514946,72.762661,7.06666666666667,Fallow,0.3850286602973938,False,-8.08588,-18.50718
2023-05-24,25A,22.513455,72.765917,10.2,Fallow,0.12321963906288147,False,-8.2492,-20.37548
2023-05-24,25B,22.512796,72.765908,13.6,Perl Millet,0.5280561447143555,False,-9.49674,-15.86592
2023-05-24,25C,22.512796,72.765185,33.2,Perl Millet,0.579113245010376,False,-7.3748,-13.50096
2023-05-24,25D,22.513408,72.765196,8.1,Fallow,0.14926578104496002,False,-10.03619,-18.48378
2023-05-24,25E,22.513116,72.765588,9.6,Fallow,0.13213640451431274,False,-8.42468,-16.06905
2023-05-24,26A,22.520103,72.766083,6.4,Fallow,0.18830369412899017,False,-8.3543,-16.22012
2023-05-24,26B,22.520661,72.766068,24.1,Weed,0.5997340083122253,False,-9.52011,-17.49152
2023-05-24,26C,22.520655,72.766749,50.0,Perl Millet,0.6202113628387451,False,-7.15213,-18.63881
2023-05-24,26D,22.520125,72.766746,5.3,Perl Millet,0.16807468235492706,False,-8.66461,-15.02859
2023-05-24,26E,22.520285,72.766488,6.73333333333333,Fallow,0.15440864861011505,False,-8.36273,-15.97959
2023-05-24,27A,22.521854,72.766591,6.1,Fallow,0.234151691198349,False,-13.34756,-16.20927
2023-05-24,27B,22.521859,72.766132,5.2,Fallow,0.2320076823234558,False,-10.76268,-15.93247
2023-05-24,27C,22.522409,72.766261,4.7,Fallow,0.19737987220287323,False,-10.43515,-20.14801
2023-05-24,27D,22.522381,72.76673,6.7,Fallow,0.1428496241569519,False,-12.57679,-18.20552
2023-05-24,27E,22.522201,72.766434,6.76666666666667,Fallow,0.1716345101594925,False,-12.16501,-18.3078
2023-05-24,28A,22.523697,72.767969,28.4,Fallow,0.15646687150001526,False,-8.54094,-14.94142
2023-05-24,28B,22.52371,72.768582,7.6,Fallow,0.13564075529575348,False,-10.67947,-17.29432
2023-05-24,28C,22.524262,72.768629,38.0,Perl Millet,0.5862159132957458,False,-8.63065,-15.21775
2023-05-24,28D,22.524252,72.767989,23.1,Sorgham&PerlMillet,0.6969417929649353,False,-8.8305,-17.03611
2023-05-24,28E,22.524049,72.768361,42.6,Perl Millet,0.5846489071846008,False,-6.69933,-14.86834
2023-05-24,29A,22.52364,72.766727,,,0.20110519230365753,False,-8.39434,-16.20027
2023-05-24,29B,22.523657,72.766016,,,0.10830841958522797,False,-12.81847,-19.39261
2023-05-24,29C,22.524255,72.766024,,,0.16116777062416077,False,-11.88605,-16.74388
2023-05-24,29D,22.524229,72.766601,,,0.13495972752571106,False,-11.14427,-19.16389
2023-05-24,29E,22.524027,72.766357,0.0,,0.16455329954624176,False,-9.81238,-17.85276
2023-07-31,1A,22.526048,72.765011,33.8,Orchad,,False,-4.86297,-17.5304
2023-07-31,1B,22.525481,72.765028,50.0,Paddy,,False,-7.80124,-22.15678
2023-07-31,1C,22.525423,72.765663,50.0,Paddy,,False,-11.40585,-20.06993
2023-07-31,1D,22.525999,72.765663,50.0,Paddy,0.6359571814537048,True,-6.45177,-17.74619
2023-07-31,1E,22.525563,72.765399,50.0,Paddy,,False,-9.89915,-25.66162
2023-07-31,2A,22.52729,72.764707,50.0,Paddy,,False,-6.92553,-15.87809
2023-07-31,2B,22.527874,72.764718,50.0,Paddy,,False,-3.30838,-19.94215
2023-07-31,2C,22.527854,72.764092,50.0,Paddy,,False,-7.31624,-14.87124
2023-07-31,2D,22.527369,72.764055,50.0,Paddy,,False,-8.33975,-16.29768
2023-07-31,2E,22.527544,72.764518,50.0,Paddy,,False,-6.9237,-20.00711
2023-07-31,3A,22.525921,72.762216,50.0,Paddy,,False,-6.63085,-14.71037
2023-07-31,3B,22.52584,72.762791,50.0,Paddy,,False,-8.63262,-15.5774
2023-07-31,3C,22.525384,72.762825,50.0,Paddy,,False,-5.40038,-21.793
2023-07-31,3D,22.525408,72.762107,50.0,Paddy,,False,-7.66595,-15.76017
2023-07-31,3E,22.525592,72.762415,50.0,Paddy,,False,-7.61987,-15.90249
2023-07-31,4A,22.525937,72.760776,50.0,Paddy,,False,-6.67893,-18.75797
2023-07-31,4B,22.525981,72.760155,50.0,Paddy,,False,-4.39015,-19.98728
2023-07-31,4C,22.525355,72.760222,50.0,Paddy,,False,-11.50233,-21.44701
2023-07-31,4D,22.525455,72.760782,50.0,Paddy,,False,-10.86669,-17.60018
2023-07-31,4E,22.525639,72.760495,50.0,Paddy,,False,-11.34241,-22.43074
2023-07-31,5A,22.527575,72.759127,50.0,Paddy,,False,-11.23238,-20.12403
2023-07-31,5B,22.527161,72.759162,50.0,Paddy,,False,-12.75047,-22.07408
2023-07-31,5C,22.527168,72.759822,50.0,Paddy,,False,-11.50472,-17.6142
2023-07-31,5D,22.527736,72.759854,50.0,Paddy,,False,-11.90919,-15.3075
2023-07-31,5E,22.527454,72.759598,50.0,Paddy,,False,-11.97812,-18.41026
2023-07-31,6A,22.526732,72.757887,50.0,Paddy,,False,-11.81058,-19.15841
2023-07-31,6B,22.526314,72.757891,50.0,Paddy,,False,-10.55881,-19.5063
2023-07-31,6C,22.526244,72.757237,50.0,Paddy,,False,-6.84345,-20.49271
2023-07-31,6D,22.526763,72.757237,50.0,Paddy,,False,-10.02845,-17.11262
2023-07-31,6E,22.526525,72.757638,50.0,Paddy,,False,-5.59087,-20.05267
2023-07-31,7A,22.527958,72.750395,50.0,Fallow,0.33637866377830505,True,-10.83741,-24.12273
2023-07-31,7B,22.528433,72.750436,50.0,Fallow,0.0990067720413208,True,-10.45789,-17.48616
2023-07-31,7C,22.528529,72.751032,50.0,Fallow,0.15927021205425262,True,-11.92604,-15.9415
2023-07-31,7D,22.527949,72.751069,50.0,Fallow,0.08810024708509445,True,-7.776,-18.81278
2023-07-31,7E,22.528163,72.750758,50.0,Fallow,0.0417417474091053,True,-12.30905,-23.04639
2023-07-31,8A,22.526748,72.749919,50.0,Paddy,0.11608625203371048,True,-10.73776,-17.67017
2023-07-31,8B,22.526719,72.749468,50.0,Paddy,0.3328138291835785,True,-13.9917,-16.57893
2023-07-31,8C,22.526145,72.74949,50.0,Paddy,0.10163471847772598,True,-13.84736,-18.4565
2023-07-31,8D,22.526286,72.750055,50.0,Paddy,0.07510083168745041,True,-11.42005,-18.28609
2023-07-31,8E,22.526437,72.749791,50.0,Paddy,0.08957120031118393,True,-12.57653,-17.91545
2023-07-31,9A,22.527928,72.746618,50.0,Paddy,0.18369467556476593,True,-8.00804,-17.15848
2023-07-31,9B,22.527864,72.747112,50.0,Paddy,0.28137004375457764,True,-11.01501,-17.27307
2023-07-31,9C,22.528473,72.747142,50.0,Paddy,0.3228641748428345,True,-7.46782,-18.91054
2023-07-31,9D,22.528502,72.746614,50.0,Paddy,0.08075671643018723,True,-4.78397,-17.66336
2023-07-31,9E,22.528209,72.746825,50.0,Paddy,0.1492435783147812,True,-8.27481,-18.60066
2023-07-31,10A,22.526665,72.746543,50.0,Paddy,0.1477798968553543,True,-7.63516,-18.52173
2023-07-31,10B,22.526281,72.746567,50.0,Paddy,0.17572622001171112,True,-5.90892,-16.51688
2023-07-31,10C,22.526099,72.747116,50.0,Paddy,0.2631714344024658,True,-6.12708,-16.5869
2023-07-31,10D,22.526674,72.747171,50.0,Paddy,0.20709849894046783,True,-13.74864,-20.64363
2023-07-31,10E,22.52649,72.746891,50.0,Paddy,0.18789245188236237,True,-11.48751,-18.40216
2023-07-31,11A,22.518984,72.749277,50.0,Paddy,0.005629863124340773,True,-10.88464,-18.51778
2023-07-31,11B,22.519441,72.749219,,,0.04777778312563896,True,-12.82898,-21.98014
2023-07-31,11C,22.519529,72.748567,,,0.06200289726257324,True,-10.10388,-21.86757
2023-07-31,11D,22.519041,72.748613,,,-0.0414053276181221,True,-12.82979,-14.33425
2023-07-31,11E,22.519199,72.748927,0.0,,-0.060609299689531326,True,-12.91083,-23.00347
2023-07-31,12A,22.518535,72.746677,50.0,Paddy,0.10181640833616257,True,-14.1042,-21.58586
2023-07-31,12B,22.518013,72.746708,50.0,Paddy,,False,-6.35587,-17.86559
2023-07-31,12C,22.517941,72.747349,50.0,Paddy,0.2877223789691925,True,-11.06633,-19.50591
2023-07-31,12D,22.518535,72.74737,50.0,Paddy,0.2654656171798706,True,-9.71984,-18.07973
2023-07-31,12E,22.518272,72.747109,50.0,Paddy,0.1260746419429779,True,-9.02663,-17.80734
2023-07-31,13A,22.51777,72.752478,50.0,Paddy,0.4698319137096405,True,-12.51647,-22.06457
2023-07-31,13B,22.517764,72.753199,,,0.07455317676067352,True,-14.66081,-22.56252
2023-07-31,13C,22.517261,72.753172,,,0.11659322679042816,True,-12.33949,-17.50541
2023-07-31,13D,22.517127,72.752548,,,0.38931703567504883,True,-5.15978,-16.80074
2023-07-31,13E,22.517547,72.752847,0.0,,0.0999072939157486,True,-10.37445,-20.51314
2023-07-31,14A,22.515363,72.751239,50.0,Paddy,0.3048025965690613,True,-8.6997,-18.51697
2023-07-31,14B,22.515897,72.751233,,,0.2463911771774292,True,-10.60847,-20.26608
2023-07-31,14C,22.515909,72.750612,,,0.3360050618648529,True,-11.8846,-16.45855
2023-07-31,14D,22.51533,72.750642,,,0.20447982847690582,True,-7.37427,-16.2462
2023-07-31,14E,22.515543,72.750935,0.0,,0.258381724357605,True,-10.0982,-17.87153
2023-07-31,15A,22.515953,72.75545,,,0.10124480724334717,True,-9.21046,-16.5984
2023-07-31,15B,22.515949,72.756128,,,0.42770153284072876,True,-13.57901,-19.84739
2023-07-31,15C,22.515395,72.756042,,,0.4591901898384094,True,-11.43945,-16.10947
2023-07-31,15D,22.515392,72.75548,,,0.531316339969635,True,-8.34879,-16.68453
2023-07-31,15E,22.515768,72.75581,0.0,,-0.011203248985111713,True,-10.34864,-18.8747
2023-07-31,16A,22.509924,72.774006,29.3,Fodder,0.2800973951816559,True,-6.62375,-15.23264
2023-07-31,16B,22.509328,72.774041,31.3,Fodder,0.39607948064804077,True,-7.94254,-17.10715
2023-07-31,16C,22.50929,72.774752,33.5,Fallow&Grass,0.1916302889585495,True,-5.79944,-13.41305
2023-07-31,16D,22.509753,72.77471,36.8,Fallow&Grass,0.25624948740005493,True,-4.35444,-11.95435
2023-07-31,16E,22.509581,72.774453,35.7333333333333,Fallow&Grass,0.21324457228183746,True,-3.77709,-12.75024
2023-07-31,17A,22.508014,72.772291,50.0,Paddy,,False,-7.78759,-14.771
2023-07-31,17B,22.508111,72.772801,,,,False,-7.23691,-12.08411
2023-07-31,17C,22.507532,72.772595,,,,False,-6.69454,-14.86849
2023-07-31,17D,22.507484,72.772119,,,,False,-10.75131,-13.09874
2023-07-31,17E,22.50785,72.772474,0.0,,,False,-5.63485,-14.33537
2023-07-31,18A,22.510282,72.771327,,,,False,-8.98121,-18.03531
2023-07-31,18B,22.510154,72.771792,,,,False,-4.76922,-14.11688
2023-07-31,18C,22.510732,72.771577,,,0.27149322628974915,True,-8.32273,-16.0959
2023-07-31,18D,22.510569,72.771293,,,,False,-8.73553,-16.85201
2023-07-31,18E,22.510473,72.771515,0.0,,,False,-7.61753,-16.60742
2023-07-31,19A,22.505576,72.76343,32.1,Fallow,,False,-7.76135,-11.90145
2023-07-31,19B,22.505581,72.764064,40.1,Fodder,,False,-5.01485,-12.07136
2023-07-31,19C,22.505961,72.764083,40.4,Fodder,,False,-5.31078,-14.77385
2023-07-31,19D,22.506133,72.763434,50.0,Paddy,,False,-10.53105,-15.83097
2023-07-31,19E,22.505784,72.763859,35.6333333333333,Fodder,,False,-7.03612,-14.18772
2023-07-31,20A,22.505233,72.763051,50.0,Paddy,,False,-9.12743,-18.0169
2023-07-31,20B,22.50465,72.763111,,,,False,-8.49748,-18.16083
2023-07-31,20C,22.504626,72.762487,,,,False,-9.25304,-16.82446
2023-07-31,20D,22.505225,72.762441,,,,False,-10.33857,-17.01172
2023-07-31,20E,22.504991,72.762739,0.0,,,False,-8.85975,-18.9658
2023-07-31,21A,22.502812,72.762127,50.0,Fallow,,False,-12.29964,-16.26568
2023-07-31,21B,22.502834,72.761572,50.0,Paddy,,False,-9.26152,-18.27944
2023-07-31,21C,22.503324,72.761544,40.4,Paddy,,False,-8.74966,-19.02228
2023-07-31,21D,22.503423,72.762158,50.0,Fallow,,False,-7.98156,-16.05278
2023-07-31,21E,22.503156,72.761872,50.0,Paddy,,False,-10.64891,-19.29061
2023-07-31,22A,22.512449,72.761352,50.0,Fallow,,False,-7.44602,-16.4558
2023-07-31,22B,22.512453,72.761967,50.0,Fallow,,False,-8.14946,-16.14591
2023-07-31,22C,22.511898,72.761975,,,,False,-5.32216,-12.93122
2023-07-31,22D,22.511855,72.761373,50.0,Paddy,,False,-6.46182,-12.91716
2023-07-31,22E,22.512015,72.761676,50.0,Fallow,,False,-6.03111,-11.10997
2023-07-31,23A,22.514247,72.763284,50.0,Paddy,,False,-5.85072,-14.84299
2023-07-31,23B,22.51377,72.763369,50.0,Paddy,,False,-5.11516,-17.07899
2023-07-31,23C,22.513729,72.763922,50.0,Paddy,,False,-4.96478,-18.41567
2023-07-31,23D,22.514213,72.763909,50.0,Maize,0.43144291639328003,True,-7.08253,-15.22239
2023-07-31,23E,22.513938,72.763678,50.0,Paddy,,False,-5.36108,-16.76704
2023-07-31,24A,22.514666,72.762935,50.0,Paddy,,False,-7.99455,-17.34941
2023-07-31,24B,22.514581,72.762408,50.0,Paddy,,False,-10.41402,-17.49928
2023-07-31,24C,22.515133,72.762345,50.0,Paddy,,False,-7.89217,-19.07603
2023-07-31,24D,22.515104,72.762909,50.0,Paddy,,False,-9.87716,-18.11213
2023-07-31,24E,22.514946,72.762661,50.0,Paddy,,False,-8.59158,-16.91982
2023-07-31,25A,22.513455,72.765917,50.0,Paddy,,False,-9.08169,-16.02579
2023-07-31,25B,22.512796,72.765908,50.0,Paddy,0.4914707839488983,True,-10.12877,-17.80179
2023-07-31,25C,22.512796,72.765185,50.0,Paddy,,False,-10.91351,-18.78614
2023-07-31,25D,22.513408,72.765196,50.0,Paddy,,False,-8.08876,-18.46931
2023-07-31,25E,22.513116,72.765588,50.0,Paddy,,False,-11.86417,-19.11838
2023-07-31,26A,22.520103,72.766083,50.0,Paddy,0.3377876877784729,True,-6.81427,-13.71889
2023-07-31,26B,22.520661,72.766068,50.0,Paddy,0.18722441792488098,True,-4.31083,-16.65021
2023-07-31,26C,22.520655,72.766749,50.0,Paddy,0.32587218284606934,True,-8.08926,-15.20638
2023-07-31,26D,22.520125,72.766746,50.0,Paddy,0.3570348024368286,True,-9.28788,-14.40607
2023-07-31,26E,22.520285,72.766488,50.0,Paddy,0.27591240406036377,True,-6.78889,-13.31052
2023-07-31,27A,22.521854,72.766591,50.0,Paddy,0.4100996255874634,True,-5.89757,-17.05357
2023-07-31,27B,22.521859,72.766132,50.0,Paddy,0.40892982482910156,True,-8.86167,-17.08705
2023-07-31,27C,22.522409,72.766261,50.0,Paddy,0.30179211497306824,True,-9.62466,-15.83641
2023-07-31,27D,22.522381,72.76673,50.0,Paddy,0.2848585247993469,True,-4.70811,-16.42963
2023-07-31,27E,22.522201,72.766434,50.0,Paddy,0.2990114390850067,True,-8.19082,-17.57855
2023-07-31,28A,22.523697,72.767969,50.0,Paddy,0.3259240686893463,True,-7.8609,-17.79615
2023-07-31,28B,22.52371,72.768582,50.0,Paddy,0.3065662682056427,True,-8.841,-16.81163
2023-07-31,28C,22.524262,72.768629,50.0,Paddy,0.8665794730186462,True,-7.55356,-16.96851
2023-07-31,28D,22.524252,72.767989,50.0,Paddy,0.3690398335456848,True,-7.59393,-12.4722
2023-07-31,28E,22.524049,72.768361,50.0,Paddy,0.8517462611198425,True,-7.77534,-16.62506
2023-07-31,29A,22.52364,72.766727,50.0,Paddy,0.26625174283981323,True,-5.85646,-15.16433
2023-07-31,29B,22.523657,72.766016,,,,False,-7.78802,-14.35172
2023-07-31,29C,22.524255,72.766024,,,,False,-7.62241,-16.69202
2023-07-31,29D,22.524229,72.766601,,,0.44869309663772583,True,-3.95013,-20.5394
2023-07-31,29E,22.524027,72.766357,0.0,,,False,-5.69987,-16.15221
2023-06-10,1A,22.526048,72.765011,9.7,Fallow,0.13066892325878143,True,-8.75167,-20.04233
2023-06-10,1B,22.525481,72.765028,10.4,Fallow,0.11605467647314072,False,-7.88847,-18.32172
2023-06-10,1C,22.525423,72.765663,5.2,Fallow,0.11416509747505188,False,-8.95861,-15.92288
2023-06-10,1D,22.525999,72.765663,4.1,Lemon,0.35062524676322937,True,-10.87651,-15.28825
2023-06-10,1E,22.525563,72.765399,6.1,Fallow,0.1783783733844757,True,-9.52169,-16.85548
2023-06-10,2A,22.52729,72.764707,5.8,Fallow,0.24336151778697968,False,-9.8145,-19.45311
2023-06-10,2B,22.527874,72.764718,5.5,Fallow,0.2301293909549713,False,-10.39702,-17.55064
2023-06-10,2C,22.527854,72.764092,9.2,Fallow,0.18915149569511414,False,-10.18284,-22.81129
2023-06-10,2D,22.527369,72.764055,9.6,Fallow,0.14571428298950195,False,-10.99269,-23.15112
2023-06-10,2E,22.527544,72.764518,7.53333333333333,Fallow,0.32722344994544983,False,-10.10719,-18.3406
2023-06-10,3A,22.525921,72.762216,34.6,Fallow,0.18248720467090607,False,-9.65309,-17.37448
2023-06-10,3B,22.52584,72.762791,10.7,Fallow,0.15028291940689087,False,-10.97483,-16.90063
2023-06-10,3C,22.525384,72.762825,9.8,Fallow,0.11171486973762512,False,-11.6078,-19.98338
2023-06-10,3D,22.525408,72.762107,6.9,Fallow,0.11813192069530487,False,-9.77517,-18.1746
2023-06-10,3E,22.525592,72.762415,7.7,Fallow,0.10643921792507172,False,-8.41147,-18.483
2023-06-10,4A,22.525937,72.760776,19.6,Fallow,0.18065139651298523,False,-11.97212,-17.83651
2023-06-10,4B,22.525981,72.760155,16.0,Fallow,0.12781372666358948,False,-9.41811,-19.71903
2023-06-10,4C,22.525355,72.760222,7.3,Fallow,0.180740088224411,False,-8.59728,-19.85984
2023-06-10,4D,22.525455,72.760782,14.0,Fallow,0.12009371817111969,False,-12.58677,-18.91842
2023-06-10,4E,22.525639,72.760495,13.7,Fallow,0.1479582041501999,False,-12.85868,-19.99165
2023-06-10,5A,22.527575,72.759127,16.2,Fallow,0.10711590200662613,False,-12.31109,-21.89246
2023-06-10,5B,22.527161,72.759162,8.0,Fallow,0.09101232886314392,False,-13.62385,-21.52762
2023-06-10,5C,22.527168,72.759822,12.2,Fallow,0.10020528733730316,False,-13.74084,-22.7705
2023-06-10,5D,22.527736,72.759854,13.2,Fallow,0.1085648238658905,False,-13.59322,-18.80383
2023-06-10,5E,22.527454,72.759598,10.6666666666667,Fallow,0.10164648294448853,False,-15.22923,-22.94854
2023-06-10,6A,22.526732,72.757887,6.9,Fallow,0.1580531895160675,False,-9.44828,-25.04205
2023-06-10,6B,22.526314,72.757891,8.6,Fallow,0.17721641063690186,False,-9.57694,-23.17151
2023-06-10,6C,22.526244,72.757237,7.2,Fallow,0.10778504610061646,False,-9.21723,-20.39445
2023-06-10,6D,22.526763,72.757237,7.7,Fallow,0.13711614906787872,False,-12.59125,-16.96567
2023-06-10,6E,22.526525,72.757638,11.2333333333333,Fallow,0.13523408770561218,False,-10.18117,-20.9932
2023-06-10,7A,22.527958,72.750395,10.1,Fallow,0.14339980483055115,False,-10.38181,-17.41077
2023-06-10,7B,22.528433,72.750436,6.4,Fallow,0.10954739153385162,False,-11.80694,-19.52592
2023-06-10,7C,22.528529,72.751032,11.2,Fallow,0.1507125049829483,False,-10.18847,-19.65122
2023-06-10,7D,22.527949,72.751069,15.7,Fallow,0.12693801522254944,False,-9.41803,-16.72277
2023-06-10,7E,22.528163,72.750758,15.3,Fallow,0.1292896419763565,False,-8.98686,-17.29327
2023-06-10,8A,22.526748,72.749919,5.0,Fallow,0.1339392364025116,False,-9.30996,-17.14248
2023-06-10,8B,22.526719,72.749468,5.9,Fallow,0.21483750641345978,False,-9.42317,-19.25129
2023-06-10,8C,22.526145,72.74949,20.0,Fallow,0.10108062624931335,False,-9.45326,-18.39343
2023-06-10,8D,22.526286,72.750055,11.8,Fallow,0.1389213651418686,False,-9.28089,-21.33977
2023-06-10,8E,22.526437,72.749791,4.9,Fallow,0.18006649613380432,False,-9.54327,-19.91577
2023-06-10,9A,22.527928,72.746618,6.8,Fallow,0.2167811542749405,False,-12.11064,-20.45641
2023-06-10,9B,22.527864,72.747112,16.6,Fallow,0.14550741016864777,False,-15.53682,-21.05001
2023-06-10,9C,22.528473,72.747142,6.1,Fallow,0.27963346242904663,False,-11.61576,-21.58603
2023-06-10,9D,22.528502,72.746614,17.3,Fallow,0.10686095803976059,False,-8.89365,-21.79734
2023-06-10,9E,22.528209,72.746825,8.6,Fallow,0.1411413699388504,False,-11.99471,-23.22269
2023-06-10,10A,22.526665,72.746543,7.0,Fallow,0.6065353751182556,False,-10.89032,-17.51351
2023-06-10,10B,22.526281,72.746567,14.0,Fallow,0.6486002206802368,False,-9.70897,-17.81876
2023-06-10,10C,22.526099,72.747116,6.7,Fallow,0.1894669532775879,False,-8.41373,-16.42175
2023-06-10,10D,22.526674,72.747171,18.9,Sorgham,0.6953873634338379,False,-9.19015,-15.17505
2023-06-10,10E,22.52649,72.746891,17.6666666666667,Fallow,0.717393696308136,False,-7.80338,-14.79385
2023-06-10,11A,22.518984,72.749277,18.7,Fallow,0.12517789006233215,False,-12.56446,-18.0945
2023-06-10,11B,22.519441,72.749219,1.9,Fallow,0.2289586365222931,False,-11.50382,-19.32718
2023-06-10,11C,22.519529,72.748567,10.8,Fallow,0.2208484411239624,False,-10.02985,-18.76278
2023-06-10,11D,22.519041,72.748613,12.2,Fallow,0.24164947867393494,False,-8.64443,-17.56579
2023-06-10,11E,22.519199,72.748927,17.8333333333333,Fallow,0.12349903583526611,False,-11.78483,-20.32286
2023-06-10,12A,22.518535,72.746677,2.5,Fallow,0.12318936735391617,False,-10.38057,-17.18002
2023-06-10,12B,22.518013,72.746708,13.3,Daicha,0.6547418832778931,False,-7.74767,-17.3354
2023-06-10,12C,22.517941,72.747349,23.8,Perl Millet,0.6520769000053406,False,-10.6776,-18.39251
2023-06-10,12D,22.518535,72.74737,7.6,Sorgham,0.6155869960784912,False,-11.34068,-17.14855
2023-06-10,12E,22.518272,72.747109,14.3666666666667,Fallow,0.1621062159538269,False,-10.69008,-17.57871
2023-06-10,13A,22.51777,72.752478,9.9,Fallow,0.10983476042747498,False,-10.82769,-16.90328
2023-06-10,13B,22.517764,72.753199,4.1,Fallow,0.11412540078163147,False,-11.50436,-22.52911
2023-06-10,13C,22.517261,72.753172,12.2,Fallow,0.14647909998893738,False,-10.77752,-19.32941
2023-06-10,13D,22.517127,72.752548,10.8,Fallow,0.32830774784088135,False,-10.36668,-17.96761
2023-06-10,13E,22.517547,72.752847,12.1,Fallow,0.12325985729694366,False,-10.85203,-19.84579
2023-06-10,14A,22.515363,72.751239,7.2,Fallow,0.20844507217407227,False,-8.10691,-19.94818
2023-06-10,14B,22.515897,72.751233,8.2,Fallow,0.12689945101737976,False,-8.74876,-15.05695
2023-06-10,14C,22.515909,72.750612,9.3,Fallow,0.14317259192466736,False,-9.93796,-17.86724
2023-06-10,14D,22.51533,72.750642,7.9,Fallow,0.0909615084528923,False,-7.42865,-19.09358
2023-06-10,14E,22.515543,72.750935,7.16666666666667,Fallow,0.08474820852279663,False,-7.70791,-21.49668
2023-06-10,15A,22.515953,72.75545,4.2,Fallow,0.18813864886760712,False,-13.20701,-19.03237
2023-06-10,15B,22.515949,72.756128,7.9,Fallow,0.17601852118968964,False,-9.20496,-20.12355
2023-06-10,15C,22.515395,72.756042,8.5,Fallow,0.1344451606273651,False,-10.50211,-18.76133
2023-06-10,15D,22.515392,72.75548,11.6,Grass,0.2895148694515228,False,-10.10096,-16.46849
2023-06-10,15E,22.515768,72.75581,6.16666666666667,Fallow,0.1201135441660881,False,-9.53424,-18.13884
2023-06-10,16A,22.509924,72.774006,9.4,Fallow,0.18691913783550262,False,-10.79432,-15.26845
2023-06-10,16B,22.509328,72.774041,9.0,Fallow,0.19014312326908112,False,-13.36108,-19.72846
2023-06-10,16C,22.50929,72.774752,8.9,Fallow,0.546579897403717,False,-10.31949,-19.85425
2023-06-10,16D,22.509753,72.77471,8.0,Fallow,0.6633205413818359,False,-10.18298,-20.84249
2023-06-10,16E,22.509581,72.774453,10.2666666666667,Fallow,0.16113729774951935,False,-11.52782,-21.35908
2023-06-10,17A,22.508014,72.772291,17.0,Fallow,0.3723340332508087,False,-10.20336,-20.34521
2023-06-10,17B,22.508111,72.772801,12.6,Fallow,0.3410809636116028,False,-9.4883,-17.03998
2023-06-10,17C,22.507532,72.772595,12.3,Fallow,0.38082513213157654,False,-10.39453,-18.05887
2023-06-10,17D,22.507484,72.772119,15.1,Fallow,0.1609279066324234,False,-6.27258,-15.91435
2023-06-10,17E,22.50785,72.772474,15.0,Fallow,0.2791525721549988,False,-8.62791,-18.28749
2023-06-10,18A,22.510282,72.771327,,,0.42597126960754395,False,-9.70924,-16.05126
2023-06-10,18B,22.510154,72.771792,,,0.6327326893806458,False,-7.11557,-16.88781
2023-06-10,18C,22.510732,72.771577,,,0.32486581802368164,False,-8.33587,-17.64053
2023-06-10,18D,22.510569,72.771293,,,0.40875163674354553,False,-8.07093,-17.94192
2023-06-10,18E,22.510473,72.771515,0.0,,0.3379954993724823,False,-9.03686,-16.46413
2023-06-10,19A,22.505576,72.76343,12.2,Fallow,0.41719043254852295,False,-10.17428,-14.27367
2023-06-10,19B,22.505581,72.764064,11.6,Fallow,0.1816309094429016,False,-10.56804,-16.39146
2023-06-10,19C,22.505961,72.764083,5.6,Fallow,0.26124799251556396,False,-11.38705,-16.69281
2023-06-10,19D,22.506133,72.763434,7.8,Fallow,0.16639640927314758,False,-12.2741,-17.28515
2023-06-10,19E,22.505784,72.763859,8.23333333333333,Fallow,0.22190366685390472,False,-11.1501,-15.37503
2023-06-10,20A,22.505233,72.763051,15.2,Fallow,0.1875293105840683,False,-11.73644,-16.37426
2023-06-10,20B,22.50465,72.763111,12.4,Fallow,0.13821935653686523,False,-10.54612,-18.62246
2023-06-10,20C,22.504626,72.762487,7.7,Fallow,0.30129921436309814,False,-9.80616,-14.96033
2023-06-10,20D,22.505225,72.762441,9.5,Fallow,0.21394634246826172,False,-9.16587,-15.00299
2023-06-10,20E,22.504991,72.762739,6.63333333333333,Fallow,0.1479066014289856,False,-10.91952,-15.5
2023-06-10,21A,22.502812,72.762127,7.2,Perl Millet,0.47510549426078796,False,-9.83166,-14.31546
2023-06-10,21B,22.502834,72.761572,4.9,Fallow,0.4426211714744568,False,-9.87741,-15.70153
2023-06-10,21C,22.503324,72.761544,7.9,Fallow,0.3963187336921692,False,-11.17136,-16.40434
2023-06-10,21D,22.503423,72.762158,12.1,Fallow,0.3437332510948181,False,-9.97767,-15.5812
2023-06-10,21E,22.503156,72.761872,6.0,Fallow,0.31467029452323914,False,-9.86707,-15.23647
2023-06-10,22A,22.512449,72.761352,10.8,Fallow,0.26996487379074097,False,-9.61099,-14.96192
2023-06-10,22B,22.512453,72.761967,19.6,Fallow,0.15193164348602295,False,-9.62763,-18.43609
2023-06-10,22C,22.511898,72.761975,15.7,Fallow,0.2474297434091568,False,-7.31651,-15.9533
2023-06-10,22D,22.511855,72.761373,8.2,Fallow,0.603693425655365,False,-7.61589,-14.17122
2023-06-10,22E,22.512015,72.761676,13.5666666666667,Fallow,0.3073164224624634,False,-7.09657,-16.1768
2023-06-10,23A,22.514247,72.763284,12.7,Fallow,0.1338283121585846,False,-12.33498,-24.58123
2023-06-10,23B,22.51377,72.763369,20.2,Fallow,0.12512874603271484,False,-9.73114,-21.08175
2023-06-10,23C,22.513729,72.763922,16.7,Fallow,0.13296952843666077,False,-8.20695,-18.81511
2023-06-10,23D,22.514213,72.763909,9.2,Sorgham,0.7349923253059387,False,-9.98537,-17.50659
2023-06-10,23E,22.513938,72.763678,8.5,Fallow,0.21054358780384064,False,-10.59445,-18.65784
2023-06-10,24A,22.514666,72.762935,7.6,Fallow,0.18001671135425568,False,-12.04304,-19.67943
2023-06-10,24B,22.514581,72.762408,8.3,Fallow,0.25912463665008545,False,-9.47499,-14.98226
2023-06-10,24C,22.515133,72.762345,8.5,Fallow,0.1682574301958084,False,-12.21479,-19.77901
2023-06-10,24D,22.515104,72.762909,9.2,Fallow,0.16209740936756134,False,-12.27678,-18.16585
2023-06-10,24E,22.514946,72.762661,11.2,Fallow,0.15195348858833313,False,-11.22443,-16.48661
2023-06-10,25A,22.513455,72.765917,10.9,Fallow,0.14708516001701355,False,-7.89579,-16.35892
2023-06-10,25B,22.512796,72.765908,6.0,Fallow,0.3529437780380249,False,-11.74064,-18.03709
2023-06-10,25C,22.512796,72.765185,8.1,Fallow,0.2715502381324768,False,-8.45022,-17.0766
2023-06-10,25D,22.513408,72.765196,10.5,Fallow,0.15545465052127838,False,-10.9477,-19.84472
2023-06-10,25E,22.513116,72.765588,12.0333333333333,Fallow,0.13800981640815735,False,-8.6939,-19.25369
2023-06-10,26A,22.520103,72.766083,12.3,Fallow,0.1497313231229782,False,-6.21615,-18.96612
2023-06-10,26B,22.520661,72.766068,15.2,Grass,0.25438031554222107,False,-6.22735,-18.98402
2023-06-10,26C,22.520655,72.766749,11.2,Fallow,0.24614113569259644,False,-8.39722,-13.33041
2023-06-10,26D,22.520125,72.766746,10.3,Fallow,0.171017125248909,False,-13.14762,-20.49343
2023-06-10,26E,22.520285,72.766488,10.7,Fallow,0.17982885241508484,False,-12.38428,-16.72157
2023-06-10,27A,22.521854,72.766591,8.0,Fallow,0.21002648770809174,False,-11.76401,-21.85814
2023-06-10,27B,22.521859,72.766132,41.4,Fallow,0.2394542247056961,True,-13.55689,-19.07093
2023-06-10,27C,22.522409,72.766261,16.0,Fallow,0.18327675759792328,False,-11.34468,-19.20011
2023-06-10,27D,22.522381,72.76673,4.3,Fallow,0.1507921665906906,False,-9.34341,-18.39952
2023-06-10,27E,22.522201,72.766434,9.26666666666667,Fallow,0.1555090695619583,False,-12.30669,-19.03016
2023-06-10,28A,22.523697,72.767969,8.6,Fallow,0.1604287475347519,False,-7.5322,-20.04083
2023-06-10,28B,22.52371,72.768582,12.6,Fallow,0.13802224397659302,False,-7.51516,-19.31573
2023-06-10,28C,22.524262,72.768629,9.0,Fallow,0.37438321113586426,False,-11.06163,-19.10139
2023-06-10,28D,22.524252,72.767989,12.0,Fallow,0.26872730255126953,False,-7.03863,-16.74148
2023-06-10,28E,22.524049,72.768361,6.4,Fallow,0.3237384259700775,False,-9.4104,-18.74423
2023-06-10,29A,22.52364,72.766727,6.7,Fallow,0.16701845824718475,False,-12.35404,-17.95942
2023-06-10,29B,22.523657,72.766016,9.1,Fallow,0.12952348589897156,False,-10.38789,-16.97541
2023-06-10,29C,22.524255,72.766024,7.4,Fallow,0.1494743824005127,False,-9.90663,-14.85658
2023-06-10,29D,22.524229,72.766601,8.0,Fallow,0.1383403241634369,False,-10.76328,-20.07481
2023-06-10,29E,22.524027,72.766357,10.5333333333333,Fallow,0.14752329885959625,False,-10.26432,-18.20491
2023-07-14,1A,22.526048,72.765011,50.0,Paddy,,False,-11.63208,-19.13504
2023-07-14,1B,22.525481,72.765028,50.0,Fallow,,False,-7.477,-19.98791
2023-07-14,1C,22.525423,72.765663,50.0,Datura,,False,-13.20762,-21.35461
2023-07-14,1D,22.525999,72.765663,35.8,Orchad,0.6359571814537048,False,-9.47201,-15.76556
2023-07-14,1E,22.525563,72.765399,50.0,Fallow,,False,-12.34921,-20.20293
2023-07-14,2A,22.52729,72.764707,50.0,Paddy,,False,-11.32858,-21.18744
2023-07-14,2B,22.527874,72.764718,,,,False,-11.54813,-17.87217
2023-07-14,2C,22.527854,72.764092,,,,False,-6.04615,-18.20549
2023-07-14,2D,22.527369,72.764055,,,,False,-10.5957,-19.00302
2023-07-14,2E,22.527544,72.764518,0.0,,,False,-10.88001,-20.61682
2023-07-14,3A,22.525921,72.762216,50.0,Paddy,,False,-9.27894,-17.13297
2023-07-14,3B,22.52584,72.762791,50.0,Paddy,,False,-14.77365,-17.07638
2023-07-14,3C,22.525384,72.762825,50.0,Paddy,,False,-11.6646,-17.53626
2023-07-14,3D,22.525408,72.762107,50.0,Paddy,,False,-11.40778,-15.65331
2023-07-14,3E,22.525592,72.762415,50.0,Paddy,,False,-11.5542,-15.91576
2023-07-14,4A,22.525937,72.760776,50.0,Paddy,,False,-10.08229,-16.51433
2023-07-14,4B,22.525981,72.760155,50.0,Paddy,,False,-7.27064,-20.41187
2023-07-14,4C,22.525355,72.760222,,,,False,-11.52642,-17.97842
2023-07-14,4D,22.525455,72.760782,,,,False,-9.91589,-18.17354
2023-07-14,4E,22.525639,72.760495,0.0,,,False,-15.21347,-19.26873
2023-07-14,5A,22.527575,72.759127,50.0,Paddy,,False,-14.21257,-19.68856
2023-07-14,5B,22.527161,72.759162,,,,False,-13.94901,-20.34484
2023-07-14,5C,22.527168,72.759822,,,,False,-13.11383,-21.11219
2023-07-14,5D,22.527736,72.759854,,,,False,-12.11219,-16.21515
2023-07-14,5E,22.527454,72.759598,0.0,,,False,-11.40708,-17.79675
2023-07-14,6A,22.526732,72.757887,50.0,Paddy,,False,-13.52241,-20.19132
2023-07-14,6B,22.526314,72.757891,50.0,Paddy,,False,-13.83502,-18.17409
2023-07-14,6C,22.526244,72.757237,50.0,Paddy,,False,-11.35732,-18.35565
2023-07-14,6D,22.526763,72.757237,50.0,Paddy,,False,-9.63189,-18.88954
2023-07-14,6E,22.526525,72.757638,50.0,Paddy,,False,-12.27829,-17.21141
2023-07-14,7A,22.527958,72.750395,50.0,Paddy,0.33637866377830505,False,-13.815,-20.77197
2023-07-14,7B,22.528433,72.750436,50.0,Paddy,0.0990067720413208,False,-18.72791,-19.63501
2023-07-14,7C,22.528529,72.751032,50.0,Paddy,0.15927021205425262,False,-9.47416,-17.93549
2023-07-14,7D,22.527949,72.751069,50.0,Paddy,0.08810024708509445,False,-11.98516,-17.95547
2023-07-14,7E,22.528163,72.750758,50.0,Paddy,0.0417417474091053,False,-13.14861,-19.43374
2023-07-14,8A,22.526748,72.749919,50.0,Paddy,0.11608625203371048,False,-12.74665,-15.36537
2023-07-14,8B,22.526719,72.749468,,,0.3328138291835785,False,-13.45517,-15.03283
2023-07-14,8C,22.526145,72.74949,,,0.10163471847772598,False,-15.00415,-23.49397
2023-07-14,8D,22.526286,72.750055,,,0.07510083168745041,False,-16.35871,-21.25612
2023-07-14,8E,22.526437,72.749791,0.0,,0.08957120031118393,False,-16.79932,-22.92538
2023-07-14,9A,22.527928,72.746618,50.0,Paddy,0.18369467556476593,False,-10.35604,-18.85646
2023-07-14,9B,22.527864,72.747112,,,0.28137004375457764,False,-8.47539,-18.2114
2023-07-14,9C,22.528473,72.747142,,,0.3228641748428345,False,-10.40124,-20.50248
2023-07-14,9D,22.528502,72.746614,,,0.08075671643018723,False,-10.82485,-16.83382
2023-07-14,9E,22.528209,72.746825,0.0,,0.1492435783147812,False,-11.8175,-20.45742
2023-07-14,10A,22.526665,72.746543,50.0,Paddy,0.1477798968553543,False,-12.89556,-21.39833
2023-07-14,10B,22.526281,72.746567,,,0.17572622001171112,False,-5.57401,-19.03955
2023-07-14,10C,22.526099,72.747116,,,0.2631714344024658,False,-11.7567,-19.62067
2023-07-14,10D,22.526674,72.747171,,,0.20709849894046783,False,-13.56138,-19.32983
2023-07-14,10E,22.52649,72.746891,0.0,,0.18789245188236237,False,-11.5476,-19.85086
2023-07-14,11A,22.518984,72.749277,50.0,Paddy,0.005629863124340773,False,-10.03465,-17.41102
2023-07-14,11B,22.519441,72.749219,50.0,Paddy,0.04777778312563896,False,-13.48972,-21.25139
2023-07-14,11C,22.519529,72.748567,50.0,Paddy,0.06200289726257324,False,-11.92171,-21.65186
2023-07-14,11D,22.519041,72.748613,50.0,Paddy,-0.0414053276181221,False,-8.09111,-17.49976
2023-07-14,11E,22.519199,72.748927,50.0,Paddy,-0.060609299689531326,False,-12.20439,-19.92429
2023-07-14,12A,22.518535,72.746677,50.0,Paddy,0.10181640833616257,False,-13.74959,-22.97002
2023-07-14,12B,22.518013,72.746708,50.0,Paddy,,False,-8.66876,-13.92964
2023-07-14,12C,22.517941,72.747349,50.0,Paddy,0.2877223789691925,False,-8.49845,-19.78299
2023-07-14,12D,22.518535,72.74737,50.0,Paddy,0.2654656171798706,False,-7.16506,-15.07122
2023-07-14,12E,22.518272,72.747109,50.0,Paddy,0.1260746419429779,False,-14.30764,-22.61759
2023-07-14,13A,22.51777,72.752478,50.0,Paddy,0.4698319137096405,False,-7.52522,-16.69837
2023-07-14,13B,22.517764,72.753199,50.0,Paddy,0.07455317676067352,False,-13.80688,-21.65436
2023-07-14,13C,22.517261,72.753172,50.0,Paddy,0.11659322679042816,False,-10.5654,-18.10289
2023-07-14,13D,22.517127,72.752548,50.0,Paddy,0.38931703567504883,False,-8.37801,-14.13915
2023-07-14,13E,22.517547,72.752847,50.0,Paddy,0.0999072939157486,False,-10.41408,-17.48164
2023-07-14,14A,22.515363,72.751239,50.0,Paddy,0.3048025965690613,False,-12.62679,-18.18218
2023-07-14,14B,22.515897,72.751233,50.0,Paddy,0.2463911771774292,False,-13.31245,-16.91117
2023-07-14,14C,22.515909,72.750612,50.0,Paddy,0.3360050618648529,False,-10.79926,-17.28508
2023-07-14,14D,22.51533,72.750642,50.0,Paddy,0.20447982847690582,False,-13.30139,-15.98742
2023-07-14,14E,22.515543,72.750935,50.0,Paddy,0.258381724357605,False,-14.68729,-18.86141
2023-07-14,15A,22.515953,72.75545,50.0,Fallow,0.10124480724334717,False,-11.75084,-19.01848
2023-07-14,15B,22.515949,72.756128,50.0,Fallow,0.42770153284072876,False,-11.93726,-15.52232
2023-07-14,15C,22.515395,72.756042,50.0,Fallow,0.4591901898384094,False,-9.4634,-17.46929
2023-07-14,15D,22.515392,72.75548,50.0,Fallow&Grass,0.531316339969635,False,-5.8258,-18.29769
2023-07-14,15E,22.515768,72.75581,0.0,,-0.011203248985111713,False,-10.46248,-18.82256
2023-07-14,16A,22.509924,72.774006,25.3,Fodder,0.2800973951816559,False,-5.7182,-11.99126
2023-07-14,16B,22.509328,72.774041,25.3,Fodder,0.39607948064804077,False,-10.14644,-14.36296
2023-07-14,16C,22.50929,72.774752,27.5,Fallow,0.1916302889585495,False,-9.47941,-15.39027
2023-07-14,16D,22.509753,72.77471,26.3,Fallow,0.25624948740005493,False,-8.03641,-15.43463
2023-07-14,16E,22.509581,72.774453,27.5666666666667,Fallow,0.21324457228183746,False,-7.14403,-15.03636
2023-07-14,17A,22.508014,72.772291,,,,False,-7.16778,-16.36637
2023-07-14,17B,22.508111,72.772801,,,,False,-8.96258,-14.09834
2023-07-14,17C,22.507532,72.772595,,,,False,-9.03486,-16.82848
2023-07-14,17D,22.507484,72.772119,,,,False,-5.93719,-13.70177
2023-07-14,17E,22.50785,72.772474,0.0,,,False,-8.7163,-16.52885
2023-07-14,18A,22.510282,72.771327,,,,False,-9.26283,-18.38093
2023-07-14,18B,22.510154,72.771792,,,,False,-9.55062,-17.10038
2023-07-14,18C,22.510732,72.771577,,,0.27149322628974915,False,-10.06129,-13.53806
2023-07-14,18D,22.510569,72.771293,,,,False,-8.22187,-15.43917
2023-07-14,18E,22.510473,72.771515,0.0,,,False,-8.7226,-17.03076
2023-07-14,19A,22.505576,72.76343,34.7,Fallow,,False,-6.25212,-15.09396
2023-07-14,19B,22.505581,72.764064,31.3,Fallow,,False,-9.00991,-17.9343
2023-07-14,19C,22.505961,72.764083,50.0,Paddy,,False,-5.94422,-17.2665
2023-07-14,19D,22.506133,72.763434,32.9,Fallow,,False,-9.58295,-14.89517
2023-07-14,19E,22.505784,72.763859,31.5666666666667,Fallow,,False,-7.06113,-17.556
2023-07-14,20A,22.505233,72.763051,34.7,Fallow,,False,-8.95991,-16.53004
2023-07-14,20B,22.50465,72.763111,50.0,Fallow,,False,-10.81927,-19.03362
2023-07-14,20C,22.504626,72.762487,50.0,Paddy,,False,-13.22864,-19.20762
2023-07-14,20D,22.505225,72.762441,33.0,Fallow,,False,-11.44948,-15.72419
2023-07-14,20E,22.504991,72.762739,30.1,Fallow,,False,-11.17062,-17.35074
2023-07-14,21A,22.502812,72.762127,31.1,Perl Millet,,False,-10.66913,-15.41248
2023-07-14,21B,22.502834,72.761572,34.2,Fallow,,False,-11.16298,-18.75138
2023-07-14,21C,22.503324,72.761544,50.0,Paddy,,False,-7.09677,-15.65159
2023-07-14,21D,22.503423,72.762158,34.0,Fallow,,False,-9.49694,-13.72372
2023-07-14,21E,22.503156,72.761872,32.6666666666667,Fallow,,False,-10.66877,-14.77799
2023-07-14,22A,22.512449,72.761352,34.5,Fallow,,False,-9.84711,-15.20605
2023-07-14,22B,22.512453,72.761967,37.4,Fallow,,False,-9.54299,-15.12893
2023-07-14,22C,22.511898,72.761975,39.1,Fallow,,False,-8.35767,-13.17792
2023-07-14,22D,22.511855,72.761373,50.0,Paddy,,False,-6.75233,-15.69607
2023-07-14,22E,22.512015,72.761676,39.6333333333333,Fallow,,False,-8.62394,-15.25852
2023-07-14,23A,22.514247,72.763284,50.0,Paddy,,False,-8.51324,-17.9517
2023-07-14,23B,22.51377,72.763369,50.0,Paddy,,False,-9.50809,-18.53774
2023-07-14,23C,22.513729,72.763922,50.0,Paddy,,False,-12.59817,-17.09318
2023-07-14,23D,22.514213,72.763909,39.0,Perl Millet,0.43144291639328003,False,-5.99896,-13.45538
2023-07-14,23E,22.513938,72.763678,50.0,Paddy,,False,-8.77496,-14.64936
2023-07-14,24A,22.514666,72.762935,50.0,Paddy,,False,-9.07335,-15.79526
2023-07-14,24B,22.514581,72.762408,50.0,Paddy,,False,-8.90978,-17.20812
2023-07-14,24C,22.515133,72.762345,50.0,Paddy,,False,-10.54871,-16.1458
2023-07-14,24D,22.515104,72.762909,50.0,Paddy,,False,-11.05708,-17.76833
2023-07-14,24E,22.514946,72.762661,50.0,Paddy,,False,-13.29288,-17.30543
2023-07-14,25A,22.513455,72.765917,50.0,Paddy,,False,-11.06515,-19.00605
2023-07-14,25B,22.512796,72.765908,50.0,Paddy,0.4914707839488983,False,-11.07727,-19.07749
2023-07-14,25C,22.512796,72.765185,50.0,Paddy,,False,-14.27776,-19.54084
2023-07-14,25D,22.513408,72.765196,50.0,Paddy,,False,-11.68037,-19.94098
2023-07-14,25E,22.513116,72.765588,50.0,Paddy,,False,-11.42127,-17.64969
2023-07-14,26A,22.520103,72.766083,50.0,Paddy,0.3377876877784729,False,-10.7969,-20.64874
2023-07-14,26B,22.520661,72.766068,50.0,Paddy,0.18722441792488098,False,-10.62233,-18.83365
2023-07-14,26C,22.520655,72.766749,50.0,Paddy,0.32587218284606934,False,-11.55034,-20.63096
2023-07-14,26D,22.520125,72.766746,50.0,Paddy,0.3570348024368286,False,-12.30328,-18.88917
2023-07-14,26E,22.520285,72.766488,50.0,Paddy,0.27591240406036377,False,-11.39358,-19.07968
2023-07-14,27A,22.521854,72.766591,50.0,Paddy,0.4100996255874634,False,-8.54776,-18.05064
2023-07-14,27B,22.521859,72.766132,50.0,Paddy,0.40892982482910156,False,-10.20583,-18.26329
2023-07-14,27C,22.522409,72.766261,50.0,Paddy,0.30179211497306824,False,-9.02506,-19.11093
2023-07-14,27D,22.522381,72.76673,50.0,Paddy,0.2848585247993469,False,-11.8568,-19.63762
2023-07-14,27E,22.522201,72.766434,50.0,Paddy,0.2990114390850067,False,-9.80548,-19.72249
2023-07-14,28A,22.523697,72.767969,50.0,Paddy,0.3259240686893463,False,-7.75421,-13.99684
2023-07-14,28B,22.52371,72.768582,50.0,Paddy,0.3065662682056427,False,-9.72525,-17.22347
2023-07-14,28C,22.524262,72.768629,45.0,Green Manary,0.8665794730186462,False,-7.03806,-17.00446
2023-07-14,28D,22.524252,72.767989,50.0,Paddy,0.3690398335456848,False,-8.21429,-15.87043
2023-07-14,28E,22.524049,72.768361,40.5333333333333,Green Manary,0.8517462611198425,False,-7.45846,-16.64296
2023-07-14,29A,22.52364,72.766727,50.0,Paddy,0.26625174283981323,False,-5.49065,-17.9882
2023-07-14,29B,22.523657,72.766016,50.0,Paddy,,False,-10.19415,-20.11052
2023-07-14,29C,22.524255,72.766024,50.0,Paddy,,False,-11.80394,-19.46377
2023-07-14,29D,22.524229,72.766601,50.0,Paddy,0.44869309663772583,False,-10.8503,-20.06518
2023-07-14,29E,22.524027,72.766357,0.0,,,False,-9.5022,-18.17329
