date,sample_id,lat,lon,SM1,crop,NDVI,ndvi_fallback,VH-pol,VV-pol
2022-06-16,1A,22.526048,72.765011,4.6,Fallow,0.15000899136066437,False,-19.3557,-13.5461
2022-06-16,1B,22.525481,72.765028,7.2,Pearl Millet,0.6024757623672485,False,-17.1605,-10.4691
2022-06-16,1C,22.525423,72.765663,6.4,Fallow,0.13404160737991333,False,-17.8729,-9.98927
2022-06-16,1D,22.525999,72.765663,9.6,Lemon,0.18631845712661743,False,-17.7906,-11.9346
2022-06-16,1E,22.525563,72.765399,3.9,Fallow,0.2721146047115326,False,-17.3646,-10.7327
2022-06-16,2A,22.52729,72.764707,9.9,Fallow,0.29959580302238464,False,-20.179,-12.6369
2022-06-16,2B,22.527874,72.764718,4.6,Fallow,0.2588304877281189,False,-18.3151,-11.1065
2022-06-16,2C,22.527854,72.764092,9.4,Pearl Millet,0.6166455149650574,False,-17.4439,-10.222
2022-06-16,2D,22.527369,72.764055,5.6,Pearl Millet,0.5754322409629822,False,-18.5871,-11.8398
2022-06-16,2E,22.527544,72.764518,3.6333333333333333,Fallow,0.5130549669265747,False,-18.369,-12.5258
2022-06-16,3A,22.525921,72.762216,4.8,Fallow,0.17772287130355835,False,-18.3568,-9.85463
2022-06-16,3B,22.52584,72.762791,6.0,Fallow,0.1384700983762741,False,-19.1375,-12.3611
2022-06-16,3C,22.525384,72.762825,7.0,Fallow,0.11330004036426544,False,-17.2726,-11.5579
2022-06-16,3D,22.525408,72.762107,6.1,Fallow,0.13284502923488617,False,-18.5586,-10.7904
2022-06-16,3E,22.525592,72.762415,4.666666666666666,Fallow,0.1438722163438797,False,-18.7528,-11.6258
2022-06-16,4A,22.525937,72.760776,5.6,Fallow,0.1836181879043579,False,-19.9924,-12.1953
2022-06-16,4B,22.525981,72.760155,6.0,Fallow,0.113042451441288,False,-20.8285,-13.2891
2022-06-16,4C,22.525355,72.760222,7.5,Fallow,0.1601848155260086,True,-19.5959,-10.4823
2022-06-16,4D,22.525455,72.760782,6.0,Fallow,0.38984325528144836,True,-17.1316,-10.9405
2022-06-16,4E,22.525639,72.760495,4.233333333333333,Fallow,0.1811460256576538,True,-20.7021,-12.418
2022-06-16,5A,22.527575,72.759127,4.5,Fallow,0.1517590433359146,False,-19.215,-11.586
2022-06-16,5B,22.527161,72.759162,4.4,Fallow,0.10615959018468857,False,-19.4059,-11.3702
2022-06-16,5C,22.527168,72.759822,4.9,Fallow,0.11189644038677216,False,-19.3264,-11.8751
2022-06-16,5D,22.527736,72.759854,5.1,Fallow,0.12810063362121582,False,-18.7644,-11.1875
2022-06-16,5E,22.527454,72.759598,5.233333333333333,Fallow,0.14504216611385345,False,-19.1452,-10.9786
2022-06-16,6A,22.526732,72.757887,3.1,Fallow,0.1315329670906067,True,-18.0508,-10.5011
2022-06-16,6B,22.526314,72.757891,3.4,Fallow,0.1235043928027153,False,-17.7971,-10.7217
2022-06-16,6C,22.526244,72.757237,5.3,Fallow,0.11191468685865402,True,-18.7731,-10.2765
2022-06-16,6D,22.526763,72.757237,5.9,Fallow,0.11842058598995209,True,-18.4068,-12.4165
2022-06-16,6E,22.526525,72.757638,5.1,Fallow,0.12702561914920807,True,-18.4484,-11.2283
2022-06-16,7A,22.527958,72.750395,5.9,,0.11881701648235321,False,-18.4352,-11.7884
2022-06-16,7B,22.528433,72.750436,5.3,Fallow,0.10772331058979034,False,-19.2643,-10.5667
2022-06-16,7C,22.528529,72.751032,2.0,Fallow,0.11359988152980804,False,-17.672,-9.7187
2022-06-16,7D,22.527949,72.751069,5.6,Fallow,0.09599359333515167,False,-18.426,-10.9651
2022-06-16,7E,22.528163,72.750758,4.5,Fallow,0.11126315593719482,False,-18.806,-11.1999
2022-06-16,8A,22.526748,72.749919,2.9,Fallow,0.11303842812776566,False,-18.3314,-12.2879
2022-06-16,8B,22.526719,72.749468,4.4,Fallow,0.2131061851978302,False,-18.2699,-11.5343
2022-06-16,8C,22.526145,72.74949,5.2,Fallow,0.10969473421573639,False,-19.5135,-11.5082
2022-06-16,8D,22.526286,72.750055,4.4,Fallow,0.1493012011051178,False,-18.4931,-9.81751
2022-06-16,8E,22.526437,72.749791,6.333333333333333,Fallow,0.14251399040222168,False,-18.8967,-10.9847
2022-06-16,9A,22.527928,72.746618,5.9,Fallow,0.18082284927368164,False,-18.7502,-11.5313
2022-06-16,9B,22.527864,72.747112,9.6,Fallow,0.18095438182353973,False,-18.2951,-12.0155
2022-06-16,9C,22.528473,72.747142,10.6,Fallow,0.25195246934890747,False,-19.4342,-10.4312
2022-06-16,9D,22.528502,72.746614,8.4,Fallow,0.4231051504611969,False,-17.8061,-11.2779
2022-06-16,9E,22.528209,72.746825,3.0,Jowar,0.12621060013771057,False,-19.1728,-11.2253
2022-06-16,10A,22.526665,72.746543,5.2,Fallow,0.08588588237762451,False,-22.5424,-12.1545
2022-06-16,10B,22.526281,72.746567,3.6,Fallow,0.11864786595106125,False,-20.7219,-12.3306
2022-06-16,10C,22.526099,72.747116,4.0,Fallow,0.13354308903217316,False,-20.0113,-12.1021
2022-06-16,10D,22.526674,72.747171,14.3,Fallow,0.10714959353208542,False,-21.8338,-12.6317
2022-06-16,10E,22.52649,72.746891,4.733333333333333,Fallow,0.11266394704580307,False,-21.9811,-12.0595
2022-06-16,11A,22.518984,72.749277,8.8,Fallow,0.1365886926651001,False,-18.1402,-12.5663
2022-06-16,11B,22.519441,72.749219,7.5,Fallow,0.2021806389093399,False,-19.1513,-11.4172
2022-06-16,11C,22.519529,72.748567,16.5,Fallow,0.15419434010982513,False,-19.576,-11.0103
2022-06-16,11D,22.519041,72.748613,5.1,Fallow,0.12902431190013885,False,-18.5322,-10.5402
2022-06-16,11E,22.519199,72.748927,5.033333333333333,Fallow,0.12142013013362885,False,-19.2907,-11.8609
2022-06-16,12A,22.518535,72.746677,10.1,Fallow,0.16309498250484467,False,-19.7057,-11.8149
2022-06-16,12B,22.518013,72.746708,4.0,Fallow,0.19542452692985535,False,-20.1477,-12.5277
2022-06-16,12C,22.517941,72.747349,10.9,Fallow,0.28896409273147583,False,-19.3053,-11.3072
2022-06-16,12D,22.518535,72.74737,12.1,Fallow,0.39080554246902466,False,-17.4265,-10.7271
2022-06-16,12E,22.518272,72.747109,7.6,Jowar,0.17724688351154327,False,-19.9231,-10.9545
2022-06-16,13A,22.51777,72.752478,4.5,Fallow,0.1569158285856247,False,-21.3386,-13.1527
2022-06-16,13B,22.517764,72.753199,9.2,Fallow,0.21946917474269867,False,-19.2902,-11.0875
2022-06-16,13C,22.517261,72.753172,8.6,Fallow,0.1722785085439682,False,-18.6875,-12.2219
2022-06-16,13D,22.517127,72.752548,5.3,Fallow,0.28892454504966736,False,-17.7212,-10.433
2022-06-16,13E,22.517547,72.752847,8.8,Fallow,0.15930326282978058,False,-19.0286,-11.6004
2022-06-16,14A,22.515363,72.751239,7.9,Fallow,0.20404069125652313,False,-17.2037,-11.6349
2022-06-16,14B,22.515897,72.751233,8.0,Fallow,0.15679895877838135,False,-20.3589,-11.9589
2022-06-16,14C,22.515909,72.750612,7.5,Fallow,0.18233318626880646,False,-19.5296,-13.0626
2022-06-16,14D,22.51533,72.750642,7.7,Fallow,0.145722433924675,False,-19.5386,-12.8276
2022-06-16,14E,22.515543,72.750935,6.533333333333333,Fallow,0.1320866048336029,False,-20.6152,-12.8842
2022-06-16,15A,22.515953,72.75545,10.1,Fallow,0.1413009762763977,False,-20.3636,-11.917
2022-06-16,15B,22.515949,72.756128,7.3,Fallow,0.19245105981826782,False,-18.7258,-12.2486
2022-06-16,15C,22.515395,72.756042,5.7,Fallow,0.13540570437908173,False,-19.7596,-10.9705
2022-06-16,15D,22.515392,72.75548,10.9,Fallow,0.22622543573379517,False,-20.4533,-11.8024
2022-06-16,15E,22.515768,72.75581,11.166666666666666,Fallow,0.12281125038862228,False,-19.3009,-10.99
2022-06-16,16A,22.509924,72.774006,7.2,Fallow,0.19735382497310638,False,-19.5784,-11.815
2022-06-16,16B,22.509328,72.774041,12.2,Fallow,0.1717415601015091,False,-19.0005,-10.1774
2022-06-16,16C,22.50929,72.774752,3.6,Fallow,0.12425070255994797,False,-20.2981,-13.0725
2022-06-16,16D,22.509753,72.77471,3.5,Fallow,0.20153294503688812,False,-18.6986,-12.9887
2022-06-16,16E,22.509581,72.774453,5.0,Fallow,0.17189614474773407,False,-18.6986,-12.9887
2022-06-16,17A,22.508014,72.772291,4.1,Fallow,0.18976812064647675,False,-18.8858,-12.7639
2022-06-16,17B,22.508111,72.772801,2.0,Fallow,0.25240054726600647,False,-18.6744,-14.7882
2022-06-16,17C,22.507532,72.772595,3.3,Fallow,0.2455248236656189,False,-18.1245,-11.8757
2022-06-16,17D,22.507484,72.772119,26.5,Fallow,0.15853765606880188,False,-18.1373,-9.52469
2022-06-16,17E,22.50785,72.772474,3.566666666666667,Fallow,0.17413504421710968,False,-18.6367,-12.9881
2022-06-16,18A,22.510282,72.771327,,,0.32909077405929565,True,-18.3985,-12.1602
2022-06-16,18B,22.510154,72.771792,,,0.22017300128936768,True,-18.4146,-11.6368
2022-06-16,18C,22.510732,72.771577,,,0.2422678917646408,True,-15.9654,-11.8108
2022-06-16,18D,22.510569,72.771293,,,0.28095749020576477,True,-17.9565,-10.8129
2022-06-16,18E,22.510473,72.771515,0.0,,0.2662036120891571,True,-17.6607,-11.8
2022-06-16,19A,22.505576,72.76343,3.5,Fallow,0.3966605067253113,True,-17.8404,-11.0006
2022-06-16,19B,22.505581,72.764064,9.7,Pearl Millet,0.6225171685218811,True,-15.8711,-10.3787
2022-06-16,19C,22.505961,72.764083,8.1,Pearl Millet,0.6459063291549683,True,-15.8287,-10.267
2022-06-16,19D,22.506133,72.763434,4.2,Fallow,0.28924310207366943,True,-17.1435,-12.7799
2022-06-16,19E,22.505784,72.763859,9.8,Pearl Millet,0.41042348742485046,True,-16.2,-9.95451
2022-06-16,20A,22.505233,72.763051,2.3,Fallow,0.1955631673336029,True,-17.9406,-11.2444
2022-06-16,20B,22.50465,72.763111,3.8,Fallow,0.18640106916427612,True,-19.0359,-13.158
2022-06-16,20C,22.504626,72.762487,5.8,Fallow,0.322505384683609,True,-19.1968,-13.1986
2022-06-16,20D,22.505225,72.762441,3.4,Fallow,0.16770948469638824,True,-19.8453,-12.2207
2022-06-16,20E,22.504991,72.762739,3.7333333333333334,Fallow,0.18760111927986145,True,-18.9673,-13.193
2022-06-16,21A,22.502812,72.762127,5.8,Fallow,0.14299610257148743,True,-12.4202,-4.08332
2022-06-16,21B,22.502834,72.761572,5.9,Fallow,0.31147539615631104,True,-18.721,-12.5351
2022-06-16,21C,22.503324,72.761544,4.9,Fallow,0.5049384236335754,True,-17.8501,-12.9101
2022-06-16,21D,22.503423,72.762158,8.9,Fallow,0.7284581661224365,True,-17.855,-11.9229
2022-06-16,21E,22.503156,72.761872,4.1,Maize,0.5488958954811096,True,-18.7179,-13.9241
2022-06-16,22A,22.512449,72.761352,5.0,Fallow,0.11764166504144669,False,-19.5663,-12.6875
2022-06-16,22B,22.512453,72.761967,21.7,Fallow,0.11271938681602478,False,-18.2036,-10.7414
2022-06-16,22C,22.511898,72.761975,6.0,Fallow,0.12969303131103516,True,-18.3039,-10.6748
2022-06-16,22D,22.511855,72.761373,5.7,Fallow,0.1455213874578476,True,-21.3491,-11.5331
2022-06-16,22E,22.512015,72.761676,4.933333333333334,Fallow,0.15065385401248932,True,-20.7451,-11.5035
2022-06-16,23A,22.514247,72.763284,6.6,Fallow,0.13949117064476013,False,-20.8577,-11.333
2022-06-16,23B,22.51377,72.763369,4.5,Fallow,0.10387340933084488,False,-21.0438,-12.3345
2022-06-16,23C,22.513729,72.763922,4.9,Fallow,0.11451990902423859,False,-18.9432,-11.5601
2022-06-16,23D,22.514213,72.763909,6.5,Fallow,0.2512223720550537,False,-18.3864,-10.0126
2022-06-16,23E,22.513938,72.763678,6.7,Fallow,0.15465973317623138,False,-20.6445,-12.8325
2022-06-16,24A,22.514666,72.762935,1.3,Fallow,0.6731905341148376,False,-18.6002,-11.1986
2022-06-16,24B,22.514581,72.762408,1.5,Fallow,0.22252307832241058,False,-19.1392,-11.5026
2022-06-16,24C,22.515133,72.762345,5.5,Fallow,0.15973998606204987,False,-20.6624,-12.4355
2022-06-16,24D,22.515104,72.762909,6.6,Fallow,0.15563847124576569,False,-19.0949,-12.3996
2022-06-16,24E,22.514946,72.762661,4.733333333333333,Fallow,0.15641090273857117,False,-20.4645,-12.0929
2022-06-16,25A,22.513455,72.765917,6.7,Fallow,0.1320728212594986,False,-20.6736,-14.1688
2022-06-16,25B,22.512796,72.765908,5.1,Fallow,0.1731870174407959,False,-19.1429,-10.9734
2022-06-16,25C,22.512796,72.765185,4.5,Fallow,0.12408003211021423,False,-19.784,-12.0015
2022-06-16,25D,22.513408,72.765196,12.3,Fallow,0.3308253586292267,False,-20.3815,-12.5045
2022-06-16,25E,22.513116,72.765588,5.466666666666667,Fallow,0.11805377155542374,False,-19.2682,-11.2334
2022-06-16,26A,22.520103,72.766083,5.8,Fallow,0.18096964061260223,False,-18.6729,-12.1888
2022-06-16,26B,22.520661,72.766068,24.8,Fallow,0.12540091574192047,False,-19.1204,-11.7374
2022-06-16,26C,22.520655,72.766749,10.7,Fallow,0.24912197887897491,False,-17.6467,-12.4244
2022-06-16,26D,22.520125,72.766746,5.0,Fallow,0.15071211755275726,False,-19.7242,-11.6339
2022-06-16,26E,22.520285,72.766488,5.8999999999999995,Fallow,0.17755968868732452,False,-20.4652,-12.5777
2022-06-16,27A,22.521854,72.766591,31.9,Fallow,0.28897586464881897,False,-18.1103,-12.7424
2022-06-16,27B,22.521859,72.766132,5.4,Fallow,0.238094300031662,False,-19.7501,-14.2123
2022-06-16,27C,22.522409,72.766261,4.7,Fallow,0.17769737541675568,False,-18.4144,-11.5915
2022-06-16,27D,22.522381,72.76673,1.9,Fallow,0.12226753681898117,True,-18.519,-12.6514
2022-06-16,27E,22.522201,72.766434,2.1333333333333333,Fallow,0.13606220483779907,False,-19.0525,-12.857
2022-06-16,28A,22.523697,72.767969,23.3,Fallow,0.1634751558303833,True,-17.0171,-9.97736
2022-06-16,28B,22.52371,72.768582,7.1,Fallow,0.13927273452281952,True,-18.1488,-11.3335
2022-06-16,28C,22.524262,72.768629,5.2,Fallow,0.12239247560501099,True,-18.4554,-11.4813
2022-06-16,28D,22.524252,72.767989,5.7,Fallow,0.5940971374511719,True,-17.4858,-9.97749
2022-06-16,28E,22.524049,72.768361,5.166666666666666,Fallow,0.17625102400779724,True,-18.2665,-11.7643
2022-06-16,29A,22.52364,72.766727,5.5,Fallow,0.16487309336662292,True,-19.6852,-11.6614
2022-06-16,29B,22.523657,72.766016,3.6,Fallow,0.10796794295310974,False,-19.8313,-12.2824
2022-06-16,29C,22.524255,72.766024,6.2,Fallow,0.17521250247955322,False,-20.0535,-10.3556
2022-06-16,29D,22.524229,72.766601,7.3,Fallow,0.1442600041627884,True,-20.7023,-13.6124
2022-06-16,29E,22.524027,72.766357,7.333333333333334,Fallow,0.15438807010650635,False,-20.0557,-12.9406
2022-06-28,1A,22.526048,72.765011,10.9,Fallow,0.11023106426000595,False,-16.7031,-8.90457
2022-06-28,1B,22.525481,72.765028,20.3,Fallow,0.08982008695602417,False,-17.6459,-9.19917
2022-06-28,1C,22.525423,72.765663,36.0,Fallow,0.09640634059906006,False,-17.7947,-7.14103
2022-06-28,1D,22.525999,72.765663,23.5,Lemon,0.18876329064369202,False,-17.0656,-9.73584
2022-06-28,1E,22.525563,72.765399,36.6,Fallow,0.17138074338436127,False,-17.5226,-7.12236
2022-06-28,2A,22.52729,72.764707,11.4,Fallow,0.19504927098751068,False,-17.4581,-9.41454
2022-06-28,2B,22.527874,72.764718,15.0,Fallow,0.09880851954221725,False,-19.0145,-8.02511
2022-06-28,2C,22.527854,72.764092,14.0,Fallow,0.17201648652553558,False,-17.5656,-8.45697
2022-06-28,2D,22.527369,72.764055,14.8,Fallow,0.11450419574975967,False,-18.8254,-10.3265
2022-06-28,2E,22.527544,72.764518,15.4,Fallow,0.27765950560569763,False,-18.8262,-8.8883
2022-06-28,3A,22.525921,72.762216,19.6,Fallow,0.15035510063171387,False,-15.7074,-9.74809
2022-06-28,3B,22.52584,72.762791,11.4,Fallow,0.11194127053022385,False,-17.9888,-10.5017
2022-06-28,3C,22.525384,72.762825,14.3,Fallow,0.09453240782022476,False,-16.1815,-9.37847
2022-06-28,3D,22.525408,72.762107,16.6,Fallow,0.08749999850988388,False,-17.3963,-9.70156
2022-06-28,3E,22.525592,72.762415,12.533333333333333,Fallow,0.10340963304042816,False,-17.5039,-9.70822
2022-06-28,4A,22.525937,72.760776,18.9,Fallow,0.11491767317056656,False,-19.2008,-10.3729
2022-06-28,4B,22.525981,72.760155,13.0,Fallow,0.0868297815322876,False,-20.3727,-10.9433
2022-06-28,4C,22.525355,72.760222,16.1,Fallow,0.14530505239963531,False,-17.9643,-10.5367
2022-06-28,4D,22.525455,72.760782,9.5,Fallow,0.38789400458335876,False,-17.5357,-10.458
2022-06-28,4E,22.525639,72.760495,11.533333333333333,Fallow,0.12318142503499985,False,-18.7133,-10.4917
2022-06-28,5A,22.527575,72.759127,11.0,Fallow,0.09319382160902023,False,-19.2004,-11.362
2022-06-28,5B,22.527161,72.759162,11.7,Fallow,0.08443229645490646,False,-19.3545,-10.3853
2022-06-28,5C,22.527168,72.759822,12.6,Fallow,0.07602110505104065,False,-18.0262,-9.28736
2022-06-28,5D,22.527736,72.759854,9.0,Fallow,0.08569815754890442,False,-17.6701,-10.0759
2022-06-28,5E,22.527454,72.759598,9.433333333333334,Fallow,0.09731421619653702,False,-17.6741,-9.78372
2022-06-28,6A,22.526732,72.757887,11.3,Fallow,0.12776832282543182,False,-17.0522,-10.5809
2022-06-28,6B,22.526314,72.757891,11.4,Fallow,0.17726832628250122,False,-17.3994,-8.69301
2022-06-28,6C,22.526244,72.757237,13.0,Fallow,0.08883905410766602,False,-18.8472,-10.0669
2022-06-28,6D,22.526763,72.757237,13.1,Fallow,0.09869567304849625,False,-17.0854,-11.3063
2022-06-28,6E,22.526525,72.757638,11.233333333333333,Fallow,0.09042692184448242,False,-18.8801,-10.494
2022-06-28,7A,22.527958,72.750395,8.1,Fallow,0.1654956340789795,False,-17.9791,-10.2571
2022-06-28,7B,22.528433,72.750436,8.7,Fallow,0.1478973776102066,False,-19.4073,-10.8857
2022-06-28,7C,22.528529,72.751032,13.9,Fallow,0.15376298129558563,False,-18.6614,-9.75258
2022-06-28,7D,22.527949,72.751069,10.4,Fallow,0.13267001509666443,False,-17.8863,-10.2799
2022-06-28,7E,22.528163,72.750758,11.9,Fallow,0.1293511539697647,False,-18.8169,-10.4305
2022-06-28,8A,22.526748,72.749919,10.1,Fallow,0.11799772083759308,False,-18.6682,-12.405
2022-06-28,8B,22.526719,72.749468,11.6,Fallow,0.2520277798175812,False,-19.2397,-12.6364
2022-06-28,8C,22.526145,72.74949,15.2,Fallow,0.0888526514172554,True,-19.3978,-10.1275
2022-06-28,8D,22.526286,72.750055,7.2,Fallow,0.1449936032295227,False,-17.1492,-10.9413
2022-06-28,8E,22.526437,72.749791,13.233333333333334,Fallow,0.1324775218963623,False,-18.0649,-11.2671
2022-06-28,9A,22.527928,72.746618,10.3,Fallow,0.17681139707565308,False,-19.5577,-10.9837
2022-06-28,9B,22.527864,72.747112,11.4,Fallow,0.21101146936416626,False,-18.5045,-11.2387
2022-06-28,9C,22.528473,72.747142,17.6,Fallow,0.2721211314201355,False,-17.6222,-11.2284
2022-06-28,9D,22.528502,72.746614,26.0,Jowar,0.6012994050979614,False,-17.0767,-9.85492
2022-06-28,9E,22.528209,72.746825,7.333333333333334,Fallow,0.14814899861812592,False,-18.6473,-9.86775
2022-06-28,10A,22.526665,72.746543,10.2,Fallow,0.07495490461587906,False,-20.9566,-11.1439
2022-06-28,10B,22.526281,72.746567,8.5,Fallow,0.140630304813385,False,-18.2791,-10.2719
2022-06-28,10C,22.526099,72.747116,8.0,Fallow,0.13370507955551147,False,-19.2943,-9.95678
2022-06-28,10D,22.526674,72.747171,8.1,Fallow,0.08974341303110123,False,-20.0475,-11.714
2022-06-28,10E,22.52649,72.746891,9.233333333333334,Fallow,0.09693078696727753,False,-20.9262,-12.143
2022-06-28,11A,22.518984,72.749277,6.6,Fallow,0.14055748283863068,False,-17.9532,-9.68481
2022-06-28,11B,22.519441,72.749219,17.2,Fallow,0.17340710759162903,False,-18.7665,-10.8294
2022-06-28,11C,22.519529,72.748567,3.9,Fallow,0.12651434540748596,False,-17.7435,-10.0962
2022-06-28,11D,22.519041,72.748613,5.7,Fallow,0.1806512027978897,False,-16.7058,-9.20135
2022-06-28,11E,22.519199,72.748927,8.766666666666667,Fallow,0.1391904652118683,False,-18.4119,-11.1084
2022-06-28,12A,22.518535,72.746677,7.2,Fallow,0.13910309970378876,False,-18.6308,-11.0765
2022-06-28,12B,22.518013,72.746708,13.3,Fallow,0.15831467509269714,False,-19.1417,-11.8857
2022-06-28,12C,22.517941,72.747349,8.2,Fallow,0.20392559468746185,False,-17.2233,-10.5804
2022-06-28,12D,22.518535,72.74737,8.9,Fallow,0.27115973830223083,False,-17.1753,-10.3998
2022-06-28,12E,22.518272,72.747109,8.933333333333334,Fallow,0.1550578474998474,False,-18.8407,-11.2846
2022-06-28,13A,22.51777,72.752478,9.7,Fallow,0.136697918176651,False,-17.3488,-9.51952
2022-06-28,13B,22.517764,72.753199,17.9,Fallow,0.12394934147596359,False,-17.6706,-9.78728
2022-06-28,13C,22.517261,72.753172,12.6,Fallow,0.14166231453418732,False,-17.7034,-9.39977
2022-06-28,13D,22.517127,72.752548,18.7,Fallow,0.2730542719364166,False,-16.0339,-10.5933
2022-06-28,13E,22.517547,72.752847,9.1,Fallow,0.13369938731193542,False,-16.9512,-8.96177
2022-06-28,14A,22.515363,72.751239,11.9,Fallow,0.2508651912212372,False,-17.1563,-10.8594
2022-06-28,14B,22.515897,72.751233,12.5,Fallow,0.12751148641109467,False,-18.5095,-12.2991
2022-06-28,14C,22.515909,72.750612,12.1,Fallow,0.10581597685813904,False,-18.4798,-10.8249
2022-06-28,14D,22.51533,72.750642,8.9,Fallow,0.07074294984340668,False,-19.4062,-11.0028
2022-06-28,14E,22.515543,72.750935,15.833333333333332,Fallow,0.08375050872564316,False,-19.7324,-12.7838
2022-06-28,15A,22.515953,72.75545,11.7,Fallow,0.11594042181968689,False,-17.8514,-9.53301
2022-06-28,15B,22.515949,72.756128,17.4,Fallow,0.16183099150657654,False,-18.0516,-10.3351
2022-06-28,15C,22.515395,72.756042,9.4,Fallow,0.1373608261346817,False,-17.7253,-10.8849
2022-06-28,15D,22.515392,72.75548,10.1,Fallow,0.2034635841846466,False,-19.2972,-11.8369
2022-06-28,15E,22.515768,72.75581,19.9,Fallow,0.10899543762207031,False,-18.5062,-9.65209
2022-06-28,16A,22.509924,72.774006,13.2,Kshan,0.4896751940250397,False,-14.899,-9.89168
2022-06-28,16B,22.509328,72.774041,15.9,Fallow,0.3084684908390045,False,-16.0534,-9.39267
2022-06-28,16C,22.50929,72.774752,15.0,Fallow,0.11031082272529602,False,-18.6605,-12.3514
2022-06-28,16D,22.509753,72.77471,13.9,Fallow,0.13996338844299316,False,-18.3215,-11.6278
2022-06-28,16E,22.509581,72.774453,13.6,Fallow,0.131758913397789,False,-16.5305,-10.2434
2022-06-28,17A,22.508014,72.772291,12.9,Fallow,0.20019862055778503,False,-16.7013,-10.1378
2022-06-28,17B,22.508111,72.772801,9.9,Fallow,0.20896537601947784,False,-17.0844,-11.3743
2022-06-28,17C,22.507532,72.772595,14.1,Fallow,0.18294347822666168,False,-16.5994,-10.1198
2022-06-28,17D,22.507484,72.772119,27.4,Jowar,0.31243178248405457,False,-15.251,-10.4677
2022-06-28,17E,22.50785,72.772474,10.966666666666667,Fallow,0.14249421656131744,False,-16.6831,-10.2819
2022-06-28,18A,22.510282,72.771327,,,0.1447691172361374,False,-18.1845,-11.0701
2022-06-28,18B,22.510154,72.771792,,,0.09197362512350082,False,-18.745,-10.5321
2022-06-28,18C,22.510732,72.771577,,,0.10906301438808441,False,-16.6286,-10.3166
2022-06-28,18D,22.510569,72.771293,,,0.08512905985116959,False,-17.1111,-10.2132
2022-06-28,18E,22.510473,72.771515,0.0,,0.09637319296598434,False,-18.1845,-11.0701
2022-06-28,19A,22.505576,72.76343,14.8,Fallow,0.3164888024330139,False,-16.0747,-11.2853
2022-06-28,19B,22.505581,72.764064,21.4,Fallow,0.3166620135307312,False,-17.487,-9.3182
2022-06-28,19C,22.505961,72.764083,12.7,Fallow,0.33560672402381897,False,-16.8187,-9.24223
2022-06-28,19D,22.506133,72.763434,12.4,Fallow,0.19460225105285645,False,-17.4671,-10.1068
2022-06-28,19E,22.505784,72.763859,21.1,Fallow,0.3377111852169037,False,-15.7395,-10.477
2022-06-28,20A,22.505233,72.763051,14.8,Fallow,0.17305779457092285,False,-19.1895,-11.367
2022-06-28,20B,22.50465,72.763111,15.8,Fallow,0.15766210854053497,False,-18.713,-13.2955
2022-06-28,20C,22.504626,72.762487,11.1,Fallow,0.3425493538379669,False,-19.2663,-12.5666
2022-06-28,20D,22.505225,72.762441,14.2,Fallow,0.1197219267487526,False,-19.899,-11.8056
2022-06-28,20E,22.504991,72.762739,7.8,Fallow,0.17999930679798126,False,-19.4608,-12.0293
2022-06-28,21A,22.502812,72.762127,7.5,Fallow,0.14299610257148743,False,-11.2685,-1.48456
2022-06-28,21B,22.502834,72.761572,14.0,Fallow,0.15594542026519775,False,-18.2565,-10.5027
2022-06-28,21C,22.503324,72.761544,13.5,Fallow,0.1468731164932251,False,-18.0934,-10.1649
2022-06-28,21D,22.503423,72.762158,24.3,Jowar,0.7667440176010132,False,-16.6025,-11.1404
2022-06-28,21E,22.503156,72.761872,14.233333333333333,Fallow,0.12058570235967636,False,-16.7281,-10.2646
2022-06-28,22A,22.512449,72.761352,10.1,Fallow,0.09353085607290268,False,-20.4826,-11.6595
2022-06-28,22B,22.512453,72.761967,20.4,Fallow,0.0992952361702919,False,-18.9009,-9.77062
2022-06-28,22C,22.511898,72.761975,18.1,Fallow,0.0974050909280777,False,-19.8562,-11.3501
2022-06-28,22D,22.511855,72.761373,17.5,Fallow,0.1180957555770874,False,-19.4171,-11.3875
2022-06-28,22E,22.512015,72.761676,17.466666666666665,Fallow,0.13139234483242035,False,-19.8455,-11.5504
2022-06-28,23A,22.514247,72.763284,50.0,Paddy,0.07221147418022156,False,-18.2091,-11.8073
2022-06-28,23B,22.51377,72.763369,50.0,Paddy,0.07901272177696228,False,-19.2384,-8.37377
2022-06-28,23C,22.513729,72.763922,50.0,Paddy,0.09019739925861359,False,-18.4955,-8.82779
2022-06-28,23D,22.514213,72.763909,,,0.1044590175151825,False,-17.9422,-10.3453
2022-06-28,23E,22.513938,72.763678,0.0,,0.08080567419528961,False,-18.4302,-9.95987
2022-06-28,24A,22.514666,72.762935,12.3,Fallow,0.16971877217292786,False,-18.841,-10.618
2022-06-28,24B,22.514581,72.762408,13.9,Fallow,0.2020293027162552,False,-18.8167,-10.0774
2022-06-28,24C,22.515133,72.762345,14.7,Fallow,0.14776091277599335,False,-19.8318,-11.511
2022-06-28,24D,22.515104,72.762909,17.8,Fallow,0.1329018771648407,False,-20.4582,-10.0108
2022-06-28,24E,22.514946,72.762661,17.1,Fallow,0.13436371088027954,False,-19.9907,-11.1097
2022-06-28,25A,22.513455,72.765917,12.8,Fallow,0.10007278621196747,False,-19.3193,-12.2043
2022-06-28,25B,22.512796,72.765908,20.9,Fallow,0.10224234312772751,False,-19.011,-10.4794
2022-06-28,25C,22.512796,72.765185,10.2,Fallow,0.08205622434616089,False,-17.7328,-8.84038
2022-06-28,25D,22.513408,72.765196,14.1,Fallow,0.11091011762619019,False,-18.0194,-10.5218
2022-06-28,25E,22.513116,72.765588,15.033333333333333,Fallow,0.08004799485206604,False,-17.543,-10.8355
2022-06-28,26A,22.520103,72.766083,14.8,Fallow,0.20815664529800415,False,-19.3344,-9.45259
2022-06-28,26B,22.520661,72.766068,10.0,Fallow,0.13576433062553406,False,-18.6981,-9.67612
2022-06-28,26C,22.520655,72.766749,6.7,Fallow,0.13795621693134308,False,-16.6612,-9.4944
2022-06-28,26D,22.520125,72.766746,10.0,Fallow,0.1122145727276802,False,-17.6278,-10.69
2022-06-28,26E,22.520285,72.766488,16.7,Fallow,0.1517762541770935,False,-17.8727,-10.0221
2022-06-28,27A,22.521854,72.766591,39.8,Paddy&Dharu,0.325687438249588,False,-17.2614,-10.4076
2022-06-28,27B,22.521859,72.766132,13.7,Fallow,0.2240261435508728,False,-17.7807,-10.0919
2022-06-28,27C,22.522409,72.766261,13.8,Fallow,0.13004301488399506,False,-18.6389,-8.69698
2022-06-28,27D,22.522381,72.76673,14.0,Fallow,0.08637461066246033,False,-16.7895,-10.2888
2022-06-28,27E,22.522201,72.766434,12.166666666666666,Fallow,0.11217980831861496,False,-17.3223,-9.6936
2022-06-28,28A,22.523697,72.767969,14.7,Fallow,0.14119267463684082,False,-16.0042,-9.49041
2022-06-28,28B,22.52371,72.768582,22.7,Fallow,0.11636064201593399,False,-16.8308,-9.67217
2022-06-28,28C,22.524262,72.768629,10.6,Fallow,0.0955064594745636,False,-18.9629,-11.1832
2022-06-28,28D,22.524252,72.767989,9.5,Fallow,0.163810595870018,False,-16.2654,-8.59556
2022-06-28,28E,22.524049,72.768361,10.766666666666666,Fallow,0.12575848400592804,False,-17.3359,-9.14075
2022-06-28,29A,22.52364,72.766727,17.3,Fallow,0.1566031277179718,False,-17.0662,-9.65824
2022-06-28,29B,22.523657,72.766016,11.3,Fallow,0.07243331521749496,False,-20.0138,-11.7319
2022-06-28,29C,22.524255,72.766024,14.4,Fallow,0.1549307405948639,False,-19.9058,-11.9251
2022-06-28,29D,22.524229,72.766601,14.2,Fallow,0.1001758947968483,False,-18.9276,-12.3338
2022-06-28,29E,22.524027,72.766357,14.666666666666666,Fallow,0.13369636237621307,False,-19.7375,-12.5161
2022-07-22,1A,22.526048,72.765011,45.5,Paddy,,False,-16.8123,-10.8008
2022-07-22,1B,22.525481,72.765028,50.0,Paddy,,False,-18.7505,-11.2861
2022-07-22,1C,22.525423,72.765663,50.0,Paddy,,False,-18.4592,-11.5063
2022-07-22,1D,22.525999,72.765663,30.7,Lemon,,False,-17.2443,-8.38866
2022-07-22,1E,22.525563,72.765399,50.0,Paddy,,False,-19.2454,-10.4366
2022-07-22,2A,22.52729,72.764707,50.0,Paddy,,False,-18.613,-11.7373
2022-07-22,2B,22.527874,72.764718,50.0,Paddy,,False,-18.2166,-13.3057
2022-07-22,2C,22.527854,72.764092,50.0,Paddy,,False,-19.6047,-10.6024
2022-07-22,2D,22.527369,72.764055,50.0,Paddy,,False,-19.5927,-10.6068
2022-07-22,2E,22.527544,72.764518,50.0,Paddy,,False,-18.5669,-13.4135
2022-07-22,3A,22.525921,72.762216,50.0,Paddy,,False,-16.6916,-11.0964
2022-07-22,3B,22.52584,72.762791,50.0,Paddy,,False,-18.1938,-9.94558
2022-07-22,3C,22.525384,72.762825,50.0,Paddy,,False,-16.0028,-10.6174
2022-07-22,3D,22.525408,72.762107,50.0,Paddy,,False,-18.1056,-12.9511
2022-07-22,3E,22.525592,72.762415,50.0,Paddy,,False,-19.9937,-13.5196
2022-07-22,4A,22.525937,72.760776,50.0,Fallow,,False,-18.8781,-9.89016
2022-07-22,4B,22.525981,72.760155,50.0,Fallow,,False,-20.9232,-12.9783
2022-07-22,4C,22.525355,72.760222,50.0,Paddy,,False,-20.2618,-13.3706
2022-07-22,4D,22.525455,72.760782,41.8,Fallow,,False,-16.5413,-10.2027
2022-07-22,4E,22.525639,72.760495,50.0,Paddy,,False,-19.1364,-11.8469
2022-07-22,5A,22.527575,72.759127,50.0,Paddy,,False,-19.6163,-15.4647
2022-07-22,5B,22.527161,72.759162,50.0,Paddy,,False,-20.6366,-16.1361
2022-07-22,5C,22.527168,72.759822,50.0,Paddy,,False,-22.1662,-17.2024
2022-07-22,5D,22.527736,72.759854,50.0,Paddy,,False,-18.4534,-14.1075
2022-07-22,5E,22.527454,72.759598,50.0,Paddy,,False,-21.7068,-17.2914
2022-07-22,6A,22.526732,72.757887,50.0,Paddy,,False,-18.5477,-12.8476
2022-07-22,6B,22.526314,72.757891,50.0,Paddy,,False,-17.3157,-14.5742
2022-07-22,6C,22.526244,72.757237,50.0,Paddy,,False,-21.4144,-12.9489
2022-07-22,6D,22.526763,72.757237,50.0,Paddy,,False,-18.9277,-12.8004
2022-07-22,6E,22.526525,72.757638,50.0,Paddy,,False,-20.3129,-15.0513
2022-07-22,7A,22.527958,72.750395,50.0,Paddy,,False,-20.5413,-15.9974
2022-07-22,7B,22.528433,72.750436,,,,False,-21.4971,-15.0565
2022-07-22,7C,22.528529,72.751032,,,,False,-18.8185,-12.7295
2022-07-22,7D,22.527949,72.751069,,,,False,-20.373,-14.1187
2022-07-22,7E,22.528163,72.750758,0.0,,,False,-20.7191,-14.803
2022-07-22,8A,22.526748,72.749919,50.0,Fallow,,False,-18.758,-15.0906
2022-07-22,8B,22.526719,72.749468,50.0,Paddy,,False,-17.1305,-12.6433
2022-07-22,8C,22.526145,72.74949,50.0,Paddy,,False,-22.6658,-16.6765
2022-07-22,8D,22.526286,72.750055,,,,False,-21.2384,-13.571
2022-07-22,8E,22.526437,72.749791,0.0,,,False,-21.8425,-15.7802
2022-07-22,9A,22.527928,72.746618,50.0,Paddy,,False,-18.4856,-13.2109
2022-07-22,9B,22.527864,72.747112,38.9,Paddy,,False,-17.2914,-11.7738
2022-07-22,9C,22.528473,72.747142,50.0,Paddy,,False,-17.2264,-11.8226
2022-07-22,9D,22.528502,72.746614,43.4,Jowar,0.520900309085846,True,-16.4454,-11.1538
2022-07-22,9E,22.528209,72.746825,50.0,Paddy,,False,-16.928,-12.0504
2022-07-22,10A,22.526665,72.746543,50.0,Paddy,0.2527322769165039,True,-21.9206,-13.0321
2022-07-22,10B,22.526281,72.746567,,,0.3160322904586792,True,-17.6767,-11.7659
2022-07-22,10C,22.526099,72.747116,,,,False,-20.5555,-13.5585
2022-07-22,10D,22.526674,72.747171,,,,False,-22.9095,-13.3937
2022-07-22,10E,22.52649,72.746891,0.0,,0.30085960030555725,True,-22.1036,-13.2588
2022-07-22,11A,22.518984,72.749277,50.0,Paddy,,False,-18.8491,-14.5295
2022-07-22,11B,22.519441,72.749219,50.0,Fallow,,False,-21.9643,-16.5343
2022-07-22,11C,22.519529,72.748567,50.0,Fallow,,False,-23.4831,-17.5585
2022-07-22,11D,22.519041,72.748613,50.0,Fallow,,False,-23.0085,-17.5499
2022-07-22,11E,22.519199,72.748927,50.0,Paddy,,False,-23.1995,-18.2326
2022-07-22,12A,22.518535,72.746677,,,-0.014251717366278172,True,-22.8023,-17.8753
2022-07-22,12B,22.518013,72.746708,,,0.19832417368888855,True,-20.7645,-15.2772
2022-07-22,12C,22.517941,72.747349,,,,False,-21.0655,-14.6313
2022-07-22,12D,22.518535,72.74737,,,,False,-19.4866,-11.9905
2022-07-22,12E,22.518272,72.747109,0.0,,,False,-22.1231,-16.6494
2022-07-22,13A,22.51777,72.752478,50.0,Paddy,,False,-20.1016,-8.33622
2022-07-22,13B,22.517764,72.753199,,,0.05343853309750557,True,-22.1072,-16.1724
2022-07-22,13C,22.517261,72.753172,,,0.34502923488616943,True,-20.3252,-12.9575
2022-07-22,13D,22.517127,72.752548,,,0.4636267125606537,True,-16.051,-10.8488
2022-07-22,13E,22.517547,72.752847,0.0,,0.22077356278896332,True,-19.6881,-9.31573
2022-07-22,14A,22.515363,72.751239,50.0,Paddy,0.3548421561717987,True,-17.8025,-12.4814
2022-07-22,14B,22.515897,72.751233,,,0.27127784490585327,True,-18.0304,-11.1672
2022-07-22,14C,22.515909,72.750612,,,,False,-20.9901,-14.4098
2022-07-22,14D,22.51533,72.750642,,,0.20372115075588226,True,-20.3377,-14.7934
2022-07-22,14E,22.515543,72.750935,0.0,,0.2553238868713379,True,-21.259,-13.8997
2022-07-22,15A,22.515953,72.75545,50.0,Paddy,0.30212438106536865,True,-18.8612,-13.1189
2022-07-22,15B,22.515949,72.756128,50.0,Fallow,0.3937627673149109,True,-20.5371,-12.5381
2022-07-22,15C,22.515395,72.756042,50.0,Paddy,0.38722240924835205,True,-17.7452,-11.2684
2022-07-22,15D,22.515392,72.75548,43.7,Fallow,0.5361800193786621,True,-16.4233,-10.1601
2022-07-22,15E,22.515768,72.75581,50.0,Fallow,0.030459726229310036,True,-19.5016,-12.1787
2022-07-22,16A,22.509924,72.774006,19.3,Kshan,0.5854454636573792,True,-16.1824,-9.4446
2022-07-22,16B,22.509328,72.774041,23.1,Kshan,0.8667104244232178,True,-17.3756,-10.5756
2022-07-22,16C,22.50929,72.774752,23.8,Fallow,0.2512826919555664,True,-19.1032,-12.5991
2022-07-22,16D,22.509753,72.77471,25.2,Fallow,0.20915518701076508,True,-17.3998,-12.966
2022-07-22,16E,22.509581,72.774453,24.333333333333332,Fallow,0.2770031988620758,True,-18.3807,-12.1193
2022-07-22,17A,22.508014,72.772291,26.7,Fallow,0.3480851650238037,True,-15.0812,-10.3548
2022-07-22,17B,22.508111,72.772801,36.7,Fallow,0.2931312918663025,True,-14.8415,-10.2401
2022-07-22,17C,22.507532,72.772595,29.0,Fallow,0.24795322120189667,True,-13.3331,-8.76673
2022-07-22,17D,22.507484,72.772119,37.0,Jowar,0.833350658416748,True,-14.755,-9.20721
2022-07-22,17E,22.50785,72.772474,31.6,Fallow,0.17438580095767975,True,-13.6236,-9.89965
2022-07-22,18A,22.510282,72.771327,,,0.8102853298187256,True,-16.5832,-8.86676
2022-07-22,18B,22.510154,72.771792,,,0.6875795722007751,True,-17.1019,-8.92559
2022-07-22,18C,22.510732,72.771577,,,0.6853538155555725,True,-16.5774,-8.45078
2022-07-22,18D,22.510569,72.771293,,,0.7776001691818237,True,-15.8559,-8.05745
2022-07-22,18E,22.510473,72.771515,0.0,,0.780633807182312,True,-17.3071,-7.83157
2022-07-22,19A,22.505576,72.76343,33.5,Fallow,0.5927697420120239,True,-14.4024,-9.19687
2022-07-22,19B,22.505581,72.764064,32.3,Fallow,0.23727937042713165,True,-13.8858,-9.90544
2022-07-22,19C,22.505961,72.764083,31.2,Fallow,0.3636592924594879,True,-15.8003,-9.20369
2022-07-22,19D,22.506133,72.763434,41.9,Fallow,0.24333877861499786,True,-16.5785,-9.14288
2022-07-22,19E,22.505784,72.763859,31.566666666666666,Fallow,0.37831610441207886,True,-14.2688,-8.5486
2022-07-22,20A,22.505233,72.763051,27.6,Fallow,0.49865302443504333,True,-16.0906,-10.1411
2022-07-22,20B,22.50465,72.763111,28.3,Fallow,0.2402077168226242,True,-17.0205,-11.3139
2022-07-22,20C,22.504626,72.762487,50.0,Paddy,0.6850194334983826,True,-17.9242,-10.3256
2022-07-22,20D,22.505225,72.762441,34.9,Fallow,0.478022038936615,True,-17.2983,-10.8842
2022-07-22,20E,22.504991,72.762739,27.633333333333333,Paddy,0.24322302639484406,True,-17.0825,-11.5819
2022-07-22,21A,22.502812,72.762127,37.8,Fallow,,False,-8.7791,-6.75152
2022-07-22,21B,22.502834,72.761572,32.6,Pearl Millet,,False,-16.4751,-10.3543
2022-07-22,21C,22.503324,72.761544,50.0,Paddy,,False,-18.793,-11.3358
2022-07-22,21D,22.503423,72.762158,29.2,Jowar,0.06472615897655487,True,-15.6244,-10.2674
2022-07-22,21E,22.503156,72.761872,31.733333333333334,Pearl Millet,,False,-16.6265,-10.6129
2022-07-22,22A,22.512449,72.761352,37.7,Fallow,0.5516477823257446,True,-14.6097,-9.57017
2022-07-22,22B,22.512453,72.761967,50.0,Paddy,0.2933999001979828,True,-18.122,-12.0623
2022-07-22,22C,22.511898,72.761975,39.1,Fallow,0.583465576171875,True,-15.9379,-9.49841
2022-07-22,22D,22.511855,72.761373,36.6,Fallow,0.5211434364318848,True,-14.8408,-10.0328
2022-07-22,22E,22.512015,72.761676,37.5,Fallow,0.3541910648345947,True,-15.0056,-9.62244
2022-07-22,23A,22.514247,72.763284,50.0,Paddy,,False,-17.9983,-10.148
2022-07-22,23B,22.51377,72.763369,,,,False,-18.3021,-8.34989
2022-07-22,23C,22.513729,72.763922,,,,False,-17.8223,-8.40429
2022-07-22,23D,22.514213,72.763909,,,,False,-17.4407,-8.01888
2022-07-22,23E,22.513938,72.763678,0.0,,,False,-17.9446,-8.69717
2022-07-22,24A,22.514666,72.762935,50.0,Paddy,,False,-18.644,-12.845
2022-07-22,24B,22.514581,72.762408,,,,False,-16.7044,-11.2864
2022-07-22,24C,22.515133,72.762345,,,,False,-19.6279,-12.4926
2022-07-22,24D,22.515104,72.762909,,,,False,-18.6967,-11.8905
2022-07-22,24E,22.514946,72.762661,0.0,,,False,-19.0493,-11.9665
2022-07-22,25A,22.513455,72.765917,50.0,Paddy,,False,-18.4504,-10.2294
2022-07-22,25B,22.512796,72.765908,50.0,Paddy,0.48572883009910583,True,-18.0939,-12.1814
2022-07-22,25C,22.512796,72.765185,50.0,Paddy,,False,-19.647,-11.642
2022-07-22,25D,22.513408,72.765196,50.0,Paddy,,False,-18.5166,-12.3627
2022-07-22,25E,22.513116,72.765588,50.0,Fallow,0.25175368785858154,True,-18.64,-12.5525
2022-07-22,26A,22.520103,72.766083,31.1,Paddy,0.30835631489753723,True,-19.0266,-11.7399
2022-07-22,26B,22.520661,72.766068,50.0,Paddy,0.5392727255821228,True,-19.0489,-11.5372
2022-07-22,26C,22.520655,72.766749,39.7,Paddy,0.5183103680610657,True,-17.1712,-11.0701
2022-07-22,26D,22.520125,72.766746,27.7,Fallow,0.3171096444129944,True,-17.257,-10.3801
2022-07-22,26E,22.520285,72.766488,31.0,Fallow,0.3505306541919708,True,-18.233,-11.0806
2022-07-22,27A,22.521854,72.766591,50.0,Paddy,,False,-19.7968,-11.0816
2022-07-22,27B,22.521859,72.766132,,,,False,-19.9196,-11.7785
2022-07-22,27C,22.522409,72.766261,,,,False,-17.7195,-12.0188
2022-07-22,27D,22.522381,72.76673,,,,False,-17.5229,-12.3485
2022-07-22,27E,22.522201,72.766434,0.0,,,False,-18.09,-12.4104
2022-07-22,28A,22.523697,72.767969,50.0,Paddy,,False,-17.1566,-11.0795
2022-07-22,28B,22.52371,72.768582,50.0,Paddy,,False,-17.658,-12.2769
2022-07-22,28C,22.524262,72.768629,36.3,Fallow,,False,-15.4622,-9.08543
2022-07-22,28D,22.524252,72.767989,50.0,Fallow,,False,-17.6845,-10.7461
2022-07-22,28E,22.524049,72.768361,35.166666666666664,Fallow,,False,-15.8229,-9.74802
2022-07-22,29A,22.52364,72.766727,50.0,Paddy,,False,-17.6456,-12.0167
2022-07-22,29B,22.523657,72.766016,36.1,Fallow,0.2689882218837738,True,-19.5096,-12.1841
2022-07-22,29C,22.524255,72.766024,35.2,Fallow,0.45578232407569885,True,-18.8874,-11.462
2022-07-22,29D,22.524229,72.766601,40.9,Fallow,,False,-17.9178,-10.2822
2022-07-22,29E,22.524027,72.766357,40.86666666666667,Fallow,0.36028537154197693,True,-18.1066,-11.2158
2022-08-27,1A,22.526048,72.765011,30.5,Fallow,0.6102163791656494,False,-16.3756,-10.5905
2022-08-27,1B,22.525481,72.765028,46.9,Paddy,0.6223475337028503,False,-16.2443,-10.6348
2022-08-27,1C,22.525423,72.765663,50.0,Paddy,0.6377100348472595,False,-17.373,-10.7693
2022-08-27,1D,22.525999,72.765663,18.1,Lemon,0.3352636694908142,False,-16.8214,-9.81682
2022-08-27,1E,22.525563,72.765399,50.0,Paddy,0.6468596458435059,False,-17.5966,-10.7898
2022-08-27,2A,22.52729,72.764707,34.4,Paddy,0.6349843740463257,False,-16.0037,-10.8095
2022-08-27,2B,22.527874,72.764718,41.1,Paddy,0.6423779129981995,False,-16.6374,-10.6263
2022-08-27,2C,22.527854,72.764092,43.0,Paddy,0.7004792094230652,False,-16.3289,-11.6188
2022-08-27,2D,22.527369,72.764055,46.7,Paddy,0.6838656663894653,False,-16.3675,-11.2353
2022-08-27,2E,22.527544,72.764518,41.13333333333333,Paddy,0.6683874130249023,False,-15.6786,-11.3992
2022-08-27,3A,22.525921,72.762216,50.0,Paddy,0.614344596862793,False,-14.1615,-9.40932
2022-08-27,3B,22.52584,72.762791,50.0,Paddy,0.619704008102417,False,-15.9626,-10.0939
2022-08-27,3C,22.525384,72.762825,36.4,Paddy,0.6010801196098328,False,-16.1883,-9.50853
2022-08-27,3D,22.525408,72.762107,24.6,Paddy,0.5577142238616943,False,-14.8537,-9.87184
2022-08-27,3E,22.525592,72.762415,43.96666666666667,Paddy,0.5816295146942139,False,-15.6304,-9.83812
2022-08-27,4A,22.525937,72.760776,47.9,Paddy,0.5950214266777039,False,-14.5977,-10.4779
2022-08-27,4B,22.525981,72.760155,44.3,Paddy,0.6297525763511658,False,-17.505,-10.6884
2022-08-27,4C,22.525355,72.760222,52.5,Paddy,0.6261427998542786,False,-15.255,-10.8405
2022-08-27,4D,22.525455,72.760782,41.1,Fallow,0.4910062551498413,False,-14.6196,-10.198
2022-08-27,4E,22.525639,72.760495,37.36666666666667,Paddy,0.6464666724205017,False,-14.6196,-10.198
2022-08-27,5A,22.527575,72.759127,38.5,Paddy,0.5858724117279053,False,-17.4633,-11.6991
2022-08-27,5B,22.527161,72.759162,33.8,Paddy,0.559594452381134,False,-17.8892,-12.3168
2022-08-27,5C,22.527168,72.759822,40.7,Paddy,0.6153939366340637,False,-17.3874,-13.0761
2022-08-27,5D,22.527736,72.759854,37.9,Paddy,0.6235290765762329,False,-15.7107,-12.0375
2022-08-27,5E,22.527454,72.759598,43.8,Paddy,0.6063714623451233,False,-17.2749,-13.2415
2022-08-27,6A,22.526732,72.757887,48.1,Paddy,0.6165897846221924,False,-14.6653,-10.0432
2022-08-27,6B,22.526314,72.757891,50.4,Paddy,0.6296960115432739,False,-15.2218,-10.5088
2022-08-27,6C,22.526244,72.757237,34.0,Paddy,0.6896277666091919,False,-15.8596,-11.1873
2022-08-27,6D,22.526763,72.757237,45.7,Paddy,0.6832863092422485,False,-16.2524,-10.449
2022-08-27,6E,22.526525,72.757638,48.1,Paddy,0.6522911787033081,False,-15.3576,-9.60692
2022-08-27,7A,22.527958,72.750395,32.0,Paddy,0.7000097036361694,False,-16.3931,-10.3933
2022-08-27,7B,22.528433,72.750436,35.0,,0.6979345083236694,False,-16.998,-10.4906
2022-08-27,7C,22.528529,72.751032,33.5,,0.6765744090080261,False,-16.5378,-10.6323
2022-08-27,7D,22.527949,72.751069,36.5,,0.6762141585350037,False,-16.1988,-10.0055
2022-08-27,7E,22.528163,72.750758,12.5,,0.6999345421791077,False,-18.0532,-9.46521
2022-08-27,8A,22.526748,72.749919,32.0,Paddy,0.5728850960731506,False,-16.0576,-9.07233
2022-08-27,8B,22.526719,72.749468,35.0,,0.6340758204460144,False,-15.1427,-8.36539
2022-08-27,8C,22.526145,72.74949,33.5,,0.5917685627937317,False,-16.505,-9.45652
2022-08-27,8D,22.526286,72.750055,36.5,,0.6006971597671509,False,-15.2923,-9.67841
2022-08-27,8E,22.526437,72.749791,12.5,,0.5974804759025574,False,-15.5793,-8.72781
2022-08-27,9A,22.527928,72.746618,50.0,Paddy,0.5382461547851562,False,-15.2436,-7.61043
2022-08-27,9B,22.527864,72.747112,40.4,Paddy,0.5613903403282166,False,-14.3584,-11.0572
2022-08-27,9C,22.528473,72.747142,46.1,Paddy,0.5423490405082703,False,-14.9969,-9.01018
2022-08-27,9D,22.528502,72.746614,41.4,Sorgham,0.3076275587081909,False,-15.1652,-9.25759
2022-08-27,9E,22.528209,72.746825,50.0,Paddy,0.49730995297431946,False,-14.4301,-7.86018
2022-08-27,10A,22.526665,72.746543,46.1,Paddy,0.5455346703529358,False,-16.1435,-12.2434
2022-08-27,10B,22.526281,72.746567,46.6,Paddy,0.567446231842041,False,-15.2411,-11.6572
2022-08-27,10C,22.526099,72.747116,41.6,Paddy,0.5536604523658752,False,-16.386,-10.514
2022-08-27,10D,22.526674,72.747171,50.0,Paddy,0.544324517250061,False,-17.1793,-12.2567
2022-08-27,10E,22.52649,72.746891,38.766666666666666,Paddy,0.539473295211792,False,-16.3459,-11.1588
2022-08-27,11A,22.518984,72.749277,32.0,Paddy,0.7037819623947144,False,-15.3336,-8.50044
2022-08-27,11B,22.519441,72.749219,33.0,Paddy,0.3844938576221466,False,-15.8605,-9.09321
2022-08-27,11C,22.519529,72.748567,35.0,Paddy,0.38656163215637207,False,-16.1616,-6.6553
2022-08-27,11D,22.519041,72.748613,36.0,Paddy,0.3564929664134979,False,-16.5365,-7.01906
2022-08-27,11E,22.519199,72.748927,12.666666666666666,Paddy,0.36328721046447754,False,-17.7324,-8.21438
2022-08-27,12A,22.518535,72.746677,32.0,Paddy,0.860338568687439,True,-15.6761,-8.25313
2022-08-27,12B,22.518013,72.746708,33.0,Paddy,0.8525732755661011,True,-15.9854,-9.51028
2022-08-27,12C,22.517941,72.747349,35.0,Paddy,0.8328296542167664,True,-17.0385,-9.22175
2022-08-27,12D,22.518535,72.74737,36.0,Paddy,0.8512440323829651,True,-14.8569,-7.53073
2022-08-27,12E,22.518272,72.747109,12.666666666666666,Paddy,0.8691633939743042,True,-16.1214,-9.21078
2022-08-27,13A,22.51777,72.752478,32.0,Paddy,0.5998745560646057,False,-17.3,-7.41308
2022-08-27,13B,22.517764,72.753199,33.0,Paddy,0.6290056109428406,False,-17.7667,-8.10995
2022-08-27,13C,22.517261,72.753172,35.0,Paddy,0.8031667470932007,False,-17.3761,-8.7125
2022-08-27,13D,22.517127,72.752548,36.0,Paddy,0.7729274034500122,False,-14.4092,-9.06285
2022-08-27,13E,22.517547,72.752847,12.666666666666666,Paddy,0.7242224812507629,False,-17.015,-8.51181
2022-08-27,14A,22.515363,72.751239,32.0,Paddy,0.5964981317520142,False,-16.6492,-9.17507
2022-08-27,14B,22.515897,72.751233,33.0,Paddy,0.6171120405197144,False,-17.2146,-9.49501
2022-08-27,14C,22.515909,72.750612,35.0,Paddy,0.7077298164367676,False,-16.0935,-8.76688
2022-08-27,14D,22.51533,72.750642,36.0,Paddy,0.7302036285400391,False,-16.4544,-9.49429
2022-08-27,14E,22.515543,72.750935,12.666666666666666,Paddy,0.6753941178321838,False,-17.0443,-9.77852
2022-08-27,15A,22.515953,72.75545,50.0,Paddy,0.6261801719665527,False,-14.8987,-7.93917
2022-08-27,15B,22.515949,72.756128,50.0,Paddy,0.5654929280281067,False,-16.9577,-7.5138
2022-08-27,15C,22.515395,72.756042,50.0,Paddy,0.7807055711746216,False,-15.2061,-8.96781
2022-08-27,15D,22.515392,72.75548,44.1,Fallow,0.5663741230964661,False,-15.0125,-10.042
2022-08-27,15E,22.515768,72.75581,50.0,Paddy,0.5629506707191467,False,-14.5215,-7.77633
2022-08-27,16A,22.509924,72.774006,22.7,Fallow,0.2401171326637268,False,-17.5798,-12.756
2022-08-27,16B,22.509328,72.774041,15.6,Fallow,0.3517455458641052,True,-17.0614,-11.4174
2022-08-27,16C,22.50929,72.774752,22.9,Pearl Millet,0.6780346632003784,True,-15.5431,-10.9321
2022-08-27,16D,22.509753,72.77471,16.5,Pearl Millet,0.5978423953056335,True,-14.1713,-9.03169
2022-08-27,16E,22.509581,72.774453,20.833333333333332,Pearl Millet,0.6619240045547485,True,-14.7304,-9.73012
2022-08-27,17A,22.508014,72.772291,19.0,Fodder,,False,-15.9158,-10.5103
2022-08-27,17B,22.508111,72.772801,21.2,Fodder,,False,-14.9194,-9.7855
2022-08-27,17C,22.507532,72.772595,25.4,Fodder,,False,-15.642,-8.64197
2022-08-27,17D,22.507484,72.772119,32.7,Fallow,,False,-16.337,-10.5992
2022-08-27,17E,22.50785,72.772474,23.7,Fodder,,False,-15.2677,-9.51084
2022-08-27,18A,22.510282,72.771327,,,0.5595569014549255,False,-14.9402,-8.46512
2022-08-27,18B,22.510154,72.771792,,,0.7249972820281982,False,-15.1473,-8.37583
2022-08-27,18C,22.510732,72.771577,,,0.7594018578529358,False,-15.071,-9.14509
2022-08-27,18D,22.510569,72.771293,,,0.7984640598297119,False,-14.2985,-8.51216
2022-08-27,18E,22.510473,72.771515,0.0,,0.7471875548362732,False,-14.2985,-8.51216
2022-08-27,19A,22.505576,72.76343,26.1,Fallow,,False,-15.0869,-9.12775
2022-08-27,19B,22.505581,72.764064,19.9,Fallow,,False,-15.3283,-9.63441
2022-08-27,19C,22.505961,72.764083,25.2,Fallow,,False,-15.3999,-9.72314
2022-08-27,19D,22.506133,72.763434,44.1,Paddy,,False,-14.5096,-10.8401
2022-08-27,19E,22.505784,72.763859,25.333333333333332,Fallow,,False,-15.7,-11.2771
2022-08-27,20A,22.505233,72.763051,32.7,Pearl Millet,,False,-14.0636,-10.1611
2022-08-27,20B,22.50465,72.763111,15.6,Pearl Millet,,False,-15.8521,-11.4005
2022-08-27,20C,22.504626,72.762487,48.6,Paddy,,False,-15.1359,-10.0858
2022-08-27,20D,22.505225,72.762441,32.8,Pearl Millet,,False,-16.6724,-9.91768
2022-08-27,20E,22.504991,72.762739,37.333333333333336,Pearl Millet,,False,-14.9139,-10.6667
2022-08-27,21A,22.502812,72.762127,32.2,Fallow,0.5503592491149902,True,-12.4713,-6.3941
2022-08-27,21B,22.502834,72.761572,35.3,Pearl Millet,,False,-15.4057,-10.3943
2022-08-27,21C,22.503324,72.761544,40.5,Paddy,0.6968523263931274,True,-15.1933,-9.03858
2022-08-27,21D,22.503423,72.762158,26.2,Fallow,0.7276785969734192,True,-14.0371,-9.22418
2022-08-27,21E,22.503156,72.761872,37.233333333333334,Pearl Millet,0.7664108872413635,True,-14.386,-8.65347
2022-08-27,22A,22.512449,72.761352,29.8,Fallow,0.49941253662109375,False,-16.8534,-10.4345
2022-08-27,22B,22.512453,72.761967,50.0,Paddy,0.6553834080696106,False,-15.8534,-11.4635
2022-08-27,22C,22.511898,72.761975,27.7,Fallow,0.6440222263336182,False,-15.2936,-9.69726
2022-08-27,22D,22.511855,72.761373,25.4,Fallow,0.6025843024253845,False,-14.0475,-9.49762
2022-08-27,22E,22.512015,72.761676,29.266666666666666,Fallow,0.40977418422698975,False,-14.6626,-10.171
2022-08-27,23A,22.514247,72.763284,39.0,Paddy,0.5818182826042175,False,-16.235,-11.4795
2022-08-27,23B,22.51377,72.763369,39.6,Paddy,0.6375564336776733,False,-17.25,-11.7957
2022-08-27,23C,22.513729,72.763922,45.3,Paddy,0.7212950587272644,False,-16.4538,-11.9454
2022-08-27,23D,22.514213,72.763909,42.1,Paddy,0.7151929140090942,False,-16.363,-10.7067
2022-08-27,23E,22.513938,72.763678,38.5,Paddy,0.6537127494812012,False,-16.9441,-11.4868
2022-08-27,24A,22.514666,72.762935,50.0,Paddy,0.8066128492355347,False,-15.7931,-10.4162
2022-08-27,24B,22.514581,72.762408,50.0,Paddy,0.8397425413131714,False,-16.0888,-10.6784
2022-08-27,24C,22.515133,72.762345,50.0,Paddy,0.7327815294265747,False,-16.9952,-10.4988
2022-08-27,24D,22.515104,72.762909,50.0,Paddy,0.6432802677154541,False,-16.389,-9.28118
2022-08-27,24E,22.514946,72.762661,50.0,Paddy,0.7070389986038208,False,-15.7262,-9.73222
2022-08-27,25A,22.513455,72.765917,33.2,Paddy,0.7204858660697937,False,-16.859,-11.9669
2022-08-27,25B,22.512796,72.765908,50.0,Fallow,0.5326945781707764,False,-13.4027,-9.39668
2022-08-27,25C,22.512796,72.765185,21.1,Paddy,0.673236608505249,False,-14.704,-9.68199
2022-08-27,25D,22.513408,72.765196,41.2,Paddy,0.5183837413787842,False,-15.2011,-10.2475
2022-08-27,25E,22.513116,72.765588,40.733333333333334,Paddy,0.6376375555992126,False,-14.3484,-8.90737
2022-08-27,26A,22.520103,72.766083,28.3,Fallow,0.40892401337623596,False,-15.0207,-8.33575
2022-08-27,26B,22.520661,72.766068,50.0,Paddy,0.7222419381141663,False,-16.2798,-10.7405
2022-08-27,26C,22.520655,72.766749,50.0,Paddy,0.6930661201477051,False,-15.7819,-11.5004
2022-08-27,26D,22.520125,72.766746,21.3,Fallow,0.3937046229839325,False,-13.8496,-8.79278
2022-08-27,26E,22.520285,72.766488,21.1,Fallow,0.4220658838748932,False,-13.9584,-9.17869
2022-08-27,27A,22.521854,72.766591,44.3,Paddy,0.6861093044281006,False,-16.5095,-9.96126
2022-08-27,27B,22.521859,72.766132,24.3,Paddy,0.6981942653656006,False,-16.7911,-10.5778
2022-08-27,27C,22.522409,72.766261,27.6,Paddy,0.6632248759269714,False,-16.1755,-11.5277
2022-08-27,27D,22.522381,72.76673,33.9,Paddy,0.6280345916748047,False,-16.2493,-10.6729
2022-08-27,27E,22.522201,72.766434,33.03333333333333,Paddy,0.6864745020866394,False,-17.4825,-11.1132
2022-08-27,28A,22.523697,72.767969,25.3,Paddy,0.6574166417121887,False,-15.4352,-9.66487
2022-08-27,28B,22.52371,72.768582,36.1,Paddy,0.6348631978034973,False,-16.1825,-10.0222
2022-08-27,28C,22.524262,72.768629,28.8,Fallow,0.5416720509529114,False,-13.6399,-8.41941
2022-08-27,28D,22.524252,72.767989,44.2,Paddy,0.6314249634742737,False,-14.19,-8.72712
2022-08-27,28E,22.524049,72.768361,36.666666666666664,Fallow,0.5015130043029785,False,-14.8214,-9.03759
2022-08-27,29A,22.52364,72.766727,50.0,Fallow,0.646225094795227,False,-15.241,-10.6084
2022-08-27,29B,22.523657,72.766016,,,0.5869806408882141,False,-13.8343,-8.62505
2022-08-27,29C,22.524255,72.766024,,,0.3864714205265045,False,-15.4648,-9.21961
2022-08-27,29D,22.524229,72.766601,,,0.268306702375412,False,-14.2728,-9.35516
2022-08-27,29E,22.524027,72.766357,0.0,,0.30664119124412537,False,-14.9371,-10.1253
2022-09-08,1A,22.526048,72.765011,20.6,Fallow,0.6102163791656494,True,-14.9472,-10.3794
2022-09-08,1B,22.525481,72.765028,25.8,Paddy,0.6223475337028503,True,-16.3612,-11.2994
2022-09-08,1C,22.525423,72.765663,28.9,Paddy,0.6377100348472595,True,-16.1688,-10.992
2022-09-08,1D,22.525999,72.765663,4.1,Lemon,0.3352636694908142,True,-15.6307,-8.82909
2022-09-08,1E,22.525563,72.765399,36.666666666666664,Paddy,0.6468596458435059,True,-15.1309,-10.333
2022-09-08,2A,22.52729,72.764707,40.0,Paddy,0.6349843740463257,True,-15.952,-12.0034
2022-09-08,2B,22.527874,72.764718,30.3,Paddy,0.6423779129981995,True,-17.1809,-13.2382
2022-09-08,2C,22.527854,72.764092,5.6,Paddy,0.7004792094230652,True,-16.9626,-13.4392
2022-09-08,2D,22.527369,72.764055,39.6,Paddy,0.6838656663894653,True,-16.5716,-11.4672
2022-09-08,2E,22.527544,72.764518,32.333333333333336,Paddy,0.6683874130249023,True,-16.9695,-12.5117
2022-09-08,3A,22.525921,72.762216,50.0,Paddy,0.614344596862793,True,-15.5307,-10.9025
2022-09-08,3B,22.52584,72.762791,48.2,Paddy,0.619704008102417,True,-16.7325,-10.8443
2022-09-08,3C,22.525384,72.762825,31.7,Paddy,0.6010801196098328,True,-16.2985,-9.71214
2022-09-08,3D,22.525408,72.762107,30.6,Paddy,0.5577142238616943,True,-15.9551,-11.4084
2022-09-08,3E,22.525592,72.762415,37.7,Paddy,0.5816295146942139,True,-16.7127,-11.3849
2022-09-08,4A,22.525937,72.760776,36.7,Paddy,0.5950214266777039,True,-16.0646,-11.6524
2022-09-08,4B,22.525981,72.760155,30.1,Paddy,0.6297525763511658,True,-16.736,-12.6436
2022-09-08,4C,22.525355,72.760222,32.7,Paddy,0.6261427998542786,True,-15.9252,-10.7431
2022-09-08,4D,22.525455,72.760782,50.0,Fallow,0.4910062551498413,True,-16.5014,-10.2062
2022-09-08,4E,22.525639,72.760495,24.200000000000003,Paddy,0.6464666724205017,True,-16.1256,-10.8009
2022-09-08,5A,22.527575,72.759127,50.0,Paddy,0.5858724117279053,True,-16.0064,-11.8065
2022-09-08,5B,22.527161,72.759162,50.0,Paddy,0.559594452381134,True,-16.8686,-12.6924
2022-09-08,5C,22.527168,72.759822,50.0,Paddy,0.6153939366340637,True,-15.9527,-10.7657
2022-09-08,5D,22.527736,72.759854,50.0,Paddy,0.6235290765762329,True,-16.2625,-9.51866
2022-09-08,5E,22.527454,72.759598,50.0,Paddy,0.6063714623451233,True,-15.981,-10.5879
2022-09-08,6A,22.526732,72.757887,32.7,Paddy,0.6165897846221924,True,-15.5414,-11.0484
2022-09-08,6B,22.526314,72.757891,28.5,Paddy,0.6296960115432739,True,-15.9405,-11.6325
2022-09-08,6C,22.526244,72.757237,42.8,Paddy,0.6896277666091919,True,-15.1456,-11.3157
2022-09-08,6D,22.526763,72.757237,45.9,Paddy,0.6832863092422485,True,-16.7355,-12.1398
2022-09-08,6E,22.526525,72.757638,22.733333333333334,Paddy,0.6522911787033081,True,-16.504,-12.4867
2022-09-08,7A,22.527958,72.750395,50.0,Paddy,0.9003892540931702,False,-16.7659,-9.81383
2022-09-08,7B,22.528433,72.750436,50.0,Paddy,0.9200819134712219,False,-17.8128,-11.856
2022-09-08,7C,22.528529,72.751032,50.0,Paddy,0.9172227382659912,False,-17.84,-10.8665
2022-09-08,7D,22.527949,72.751069,50.0,Paddy,0.9241584539413452,False,-16.2248,-11.2224
2022-09-08,7E,22.528163,72.750758,50.0,Paddy,0.9161319732666016,False,-17.244,-11.0995
2022-09-08,8A,22.526748,72.749919,46.8,Paddy,0.5728850960731506,True,-17.1227,-13.2895
2022-09-08,8B,22.526719,72.749468,28.7,Paddy,0.6340758204460144,True,-17.0072,-12.7521
2022-09-08,8C,22.526145,72.74949,34.0,Paddy,0.5917685627937317,True,-16.5502,-12.4274
2022-09-08,8D,22.526286,72.750055,47.5,Paddy,0.6006971597671509,True,-16.0617,-11.5104
2022-09-08,8E,22.526437,72.749791,48.1,Paddy,0.5974804759025574,True,-16.3776,-12.1246
2022-09-08,9A,22.527928,72.746618,50.0,Paddy,0.8858422040939331,False,-15.9505,-8.437
2022-09-08,9B,22.527864,72.747112,21.2,Paddy,0.936873733997345,False,-16.2971,-10.7129
2022-09-08,9C,22.528473,72.747142,41.8,Paddy,0.9210855960845947,False,-14.9278,-10.6912
2022-09-08,9D,22.528502,72.746614,5.2,Fallow,0.42263054847717285,False,-16.5709,-9.39141
2022-09-08,9E,22.528209,72.746825,50.0,Paddy,0.8690005540847778,False,-15.6177,-8.26266
2022-09-08,10A,22.526665,72.746543,35.3,Paddy,0.8295218348503113,False,-17.2738,-13.5249
2022-09-08,10B,22.526281,72.746567,8.8,Paddy,0.8173658847808838,False,-16.4653,-9.84929
2022-09-08,10C,22.526099,72.747116,38.9,Paddy,0.8157267570495605,False,-15.0107,-8.89665
2022-09-08,10D,22.526674,72.747171,19.5,Paddy,0.8586069345474243,False,-18.9485,-14.8997
2022-09-08,10E,22.52649,72.746891,15.799999999999999,Paddy,0.792924165725708,False,-19.4709,-13.984
2022-09-08,11A,22.518984,72.749277,50.0,Paddy,0.8695980906486511,False,-15.251,-10.2705
2022-09-08,11B,22.519441,72.749219,50.0,Paddy,0.8279252648353577,False,-16.0289,-9.85489
2022-09-08,11C,22.519529,72.748567,50.0,Paddy,0.8488423824310303,False,-14.2439,-8.75436
2022-09-08,11D,22.519041,72.748613,50.0,Paddy,0.7781777381896973,False,-15.7696,-8.55854
2022-09-08,11E,22.519199,72.748927,50.0,Paddy,0.8559295535087585,False,-15.859,-10.0176
2022-09-08,12A,22.518535,72.746677,50.0,Paddy,0.860338568687439,False,-16.564,-10.3042
2022-09-08,12B,22.518013,72.746708,50.0,Paddy,0.8525732755661011,False,-15.5981,-11.894
2022-09-08,12C,22.517941,72.747349,50.0,Paddy,0.8328296542167664,False,-14.7579,-11.1411
2022-09-08,12D,22.518535,72.74737,50.0,Paddy,0.8512440323829651,False,-13.5129,-9.45273
2022-09-08,12E,22.518272,72.747109,50.0,Paddy,0.8691633939743042,False,-15.1237,-11.7383
2022-09-08,13A,22.51777,72.752478,50.0,Paddy,0.9022582769393921,False,-16.5845,-10.7586
2022-09-08,13B,22.517764,72.753199,50.0,Paddy,0.9101742506027222,False,-16.3697,-12.8522
2022-09-08,13C,22.517261,72.753172,50.0,Paddy,0.9225661158561707,False,-16.5367,-12.933
2022-09-08,13D,22.517127,72.752548,50.0,Paddy,0.8966197371482849,False,-15.3391,-9.52251
2022-09-08,13E,22.517547,72.752847,50.0,Paddy,0.9225800633430481,False,-17.0484,-13.09
2022-09-08,14A,22.515363,72.751239,50.0,Paddy,0.8925182223320007,False,-16.3075,-11.4096
2022-09-08,14B,22.515897,72.751233,50.0,Paddy,0.9099055528640747,False,-16.9199,-12.2625
2022-09-08,14C,22.515909,72.750612,50.0,Paddy,0.8847204446792603,False,-15.0295,-11.9198
2022-09-08,14D,22.51533,72.750642,50.0,Paddy,0.8542081117630005,False,-16.7762,-12.24
2022-09-08,14E,22.515543,72.750935,50.0,Paddy,0.8820031881332397,False,-17.8696,-12.3732
2022-09-08,15A,22.515953,72.75545,50.0,Paddy,0.8903937935829163,False,-16.6975,-10.132
2022-09-08,15B,22.515949,72.756128,50.0,Paddy,0.8730153441429138,False,-15.4476,-9.32243
2022-09-08,15C,22.515395,72.756042,50.0,Paddy,0.9208315014839172,False,-14.614,-8.2553
2022-09-08,15D,22.515392,72.75548,8.1,Fallow,0.794561505317688,False,-16.1613,-10.7937
2022-09-08,15E,22.515768,72.75581,50.0,Paddy,0.8852921724319458,False,-14.3331,-9.23066
2022-09-08,16A,22.509924,72.774006,3.4,Fallow,0.3381791114807129,False,-16.1573,-9.74386
2022-09-08,16B,22.509328,72.774041,5.5,Fallow,0.3517455458641052,False,-17.8504,-10.1294
2022-09-08,16C,22.50929,72.774752,6.2,Pearl Millet,0.6780346632003784,False,-14.403,-9.27909
2022-09-08,16D,22.509753,72.77471,3.3,Pearl Millet,0.5978423953056335,False,-14.8398,-9.9953
2022-09-08,16E,22.509581,72.774453,5.966666666666667,Pearl Millet,0.6619240045547485,False,-15.0003,-8.97852
2022-09-08,17A,22.508014,72.772291,9.4,Pearl Millet,,False,-13.9688,-8.1608
2022-09-08,17B,22.508111,72.772801,6.3,Pearl Millet,,False,-14.9768,-9.90198
2022-09-08,17C,22.507532,72.772595,11.6,Pearl Millet,,False,-14.1692,-7.83924
2022-09-08,17D,22.507484,72.772119,32.8,Fallow,,False,-15.9026,-9.39866
2022-09-08,17E,22.50785,72.772474,5.166666666666667,Pearl Millet,,False,-13.9688,-8.1608
2022-09-08,18A,22.510282,72.771327,,,0.7381938695907593,False,-14.582,-9.44349
2022-09-08,18B,22.510154,72.771792,,,0.7249972820281982,True,-14.5154,-9.93637
2022-09-08,18C,22.510732,72.771577,,,0.7700294256210327,False,-14.256,-9.28713
2022-09-08,18D,22.510569,72.771293,,,0.7793998718261719,False,-14.2478,-9.58734
2022-09-08,18E,22.510473,72.771515,0.0,,0.7777812480926514,False,-14.256,-9.28713
2022-09-08,19A,22.505576,72.76343,5.9,Pearl Millet,,False,-13.6107,-8.88746
2022-09-08,19B,22.505581,72.764064,4.0,Fallow,,False,-16.1133,-11.2933
2022-09-08,19C,22.505961,72.764083,6.2,Fallow,,False,-15.2489,-11.3098
2022-09-08,19D,22.506133,72.763434,41.0,Paddy,,False,-13.7343,-10.9272
2022-09-08,19E,22.505784,72.763859,8.466666666666667,Fallow,,False,-15.2489,-11.3098
2022-09-08,20A,22.505233,72.763051,28.6,Pearl Millet,,False,-13.5725,-9.54604
2022-09-08,20B,22.50465,72.763111,9.9,Pearl Millet,,False,-14.4623,-10.5727
2022-09-08,20C,22.504626,72.762487,50.0,Paddy,,False,-16.6355,-11.3253
2022-09-08,20D,22.505225,72.762441,32.4,Pearl Millet,,False,-15.8915,-9.632
2022-09-08,20E,22.504991,72.762739,29.166666666666668,Pearl Millet,,False,-14.2686,-9.35692
2022-09-08,21A,22.502812,72.762127,17.4,Fallow,0.5503592491149902,False,-12.2967,-6.59161
2022-09-08,21B,22.502834,72.761572,30.4,Pearl Millet,,False,-14.6265,-7.69253
2022-09-08,21C,22.503324,72.761544,50.0,Paddy,0.6968523263931274,False,-15.824,-9.26413
2022-09-08,21D,22.503423,72.762158,7.6,Pearl Millet,0.7276785969734192,False,-14.7053,-9.07267
2022-09-08,21E,22.503156,72.761872,34.93333333333334,Pearl Millet,0.7664108872413635,False,-14.3234,-8.03869
2022-09-08,22A,22.512449,72.761352,9.5,Fallow,0.49941253662109375,True,-17.3714,-10.5986
2022-09-08,22B,22.512453,72.761967,10.2,Fallow,0.6553834080696106,True,-16.2412,-11.3203
2022-09-08,22C,22.511898,72.761975,11.2,Fallow,0.6440222263336182,True,-14.6254,-10.0614
2022-09-08,22D,22.511855,72.761373,50.0,Paddy,0.6025843024253845,True,-17.7578,-10.4205
2022-09-08,22E,22.512015,72.761676,8.033333333333333,Fallow,0.40977418422698975,True,-18.2673,-10.7241
2022-09-08,23A,22.514247,72.763284,11.7,Paddy,0.5818182826042175,True,-15.4765,-11.2944
2022-09-08,23B,22.51377,72.763369,9.5,Paddy,0.6375564336776733,True,-15.5371,-10.6467
2022-09-08,23C,22.513729,72.763922,40.3,Paddy,0.7212950587272644,True,-13.7972,-10.3083
2022-09-08,23D,22.514213,72.763909,50.0,Paddy,0.7151929140090942,True,-14.5269,-11.0137
2022-09-08,23E,22.513938,72.763678,17.666666666666668,Paddy,0.6537127494812012,True,-13.8432,-10.5165
2022-09-08,24A,22.514666,72.762935,11.4,Paddy,0.8066128492355347,True,-16.6215,-11.9717
2022-09-08,24B,22.514581,72.762408,17.3,Paddy,0.8397425413131714,True,-16.2729,-11.3154
2022-09-08,24C,22.515133,72.762345,15.1,Pearl Millet,0.7327815294265747,True,-16.7707,-11.0914
2022-09-08,24D,22.515104,72.762909,6.4,Pearl Millet,0.6432802677154541,True,-14.9377,-9.85989
2022-09-08,24E,22.514946,72.762661,9.733333333333333,Pearl Millet,0.7070389986038208,True,-16.924,-10.4272
2022-09-08,25A,22.513455,72.765917,22.8,Paddy,0.7204858660697937,True,-17.3361,-15.308
2022-09-08,25B,22.512796,72.765908,6.3,Fallow,0.5326945781707764,True,-16.5288,-10.1081
2022-09-08,25C,22.512796,72.765185,15.0,Paddy,0.673236608505249,True,-17.0758,-11.104
2022-09-08,25D,22.513408,72.765196,27.9,Paddy,0.5183837413787842,True,-18.104,-12.4902
2022-09-08,25E,22.513116,72.765588,14.166666666666666,Paddy,0.6376375555992126,True,-18.4524,-14.0366
2022-09-08,26A,22.520103,72.766083,4.0,Fallow,0.40892401337623596,True,-16.4456,-10.1001
2022-09-08,26B,22.520661,72.766068,40.7,Paddy,0.7222419381141663,True,-17.2235,-12.5492
2022-09-08,26C,22.520655,72.766749,30.4,Paddy,0.6930661201477051,True,-17.1218,-13.2523
2022-09-08,26D,22.520125,72.766746,5.0,Fallow,0.3937046229839325,True,-17.5117,-10.4446
2022-09-08,26E,22.520285,72.766488,5.2,Fallow,0.4220658838748932,True,-17.2468,-11.8017
2022-09-08,27A,22.521854,72.766591,36.3,Paddy,0.6861093044281006,True,-16.8753,-12.7543
2022-09-08,27B,22.521859,72.766132,6.0,Paddy,0.6981942653656006,True,-17.6664,-12.7181
2022-09-08,27C,22.522409,72.766261,9.1,Paddy,0.6632248759269714,True,-16.1193,-11.023
2022-09-08,27D,22.522381,72.76673,13.4,Paddy,0.6280345916748047,True,-15.7447,-10.8257
2022-09-08,27E,22.522201,72.766434,11.833333333333334,Paddy,0.6864745020866394,True,-16.7749,-11.926
2022-09-08,28A,22.523697,72.767969,50.0,Paddy,0.8870640397071838,False,-16.2273,-9.74957
2022-09-08,28B,22.52371,72.768582,50.0,Paddy,0.8393691778182983,False,-15.1867,-10.5111
2022-09-08,28C,22.524262,72.768629,7.8,Fallow,0.31852132081985474,False,-17.5678,-11.2589
2022-09-08,28D,22.524252,72.767989,6.2,Paddy,0.8579877018928528,False,-15.4285,-9.02644
2022-09-08,28E,22.524049,72.768361,21.3,Fallow,0.341317355632782,False,-16.8048,-10.6686
2022-09-08,29A,22.52364,72.766727,50.0,Fallow,0.646225094795227,True,-15.768,-9.96848
2022-09-08,29B,22.523657,72.766016,,,0.5869806408882141,True,-15.3519,-9.62232
2022-09-08,29C,22.524255,72.766024,,,0.3864714205265045,True,-16.2226,-5.66598
2022-09-08,29D,22.524229,72.766601,,,0.268306702375412,True,-16.8432,-6.90621
2022-09-08,29E,22.524027,72.766357,0.0,,0.30664119124412537,True,-15.2975,-6.06901
2022-09-20,1A,22.526048,72.765011,22.3,Fallow,0.640525221824646,False,-16.3823,-10.0207
2022-09-20,1B,22.525481,72.765028,30.5,Paddy,0.8179467916488647,False,-17.0169,-11.4846
2022-09-20,1C,22.525423,72.765663,54.7,Paddy,0.7766513228416443,False,-15.2878,-11.5343
2022-09-20,1D,22.525999,72.765663,21.0,Orchad,0.30497944355010986,False,-18.0399,-11.0806
2022-09-20,1E,22.525563,72.765399,51.93333333333333,Paddy,0.7877813577651978,False,-16.5741,-11.6287
2022-09-20,2A,22.52729,72.764707,35.0,Paddy,0.7940500974655151,False,-15.7256,-11.9075
2022-09-20,2B,22.527874,72.764718,44.5,Paddy,0.7897944450378418,False,-17.0775,-12.3035
2022-09-20,2C,22.527854,72.764092,27.4,Paddy,0.8040125966072083,False,-16.2427,-11.4123
2022-09-20,2D,22.527369,72.764055,28.8,Paddy,0.7614126801490784,False,-16.7603,-12.3064
2022-09-20,2E,22.527544,72.764518,29.333333333333332,Paddy,0.7873758673667908,False,-16.4803,-11.9773
2022-09-20,3A,22.525921,72.762216,48.0,Paddy,0.8194984793663025,False,-15.0181,-12.1525
2022-09-20,3B,22.52584,72.762791,50.3,Paddy,0.8090099692344666,False,-17.1169,-11.6305
2022-09-20,3C,22.525384,72.762825,46.5,Paddy,0.806144654750824,False,-15.8683,-9.67889
2022-09-20,3D,22.525408,72.762107,50.0,Paddy,0.7776459455490112,False,-16.5154,-10.4936
2022-09-20,3E,22.525592,72.762415,47.93333333333333,Paddy,0.793742835521698,False,-16.7722,-10.847
2022-09-20,4A,22.525937,72.760776,32.3,Paddy,0.7951041460037231,False,-17.3094,-11.6359
2022-09-20,4B,22.525981,72.760155,35.9,Paddy,0.83424311876297,False,-17.8534,-14.0367
2022-09-20,4C,22.525355,72.760222,39.2,Paddy,0.7821890711784363,False,-17.1011,-12.0817
2022-09-20,4D,22.525455,72.760782,32.6,Fallow,0.38733306527137756,False,-15.8381,-11.1165
2022-09-20,4E,22.525639,72.760495,32.56666666666667,Paddy,0.8181877136230469,False,-16.4507,-11.6264
2022-09-20,5A,22.527575,72.759127,33.9,Paddy,0.8145332932472229,False,-18.2642,-13.1322
2022-09-20,5B,22.527161,72.759162,37.5,Paddy,0.8148191571235657,False,-17.07,-12.4531
2022-09-20,5C,22.527168,72.759822,32.8,Paddy,0.8372289538383484,False,-18.5177,-14.0548
2022-09-20,5D,22.527736,72.759854,29.6,Paddy,0.8227282762527466,False,-17.327,-12.6271
2022-09-20,5E,22.527454,72.759598,37.53333333333333,Paddy,0.8117035031318665,False,-18.4824,-13.3082
2022-09-20,6A,22.526732,72.757887,50.0,Paddy,0.7757271528244019,False,-16.9866,-10.9278
2022-09-20,6B,22.526314,72.757891,50.0,Paddy,0.7781186103820801,False,-16.4826,-9.30566
2022-09-20,6C,22.526244,72.757237,50.0,Paddy,0.7745403051376343,False,-15.9937,-11.8925
2022-09-20,6D,22.526763,72.757237,50.0,Paddy,0.7900142669677734,False,-16.5633,-10.673
2022-09-20,6E,22.526525,72.757638,50.0,Paddy,0.7588574290275574,False,-16.0184,-10.4119
2022-09-20,7A,22.527958,72.750395,50.0,Paddy,0.820855438709259,False,-17.3667,-12.4326
2022-09-20,7B,22.528433,72.750436,50.0,Paddy,0.8325765132904053,False,-17.9381,-12.6027
2022-09-20,7C,22.528529,72.751032,50.0,Paddy,0.7947295308113098,False,-15.8397,-9.4114
2022-09-20,7D,22.527949,72.751069,50.0,Paddy,0.8386889696121216,False,-16.418,-12.8212
2022-09-20,7E,22.528163,72.750758,50.0,Paddy,0.8336833715438843,False,-16.334,-11.4744
2022-09-20,8A,22.526748,72.749919,50.0,Paddy,0.8060689568519592,False,-16.1961,-11.2946
2022-09-20,8B,22.526719,72.749468,50.0,Paddy,0.8404381275177002,False,-15.8855,-10.5399
2022-09-20,8C,22.526145,72.74949,50.0,Paddy,0.828901469707489,False,-16.1304,-9.56162
2022-09-20,8D,22.526286,72.750055,50.0,Paddy,0.7750629186630249,False,-15.1103,-10.9344
2022-09-20,8E,22.526437,72.749791,50.0,Paddy,0.746194064617157,False,-15.3738,-10.4504
2022-09-20,9A,22.527928,72.746618,50.0,Paddy,0.80580073595047,True,-15.7985,-9.61604
2022-09-20,9B,22.527864,72.747112,50.0,Paddy,0.8107526898384094,True,-15.8696,-9.4666
2022-09-20,9C,22.528473,72.747142,50.0,Paddy,0.7594522833824158,False,-16.3936,-9.31247
2022-09-20,9D,22.528502,72.746614,33.5,Fallow,0.2720894515514374,True,-17.7431,-9.6563
2022-09-20,9E,22.528209,72.746825,50.0,Paddy,0.7963379621505737,True,-17.5061,-9.30904
2022-09-20,10A,22.526665,72.746543,32.2,Paddy,0.7349967956542969,False,-16.1925,-12.3009
2022-09-20,10B,22.526281,72.746567,48.6,Paddy,0.7699185609817505,False,-15.4148,-9.61581
2022-09-20,10C,22.526099,72.747116,50.0,Paddy,0.6857596635818481,False,-14.5499,-9.03711
2022-09-20,10D,22.526674,72.747171,46.0,Paddy,0.7916666865348816,False,-16.8129,-11.1426
2022-09-20,10E,22.52649,72.746891,44.36666666666667,Paddy,0.7459713816642761,False,-15.9208,-10.9516
2022-09-20,11A,22.518984,72.749277,,,0.8536648750305176,True,-16.7891,-10.0955
2022-09-20,11B,22.519441,72.749219,,,0.8252437710762024,True,-17.8377,-11.1109
2022-09-20,11C,22.519529,72.748567,,,0.8429357409477234,True,-16.395,-10.3846
2022-09-20,11D,22.519041,72.748613,,,0.7902315258979797,True,-15.5448,-8.11262
2022-09-20,11E,22.519199,72.748927,0.0,,0.8340376019477844,True,-18.235,-9.40938
2022-09-20,12A,22.518535,72.746677,,,0.8505915403366089,True,-17.2728,-11.69
2022-09-20,12B,22.518013,72.746708,,,0.8371336460113525,True,-17.351,-10.6217
2022-09-20,12C,22.517941,72.747349,,,0.7426732778549194,True,-14.8175,-10.0662
2022-09-20,12D,22.518535,72.74737,,,0.8145043849945068,True,-15.6747,-9.57964
2022-09-20,12E,22.518272,72.747109,0.0,,0.84112948179245,True,-16.8246,-12.2409
2022-09-20,13A,22.51777,72.752478,,,0.7872898578643799,False,-16.6851,-10.4449
2022-09-20,13B,22.517764,72.753199,,,0.8194262981414795,False,-17.7118,-9.81573
2022-09-20,13C,22.517261,72.753172,,,0.7931894063949585,False,-16.7977,-10.3031
2022-09-20,13D,22.517127,72.752548,,,0.7865583300590515,False,-16.3946,-9.69515
2022-09-20,13E,22.517547,72.752847,0.0,,0.7921255826950073,False,-17.5902,-10.3392
2022-09-20,14A,22.515363,72.751239,,,0.7915363907814026,False,-16.205,-9.58452
2022-09-20,14B,22.515897,72.751233,,,0.7707130312919617,False,-15.0705,-10.137
2022-09-20,14C,22.515909,72.750612,,,0.803371012210846,False,-16.3708,-9.85675
2022-09-20,14D,22.51533,72.750642,,,0.7370226979255676,False,-14.6379,-8.36938
2022-09-20,14E,22.515543,72.750935,0.0,,0.7531352639198303,False,-15.5103,-9.89685
2022-09-20,15A,22.515953,72.75545,50.0,Paddy,0.7917562127113342,False,-16.5619,-8.44314
2022-09-20,15B,22.515949,72.756128,50.0,Paddy,0.7849302291870117,False,-15.5038,-8.59973
2022-09-20,15C,22.515395,72.756042,47.0,Paddy,0.7602694630622864,False,-14.462,-9.81837
2022-09-20,15D,22.515392,72.75548,49.3,Fallow,0.6933892965316772,False,-16.111,-9.04835
2022-09-20,15E,22.515768,72.75581,50.0,Paddy,0.803247332572937,False,-15.3306,-8.84394
2022-09-20,16A,22.509924,72.774006,23.2,Fallow,0.2560379207134247,True,-16.6327,-10.2086
2022-09-20,16B,22.509328,72.774041,23.3,Fallow,0.2637443244457245,False,-18.0113,-13.0319
2022-09-20,16C,22.50929,72.774752,21.8,Pearl Millet,0.5535422563552856,False,-13.9087,-9.27954
2022-09-20,16D,22.509753,72.77471,23.8,Pearl Millet,0.5171760320663452,True,-14.4839,-10.0536
2022-09-20,16E,22.509581,72.774453,24.033333333333335,Pearl Millet,0.5596346259117126,False,-14.7704,-9.64277
2022-09-20,17A,22.508014,72.772291,25.9,Jowar,0.5724781155586243,False,-14.8998,-9.53861
2022-09-20,17B,22.508111,72.772801,24.5,Jowar,0.6151198744773865,False,-14.3546,-9.46853
2022-09-20,17C,22.507532,72.772595,24.6,Pearl Millet,0.7119346857070923,False,-14.3881,-9.4756
2022-09-20,17D,22.507484,72.772119,26.3,Fallow,0.2235438972711563,False,-15.8944,-10.6805
2022-09-20,17E,22.50785,72.772474,20.2,Jowar,0.5464669466018677,False,-14.6202,-9.6195
2022-09-20,18A,22.510282,72.771327,,,0.38914138078689575,False,-15.5888,-8.17408
2022-09-20,18B,22.510154,72.771792,,,0.300239235162735,False,-14.863,-10.3777
2022-09-20,18C,22.510732,72.771577,,,0.3521502912044525,False,-14.7644,-9.09216
2022-09-20,18D,22.510569,72.771293,,,0.2876463234424591,True,-15.6855,-8.30938
2022-09-20,18E,22.510473,72.771515,0.0,,0.3653933107852936,False,-15.6008,-8.05939
2022-09-20,19A,22.505576,72.76343,27.3,Jowar,0.7429160475730896,True,-14.7972,-9.67094
2022-09-20,19B,22.505581,72.764064,26.1,Fallow,0.5465889573097229,True,-15.4936,-10.3495
2022-09-20,19C,22.505961,72.764083,24.6,Fallow,0.5536028146743774,True,-14.9605,-9.66796
2022-09-20,19D,22.506133,72.763434,50.0,Paddy,0.7754616737365723,True,-15.211,-10.475
2022-09-20,19E,22.505784,72.763859,25.46666666666667,Fallow,0.5445161461830139,True,-15.5291,-9.78461
2022-09-20,20A,22.505233,72.763051,34.6,Pearl Millet,0.4829687774181366,True,-15.0057,-9.87567
2022-09-20,20B,22.50465,72.763111,22.8,Pearl Millet,0.36306044459342957,True,-15.2211,-9.33023
2022-09-20,20C,22.504626,72.762487,50.0,Paddy,0.6870342493057251,False,-16.0694,-10.8137
2022-09-20,20D,22.505225,72.762441,37.4,Pearl Millet,0.7757681012153625,True,-15.6038,-12.0656
2022-09-20,20E,22.504991,72.762739,37.8,Pearl Millet,0.3938414454460144,True,-14.7458,-9.49029
2022-09-20,21A,22.502812,72.762127,32.9,Fallow,0.47570571303367615,True,-12.1954,-6.70816
2022-09-20,21B,22.502834,72.761572,38.7,Pearl Millet,0.5139179229736328,True,-14.9936,-9.43867
2022-09-20,21C,22.503324,72.761544,44.6,Paddy,0.6222403645515442,False,-15.8576,-11.0496
2022-09-20,21D,22.503423,72.762158,40.8,Jowar,0.6691918969154358,False,-14.6428,-9.32011
2022-09-20,21E,22.503156,72.761872,39.8,Pearl Millet,0.3729669153690338,True,-14.9769,-10.1051
2022-09-20,22A,22.512449,72.761352,29.9,Fallow,0.34472113847732544,False,-17.5094,-11.6949
2022-09-20,22B,22.512453,72.761967,50.0,Paddy,0.8032758831977844,False,-15.7121,-9.88405
2022-09-20,22C,22.511898,72.761975,28.1,Fallow,0.33305618166923523,False,-16.9397,-9.75306
2022-09-20,22D,22.511855,72.761373,30.5,Fallow,0.3778839707374573,False,-16.1449,-11.1786
2022-09-20,22E,22.512015,72.761676,30.833333333333332,Fallow,0.2871814966201782,False,-17.6861,-10.8978
2022-09-20,23A,22.514247,72.763284,42.6,Paddy,0.7097958326339722,False,-15.2854,-11.1007
2022-09-20,23B,22.51377,72.763369,35.8,Paddy,0.6899864673614502,False,-16.2526,-10.0419
2022-09-20,23C,22.513729,72.763922,40.3,Paddy,0.6771689653396606,False,-14.847,-8.81878
2022-09-20,23D,22.514213,72.763909,45.0,Paddy,0.5019554495811462,False,-16.5768,-10.5464
2022-09-20,23E,22.513938,72.763678,39.03333333333333,Paddy,0.6769290566444397,False,-16.7535,-10.2753
2022-09-20,24A,22.514666,72.762935,50.0,Paddy,0.7836299538612366,False,-15.3712,-10.0103
2022-09-20,24B,22.514581,72.762408,50.0,Paddy,0.7968730330467224,False,-15.2898,-9.67439
2022-09-20,24C,22.515133,72.762345,50.0,Pearl Millet,0.7473310828208923,False,-15.6675,-9.30203
2022-09-20,24D,22.515104,72.762909,50.0,Pearl Millet,0.46304139494895935,False,-14.8658,-9.77212
2022-09-20,24E,22.514946,72.762661,50.0,Pearl Millet,0.7441117167472839,False,-14.7341,-10.1246
2022-09-20,25A,22.513455,72.765917,27.8,Paddy,0.7662546634674072,False,-15.7316,-10.4896
2022-09-20,25B,22.512796,72.765908,30.0,Fallow,0.3604355752468109,False,-16.7591,-10.1844
2022-09-20,25C,22.512796,72.765185,31.2,Paddy,0.7610763907432556,False,-15.2523,-10.1406
2022-09-20,25D,22.513408,72.765196,40.0,Paddy,0.7699540853500366,False,-14.7279,-11.196
2022-09-20,25E,22.513116,72.765588,35.233333333333334,Paddy,0.774277925491333,False,-14.6474,-9.72462
2022-09-20,26A,22.520103,72.766083,18.0,Fallow,0.2777577340602875,True,-18.795,-11.3741
2022-09-20,26B,22.520661,72.766068,36.1,Paddy,0.7819681167602539,False,-15.5501,-11.6525
2022-09-20,26C,22.520655,72.766749,50.0,Paddy,0.706041693687439,True,-14.5775,-10.0469
2022-09-20,26D,22.520125,72.766746,17.7,Fallow,0.2288578301668167,True,-17.4799,-12.6802
2022-09-20,26E,22.520285,72.766488,18.400000000000002,Fallow,0.261392742395401,True,-16.4628,-13.286
2022-09-20,27A,22.521854,72.766591,31.6,Paddy,0.7323314547538757,True,-16.0174,-13.1048
2022-09-20,27B,22.521859,72.766132,21.1,Paddy,0.7401614189147949,False,-15.678,-10.3817
2022-09-20,27C,22.522409,72.766261,50.0,Paddy,0.7716261148452759,False,-16.2942,-11.8968
2022-09-20,27D,22.522381,72.76673,50.0,Paddy,0.7029415369033813,True,-16.1986,-11.2381
2022-09-20,27E,22.522201,72.766434,50.0,Paddy,0.7475504279136658,True,-17.0577,-12.1506
2022-09-20,28A,22.523697,72.767969,16.4,Paddy,0.7667383551597595,True,-17.0155,-10.9956
2022-09-20,28B,22.52371,72.768582,31.0,Paddy,0.7796638011932373,True,-16.258,-10.4575
2022-09-20,28C,22.524262,72.768629,29.5,Fallow,0.2280638962984085,True,-18.3171,-11.5043
2022-09-20,28D,22.524252,72.767989,29.0,Paddy,0.7017855644226074,True,-14.7511,-9.83986
2022-09-20,28E,22.524049,72.768361,29.7,Fallow,0.27852892875671387,True,-17.2379,-10.9005
2022-09-20,29A,22.52364,72.766727,,,0.7999929189682007,False,-15.2567,-10.9785
2022-09-20,29B,22.523657,72.766016,,,0.46753716468811035,False,-14.7621,-9.39197
2022-09-20,29C,22.524255,72.766024,,,0.3289868235588074,False,-18.7847,-9.44757
2022-09-20,29D,22.524229,72.766601,,,0.2584071159362793,False,-19.384,-10.5726
2022-09-20,29E,22.524027,72.766357,0.0,,0.22535282373428345,False,-18.3171,-9.7034
2022-10-14,1A,22.526048,72.765011,14.1,Fallow,0.23519518971443176,False,-19.0893,-11.0584
2022-10-14,1B,22.525481,72.765028,18.0,Paddy,0.6871403455734253,False,-15.4994,-9.90918
2022-10-14,1C,22.525423,72.765663,26.2,Fallow,0.20763136446475983,False,-16.6961,-11.3488
2022-10-14,1D,22.525999,72.765663,17.2,Lemon,0.3674769401550293,False,-17.2037,-10.5619
2022-10-14,1E,22.525563,72.765399,17.933333333333334,Fallow,0.3432925343513489,False,-16.2506,-10.8125
2022-10-14,2A,22.52729,72.764707,29.0,Paddy,0.7053500413894653,False,-16.3406,-10.48
2022-10-14,2B,22.527874,72.764718,25.0,Paddy,0.7290440201759338,False,-15.7372,-10.2955
2022-10-14,2C,22.527854,72.764092,27.2,Paddy,0.7245702743530273,False,-15.283,-12.257
2022-10-14,2D,22.527369,72.764055,22.1,Paddy,0.6188047528266907,False,-15.8406,-11.2872
2022-10-14,2E,22.527544,72.764518,39.233333333333334,Paddy,0.7244663238525391,False,-16.0575,-10.9295
2022-10-14,3A,22.525921,72.762216,16.2,Paddy,0.6940917372703552,False,-16.6045,-9.28977
2022-10-14,3B,22.52584,72.762791,16.7,Paddy,0.6028291583061218,False,-17.5208,-11.757
2022-10-14,3C,22.525384,72.762825,20.1,Paddy,0.6804704666137695,False,-15.521,-9.52936
2022-10-14,3D,22.525408,72.762107,13.2,Paddy,0.6488886475563049,False,-15.0464,-9.60588
2022-10-14,3E,22.525592,72.762415,18.433333333333334,Paddy,0.7183288335800171,False,-15.777,-10.8237
2022-10-14,4A,22.525937,72.760776,19.7,Fodder,0.7421786785125732,False,-16.2845,-11.3168
2022-10-14,4B,22.525981,72.760155,20.0,Paddy,0.7722083330154419,False,-15.2181,-10.8056
2022-10-14,4C,22.525355,72.760222,22.9,Paddy,0.712253749370575,False,-16.266,-11.5031
2022-10-14,4D,22.525455,72.760782,16.1,Paddy,0.5323356986045837,False,-15.6985,-10.3288
2022-10-14,4E,22.525639,72.760495,15.266666666666666,Paddy,0.5940147638320923,False,-16.5969,-10.9966
2022-10-14,5A,22.527575,72.759127,26.6,Paddy,0.8091822266578674,False,-16.7265,-10.9131
2022-10-14,5B,22.527161,72.759162,29.1,Paddy,0.8097463250160217,False,-15.6617,-11.2298
2022-10-14,5C,22.527168,72.759822,34.0,Paddy,0.8136110305786133,False,-16.1061,-11.6509
2022-10-14,5D,22.527736,72.759854,35.9,Paddy,0.8129685521125793,False,-15.5727,-10.3191
2022-10-14,5E,22.527454,72.759598,27.266666666666666,Paddy,0.817544162273407,False,-16.1365,-10.7204
2022-10-14,6A,22.526732,72.757887,34.6,Paddy,0.6995725035667419,False,-16.2749,-10.4284
2022-10-14,6B,22.526314,72.757891,38.2,Paddy,0.718248188495636,False,-15.7128,-10.3854
2022-10-14,6C,22.526244,72.757237,29.4,Paddy,0.5497927069664001,False,-14.7574,-9.29557
2022-10-14,6D,22.526763,72.757237,27.2,Paddy,0.5956525802612305,False,-15.4959,-9.99128
2022-10-14,6E,22.526525,72.757638,34.8,Paddy,0.7307576537132263,False,-16.461,-10.1643
2022-10-14,7A,22.527958,72.750395,,,0.703555166721344,False,-16.9156,-9.75382
2022-10-14,7B,22.528433,72.750436,,,0.6814367771148682,False,-15.9918,-10.9452
2022-10-14,7C,22.528529,72.751032,,,0.6623629331588745,False,-16.1068,-10.8312
2022-10-14,7D,22.527949,72.751069,,,0.7163305282592773,False,-16.9989,-10.1413
2022-10-14,7E,22.528163,72.750758,0.0,,0.7020542025566101,False,-16.7456,-11.2075
2022-10-14,8A,22.526748,72.749919,50.0,Paddy,0.7029460668563843,False,-16.3319,-10.8561
2022-10-14,8B,22.526719,72.749468,50.0,Paddy,0.8170588612556458,False,-15.7559,-10.6825
2022-10-14,8C,22.526145,72.74949,50.0,Paddy,0.7498212456703186,False,-14.8442,-9.58698
2022-10-14,8D,22.526286,72.750055,50.0,Paddy,0.5631095170974731,False,-16.1413,-9.38401
2022-10-14,8E,22.526437,72.749791,50.0,Paddy,0.5921916365623474,False,-15.6192,-10.5328
2022-10-14,9A,22.527928,72.746618,40.6,Paddy,0.7374524474143982,False,-16.1221,-10.8092
2022-10-14,9B,22.527864,72.747112,32.2,Paddy,0.6933913826942444,False,-14.9344,-9.63353
2022-10-14,9C,22.528473,72.747142,36.7,Paddy,0.6896238923072815,False,-15.4834,-10.2362
2022-10-14,9D,22.528502,72.746614,22.0,Fallow,0.2997784912586212,False,-15.7868,-10.8161
2022-10-14,9E,22.528209,72.746825,42.96666666666667,Paddy,0.6913466453552246,False,-15.5138,-11.2864
2022-10-14,10A,22.526665,72.746543,20.9,Paddy,0.6208356022834778,False,-14.5743,-11.4995
2022-10-14,10B,22.526281,72.746567,28.1,Paddy,0.6408348083496094,False,-13.4674,-10.166
2022-10-14,10C,22.526099,72.747116,26.4,Paddy,0.365894079208374,False,-14.7304,-9.56038
2022-10-14,10D,22.526674,72.747171,27.7,Paddy,0.6213622689247131,False,-15.8753,-11.7524
2022-10-14,10E,22.52649,72.746891,30.8,Paddy,0.6368584036827087,False,-15.2054,-11.5983
2022-10-14,11A,22.518984,72.749277,,,0.8345951437950134,False,-13.8472,-9.95199
2022-10-14,11B,22.519441,72.749219,,,0.7821382284164429,False,-14.8206,-9.7816
2022-10-14,11C,22.519529,72.748567,,,0.7698203325271606,False,-15.6428,-10.6387
2022-10-14,11D,22.519041,72.748613,,,0.8403653502464294,False,-14.6232,-9.75831
2022-10-14,11E,22.519199,72.748927,0.0,,0.8390275835990906,False,-14.2759,-10.2606
2022-10-14,12A,22.518535,72.746677,,,0.8044270873069763,False,-15.9768,-10.9234
2022-10-14,12B,22.518013,72.746708,,,0.8228947520256042,False,-15.863,-10.5195
2022-10-14,12C,22.517941,72.747349,,,0.5449134707450867,False,-16.2784,-11.952
2022-10-14,12D,22.518535,72.74737,,,0.7659385204315186,False,-15.437,-10.0736
2022-10-14,12E,22.518272,72.747109,0.0,,0.7836698889732361,False,-16.3655,-11.558
2022-10-14,13A,22.51777,72.752478,,,0.5731202960014343,False,-14.6154,-9.27835
2022-10-14,13B,22.517764,72.753199,,,0.8634212017059326,False,-14.8394,-9.53244
2022-10-14,13C,22.517261,72.753172,,,0.5212234258651733,False,-15.3801,-10.0332
2022-10-14,13D,22.517127,72.752548,,,0.8146744966506958,False,-14.2228,-9.78635
2022-10-14,13E,22.517547,72.752847,0.0,,0.5747804641723633,False,-14.4812,-8.86441
2022-10-14,14A,22.515363,72.751239,,,0.6484377980232239,False,-13.9312,-8.04603
2022-10-14,14B,22.515897,72.751233,,,0.6142510771751404,False,-15.5349,-9.29366
2022-10-14,14C,22.515909,72.750612,,,0.7320711612701416,False,-15.3958,-10.0698
2022-10-14,14D,22.51533,72.750642,,,0.5672458410263062,False,-15.2925,-8.22368
2022-10-14,14E,22.515543,72.750935,0.0,,0.5432900190353394,False,-14.8611,-8.68616
2022-10-14,15A,22.515953,72.75545,30.8,Paddy,0.6959115266799927,False,-15.0408,-9.56049
2022-10-14,15B,22.515949,72.756128,43.7,Paddy,0.7471678853034973,False,-15.185,-10.161
2022-10-14,15C,22.515395,72.756042,27.0,Fallow,0.30629247426986694,False,-17.0193,-11.5872
2022-10-14,15D,22.515392,72.75548,26.2,Fallow,0.6776097416877747,False,-15.6987,-11.0433
2022-10-14,15E,22.515768,72.75581,39.833333333333336,Paddy,0.6841172575950623,False,-15.3008,-10.3861
2022-10-14,16A,22.509924,72.774006,23.1,Fallow,0.23679445683956146,False,-18.066,-10.3254
2022-10-14,16B,22.509328,72.774041,22.7,Fallow,0.2806376814842224,False,-18.3269,-8.99425
2022-10-14,16C,22.50929,72.774752,20.6,Fallow,0.37406831979751587,False,-15.9447,-11.4235
2022-10-14,16D,22.509753,72.77471,17.7,Fallow,0.450442910194397,False,-15.4504,-10.4959
2022-10-14,16E,22.509581,72.774453,17.733333333333334,Fallow,0.42138224840164185,False,-16.4455,-9.97551
2022-10-14,17A,22.508014,72.772291,10.8,Pearl Millet,0.49661752581596375,False,-15.4016,-10.6864
2022-10-14,17B,22.508111,72.772801,10.0,Pearl Millet,0.5395822525024414,False,-16.6606,-10.1922
2022-10-14,17C,22.507532,72.772595,18.8,Fallow,0.4834612309932709,False,-16.4494,-10.0587
2022-10-14,17D,22.507484,72.772119,35.9,Fallow,0.3007083535194397,False,-17.374,-9.29068
2022-10-14,17E,22.50785,72.772474,11.6,Pearl Millet,0.4254770576953888,False,-16.3404,-10.7914
2022-10-14,18A,22.510282,72.771327,,,0.3397065997123718,False,-16.8425,-8.66238
2022-10-14,18B,22.510154,72.771792,,,0.17736460268497467,False,-16.5655,-10.312
2022-10-14,18C,22.510732,72.771577,,,0.27728933095932007,False,-16.4952,-10.3818
2022-10-14,18D,22.510569,72.771293,,,0.2402140349149704,False,-16.6146,-9.03277
2022-10-14,18E,22.510473,72.771515,0.0,,0.22714819014072418,False,-16.9731,-9.10487
2022-10-14,19A,22.505576,72.76343,13.9,Jowar,0.7341530323028564,False,-14.3238,-9.22312
2022-10-14,19B,22.505581,72.764064,13.4,Fallow,0.24770788848400116,False,-16.3365,-10.158
2022-10-14,19C,22.505961,72.764083,16.1,Fallow,0.36165350675582886,False,-16.2314,-9.07401
2022-10-14,19D,22.506133,72.763434,32.9,Paddy,0.6738196611404419,False,-15.1714,-9.69923
2022-10-14,19E,22.505784,72.763859,10.933333333333334,Fallow,0.34570446610450745,False,-16.6495,-9.549
2022-10-14,20A,22.505233,72.763051,17.4,Fallow,0.6048892140388489,False,-14.631,-10.5705
2022-10-14,20B,22.50465,72.763111,18.0,Fallow,0.38704755902290344,False,-16.1006,-11.9657
2022-10-14,20C,22.504626,72.762487,25.1,Paddy,0.6491708755493164,False,-14.8586,-10.0388
2022-10-14,20D,22.505225,72.762441,21.5,Fallow,0.6392566561698914,False,-16.3873,-11.0428
2022-10-14,20E,22.504991,72.762739,22.766666666666666,Fallow,0.4690203368663788,False,-16.2108,-10.8921
2022-10-14,21A,22.502812,72.762127,20.6,Fallow,0.45617976784706116,False,-13.3794,-7.74898
2022-10-14,21B,22.502834,72.761572,23.2,Fallow,0.47611203789711,False,-15.3375,-11.7414
2022-10-14,21C,22.503324,72.761544,31.5,Paddy,0.6723138093948364,False,-14.9294,-10.6627
2022-10-14,21D,22.503423,72.762158,14.8,Fallow,0.5452452898025513,False,-15.9217,-10.2918
2022-10-14,21E,22.503156,72.761872,28.933333333333334,Fallow,0.4846554696559906,False,-15.6397,-10.689
2022-10-14,22A,22.512449,72.761352,7.5,Fallow,0.1663450002670288,False,-19.5506,-12.4734
2022-10-14,22B,22.512453,72.761967,7.5,Fallow,0.2541840076446533,False,-18.1195,-12.3623
2022-10-14,22C,22.511898,72.761975,9.3,Fallow,0.17486144602298737,False,-17.1902,-10.8471
2022-10-14,22D,22.511855,72.761373,28.5,Fallow,0.17796306312084198,False,-19.3836,-12.1842
2022-10-14,22E,22.512015,72.761676,9.366666666666667,Fallow,0.2232234925031662,False,-17.9612,-12.1012
2022-10-14,23A,22.514247,72.763284,23.2,Fallow,0.2611803710460663,False,-15.8605,-11.5155
2022-10-14,23B,22.51377,72.763369,22.5,Fallow,0.24268946051597595,False,-16.5498,-12.141
2022-10-14,23C,22.513729,72.763922,24.2,Fallow,0.2566276788711548,False,-14.4018,-10.0963
2022-10-14,23D,22.514213,72.763909,21.8,Fallow,0.21660998463630676,False,-17.5035,-9.21357
2022-10-14,23E,22.513938,72.763678,27.533333333333335,Fallow,0.22634382545948029,False,-17.0451,-10.8806
2022-10-14,24A,22.514666,72.762935,19.7,Paddy,0.5140259861946106,False,-14.9477,-10.8543
2022-10-14,24B,22.514581,72.762408,18.3,Paddy,0.5277246832847595,False,-14.2449,-8.8256
2022-10-14,24C,22.515133,72.762345,10.8,Fallow,0.42529061436653137,False,-14.6813,-9.77579
2022-10-14,24D,22.515104,72.762909,8.0,Fallow,0.26551562547683716,False,-16.9864,-10.2269
2022-10-14,24E,22.514946,72.762661,11.433333333333334,Fallow,0.3964492976665497,False,-15.4225,-9.80948
2022-10-14,25A,22.513455,72.765917,16.5,Fallow,0.18368111550807953,False,-18.005,-10.0337
2022-10-14,25B,22.512796,72.765908,12.2,Fallow,0.3478405475616455,False,-18.3754,-9.89376
2022-10-14,25C,22.512796,72.765185,16.3,Paddy,0.5799314379692078,False,-14.6945,-9.31965
2022-10-14,25D,22.513408,72.765196,19.9,Paddy,0.5646488666534424,False,-17.2409,-10.631
2022-10-14,25E,22.513116,72.765588,27.7,Paddy,0.4654930531978607,False,-16.6363,-8.59486
2022-10-14,26A,22.520103,72.766083,10.0,Fallow,0.21496185660362244,False,-18.2038,-10.8892
2022-10-14,26B,22.520661,72.766068,18.5,Fallow,0.2021077424287796,False,-16.5835,-11.3824
2022-10-14,26C,22.520655,72.766749,51.9,Paddy,0.6134025454521179,False,-15.7599,-9.55806
2022-10-14,26D,22.520125,72.766746,15.7,Fallow,0.19437383115291595,False,-18.8387,-10.1739
2022-10-14,26E,22.520285,72.766488,10.4,Fallow,0.2728298604488373,False,-19.0851,-9.6299
2022-10-14,27A,22.521854,72.766591,18.8,Paddy,0.6967926621437073,False,-15.9026,-10.0268
2022-10-14,27B,22.521859,72.766132,23.5,Fallow,0.5610424876213074,False,-15.427,-10.7201
2022-10-14,27C,22.522409,72.766261,18.4,Paddy,0.44165557622909546,False,-17.0611,-11.3209
2022-10-14,27D,22.522381,72.76673,25.8,Paddy,0.5278224945068359,False,-16.5584,-10.4012
2022-10-14,27E,22.522201,72.766434,24.533333333333335,Paddy,0.5911985039710999,False,-15.6574,-10.1838
2022-10-14,28A,22.523697,72.767969,17.0,Paddy,0.6900034546852112,False,-16.1104,-10.2657
2022-10-14,28B,22.52371,72.768582,25.2,Paddy,0.6276679039001465,False,-15.0352,-10.8682
2022-10-14,28C,22.524262,72.768629,12.8,Fallow,0.18760816752910614,False,-18.2154,-11.8066
2022-10-14,28D,22.524252,72.767989,18.9,Fallow,0.28861138224601746,False,-15.8745,-9.01885
2022-10-14,28E,22.524049,72.768361,18.2,Fallow,0.23190811276435852,False,-16.2567,-11.5808
2022-10-14,29A,22.52364,72.766727,26.0,Paddy,0.6173834204673767,False,-15.7048,-10.3441
2022-10-14,29B,22.523657,72.766016,16.7,Fallow,0.18330571055412292,False,-18.2614,-11.5015
2022-10-14,29C,22.524255,72.766024,13.7,Fallow,0.2635580897331238,False,-17.851,-10.1538
2022-10-14,29D,22.524229,72.766601,13.2,Fallow,0.2036864012479782,False,-19.5258,-12.0423
2022-10-14,29E,22.524027,72.766357,15.366666666666667,Fallow,0.18167206645011902,False,-18.7444,-11.8569
2022-11-19,1A,22.526048,72.765011,6.0,Mustard,0.35498499870300293,False,-16.9867,-9.18694
2022-11-19,1B,22.525481,72.765028,16.6,Fallow,0.18512919545173645,False,-17.3929,-9.33187
2022-11-19,1C,22.525423,72.765663,14.5,Chickori,0.24932485818862915,False,-19.4064,-11.3905
2022-11-19,1D,22.525999,72.765663,6.6,Lemon,0.3717436194419861,False,-17.2645,-11.5968
2022-11-19,1E,22.525563,72.765399,11.033333333333333,Chickori,0.33187901973724365,False,-17.6363,-10.9754
2022-11-19,2A,22.52729,72.764707,25.0,Fallow,0.24500809609889984,False,-17.732,-8.16163
2022-11-19,2B,22.527874,72.764718,27.0,Fallow,0.1957520842552185,False,-15.0632,-5.99729
2022-11-19,2C,22.527854,72.764092,22.0,Fallow,0.2789340019226074,False,-16.0032,-9.19477
2022-11-19,2D,22.527369,72.764055,23.5,Fallow,0.23778711259365082,False,-17.1376,-9.08405
2022-11-19,2E,22.527544,72.764518,25.633333333333333,Fallow,0.4330824911594391,False,-17.2111,-7.78925
2022-11-19,3A,22.525921,72.762216,34.6,Fallow,0.3443126678466797,False,-16.3826,-10.04
2022-11-19,3B,22.52584,72.762791,35.2,Fallow,0.2723396420478821,False,-17.4798,-8.45274
2022-11-19,3C,22.525384,72.762825,24.2,Fallow,0.19757121801376343,False,-15.0283,-7.51548
2022-11-19,3D,22.525408,72.762107,28.6,Fallow,0.17655137181282043,False,-15.006,-8.06298
2022-11-19,3E,22.525592,72.762415,28.8,Fallow,0.21573929488658905,False,-15.45,-8.62576
2022-11-19,4A,22.525937,72.760776,4.4,Fallow,0.22491063177585602,False,-17.8115,-10.3047
2022-11-19,4B,22.525981,72.760155,3.7,Fallow,0.18412452936172485,False,-20.4792,-12.6469
2022-11-19,4C,22.525355,72.760222,50.0,Fallow,0.25980672240257263,False,-16.696,-9.38246
2022-11-19,4D,22.525455,72.760782,26.5,Jowar,0.6183121800422668,False,-16.5445,-8.285
2022-11-19,4E,22.525639,72.760495,6.233333333333333,Fallow,0.2071070671081543,False,-17.9222,-11.9044
2022-11-19,5A,22.527575,72.759127,4.3,Fallow,0.19534838199615479,False,-19.0415,-10.1429
2022-11-19,5B,22.527161,72.759162,5.2,Fallow,0.17016884684562683,False,-18.816,-9.29471
2022-11-19,5C,22.527168,72.759822,4.7,Fallow,0.173379048705101,False,-18.5045,-9.93196
2022-11-19,5D,22.527736,72.759854,5.2,Fallow,0.20059852302074432,False,-18.2382,-8.65533
2022-11-19,5E,22.527454,72.759598,4.266666666666667,Fallow,0.1853155940771103,False,-19.0097,-9.80521
2022-11-19,6A,22.526732,72.757887,50.0,Fallow,0.33033254742622375,False,-15.2933,-7.45183
2022-11-19,6B,22.526314,72.757891,50.0,Fallow,0.2595207095146179,False,-14.4365,-6.0505
2022-11-19,6C,22.526244,72.757237,11.2,Fallow,0.18083149194717407,False,-16.4495,-8.30743
2022-11-19,6D,22.526763,72.757237,10.3,Fallow,0.26106971502304077,False,-15.8672,-8.79241
2022-11-19,6E,22.526525,72.757638,50.0,Fallow,0.21775156259536743,False,-15.2468,-7.26449
2022-11-19,7A,22.527958,72.750395,7.3,Fallow,0.23140966892242432,False,-17.0051,-9.8747
2022-11-19,7B,22.528433,72.750436,4.7,Fallow,0.16331738233566284,False,-18.0847,-10.7996
2022-11-19,7C,22.528529,72.751032,25.4,Fallow,0.2379062920808792,False,-18.1624,-10.8497
2022-11-19,7D,22.527949,72.751069,3.6,Fallow,0.17867326736450195,False,-17.573,-10.8116
2022-11-19,7E,22.528163,72.750758,10.066666666666666,Fallow,0.1765967309474945,False,-18.6141,-11.1055
2022-11-19,8A,22.526748,72.749919,9.3,Fallow,0.2188911736011505,False,-15.8591,-8.40373
2022-11-19,8B,22.526719,72.749468,44.0,Fallow,0.36147186160087585,False,-16.5311,-7.93512
2022-11-19,8C,22.526145,72.74949,10.4,Fallow,0.17933543026447296,False,-17.6762,-9.27483
2022-11-19,8D,22.526286,72.750055,9.5,Fallow,0.23708607256412506,False,-15.6404,-7.30721
2022-11-19,8E,22.526437,72.749791,50.0,Fallow,0.2844603359699249,False,-15.5907,-8.42519
2022-11-19,9A,22.527928,72.746618,4.5,Fallow,0.23235361278057098,False,-15.4728,-10.4611
2022-11-19,9B,22.527864,72.747112,8.8,Fallow,0.3297722339630127,False,-14.4573,-7.85315
2022-11-19,9C,22.528473,72.747142,50.0,Fallow,0.3295873701572418,False,-14.5349,-6.55894
2022-11-19,9D,22.528502,72.746614,48.9,Fallow,0.20679117739200592,False,-16.9912,-7.87452
2022-11-19,9E,22.528209,72.746825,9.833333333333334,Fallow,0.20504866540431976,False,-16.1229,-9.27205
2022-11-19,10A,22.526665,72.746543,27.9,Fallow,0.17856921255588531,False,-15.2787,-6.23449
2022-11-19,10B,22.526281,72.746567,36.2,Fallow,0.1990550458431244,False,-15.3161,-5.77221
2022-11-19,10C,22.526099,72.747116,35.7,Fallow,0.22594155371189117,False,-15.2949,-7.38184
2022-11-19,10D,22.526674,72.747171,36.4,Fallow,0.19950935244560242,False,-13.2534,-5.82253
2022-11-19,10E,22.52649,72.746891,38.8,Fallow,0.20807066559791565,False,-14.9113,-7.08595
2022-11-19,11A,22.518984,72.749277,50.0,Fallow,0.18418671190738678,False,-16.7976,-7.99757
2022-11-19,11B,22.519441,72.749219,50.0,Fallow,0.24430005252361298,False,-16.0165,-10.1738
2022-11-19,11C,22.519529,72.748567,50.0,Fallow,0.2619192600250244,False,-15.6158,-9.76191
2022-11-19,11D,22.519041,72.748613,50.0,Fallow,0.3825785219669342,False,-16.2832,-9.73747
2022-11-19,11E,22.519199,72.748927,50.0,Fallow,0.17985139787197113,False,-17.3368,-8.95437
2022-11-19,12A,22.518535,72.746677,13.2,Fallow,0.22776667773723602,False,-17.7726,-11.4881
2022-11-19,12B,22.518013,72.746708,6.4,Fallow,0.2301349937915802,False,-16.9006,-9.54825
2022-11-19,12C,22.517941,72.747349,31.7,Tobacco,0.39450603723526,False,-14.6347,-7.98846
2022-11-19,12D,22.518535,72.74737,19.6,Fallow,0.4231458902359009,False,-17.6535,-10.6398
2022-11-19,12E,22.518272,72.747109,10.666666666666666,Fallow,0.22817623615264893,False,-17.1763,-10.087
2022-11-19,13A,22.51777,72.752478,22.6,Fallow,0.17955733835697174,False,-17.0656,-9.1373
2022-11-19,13B,22.517764,72.753199,7.3,Fallow,0.2204751819372177,False,-18.2968,-11.0735
2022-11-19,13C,22.517261,72.753172,45.5,Fallow,0.17175640165805817,False,-16.2719,-8.39612
2022-11-19,13D,22.517127,72.752548,12.6,Fallow,0.3510434031486511,False,-16.9744,-9.35911
2022-11-19,13E,22.517547,72.752847,50.0,Fallow,0.2213112860918045,False,-15.9793,-8.42725
2022-11-19,14A,22.515363,72.751239,19.3,Fallow,0.32026925683021545,False,-17.8974,-10.3033
2022-11-19,14B,22.515897,72.751233,17.2,Fallow,0.24922685325145721,False,-17.1114,-9.83072
2022-11-19,14C,22.515909,72.750612,11.2,Fallow,0.21493767201900482,False,-18.3536,-10.5927
2022-11-19,14D,22.51533,72.750642,14.5,Fallow,0.21495892107486725,False,-17.1371,-10.0808
2022-11-19,14E,22.515543,72.750935,18.566666666666666,Fallow,0.207107275724411,False,-18.7177,-10.2786
2022-11-19,15A,22.515953,72.75545,4.9,Fallow,0.28186941146850586,False,-18.652,-9.83681
2022-11-19,15B,22.515949,72.756128,6.0,Fallow,0.3781284689903259,False,-18.8733,-10.9229
2022-11-19,15C,22.515395,72.756042,6.7,Fallow,0.21001651883125305,False,-18.7997,-12.1376
2022-11-19,15D,22.515392,72.75548,2.4,Fallow,0.386118620634079,False,-18.8403,-11.6632
2022-11-19,15E,22.515768,72.75581,16.2,Fallow,0.19885346293449402,False,-18.7492,-11.5476
2022-11-19,16A,22.509924,72.774006,7.5,Tobacco&Chickori,0.26662349700927734,False,-19.0639,-11.116
2022-11-19,16B,22.509328,72.774041,5.4,Tobacco&Chickori,0.3498002290725708,False,-19.9945,-10.38
2022-11-19,16C,22.50929,72.774752,13.5,Fallow,0.21493935585021973,False,-18.3989,-9.15782
2022-11-19,16D,22.509753,72.77471,12.2,Fallow,0.26322925090789795,False,-17.6031,-10.8315
2022-11-19,16E,22.509581,72.774453,14.0,Fallow,0.23876240849494934,False,-18.7735,-9.84912
2022-11-19,17A,22.508014,72.772291,2.5,Fallow,0.28884071111679077,False,-16.9069,-9.6179
2022-11-19,17B,22.508111,72.772801,2.3,Fallow,0.3849601447582245,False,-16.2843,-10.762
2022-11-19,17C,22.507532,72.772595,6.4,Fallow,0.35228055715560913,False,-16.8986,-11.0205
2022-11-19,17D,22.507484,72.772119,38.8,Chickori,0.33155786991119385,False,-18.203,-9.75805
2022-11-19,17E,22.50785,72.772474,2.1333333333333333,Fallow,0.20679984986782074,False,-16.1352,-9.50586
2022-11-19,18A,22.510282,72.771327,,,0.27599889039993286,False,-18.4579,-11.0343
2022-11-19,18B,22.510154,72.771792,,,0.24714167416095734,False,-18.5812,-13.9232
2022-11-19,18C,22.510732,72.771577,,,0.3082106411457062,False,-17.3429,-12.3188
2022-11-19,18D,22.510569,72.771293,,,0.2286582738161087,False,-17.5077,-10.914
2022-11-19,18E,22.510473,72.771515,0.0,,0.22493210434913635,False,-18.4256,-12.9289
2022-11-19,19A,22.505576,72.76343,1.2,Fallow,0.43964165449142456,False,-16.4145,-10.4041
2022-11-19,19B,22.505581,72.764064,8.8,Chickori,0.341350793838501,False,-18.7571,-11.3143
2022-11-19,19C,22.505961,72.764083,8.9,Chickori,0.49295729398727417,False,-17.3258,-9.84674
2022-11-19,19D,22.506133,72.763434,24.1,Fallow,0.22883906960487366,False,-15.6855,-6.48458
2022-11-19,19E,22.505784,72.763859,9.266666666666667,Fallow,0.42441055178642273,False,-18.3175,-11.9857
2022-11-19,20A,22.505233,72.763051,2.1,Fallow,0.2753896117210388,False,-17.1626,-10.2336
2022-11-19,20B,22.50465,72.763111,1.4,Fallow,0.28127437829971313,False,-18.4282,-11.3989
2022-11-19,20C,22.504626,72.762487,21.9,Fallow,0.46240636706352234,False,-17.711,-9.0514
2022-11-19,20D,22.505225,72.762441,2.3,Fallow,0.23359178006649017,False,-17.3953,-10.0578
2022-11-19,20E,22.504991,72.762739,20.366666666666667,Fallow,0.2124783992767334,False,-19.3425,-10.6037
2022-11-19,21A,22.502812,72.762127,24.0,Fodder&Jowar,0.5351315140724182,False,-11.2509,-5.76335
2022-11-19,21B,22.502834,72.761572,11.0,Tobacco,0.3193608522415161,False,-15.0187,-10.6544
2022-11-19,21C,22.503324,72.761544,11.5,Tobacco,0.22855858504772186,False,-18.0606,-10.8244
2022-11-19,21D,22.503423,72.762158,34.3,Fallow,0.4661726951599121,False,-15.735,-9.41137
2022-11-19,21E,22.503156,72.761872,11.2,Tobacco,0.24657313525676727,False,-16.1248,-11.5078
2022-11-19,22A,22.512449,72.761352,11.4,Tobacco,0.27383196353912354,False,-18.6015,-10.6884
2022-11-19,22B,22.512453,72.761967,37.0,Fallow,0.21892845630645752,False,-16.4909,-7.90242
2022-11-19,22C,22.511898,72.761975,12.6,Tobacco,0.2299695909023285,False,-17.6493,-9.58536
2022-11-19,22D,22.511855,72.761373,10.2,Tobacco,0.22782932221889496,False,-18.8173,-10.1263
2022-11-19,22E,22.512015,72.761676,9.799999999999999,Tobacco,0.2980756163597107,False,-17.8344,-10.6524
2022-11-19,23A,22.514247,72.763284,36.6,Tobacco,0.3762754797935486,False,-16.0971,-9.4985
2022-11-19,23B,22.51377,72.763369,30.9,Tobacco,0.37360963225364685,False,-15.5129,-7.924
2022-11-19,23C,22.513729,72.763922,27.1,Tobacco,0.3298719823360443,False,-15.4618,-7.27052
2022-11-19,23D,22.514213,72.763909,22.7,Mustard,0.33906903862953186,False,-14.9698,-10.3769
2022-11-19,23E,22.513938,72.763678,31.566666666666666,Tobacco,0.33149194717407227,False,-15.1865,-7.83
2022-11-19,24A,22.514666,72.762935,11.1,Tobacco,0.24623796343803406,False,-17.9792,-11.3312
2022-11-19,24B,22.514581,72.762408,10.7,Tobacco,0.3281950056552887,False,-17.2915,-11.5914
2022-11-19,24C,22.515133,72.762345,10.5,Tobacco,0.27418050169944763,False,-19.3034,-10.8855
2022-11-19,24D,22.515104,72.762909,9.0,Tobacco,0.20381197333335876,False,-19.5439,-12.3344
2022-11-19,24E,22.514946,72.762661,9.3,Tobacco,0.23339958488941193,False,-19.9869,-12.3493
2022-11-19,25A,22.513455,72.765917,11.3,Tobacco,0.2350863814353943,False,-17.417,-9.84166
2022-11-19,25B,22.512796,72.765908,21.5,Tobacco,0.42688560485839844,False,-17.1933,-9.6678
2022-11-19,25C,22.512796,72.765185,25.1,Tobacco,0.23626025021076202,False,-16.7803,-10.021
2022-11-19,25D,22.513408,72.765196,17.4,Tobacco,0.2058321237564087,False,-17.0459,-8.92339
2022-11-19,25E,22.513116,72.765588,32.06666666666666,Fallow,0.19783857464790344,False,-15.7954,-7.54797
2022-11-19,26A,22.520103,72.766083,36.8,Fallow,0.22230811417102814,False,-16.7894,-8.45576
2022-11-19,26B,22.520661,72.766068,39.0,Fallow,0.24862590432167053,False,-15.0577,-8.77033
2022-11-19,26C,22.520655,72.766749,50.0,Fallow,0.21043740212917328,False,-14.5567,-8.74441
2022-11-19,26D,22.520125,72.766746,9.4,Fallow,0.2310696542263031,False,-18.0965,-9.92425
2022-11-19,26E,22.520285,72.766488,35.666666666666664,Fallow,0.2957625985145569,False,-16.554,-8.64839
2022-11-19,27A,22.521854,72.766591,25.1,Fallow,0.3200330138206482,False,-17.72,-11.1005
2022-11-19,27B,22.521859,72.766132,15.0,Fallow,0.2828812003135681,False,-15.9304,-10.1496
2022-11-19,27C,22.522409,72.766261,13.3,Fallow,0.2820870280265808,False,-17.1687,-10.4173
2022-11-19,27D,22.522381,72.76673,14.2,Fallow,0.16531866788864136,False,-15.6121,-8.78998
2022-11-19,27E,22.522201,72.766434,14.333333333333332,Fallow,0.21467225253582,False,-16.9227,-11.2461
2022-11-19,28A,22.523697,72.767969,43.5,Fallow,0.2483946681022644,False,-12.6159,-7.67033
2022-11-19,28B,22.52371,72.768582,44.2,Fallow,0.21968179941177368,False,-13.3332,-7.23442
2022-11-19,28C,22.524262,72.768629,14.5,Tobacco,0.3525291383266449,False,-17.5579,-10.1138
2022-11-19,28D,22.524252,72.767989,26.4,Tobacco,0.2603096067905426,False,-16.1261,-9.60262
2022-11-19,28E,22.524049,72.768361,16.0,Tobacco,0.33265578746795654,False,-14.8682,-8.34889
2022-11-19,29A,22.52364,72.766727,46.4,Fallow,0.23838664591312408,False,-15.2388,-6.75165
2022-11-19,29B,22.523657,72.766016,2.5,Fallow,0.186305433511734,False,-17.2182,-7.34528
2022-11-19,29C,22.524255,72.766024,37.2,Tobacco,0.38650381565093994,False,-16.8375,-6.74168
2022-11-19,29D,22.524229,72.766601,38.3,Tobacco,0.3439391553401947,False,-18.1201,-7.80174
2022-11-19,29E,22.524027,72.766357,36.56666666666667,Tobacco,0.4219813644886017,False,-17.4292,-6.83499
2022-12-13,1A,22.526048,72.765011,9.2,Mustard,0.7740908265113831,False,-14.0462,-7.44653
2022-12-13,1B,22.525481,72.765028,7.1,Chickori,0.36690983176231384,False,-16.2277,-9.33352
2022-12-13,1C,22.525423,72.765663,27.1,Chickori,0.6621622443199158,False,-15.1951,-9.28399
2022-12-13,1D,22.525999,72.765663,7.4,Lemon,0.42555636167526245,False,-17.4183,-9.70444
2022-12-13,1E,22.525563,72.765399,27.53333333333333,Chickori,0.6382984519004822,False,-15.2722,-8.33607
2022-12-13,2A,22.52729,72.764707,11.6,Wheat,0.34824037551879883,False,-17.6808,-10.1541
2022-12-13,2B,22.527874,72.764718,11.8,Wheat,0.26549267768859863,False,-18.7365,-12.2959
2022-12-13,2C,22.527854,72.764092,36.8,Wheat,0.35377198457717896,False,-15.721,-7.93595
2022-12-13,2D,22.527369,72.764055,47.3,Wheat,0.3728058636188507,False,-19.2282,-8.11671
2022-12-13,2E,22.527544,72.764518,6.633333333333334,Wheat,0.5404869914054871,False,-19.1796,-11.2415
2022-12-13,3A,22.525921,72.762216,3.9,Wheat,0.36647528409957886,False,-16.6537,-10.0728
2022-12-13,3B,22.52584,72.762791,11.0,Wheat,0.30182409286499023,False,-18.1092,-11.7679
2022-12-13,3C,22.525384,72.762825,8.8,Wheat,0.22204238176345825,False,-18.5392,-11.5032
2022-12-13,3D,22.525408,72.762107,7.9,Wheat,0.2380264848470688,False,-18.3652,-9.88802
2022-12-13,3E,22.525592,72.762415,8.966666666666667,Wheat,0.22995229065418243,False,-18.9546,-11.6986
2022-12-13,4A,22.525937,72.760776,12.1,Fallow,0.22904376685619354,False,-18.8663,-11.5938
2022-12-13,4B,22.525981,72.760155,8.7,Fallow,0.17343370616436005,False,-19.3104,-12.9189
2022-12-13,4C,22.525355,72.760222,17.5,Fallow,0.2678990364074707,False,-18.8113,-11.0742
2022-12-13,4D,22.525455,72.760782,7.5,Fallow,0.19653676450252533,False,-19.0093,-11.8076
2022-12-13,4E,22.525639,72.760495,7.366666666666666,Fallow,0.21049359440803528,False,-18.1151,-11.9449
2022-12-13,5A,22.527575,72.759127,11.7,Wheat,0.22955486178398132,False,-20.5352,-12.0889
2022-12-13,5B,22.527161,72.759162,13.3,Wheat,0.16368700563907623,False,-19.5427,-13.2522
2022-12-13,5C,22.527168,72.759822,12.2,Wheat,0.16698376834392548,False,-20.3658,-11.2344
2022-12-13,5D,22.527736,72.759854,10.9,Wheat,0.1942950338125229,False,-19.3716,-10.7658
2022-12-13,5E,22.527454,72.759598,8.1,Wheat,0.20225054025650024,False,-20.8161,-11.4518
2022-12-13,6A,22.526732,72.757887,6.4,Wheat,0.2686585485935211,False,-18.9072,-11.4608
2022-12-13,6B,22.526314,72.757891,8.5,Wheat,0.219180166721344,False,-18.0152,-11.9774
2022-12-13,6C,22.526244,72.757237,7.0,Wheat,0.1966927945613861,False,-17.9871,-11.4391
2022-12-13,6D,22.526763,72.757237,8.3,Wheat,0.2763974666595459,False,-17.9042,-10.8925
2022-12-13,6E,22.526525,72.757638,11.333333333333332,Wheat,0.2239212989807129,False,-19.7736,-12.5648
2022-12-13,7A,22.527958,72.750395,1.4,Fallow,0.19089846312999725,False,-18.1225,-11.2484
2022-12-13,7B,22.528433,72.750436,3.0,Fallow,0.16299991309642792,False,-18.8839,-11.1409
2022-12-13,7C,22.528529,72.751032,6.3,Fallow,0.2156556397676468,False,-18.0313,-9.81391
2022-12-13,7D,22.527949,72.751069,1.2,Fallow,0.16177646815776825,False,-16.8363,-11.6382
2022-12-13,7E,22.528163,72.750758,8.566666666666666,Fallow,0.16795356571674347,False,-17.8286,-11.3431
2022-12-13,8A,22.526748,72.749919,24.1,Wheat,0.2459866851568222,False,-17.7219,-11.5145
2022-12-13,8B,22.526719,72.749468,22.2,Wheat,0.3924563527107239,False,-18.6294,-11.3281
2022-12-13,8C,22.526145,72.74949,13.5,Wheat,0.19197581708431244,False,-18.317,-9.98145
2022-12-13,8D,22.526286,72.750055,25.7,Wheat,0.2639961242675781,False,-17.9526,-11.002
2022-12-13,8E,22.526437,72.749791,28.133333333333333,Wheat,0.3345445692539215,False,-18.2019,-11.2054
2022-12-13,9A,22.527928,72.746618,16.1,Wheat,0.28362274169921875,False,-17.9351,-12.0211
2022-12-13,9B,22.527864,72.747112,15.7,Wheat,0.36417680978775024,False,-16.9283,-12.0193
2022-12-13,9C,22.528473,72.747142,17.8,Wheat,0.3613353967666626,False,-17.8288,-9.68352
2022-12-13,9D,22.528502,72.746614,18.4,Wheat,0.22152799367904663,False,-17.0496,-11.1756
2022-12-13,9E,22.528209,72.746825,11.366666666666667,Wheat,0.2117263376712799,False,-16.8663,-10.9578
2022-12-13,10A,22.526665,72.746543,8.8,Wheat,0.17570222914218903,False,-20.8249,-14.0198
2022-12-13,10B,22.526281,72.746567,9.2,Wheat,0.24823161959648132,False,-19.3345,-12.7189
2022-12-13,10C,22.526099,72.747116,10.2,Wheat,0.21997220814228058,False,-19.9954,-12.7668
2022-12-13,10D,22.526674,72.747171,24.3,Wheat,0.19955089688301086,False,-20.3044,-12.8504
2022-12-13,10E,22.52649,72.746891,10.833333333333334,Wheat,0.19987370073795319,False,-20.6879,-13.5636
2022-12-13,11A,22.518984,72.749277,,,0.24240030348300934,False,-17.0807,-7.74993
2022-12-13,11B,22.519441,72.749219,,,0.2669947147369385,False,-17.1855,-6.57279
2022-12-13,11C,22.519529,72.748567,,,0.2544567286968231,False,-15.5758,-6.44351
2022-12-13,11D,22.519041,72.748613,,,0.2978457510471344,False,-14.4186,-5.89126
2022-12-13,11E,22.519199,72.748927,0.0,,0.23550565540790558,False,-15.2931,-5.59051
2022-12-13,12A,22.518535,72.746677,10.9,Wheat,0.18777742981910706,False,-17.6814,-9.70262
2022-12-13,12B,22.518013,72.746708,13.2,Wheat,0.20642970502376556,False,-18.7006,-10.5411
2022-12-13,12C,22.517941,72.747349,9.5,Tobacco,0.34886032342910767,False,-17.5563,-10.3103
2022-12-13,12D,22.518535,72.74737,11.3,Wheat,0.4334699511528015,False,-16.7137,-10.1517
2022-12-13,12E,22.518272,72.747109,7.466666666666667,Wheat,0.20618818700313568,False,-18.0702,-10.4169
2022-12-13,13A,22.51777,72.752478,35.6,Wheat,0.21237391233444214,False,-17.4426,-7.21412
2022-12-13,13B,22.517764,72.753199,21.9,Wheat,0.16718728840351105,False,-19.3064,-10.4628
2022-12-13,13C,22.517261,72.753172,7.1,Wheat,0.25796613097190857,False,-17.7704,-8.05503
2022-12-13,13D,22.517127,72.752548,12.9,Wheat,0.4229991137981415,False,-17.4,-9.80606
2022-12-13,13E,22.517547,72.752847,11.799999999999999,Wheat,0.1820806860923767,False,-19.4026,-9.64454
2022-12-13,14A,22.515363,72.751239,24.3,Wheat,0.3881789445877075,False,-17.8418,-11.3459
2022-12-13,14B,22.515897,72.751233,21.8,Wheat,0.22365665435791016,False,-18.2054,-11.228
2022-12-13,14C,22.515909,72.750612,21.5,Wheat,0.21949943900108337,False,-17.8225,-11.7969
2022-12-13,14D,22.51533,72.750642,21.8,Wheat,0.17481078207492828,False,-19.7691,-12.1151
2022-12-13,14E,22.515543,72.750935,20.666666666666664,Wheat,0.17934316396713257,False,-20.5357,-13.5457
2022-12-13,15A,22.515953,72.75545,39.8,Fallow,0.2898980379104614,False,-17.5013,-7.30797
2022-12-13,15B,22.515949,72.756128,13.7,Fallow,0.37720727920532227,False,-16.8625,-8.75275
2022-12-13,15C,22.515395,72.756042,15.0,Wheat,0.19413785636425018,False,-16.9906,-10.6285
2022-12-13,15D,22.515392,72.75548,36.2,Fallow,0.4041087031364441,False,-17.8951,-11.0055
2022-12-13,15E,22.515768,72.75581,12.466666666666667,Paddy,0.20729491114616394,False,-17.7079,-7.64157
2022-12-13,16A,22.509924,72.774006,8.8,Tobacco&Chickori,0.47094985842704773,False,-16.1288,-9.74851
2022-12-13,16B,22.509328,72.774041,10.0,Tobacco&Chickori,0.6271727681159973,False,-16.4222,-9.4981
2022-12-13,16C,22.50929,72.774752,20.3,Wheat,0.3203337788581848,False,-19.8934,-13.0458
2022-12-13,16D,22.509753,72.77471,13.4,Wheat,0.3421753942966461,False,-16.9565,-11.4428
2022-12-13,16E,22.509581,72.774453,16.566666666666666,Wheat,0.32342416048049927,False,-17.7065,-10.6512
2022-12-13,17A,22.508014,72.772291,15.3,Wheat,0.34744325280189514,False,-17.3825,-11.0191
2022-12-13,17B,22.508111,72.772801,8.6,Wheat,0.38457146286964417,False,-17.0733,-11.9141
2022-12-13,17C,22.507532,72.772595,12.2,Chickori,0.5468058586120605,False,-14.7919,-10.0595
2022-12-13,17D,22.507484,72.772119,27.2,Chickori,0.5995686650276184,False,-16.4965,-10.0229
2022-12-13,17E,22.50785,72.772474,8.366666666666667,Wheat,0.239567369222641,False,-16.8158,-10.8271
2022-12-13,18A,22.510282,72.771327,,,0.405507355928421,False,-17.0957,-10.7755
2022-12-13,18B,22.510154,72.771792,,,0.3864499032497406,False,-16.7622,-10.6724
2022-12-13,18C,22.510732,72.771577,,,0.6408556699752808,False,-15.0903,-10.7374
2022-12-13,18D,22.510569,72.771293,,,0.3844122588634491,False,-16.567,-10.6456
2022-12-13,18E,22.510473,72.771515,0.0,,0.41494008898735046,False,-16.73,-11.4671
2022-12-13,19A,22.505576,72.76343,13.3,Wheat,0.48991256952285767,False,-16.2507,-10.9905
2022-12-13,19B,22.505581,72.764064,20.9,Chickori,0.47360625863075256,False,-15.6522,-10.7192
2022-12-13,19C,22.505961,72.764083,17.9,Chickori,0.5202531814575195,False,-16.1047,-10.7707
2022-12-13,19D,22.506133,72.763434,10.5,Wheat,0.2515115737915039,False,-18.5024,-10.8628
2022-12-13,19E,22.505784,72.763859,19.53333333333333,Chickori,0.6301990747451782,False,-16.4258,-11.0807
2022-12-13,20A,22.505233,72.763051,10.8,Wheat,0.30288994312286377,False,-17.2366,-10.4927
2022-12-13,20B,22.50465,72.763111,14.0,Wheat,0.2355351448059082,False,-19.0517,-12.6192
2022-12-13,20C,22.504626,72.762487,12.0,Wheat,0.4741213023662567,False,-18.0175,-11.8905
2022-12-13,20D,22.505225,72.762441,19.0,Wheat,0.26118314266204834,False,-19.2848,-11.469
2022-12-13,20E,22.504991,72.762739,9.333333333333334,Wheat,0.24350759387016296,False,-18.4864,-12.8438
2022-12-13,21A,22.502812,72.762127,31.3,Mustard,0.5520318746566772,False,-12.4401,-5.04447
2022-12-13,21B,22.502834,72.761572,25.9,Tobacco,0.4460042715072632,False,-15.1081,-10.3569
2022-12-13,21C,22.503324,72.761544,18.7,Tobacco,0.44736865162849426,False,-16.0484,-9.69839
2022-12-13,21D,22.503423,72.762158,14.1,Wheat,0.4749543368816376,False,-17.1639,-11.06
2022-12-13,21E,22.503156,72.761872,19.833333333333332,Tobacco,0.4320019781589508,False,-15.0229,-8.96957
2022-12-13,22A,22.512449,72.761352,9.9,Tobacco,0.582457959651947,False,-16.0769,-7.03168
2022-12-13,22B,22.512453,72.761967,14.9,Tobacco,0.35057520866394043,False,-18.3551,-11.3751
2022-12-13,22C,22.511898,72.761975,15.5,Wheat,0.516853928565979,False,-17.0875,-10.1373
2022-12-13,22D,22.511855,72.761373,7.6,Wheat,0.4735351800918579,False,-16.3354,-6.76892
2022-12-13,22E,22.512015,72.761676,13.5,Tobacco,0.5499391555786133,False,-16.6764,-7.94757
2022-12-13,23A,22.514247,72.763284,28.2,Tobacco,0.6279380917549133,False,-14.7636,-6.13444
2022-12-13,23B,22.51377,72.763369,25.2,Tobacco,0.5800183415412903,False,-14.4149,-7.35491
2022-12-13,23C,22.513729,72.763922,27.2,Tobacco,0.4782223701477051,False,-14.0245,-8.37229
2022-12-13,23D,22.514213,72.763909,5.8,Wheat,0.26644134521484375,False,-15.5433,-10.4386
2022-12-13,23E,22.513938,72.763678,27.733333333333334,Tobacco,0.5255942940711975,False,-14.8611,-8.51106
2022-12-13,24A,22.514666,72.762935,17.1,Tobacco,0.26189276576042175,False,-16.5409,-9.46654
2022-12-13,24B,22.514581,72.762408,13.4,Tobacco,0.35031798481941223,False,-15.2402,-9.78587
2022-12-13,24C,22.515133,72.762345,13.6,Tobacco,0.3473627269268036,False,-17.36,-9.22433
2022-12-13,24D,22.515104,72.762909,12.0,Tobacco,0.33050453662872314,False,-18.12,-10.5993
2022-12-13,24E,22.514946,72.762661,15.366666666666667,Tobacco,0.3133893311023712,False,-18.0781,-9.8641
2022-12-13,25A,22.513455,72.765917,14.3,Fallow,0.47001510858535767,False,-16.5962,-9.85829
2022-12-13,25B,22.512796,72.765908,14.9,Fallow,0.5146573781967163,False,-16.5217,-10.0054
2022-12-13,25C,22.512796,72.765185,26.4,Paddy,0.3397146463394165,False,-15.532,-8.20815
2022-12-13,25D,22.513408,72.765196,43.2,Paddy,0.3434284031391144,False,-15.728,-7.9874
2022-12-13,25E,22.513116,72.765588,15.166666666666666,Paddy,0.2902121841907501,False,-16.9013,-11.5999
2022-12-13,26A,22.520103,72.766083,9.8,Tobacco,0.323977530002594,False,-18.244,-12.3101
2022-12-13,26B,22.520661,72.766068,37.9,Tobacco,0.269207626581192,False,-17.0564,-8.11227
2022-12-13,26C,22.520655,72.766749,7.5,Tobacco,0.2146265059709549,False,-16.4524,-10.4309
2022-12-13,26D,22.520125,72.766746,26.4,Tobacco,0.28393566608428955,False,-17.5753,-11.0292
2022-12-13,26E,22.520285,72.766488,7.1,Wheat,0.32596588134765625,False,-18.3824,-12.4277
2022-12-13,27A,22.521854,72.766591,38.5,Wheat,0.3883844017982483,False,-16.9925,-8.88583
2022-12-13,27B,22.521859,72.766132,41.1,Bhaji,0.34009605646133423,False,-17.0497,-8.33876
2022-12-13,27C,22.522409,72.766261,10.7,Wheat,0.31948649883270264,False,-19.7611,-12.3533
2022-12-13,27D,22.522381,72.76673,7.3,Wheat,0.2233826220035553,False,-19.2444,-12.0485
2022-12-13,27E,22.522201,72.766434,6.266666666666667,Wheat,0.2528948187828064,False,-18.9984,-11.8662
2022-12-13,28A,22.523697,72.767969,13.7,Wheat,0.26898831129074097,False,-16.5716,-9.33579
2022-12-13,28B,22.52371,72.768582,17.3,Wheat,0.24225778877735138,False,-16.2567,-9.36997
2022-12-13,28C,22.524262,72.768629,27.9,Tobacco,0.7025175094604492,False,-12.7493,-5.22254
2022-12-13,28D,22.524252,72.767989,38.2,Tobacco,0.4122737944126129,False,-16.774,-8.15243
2022-12-13,28E,22.524049,72.768361,34.333333333333336,Tobacco,0.5905717015266418,False,-12.1359,-6.58256
2022-12-13,29A,22.52364,72.766727,20.3,Tobacco,0.3100397288799286,False,-17.7192,-10.3633
2022-12-13,29B,22.523657,72.766016,21.5,Tobacco,0.2301238477230072,False,-17.6484,-9.4967
2022-12-13,29C,22.524255,72.766024,17.3,Tobacco,0.5407820343971252,False,-15.0873,-6.90885
2022-12-13,29D,22.524229,72.766601,24.7,Tobacco,0.6451372504234314,False,-15.4924,-7.87511
2022-12-13,29E,22.524027,72.766357,29.46666666666667,Tobacco,0.7005980610847473,False,-15.0525,-7.59737
2023-01-18,1A,22.526048,72.765011,8.7,Mustard,0.7587918043136597,False,-11.5396,-7.63622
2023-01-18,1B,22.525481,72.765028,50.0,Chickori,0.7769068479537964,False,-14.323,-8.98674
2023-01-18,1C,22.525423,72.765663,15.8,Chickori,0.8280568718910217,False,-17.1612,-9.16799
2023-01-18,1D,22.525999,72.765663,4.7,Lemon,0.3979523777961731,False,-16.5228,-9.98216
2023-01-18,1E,22.525563,72.765399,5.533333333333333,Chickori,0.7995721697807312,False,-15.4173,-9.85488
2023-01-18,2A,22.52729,72.764707,17.6,Wheat,0.820698082447052,False,-16.7824,-10.4499
2023-01-18,2B,22.527874,72.764718,31.7,Wheat,0.8465152978897095,False,-15.5509,-9.08793
2023-01-18,2C,22.527854,72.764092,27.8,Wheat,0.8019609451293945,False,-16.0693,-10.7839
2023-01-18,2D,22.527369,72.764055,28.0,Wheat,0.802365779876709,False,-14.8419,-9.50716
2023-01-18,2E,22.527544,72.764518,36.63333333333333,Wheat,0.7852907776832581,False,-14.8283,-10.8044
2023-01-18,3A,22.525921,72.762216,43.5,Wheat,0.7690652012825012,False,-15.4123,-9.70914
2023-01-18,3B,22.52584,72.762791,41.8,Wheat,0.7989683151245117,False,-15.4243,-11.7283
2023-01-18,3C,22.525384,72.762825,37.2,Wheat,0.8317873477935791,False,-15.6351,-9.57326
2023-01-18,3D,22.525408,72.762107,40.5,Wheat,0.7962200045585632,False,-14.9015,-9.20196
2023-01-18,3E,22.525592,72.762415,35.63333333333333,Wheat,0.8002867698669434,False,-14.9442,-9.5903
2023-01-18,4A,22.525937,72.760776,13.5,Wheat,0.5443547964096069,False,-16.7619,-9.96437
2023-01-18,4B,22.525981,72.760155,28.1,Wheat,0.7431327104568481,False,-15.7393,-10.3056
2023-01-18,4C,22.525355,72.760222,50.0,Wheat,0.6278338432312012,False,-13.9825,-9.44994
2023-01-18,4D,22.525455,72.760782,31.5,Wheat,0.6244401931762695,False,-13.7952,-9.43116
2023-01-18,4E,22.525639,72.760495,27.266666666666666,Wheat,0.5602172017097473,False,-14.3261,-9.63315
2023-01-18,5A,22.527575,72.759127,16.8,Wheat,0.775957465171814,False,-18.2454,-12.529
2023-01-18,5B,22.527161,72.759162,19.2,Wheat,0.8187976479530334,False,-18.1042,-13.0443
2023-01-18,5C,22.527168,72.759822,24.0,Wheat,0.8042178750038147,False,-19.2608,-13.241
2023-01-18,5D,22.527736,72.759854,15.5,Wheat,0.8202428221702576,False,-16.2866,-11.6541
2023-01-18,5E,22.527454,72.759598,19.433333333333334,Wheat,0.8132244944572449,False,-18.8024,-12.013
2023-01-18,6A,22.526732,72.757887,16.8,Wheat,0.665546715259552,False,-17.7822,-11.0555
2023-01-18,6B,22.526314,72.757891,16.7,Wheat,0.7773237228393555,False,-16.5881,-10.8434
2023-01-18,6C,22.526244,72.757237,40.5,Wheat,0.820984423160553,False,-15.1856,-8.64886
2023-01-18,6D,22.526763,72.757237,44.4,Wheat,0.7572965621948242,False,-14.7551,-9.49351
2023-01-18,6E,22.526525,72.757638,12.8,Wheat,0.75853431224823,False,-16.9981,-10.8364
2023-01-18,7A,22.527958,72.750395,50.0,Fallow,0.3350036144256592,False,-18.4114,-9.73007
2023-01-18,7B,22.528433,72.750436,50.0,Fallow,0.338436096906662,False,-20.8136,-12.2341
2023-01-18,7C,22.528529,72.751032,50.0,Fallow,0.37658026814460754,False,-18.2702,-11.0335
2023-01-18,7D,22.527949,72.751069,50.0,Fallow,0.3892558515071869,False,-20.0097,-14.2294
2023-01-18,7E,22.528163,72.750758,50.0,Fallow,0.33178430795669556,False,-19.8683,-12.3218
2023-01-18,8A,22.526748,72.749919,46.5,Wheat,0.7460944652557373,False,-14.4919,-10.0254
2023-01-18,8B,22.526719,72.749468,42.3,Wheat,0.6074647903442383,False,-14.6334,-9.05756
2023-01-18,8C,22.526145,72.74949,39.5,Wheat,0.6380696892738342,False,-15.221,-8.834
2023-01-18,8D,22.526286,72.750055,48.0,Wheat,0.7077411413192749,False,-14.4385,-9.02234
2023-01-18,8E,22.526437,72.749791,50.0,Wheat,0.6368975639343262,False,-14.1065,-8.98184
2023-01-18,9A,22.527928,72.746618,50.0,Wheat,0.5498975515365601,False,-12.9828,-8.40287
2023-01-18,9B,22.527864,72.747112,50.0,Wheat,0.7410538792610168,False,-13.9989,-9.22932
2023-01-18,9C,22.528473,72.747142,37.1,Wheat,0.7270921468734741,False,-13.4555,-9.22315
2023-01-18,9D,22.528502,72.746614,50.0,Wheat,0.5029134750366211,False,-13.9509,-8.36585
2023-01-18,9E,22.528209,72.746825,50.0,Wheat,0.5273835062980652,False,-12.9206,-8.38278
2023-01-18,10A,22.526665,72.746543,40.0,Wheat,0.7763887047767639,False,-14.8409,-9.48501
2023-01-18,10B,22.526281,72.746567,37.1,Wheat,0.8121300339698792,False,-14.3227,-7.98424
2023-01-18,10C,22.526099,72.747116,41.7,Wheat,0.5799964666366577,False,-13.942,-7.92383
2023-01-18,10D,22.526674,72.747171,39.7,Wheat,0.7849395275115967,False,-14.9027,-9.84828
2023-01-18,10E,22.52649,72.746891,42.6,Wheat,0.7112358808517456,False,-14.1597,-9.32371
2023-01-18,11A,22.518984,72.749277,,,0.3445410430431366,False,-15.3075,-7.67826
2023-01-18,11B,22.519441,72.749219,,,0.7514063715934753,False,-15.5925,-7.70619
2023-01-18,11C,22.519529,72.748567,,,0.4768466651439667,False,-15.1624,-8.01129
2023-01-18,11D,22.519041,72.748613,,,0.46193811297416687,False,-15.1938,-8.27439
2023-01-18,11E,22.519199,72.748927,0.0,,0.32211950421333313,False,-15.2166,-7.87199
2023-01-18,12A,22.518535,72.746677,17.0,Wheat,0.7520002126693726,False,-18.8855,-12.1839
2023-01-18,12B,22.518013,72.746708,22.7,Wheat,0.6679418683052063,False,-18.5168,-12.2374
2023-01-18,12C,22.517941,72.747349,10.3,Tobacco,0.6227924227714539,False,-16.2903,-8.96052
2023-01-18,12D,22.518535,72.74737,28.6,Wheat,0.5747858285903931,False,-16.1573,-11.6706
2023-01-18,12E,22.518272,72.747109,18.0,Wheat,0.7677014470100403,False,-18.1201,-12.2229
2023-01-18,13A,22.51777,72.752478,22.5,Wheat,0.8620753288269043,False,-16.5822,-11.0462
2023-01-18,13B,22.517764,72.753199,36.2,Wheat,0.7850779294967651,False,-15.8812,-10.5153
2023-01-18,13C,22.517261,72.753172,39.3,Wheat,0.8203887939453125,False,-15.0137,-10.1711
2023-01-18,13D,22.517127,72.752548,40.3,Wheat,0.8221702575683594,False,-15.817,-9.24263
2023-01-18,13E,22.517547,72.752847,19.566666666666666,Wheat,0.6072055101394653,False,-16.6993,-11.7079
2023-01-18,14A,22.515363,72.751239,30.3,Wheat,0.7189890146255493,False,-16.1574,-10.7433
2023-01-18,14B,22.515897,72.751233,25.7,Wheat,0.7124611139297485,False,-16.5286,-10.8412
2023-01-18,14C,22.515909,72.750612,26.2,Wheat,0.7336459159851074,False,-18.1929,-11.7019
2023-01-18,14D,22.51533,72.750642,22.7,Wheat,0.7213534712791443,False,-17.8629,-11.268
2023-01-18,14E,22.515543,72.750935,25.03333333333333,Wheat,0.7773857712745667,False,-18.3826,-12.7516
2023-01-18,15A,22.515953,72.75545,39.8,Wheat,0.42275354266166687,False,-15.4043,-6.99299
2023-01-18,15B,22.515949,72.756128,44.5,Wheat,0.4160894751548767,False,-15.4917,-9.12098
2023-01-18,15C,22.515395,72.756042,26.3,Wheat,0.5217609405517578,False,-14.7563,-9.58836
2023-01-18,15D,22.515392,72.75548,50.0,Fallow,0.3753686547279358,False,-18.0314,-11.075
2023-01-18,15E,22.515768,72.75581,42.1,Wheat,0.5011845827102661,False,-15.5752,-7.88299
2023-01-18,16A,22.509924,72.774006,14.7,Tobacco&Chickori,0.6464178562164307,False,-14.8783,-8.50801
2023-01-18,16B,22.509328,72.774041,18.0,Tobacco&Chickori,0.7913378477096558,False,-15.3148,-7.97062
2023-01-18,16C,22.50929,72.774752,26.7,Chickori,0.7760290503501892,False,-14.718,-8.16072
2023-01-18,16D,22.509753,72.77471,31.5,Chickori,0.6276329755783081,False,-16.4789,-9.75548
2023-01-18,16E,22.509581,72.774453,29.166666666666668,Chickori,0.6569545865058899,False,-15.6628,-9.21482
2023-01-18,17A,22.508014,72.772291,21.9,Wheat,0.6487337350845337,False,-14.7798,-10.7378
2023-01-18,17B,22.508111,72.772801,21.1,Wheat,0.6470161080360413,False,-16.0701,-9.75722
2023-01-18,17C,22.507532,72.772595,14.1,Chickori,0.746345043182373,False,-14.0855,-9.15274
2023-01-18,17D,22.507484,72.772119,17.4,Chickori,0.7982247471809387,False,-14.2032,-8.23296
2023-01-18,17E,22.50785,72.772474,25.3,Wheat,0.6350781321525574,False,-14.9238,-10.6211
2023-01-18,18A,22.510282,72.771327,,,0.74359130859375,False,-15.2574,-7.96489
2023-01-18,18B,22.510154,72.771792,,,0.7132665514945984,False,-14.9177,-8.37303
2023-01-18,18C,22.510732,72.771577,,,0.8643266558647156,False,-14.4584,-9.60221
2023-01-18,18D,22.510569,72.771293,,,0.7504912614822388,False,-14.4928,-8.86206
2023-01-18,18E,22.510473,72.771515,0.0,,0.7939805388450623,False,-14.2959,-8.89017
2023-01-18,19A,22.505576,72.76343,36.3,Wheat,0.6801199913024902,False,-15.1833,-9.39411
2023-01-18,19B,22.505581,72.764064,38.9,Wheat,0.7772881388664246,False,-14.2857,-8.87994
2023-01-18,19C,22.505961,72.764083,36.3,Chickori,0.7364369630813599,False,-15.0224,-9.32048
2023-01-18,19D,22.506133,72.763434,39.2,Wheat,0.7934076189994812,False,-14.6564,-9.59774
2023-01-18,19E,22.505784,72.763859,38.233333333333334,Chickori,0.8030211925506592,False,-14.6934,-8.92558
2023-01-18,20A,22.505233,72.763051,50.0,Wheat,0.7628904581069946,False,-15.2741,-11.7519
2023-01-18,20B,22.50465,72.763111,26.1,Wheat,0.6843261122703552,False,-15.2789,-9.39742
2023-01-18,20C,22.504626,72.762487,50.0,Weed&Chickori,0.7016575336456299,False,-14.2067,-8.68391
2023-01-18,20D,22.505225,72.762441,50.0,Wheat,0.6691617369651794,False,-14.8864,-10.3688
2023-01-18,20E,22.504991,72.762739,27.5,Wheat,0.8116638660430908,False,-16.0106,-11.0616
2023-01-18,21A,22.502812,72.762127,11.1,Mustard,0.5337629318237305,False,-11.8141,-4.889
2023-01-18,21B,22.502834,72.761572,34.2,Tobacco,0.7633345723152161,False,-13.8549,-6.58466
2023-01-18,21C,22.503324,72.761544,22.1,Tobacco,0.6444444060325623,False,-12.5702,-6.88008
2023-01-18,21D,22.503423,72.762158,34.0,Wheat,0.7812468409538269,False,-15.5821,-9.41477
2023-01-18,21E,22.503156,72.761872,26.266666666666666,Tobacco,0.7530391216278076,False,-13.1134,-6.69729
2023-01-18,22A,22.512449,72.761352,34.6,Tobacco,0.8328527808189392,False,-12.0053,-4.55588
2023-01-18,22B,22.512453,72.761967,47.3,Wheat,0.8040478825569153,False,-12.5588,-7.75929
2023-01-18,22C,22.511898,72.761975,37.8,Tobacco,0.8206207156181335,False,-11.5177,-5.1475
2023-01-18,22D,22.511855,72.761373,38.4,Tobacco,0.7575812935829163,False,-12.3139,-4.62778
2023-01-18,22E,22.512015,72.761676,38.6,Tobacco,0.8291709423065186,False,-8.51928,-4.38762
2023-01-18,23A,22.514247,72.763284,20.4,Tobacco,0.7908025979995728,False,-14.4875,-6.65084
2023-01-18,23B,22.51377,72.763369,18.6,Tobacco,0.8197519183158875,False,-11.9224,-4.38034
2023-01-18,23C,22.513729,72.763922,21.6,Tobacco,0.7744932770729065,False,-10.5732,-6.83968
2023-01-18,23D,22.514213,72.763909,24.4,Wheat,0.7104744911193848,False,-13.9667,-8.96324
2023-01-18,23E,22.513938,72.763678,19.8,Tobacco,0.8096903562545776,False,-11.9098,-5.06235
2023-01-18,24A,22.514666,72.762935,24.9,Tobacco,0.49546340107917786,False,-15.2095,-8.1386
2023-01-18,24B,22.514581,72.762408,21.1,Tobacco,0.49228888750076294,False,-15.2798,-8.52858
2023-01-18,24C,22.515133,72.762345,24.9,Tobacco,0.7081035375595093,False,-14.9254,-6.82117
2023-01-18,24D,22.515104,72.762909,23.0,Tobacco,0.7505767941474915,False,-13.8776,-6.75098
2023-01-18,24E,22.514946,72.762661,23.833333333333332,Tobacco,0.7529719471931458,False,-14.103,-6.63893
2023-01-18,25A,22.513455,72.765917,23.1,Tobacco,0.7651432752609253,False,-13.7533,-6.4855
2023-01-18,25B,22.512796,72.765908,41.2,Tobacco,0.7819374203681946,False,-9.05371,-5.75431
2023-01-18,25C,22.512796,72.765185,26.7,Tobacco,0.6062191724777222,False,-13.4286,-6.93428
2023-01-18,25D,22.513408,72.765196,19.1,Fallow,0.2999659776687622,False,-15.3144,-8.94126
2023-01-18,25E,22.513116,72.765588,38.93333333333334,Wheat,0.777433454990387,False,-13.7703,-7.83323
2023-01-18,26A,22.520103,72.766083,21.9,Wheat,0.8814917802810669,False,-16.0378,-8.98771
2023-01-18,26B,22.520661,72.766068,27.8,Bhaji,0.8787902593612671,False,-16.4705,-11.4268
2023-01-18,26C,22.520655,72.766749,27.8,Wheat,0.851232647895813,False,-16.4688,-11.9319
2023-01-18,26D,22.520125,72.766746,21.3,Wheat,0.8637825846672058,False,-15.2937,-8.63301
2023-01-18,26E,22.520285,72.766488,20.46666666666667,Wheat,0.8766987919807434,False,-17.2874,-10.9716
2023-01-18,27A,22.521854,72.766591,39.3,Wheat,0.6976013779640198,False,-15.49,-10.5958
2023-01-18,27B,22.521859,72.766132,22.0,Wheat,0.7211920022964478,False,-14.8411,-9.18359
2023-01-18,27C,22.522409,72.766261,29.0,Wheat,0.6832854151725769,False,-15.9913,-10.7964
2023-01-18,27D,22.522381,72.76673,26.5,Wheat,0.7258942127227783,False,-16.8731,-12.7584
2023-01-18,27E,22.522201,72.766434,20.03333333333333,Wheat,0.7022784352302551,False,-15.2175,-10.0722
2023-01-18,28A,22.523697,72.767969,8.6,Wheat,0.7128675580024719,False,-15.3651,-10.5871
2023-01-18,28B,22.52371,72.768582,9.0,Wheat,0.7386771440505981,False,-16.02,-11.404
2023-01-18,28C,22.524262,72.768629,29.4,Tobacco,0.8188015818595886,False,-11.4553,-5.50537
2023-01-18,28D,22.524252,72.767989,26.3,Tobacco,0.5754896402359009,False,-13.3615,-8.21749
2023-01-18,28E,22.524049,72.768361,28.066666666666666,Tobacco,0.773800253868103,False,-12.6595,-6.21008
2023-01-18,29A,22.52364,72.766727,28.9,Wheat,0.8351327776908875,False,-15.6868,-9.37278
2023-01-18,29B,22.523657,72.766016,16.8,Tobacco,0.7991873621940613,False,-14.3984,-7.84593
2023-01-18,29C,22.524255,72.766024,46.0,Tobacco,0.7131390571594238,False,-14.3983,-6.44354
2023-01-18,29D,22.524229,72.766601,38.9,Tobacco,0.7777947783470154,False,-13.4604,-5.85583
2023-01-18,29E,22.524027,72.766357,36.766666666666666,Tobacco,0.7407367825508118,False,-13.4343,-5.61265
2023-01-30,1A,22.526048,72.765011,11.5,Mustard,0.6093207001686096,False,-12.186,-8.23944
2023-01-30,1B,22.525481,72.765028,30.3,Chickori,0.8209767937660217,False,-14.2387,-8.5873
2023-01-30,1C,22.525423,72.765663,21.9,Chickori,0.8148130178451538,False,-15.5438,-9.51593
2023-01-30,1D,22.525999,72.765663,9.4,Lemon,0.3812215328216553,False,-16.0669,-9.92072
2023-01-30,1E,22.525563,72.765399,13.3,Chickori,0.7802767753601074,False,-14.9784,-8.8465
2023-01-30,2A,22.52729,72.764707,17.3,Wheat,0.8463135361671448,False,-17.6583,-9.95834
2023-01-30,2B,22.527874,72.764718,24.3,Wheat,0.8296179175376892,False,-16.3201,-10.9422
2023-01-30,2C,22.527854,72.764092,21.3,Wheat,0.8033418655395508,False,-16.9359,-12.4538
2023-01-30,2D,22.527369,72.764055,16.8,Wheat,0.803918719291687,False,-17.0737,-11.5407
2023-01-30,2E,22.527544,72.764518,18.333333333333332,Wheat,0.7854345440864563,False,-17.3451,-11.4806
2023-01-30,3A,22.525921,72.762216,37.7,Wheat,0.7919299602508545,False,-16.2627,-11.1686
2023-01-30,3B,22.52584,72.762791,27.5,Wheat,0.8232339024543762,False,-15.7022,-11.468
2023-01-30,3C,22.525384,72.762825,24.3,Wheat,0.8412504196166992,False,-16.2336,-10.1653
2023-01-30,3D,22.525408,72.762107,30.6,Wheat,0.8280095458030701,False,-15.956,-11.3401
2023-01-30,3E,22.525592,72.762415,26.8,Wheat,0.819474995136261,False,-16.9755,-12.5233
2023-01-30,4A,22.525937,72.760776,14.4,Wheat,0.7102228999137878,False,-15.6671,-10.1801
2023-01-30,4B,22.525981,72.760155,23.9,Wheat,0.8206031918525696,False,-16.0585,-10.2699
2023-01-30,4C,22.525355,72.760222,26.8,Wheat,0.6776034832000732,False,-15.4619,-10.7014
2023-01-30,4D,22.525455,72.760782,20.0,Wheat,0.7113465666770935,False,-15.5571,-10.7794
2023-01-30,4E,22.525639,72.760495,20.033333333333335,Wheat,0.6934393048286438,False,-14.9434,-10.2317
2023-01-30,5A,22.527575,72.759127,44.6,Wheat,0.8326779007911682,False,-17.1166,-10.9082
2023-01-30,5B,22.527161,72.759162,49.7,Wheat,0.8556836247444153,False,-16.932,-11.0939
2023-01-30,5C,22.527168,72.759822,56.4,Wheat,0.8634351491928101,False,-16.5729,-11.9191
2023-01-30,5D,22.527736,72.759854,42.8,Wheat,0.862449049949646,False,-16.2743,-10.7624
2023-01-30,5E,22.527454,72.759598,49.5,Wheat,0.8617368340492249,False,-16.9523,-11.6317
2023-01-30,6A,22.526732,72.757887,46.7,Wheat,0.7536037564277649,False,-15.6288,-10.6945
2023-01-30,6B,22.526314,72.757891,41.8,Wheat,0.8168456554412842,False,-14.2659,-8.39123
2023-01-30,6C,22.526244,72.757237,31.3,Wheat,0.820698082447052,False,-15.9383,-10.9094
2023-01-30,6D,22.526763,72.757237,49.6,Wheat,0.7807399034500122,False,-15.9894,-11.2299
2023-01-30,6E,22.526525,72.757638,47.833333333333336,Wheat,0.8179334998130798,False,-15.6686,-11.0403
2023-01-30,7A,22.527958,72.750395,50.0,Fallow,0.3515525162220001,False,-19.0665,-12.2615
2023-01-30,7B,22.528433,72.750436,50.0,Fallow,0.24944724142551422,False,-19.5801,-12.3222
2023-01-30,7C,22.528529,72.751032,50.0,Fallow,0.27904102206230164,False,-19.2929,-9.30659
2023-01-30,7D,22.527949,72.751069,50.0,Fallow,0.2102133184671402,False,-21.2272,-14.123
2023-01-30,7E,22.528163,72.750758,50.0,Fallow,0.21783529222011566,False,-19.8921,-12.155
2023-01-30,8A,22.526748,72.749919,30.4,Wheat,0.770058810710907,False,-16.8547,-11.9814
2023-01-30,8B,22.526719,72.749468,21.5,Wheat,0.7170172333717346,False,-16.6034,-10.905
2023-01-30,8C,22.526145,72.74949,50.0,Wheat,0.7647072076797485,False,-15.4321,-8.83472
2023-01-30,8D,22.526286,72.750055,24.8,Wheat,0.7258082628250122,False,-15.5413,-10.3801
2023-01-30,8E,22.526437,72.749791,31.8,Wheat,0.6686744093894958,False,-16.3067,-10.8623
2023-01-30,9A,22.527928,72.746618,28.3,Wheat,0.5992639064788818,False,-16.5009,-9.06509
2023-01-30,9B,22.527864,72.747112,27.7,Wheat,0.7406314611434937,False,-15.6414,-10.0537
2023-01-30,9C,22.528473,72.747142,35.4,Wheat,0.7436071634292603,False,-15.8904,-8.92933
2023-01-30,9D,22.528502,72.746614,29.7,Wheat,0.5079169273376465,False,-15.1796,-9.47953
2023-01-30,9E,22.528209,72.746825,33.766666666666666,Wheat,0.5299714803695679,False,-15.2609,-8.24861
2023-01-30,10A,22.526665,72.746543,18.2,Wheat,0.7922943830490112,False,-17.3715,-12.6838
2023-01-30,10B,22.526281,72.746567,20.5,Wheat,0.810092568397522,False,-14.1088,-9.86262
2023-01-30,10C,22.526099,72.747116,27.1,Wheat,0.636594295501709,False,-14.8262,-9.11705
2023-01-30,10D,22.526674,72.747171,19.3,Wheat,0.8003483414649963,False,-17.2411,-11.5787
2023-01-30,10E,22.52649,72.746891,20.933333333333334,Wheat,0.7367398738861084,False,-16.3782,-11.2489
2023-01-30,11A,22.518984,72.749277,,,0.3718375861644745,False,-15.7635,-11.171
2023-01-30,11B,22.519441,72.749219,,,0.7596963047981262,False,-17.2251,-11.5569
2023-01-30,11C,22.519529,72.748567,,,0.562951922416687,False,-16.6821,-10.2788
2023-01-30,11D,22.519041,72.748613,,,0.5449302196502686,False,-16.262,-9.61628
2023-01-30,11E,22.519199,72.748927,0.0,,0.3473259508609772,False,-17.6219,-11.4011
2023-01-30,12A,22.518535,72.746677,50.0,Wheat,0.8289811611175537,False,-15.205,-11.7508
2023-01-30,12B,22.518013,72.746708,50.0,Wheat,0.7873433232307434,False,-17.3032,-10.4226
2023-01-30,12C,22.517941,72.747349,50.0,Tobacco,0.6772090196609497,False,-14.5867,-5.55237
2023-01-30,12D,22.518535,72.74737,50.0,Wheat,0.6618168950080872,False,-15.4608,-9.6714
2023-01-30,12E,22.518272,72.747109,50.0,Wheat,0.8441034555435181,False,-16.582,-10.9173
2023-01-30,13A,22.51777,72.752478,45.2,Wheat,0.8978325724601746,False,-15.9931,-10.4864
2023-01-30,13B,22.517764,72.753199,37.1,Wheat,0.8568950295448303,False,-15.2281,-10.7843
2023-01-30,13C,22.517261,72.753172,39.2,Wheat,0.8477861285209656,False,-14.7895,-10.6469
2023-01-30,13D,22.517127,72.752548,37.1,Wheat,0.8403942584991455,False,-14.7874,-10.9792
2023-01-30,13E,22.517547,72.752847,49.766666666666666,Wheat,0.7741228342056274,False,-14.8197,-11.2465
2023-01-30,14A,22.515363,72.751239,31.5,Wheat,0.7890979051589966,False,-14.4206,-8.29293
2023-01-30,14B,22.515897,72.751233,40.0,Wheat,0.787697434425354,False,-16.1968,-9.89683
2023-01-30,14C,22.515909,72.750612,41.2,Wheat,0.8147757649421692,False,-15.307,-11.7033
2023-01-30,14D,22.51533,72.750642,35.0,Wheat,0.8253268599510193,False,-14.6731,-10.6978
2023-01-30,14E,22.515543,72.750935,31.466666666666665,Wheat,0.8288548588752747,False,-14.2847,-11.1177
2023-01-30,15A,22.515953,72.75545,26.4,Wheat,0.5202876925468445,False,-15.6839,-9.70795
2023-01-30,15B,22.515949,72.756128,29.7,Wheat,0.46198800206184387,False,-16.3498,-10.7903
2023-01-30,15C,22.515395,72.756042,31.7,Wheat,0.5482714772224426,False,-14.6972,-10.2006
2023-01-30,15D,22.515392,72.75548,50.0,Fallow,0.4096950888633728,False,-16.8298,-11.5686
2023-01-30,15E,22.515768,72.75581,22.46666666666667,Wheat,0.6330188512802124,False,-16.1381,-10.3474
2023-01-30,16A,22.509924,72.774006,11.9,Tobacco&Chickori,0.6491031646728516,False,-14.697,-8.0968
2023-01-30,16B,22.509328,72.774041,13.2,Tobacco&Chickori,0.7709901332855225,False,-14.8821,-7.42032
2023-01-30,16C,22.50929,72.774752,24.2,Chickori,0.7709011435508728,False,-13.8753,-9.33721
2023-01-30,16D,22.509753,72.77471,22.6,Chickori,0.675575852394104,False,-14.7001,-8.42968
2023-01-30,16E,22.509581,72.774453,23.8,Chickori,0.6367067694664001,False,-14.2055,-7.73729
2023-01-30,17A,22.508014,72.772291,28.5,Wheat,0.6835986375808716,False,-14.0663,-9.24351
2023-01-30,17B,22.508111,72.772801,25.8,Wheat,0.7050175070762634,False,-13.9646,-9.53856
2023-01-30,17C,22.507532,72.772595,29.8,Chickori,0.7839329838752747,False,-13.1507,-8.51202
2023-01-30,17D,22.507484,72.772119,25.1,Chickori,0.8058809638023376,False,-13.8451,-8.02083
2023-01-30,17E,22.50785,72.772474,23.2,Wheat,0.6919481158256531,False,-13.693,-9.18496
2023-01-30,18A,22.510282,72.771327,,,0.7096400260925293,False,-14.7177,-9.18719
2023-01-30,18B,22.510154,72.771792,,,0.7463194131851196,False,-14.3027,-7.66738
2023-01-30,18C,22.510732,72.771577,,,0.8433677554130554,False,-15.2325,-8.62277
2023-01-30,18D,22.510569,72.771293,,,0.7424007654190063,False,-15.132,-8.92886
2023-01-30,18E,22.510473,72.771515,0.0,,0.7908681631088257,False,-14.8735,-8.73071
2023-01-30,19A,22.505576,72.76343,18.4,Wheat,0.6750994324684143,False,-16.5834,-9.94014
2023-01-30,19B,22.505581,72.764064,27.4,Wheat,0.7627883553504944,False,-15.7677,-10.2866
2023-01-30,19C,22.505961,72.764083,25.8,Chickori,0.7343319654464722,False,-14.9713,-10.4383
2023-01-30,19D,22.506133,72.763434,30.4,Wheat,0.765407145023346,False,-15.27,-10.4266
2023-01-30,19E,22.505784,72.763859,27.566666666666666,Chickori,0.7173144817352295,False,-15.1571,-10.6741
2023-01-30,20A,22.505233,72.763051,26.9,Wheat,0.7795685529708862,False,-15.4661,-10.3945
2023-01-30,20B,22.50465,72.763111,16.8,Wheat,0.7077462673187256,False,-16.0858,-10.1902
2023-01-30,20C,22.504626,72.762487,24.1,Weed&Chickori,0.7431795597076416,False,-15.5935,-10.3974
2023-01-30,20D,22.505225,72.762441,25.4,Wheat,0.7010461688041687,False,-16.8782,-11.3452
2023-01-30,20E,22.504991,72.762739,22.46666666666667,Wheat,0.841554582118988,False,-15.6528,-11.0237
2023-01-30,21A,22.502812,72.762127,37.6,Mustard,0.5255792140960693,False,-12.1096,-4.35332
2023-01-30,21B,22.502834,72.761572,31.6,Tobacco,0.7722718119621277,False,-12.6734,-6.90669
2023-01-30,21C,22.503324,72.761544,28.4,Tobacco,0.6795821189880371,False,-12.5303,-6.38405
2023-01-30,21D,22.503423,72.762158,28.3,Wheat,0.8009356260299683,False,-14.1099,-8.30811
2023-01-30,21E,22.503156,72.761872,23.633333333333333,Tobacco,0.7516619563102722,False,-12.6323,-6.14565
2023-01-30,22A,22.512449,72.761352,23.6,Tobacco,0.8150926828384399,False,-11.5008,-4.55879
2023-01-30,22B,22.512453,72.761967,26.5,Wheat,0.803601086139679,False,-12.2565,-9.20599
2023-01-30,22C,22.511898,72.761975,21.6,Tobacco,0.8079000115394592,False,-13.6459,-5.13572
2023-01-30,22D,22.511855,72.761373,19.5,Tobacco,0.7490458488464355,False,-12.2502,-3.92874
2023-01-30,22E,22.512015,72.761676,24.466666666666665,Tobacco,0.8008238673210144,False,-12.9911,-4.2588
2023-01-30,23A,22.514247,72.763284,30.1,Tobacco,0.7723818421363831,False,-13.6907,-6.34436
2023-01-30,23B,22.51377,72.763369,29.3,Tobacco,0.807077169418335,False,-11.3752,-3.2291
2023-01-30,23C,22.513729,72.763922,35.1,Tobacco,0.759384274482727,False,-12.7811,-4.84493
2023-01-30,23D,22.514213,72.763909,18.8,Wheat,0.7443371415138245,False,-16.2037,-8.27562
2023-01-30,23E,22.513938,72.763678,27.733333333333334,Tobacco,0.7914661765098572,False,-12.3364,-3.99248
2023-01-30,24A,22.514666,72.762935,29.7,Tobacco,0.5555214881896973,False,-14.5675,-7.02278
2023-01-30,24B,22.514581,72.762408,35.2,Tobacco,0.5235267877578735,False,-14.8695,-6.81099
2023-01-30,24C,22.515133,72.762345,24.7,Tobacco,0.6778164505958557,False,-13.516,-4.30387
2023-01-30,24D,22.515104,72.762909,28.2,Tobacco,0.7219568490982056,False,-12.8364,-4.96629
2023-01-30,24E,22.514946,72.762661,27.433333333333334,Tobacco,0.731700599193573,False,-15.0041,-4.56167
2023-01-30,25A,22.513455,72.765917,34.9,Tobacco,0.7649477124214172,False,-12.1865,-5.48042
2023-01-30,25B,22.512796,72.765908,23.2,Tobacco,0.7590562105178833,False,-12.0578,-3.93838
2023-01-30,25C,22.512796,72.765185,29.0,Tobacco,0.703525185585022,False,-11.4954,-5.00131
2023-01-30,25D,22.513408,72.765196,17.8,Fallow,0.3422577679157257,False,-16.354,-6.90903
2023-01-30,25E,22.513116,72.765588,18.1,Wheat,0.8043698668479919,False,-14.5777,-9.93028
2023-01-30,26A,22.520103,72.766083,21.7,Wheat,0.8747281432151794,False,-13.4346,-8.82331
2023-01-30,26B,22.520661,72.766068,39.3,Bhaji,0.889119029045105,False,-15.5961,-11.2159
2023-01-30,26C,22.520655,72.766749,25.6,Wheat,0.8637335896492004,False,-15.6754,-12.2058
2023-01-30,26D,22.520125,72.766746,22.1,Wheat,0.8674197196960449,False,-14.0467,-9.33508
2023-01-30,26E,22.520285,72.766488,20.133333333333333,Wheat,0.8700267672538757,False,-14.5869,-11.4771
2023-01-30,27A,22.521854,72.766591,19.8,Wheat,0.7252386212348938,False,-15.6336,-10.8891
2023-01-30,27B,22.521859,72.766132,25.9,Wheat,0.745122492313385,False,-16.152,-9.84884
2023-01-30,27C,22.522409,72.766261,34.7,Wheat,0.7555138468742371,False,-14.949,-9.38173
2023-01-30,27D,22.522381,72.76673,39.6,Wheat,0.8057892918586731,False,-14.2766,-10.6539
2023-01-30,27E,22.522201,72.766434,43.03333333333333,Wheat,0.7719029188156128,False,-14.2282,-9.77077
2023-01-30,28A,22.523697,72.767969,50.0,Wheat,0.7633231282234192,False,-14.7608,-9.63492
2023-01-30,28B,22.52371,72.768582,29.1,Wheat,0.7996571660041809,False,-14.1151,-9.43904
2023-01-30,28C,22.524262,72.768629,19.1,Tobacco,0.7972456812858582,False,-7.98165,-2.47196
2023-01-30,28D,22.524252,72.767989,39.7,Tobacco,0.6248610615730286,False,-13.6156,-5.82751
2023-01-30,28E,22.524049,72.768361,17.03333333333333,Tobacco,0.7596498131752014,False,-11.9856,-7.16127
2023-01-30,29A,22.52364,72.766727,40.6,Wheat,0.8244006633758545,False,-14.9478,-9.25458
2023-01-30,29B,22.523657,72.766016,34.7,Tobacco,0.8379411697387695,False,-14.4127,-6.28017
2023-01-30,29C,22.524255,72.766024,22.7,Tobacco,0.6344043612480164,False,-12.4329,-5.99228
2023-01-30,29D,22.524229,72.766601,25.9,Tobacco,0.7576547265052795,False,-14.2756,-7.07289
2023-01-30,29E,22.524027,72.766357,25.566666666666666,Tobacco,0.7061954140663147,False,-13.338,-4.8338
2023-02-11,1A,22.526048,72.765011,31.7,Fallow,0.40924063324928284,False,-15.7491,-7.55793
2023-02-11,1B,22.525481,72.765028,15.0,Chickori,0.846638023853302,False,-15.1052,-10.042
2023-02-11,1C,22.525423,72.765663,30.4,Chickori,0.8579398989677429,False,-16.2079,-8.83637
2023-02-11,1D,22.525999,72.765663,1.9,Lemon,0.357879638671875,False,-16.8035,-10.1382
2023-02-11,1E,22.525563,72.765399,32.7,Chickori,0.8293548822402954,False,-15.1126,-8.26865
2023-02-11,2A,22.52729,72.764707,25.5,Wheat,0.87892746925354,False,-16.4743,-11.4755
2023-02-11,2B,22.527874,72.764718,29.1,Wheat,0.8669365644454956,False,-15.1228,-11.4411
2023-02-11,2C,22.527854,72.764092,21.8,Wheat,0.8410068154335022,False,-17.507,-11.8249
2023-02-11,2D,22.527369,72.764055,14.7,Wheat,0.8111699819564819,False,-17.0632,-11.7332
2023-02-11,2E,22.527544,72.764518,21.2,Wheat,0.8109196424484253,False,-16.7978,-12.5305
2023-02-11,3A,22.525921,72.762216,33.6,Wheat,0.8325033783912659,False,-14.4156,-10.3629
2023-02-11,3B,22.52584,72.762791,31.3,Wheat,0.8578881025314331,False,-15.6359,-12.5786
2023-02-11,3C,22.525384,72.762825,30.7,Wheat,0.8675727248191833,False,-15.5467,-12.6783
2023-02-11,3D,22.525408,72.762107,35.1,Wheat,0.8664335012435913,False,-15.7564,-12.4753
2023-02-11,3E,22.525592,72.762415,33.766666666666666,Wheat,0.8593926429748535,False,-16.4941,-14.4765
2023-02-11,4A,22.525937,72.760776,24.4,Wheat,0.8007796406745911,False,-16.4377,-10.5224
2023-02-11,4B,22.525981,72.760155,26.4,Wheat,0.8830379843711853,False,-17.6211,-11.8147
2023-02-11,4C,22.525355,72.760222,39.4,Wheat,0.7426942586898804,False,-16.2021,-10.2135
2023-02-11,4D,22.525455,72.760782,29.8,Wheat,0.8103203177452087,False,-15.084,-10.2963
2023-02-11,4E,22.525639,72.760495,35.0,Wheat,0.7934911251068115,False,-15.6963,-10.1023
2023-02-11,5A,22.527575,72.759127,24.4,Wheat,0.8623838424682617,False,-18.468,-14.5624
2023-02-11,5B,22.527161,72.759162,21.1,Wheat,0.8770034313201904,False,-19.2072,-13.9204
2023-02-11,5C,22.527168,72.759822,26.1,Wheat,0.8984187841415405,False,-18.4306,-13.4764
2023-02-11,5D,22.527736,72.759854,20.5,Wheat,0.8936365842819214,False,-18.2222,-12.0832
2023-02-11,5E,22.527454,72.759598,24.099999999999998,Wheat,0.886473536491394,False,-19.2194,-13.793
2023-02-11,6A,22.526732,72.757887,36.1,Wheat,0.7972859144210815,False,-16.9186,-11.3492
2023-02-11,6B,22.526314,72.757891,23.6,Wheat,0.8668203353881836,False,-15.3345,-9.51731
2023-02-11,6C,22.526244,72.757237,42.8,Wheat,0.8197914958000183,False,-15.3917,-12.0598
2023-02-11,6D,22.526763,72.757237,36.5,Wheat,0.7823847532272339,False,-16.3063,-12.5773
2023-02-11,6E,22.526525,72.757638,24.133333333333333,Wheat,0.8430957794189453,False,-17.1663,-12.4968
2023-02-11,7A,22.527958,72.750395,50.0,Fallow,0.5111754536628723,False,-19.0664,-10.012
2023-02-11,7B,22.528433,72.750436,50.0,Fallow,0.3904879093170166,False,-20.3766,-10.2549
2023-02-11,7C,22.528529,72.751032,50.0,Fallow,0.21273653209209442,False,-18.3143,-9.68626
2023-02-11,7D,22.527949,72.751069,50.0,Fallow,0.236516535282135,True,-20.1205,-11.5837
2023-02-11,7E,22.528163,72.750758,50.0,Fallow,0.26349613070487976,True,-20.8537,-10.708
2023-02-11,8A,22.526748,72.749919,26.6,Wheat,0.8329830169677734,False,-16.1803,-11.364
2023-02-11,8B,22.526719,72.749468,33.7,Wheat,0.7877753973007202,False,-16.1281,-11.3174
2023-02-11,8C,22.526145,72.74949,24.4,Wheat,0.8599166870117188,False,-16.6327,-11.7589
2023-02-11,8D,22.526286,72.750055,33.9,Wheat,0.7886269688606262,False,-16.0887,-11.5934
2023-02-11,8E,22.526437,72.749791,47.96666666666667,Wheat,0.6925313472747803,False,-16.5498,-11.6801
2023-02-11,9A,22.527928,72.746618,49.1,Wheat,0.6340007185935974,False,-14.8039,-10.2797
2023-02-11,9B,22.527864,72.747112,48.9,Wheat,0.7704702615737915,False,-15.5351,-10.0788
2023-02-11,9C,22.528473,72.747142,53.8,Wheat,0.7943128943443298,False,-15.6903,-10.0819
2023-02-11,9D,22.528502,72.746614,48.0,Wheat,0.6007429957389832,False,-14.7325,-9.9132
2023-02-11,9E,22.528209,72.746825,51.96666666666667,Wheat,0.5610145926475525,False,-14.9716,-10.1914
2023-02-11,10A,22.526665,72.746543,28.1,Wheat,0.8242611885070801,False,-16.0458,-13.2941
2023-02-11,10B,22.526281,72.746567,30.2,Wheat,0.8511335253715515,False,-16.5984,-12.242
2023-02-11,10C,22.526099,72.747116,16.8,Wheat,0.6549658179283142,False,-17.4355,-12.5944
2023-02-11,10D,22.526674,72.747171,29.7,Wheat,0.8343484997749329,False,-16.2953,-12.8667
2023-02-11,10E,22.52649,72.746891,28.566666666666666,Wheat,0.8020169138908386,False,-16.1075,-12.892
2023-02-11,11A,22.518984,72.749277,37.7,,0.6220452189445496,False,-15.5573,-9.74663
2023-02-11,11B,22.519441,72.749219,40.1,,0.8350249528884888,False,-15.7857,-11.7243
2023-02-11,11C,22.519529,72.748567,45.7,,0.7452874183654785,False,-15.8036,-10.025
2023-02-11,11D,22.519041,72.748613,41.8,,0.736985445022583,False,-14.4151,-9.96343
2023-02-11,11E,22.519199,72.748927,43.4,,0.5886644721031189,False,-15.5949,-10.1635
2023-02-11,12A,22.518535,72.746677,41.8,Wheat,0.8432469367980957,False,-16.0629,-11.17
2023-02-11,12B,22.518013,72.746708,46.6,Wheat,0.8532639741897583,False,-16.749,-11.3867
2023-02-11,12C,22.517941,72.747349,29.9,Tobacco,0.7345833778381348,False,-13.5618,-6.57326
2023-02-11,12D,22.518535,72.74737,28.6,Wheat,0.6607922911643982,False,-15.0753,-12.4199
2023-02-11,12E,22.518272,72.747109,42.1,Wheat,0.8765095472335815,False,-15.5535,-12.6043
2023-02-11,13A,22.51777,72.752478,27.7,Wheat,0.9004751443862915,False,-16.9501,-11.9964
2023-02-11,13B,22.517764,72.753199,37.0,Wheat,0.8655550479888916,False,-17.8469,-13.5827
2023-02-11,13C,22.517261,72.753172,39.2,Wheat,0.8615058660507202,False,-16.4281,-11.4382
2023-02-11,13D,22.517127,72.752548,21.0,Wheat,0.8623064160346985,False,-16.8341,-11.0909
2023-02-11,13E,22.517547,72.752847,23.07,Wheat,0.7862099409103394,False,-18.0379,-12.4407
2023-02-11,14A,22.515363,72.751239,42.6,Wheat,0.8060720562934875,False,-16.7416,-11.0354
2023-02-11,14B,22.515897,72.751233,37.6,Wheat,0.7893718481063843,False,-16.5068,-11.0835
2023-02-11,14C,22.515909,72.750612,36.6,Wheat,0.8591418266296387,False,-17.3975,-11.7555
2023-02-11,14D,22.51533,72.750642,45.14,Wheat,0.8378682136535645,False,-15.2671,-11.3885
2023-02-11,14E,22.515543,72.750935,38.6,Wheat,0.8462032675743103,False,-16.2803,-12.9453
2023-02-11,15A,22.515953,72.75545,27.5,Wheat,0.6842734217643738,False,-16.7959,-8.96075
2023-02-11,15B,22.515949,72.756128,32.6,Wheat,0.5366518497467041,False,-17.3603,-11.6946
2023-02-11,15C,22.515395,72.756042,15.4,Wheat,0.6081038117408752,False,-16.5714,-10.2256
2023-02-11,15D,22.515392,72.75548,50.0,Fallow,0.4260687530040741,False,-16.2213,-11.6649
2023-02-11,15E,22.515768,72.75581,33.266666666666666,Wheat,0.7836798429489136,False,-17.1606,-10.3937
2023-02-11,16A,22.509924,72.774006,10.6,Tobacco&Chickori,0.651856541633606,False,-14.5588,-10.0122
2023-02-11,16B,22.509328,72.774041,9.0,Tobacco&Chickori,0.7672629952430725,False,-15.5967,-7.0393
2023-02-11,16C,22.50929,72.774752,20.8,Chickori,0.7816092371940613,False,-15.1353,-8.95424
2023-02-11,16D,22.509753,72.77471,34.6,Chickori,0.7060100436210632,False,-13.771,-9.05676
2023-02-11,16E,22.509581,72.774453,31.23333333333333,Chickori,0.6021626591682434,False,-13.9581,-9.17124
2023-02-11,17A,22.508014,72.772291,50.0,Wheat,0.7073163986206055,False,-14.6997,-10.7492
2023-02-11,17B,22.508111,72.772801,50.0,Wheat,0.7206010222434998,False,-16.4437,-11.8627
2023-02-11,17C,22.507532,72.772595,50.0,Chickori,0.788568913936615,False,-13.5356,-8.24036
2023-02-11,17D,22.507484,72.772119,50.0,Chickori,0.7810910940170288,False,-13.9604,-8.43152
2023-02-11,17E,22.50785,72.772474,50.0,Wheat,0.6935657858848572,False,-15.1217,-11.2737
2023-02-11,18A,22.510282,72.771327,,,0.7663547992706299,False,-15.376,-9.10444
2023-02-11,18B,22.510154,72.771792,,,0.7871241569519043,False,-15.664,-9.14053
2023-02-11,18C,22.510732,72.771577,,,0.8689824342727661,False,-15.0268,-10.3693
2023-02-11,18D,22.510569,72.771293,,,0.794092059135437,False,-15.4713,-9.35124
2023-02-11,18E,22.510473,72.771515,0.0,,0.8136656284332275,False,-15.3272,-9.03573
2023-02-11,19A,22.505576,72.76343,21.5,Wheat,0.750617265701294,False,-16.1329,-10.7805
2023-02-11,19B,22.505581,72.764064,283.0,Wheat,0.8050830364227295,False,-15.5062,-9.85398
2023-02-11,19C,22.505961,72.764083,32.6,Chickori,0.7985556721687317,False,-15.2355,-9.72718
2023-02-11,19D,22.506133,72.763434,28.9,Wheat,0.8127905130386353,False,-15.5838,-12.1967
2023-02-11,19E,22.505784,72.763859,34.666666666666664,Chickori,0.7490009665489197,False,-15.5949,-9.98222
2023-02-11,20A,22.505233,72.763051,26.8,Wheat,0.821295976638794,False,-16.6021,-10.1763
2023-02-11,20B,22.50465,72.763111,13.3,Wheat,0.7983057498931885,False,-16.1309,-11.4482
2023-02-11,20C,22.504626,72.762487,38.8,Weed&Chickori,0.8231377601623535,False,-16.1358,-10.6999
2023-02-11,20D,22.505225,72.762441,27.9,Wheat,0.735361635684967,False,-16.6825,-11.1733
2023-02-11,20E,22.504991,72.762739,22.633333333333333,Wheat,0.8770557045936584,False,-17.3046,-11.0105
2023-02-11,21A,22.502812,72.762127,16.5,Mustard,0.544124960899353,False,-12.7777,-7.38957
2023-02-11,21B,22.502834,72.761572,36.2,Tobacco,0.7281820774078369,False,-12.7871,-6.13017
2023-02-11,21C,22.503324,72.761544,33.5,Tobacco,0.7075698375701904,False,-13.2865,-6.61458
2023-02-11,21D,22.503423,72.762158,22.7,Wheat,0.8509861826896667,False,-15.0006,-9.27358
2023-02-11,21E,22.503156,72.761872,32.63333333333333,Tobacco,0.7643441557884216,False,-13.2657,-6.34877
2023-02-11,22A,22.512449,72.761352,14.4,Tobacco,0.8382431864738464,False,-9.29664,-2.39394
2023-02-11,22B,22.512453,72.761967,49.6,Wheat,0.8216631412506104,False,-13.6349,-10.0861
2023-02-11,22C,22.511898,72.761975,39.3,Tobacco,0.8151358366012573,False,-13.1988,-7.29851
2023-02-11,22D,22.511855,72.761373,36.6,Tobacco,0.7854928374290466,False,-11.1272,-2.69095
2023-02-11,22E,22.512015,72.761676,36.53333333333333,Tobacco,0.8184395432472229,False,-11.8073,-6.06631
2023-02-11,23A,22.514247,72.763284,22.5,Tobacco,0.7560133337974548,False,-14.1498,-6.68199
2023-02-11,23B,22.51377,72.763369,25.1,Tobacco,0.7998555302619934,False,-12.6271,-4.47602
2023-02-11,23C,22.513729,72.763922,22.7,Tobacco,0.729556143283844,False,-13.4989,-3.77011
2023-02-11,23D,22.514213,72.763909,21.4,Wheat,0.7607414722442627,False,-15.9557,-12.0358
2023-02-11,23E,22.513938,72.763678,24.0,Tobacco,0.7784267663955688,False,-13.9548,-5.44059
2023-02-11,24A,22.514666,72.762935,32.3,Tobacco,0.6546537280082703,False,-14.1771,-6.10917
2023-02-11,24B,22.514581,72.762408,30.5,Tobacco,0.633338987827301,False,-14.1747,-7.65636
2023-02-11,24C,22.515133,72.762345,52.3,Tobacco,0.7083551287651062,False,-13.6783,-1.95955
2023-02-11,24D,22.515104,72.762909,32.9,Tobacco,0.7388052940368652,False,-12.3941,-4.35872
2023-02-11,24E,22.514946,72.762661,34.7,Tobacco,0.7310203909873962,False,-12.0652,-4.60556
2023-02-11,25A,22.513455,72.765917,35.3,Tobacco,0.7457797527313232,False,-13.5964,-4.3463
2023-02-11,25B,22.512796,72.765908,43.3,Tobacco,0.7729859352111816,False,-13.1855,-6.11653
2023-02-11,25C,22.512796,72.765185,32.2,Tobacco,0.716130793094635,False,-12.8693,-5.3484
2023-02-11,25D,22.513408,72.765196,40.0,Fallow,0.2755844295024872,False,-15.7576,-9.88194
2023-02-11,25E,22.513116,72.765588,39.6,Wheat,0.8295825123786926,False,-14.2261,-8.64934
2023-02-11,26A,22.520103,72.766083,17.2,Wheat,0.8937801718711853,False,-16.5653,-10.6457
2023-02-11,26B,22.520661,72.766068,13.6,Bhaji,0.9045761823654175,False,-16.5034,-12.2592
2023-02-11,26C,22.520655,72.766749,20.0,Wheat,0.9020408391952515,False,-16.4598,-12.9666
2023-02-11,26D,22.520125,72.766746,9.8,Wheat,0.8836818337440491,False,-15.4804,-10.624
2023-02-11,26E,22.520285,72.766488,12.833333333333332,Wheat,0.8991281986236572,False,-16.4297,-12.6553
2023-02-11,27A,22.521854,72.766591,22.3,Wheat,0.737360417842865,False,-17.5549,-12.3335
2023-02-11,27B,22.521859,72.766132,43.6,Wheat,0.7847349047660828,False,-16.1217,-11.725
2023-02-11,27C,22.522409,72.766261,43.9,Wheat,0.7443296313285828,False,-16.0894,-11.8105
2023-02-11,27D,22.522381,72.76673,39.5,Wheat,0.8606721758842468,False,-16.9901,-11.8096
2023-02-11,27E,22.522201,72.766434,44.233333333333334,Wheat,0.7900270223617554,False,-16.1811,-11.6881
2023-02-11,28A,22.523697,72.767969,15.8,Wheat,0.7412108778953552,False,-16.2317,-11.885
2023-02-11,28B,22.52371,72.768582,10.0,Wheat,0.809621274471283,False,-16.6162,-10.893
2023-02-11,28C,22.524262,72.768629,17.3,Tobacco,0.7868872284889221,False,-11.394,-5.11634
2023-02-11,28D,22.524252,72.767989,26.6,Tobacco,0.7123161554336548,False,-12.8372,-5.62824
2023-02-11,28E,22.524049,72.768361,22.1,Tobacco,0.7713940143585205,False,-12.1822,-6.52894
2023-02-11,29A,22.52364,72.766727,50.0,Wheat,0.8292223811149597,False,-14.6779,-9.02415
2023-02-11,29B,22.523657,72.766016,38.7,Tobacco,0.8463298678398132,False,-14.7466,-8.90438
2023-02-11,29C,22.524255,72.766024,32.1,Tobacco,0.6281536817550659,False,-14.341,-6.59922
2023-02-11,29D,22.524229,72.766601,21.2,Tobacco,0.7307416796684265,False,-14.7369,-6.97648
2023-02-11,29E,22.524027,72.766357,24.599999999999998,Tobacco,0.670581042766571,False,-13.9063,-6.07886
2023-03-07,1A,22.526048,72.765011,10.4,Fallow,0.2965487539768219,False,-16.6105,-8.24737
2023-03-07,1B,22.525481,72.765028,19.7,Chickori,0.8503944277763367,False,-17.42,-9.34937
2023-03-07,1C,22.525423,72.765663,32.6,Chickori,0.808624804019928,False,-16.9565,-10.3548
2023-03-07,1D,22.525999,72.765663,3.9,Lemon,0.39125487208366394,False,-16.6423,-10.6463
2023-03-07,1E,22.525563,72.765399,23.933333333333334,Chickori,0.7857645750045776,False,-16.3737,-10.0251
2023-03-07,2A,22.52729,72.764707,14.0,Wheat,0.4704238772392273,False,-17.3071,-12.2447
2023-03-07,2B,22.527874,72.764718,11.7,Wheat,0.39600810408592224,False,-17.2182,-12.2952
2023-03-07,2C,22.527854,72.764092,11.3,Wheat,0.49930885434150696,False,-18.6923,-12.9807
2023-03-07,2D,22.527369,72.764055,15.6,Wheat,0.4113110899925232,False,-17.9139,-13.7103
2023-03-07,2E,22.527544,72.764518,9.166666666666666,Wheat,0.51951664686203,False,-18.3684,-12.2842
2023-03-07,3A,22.525921,72.762216,10.8,Wheat,0.5252220034599304,False,-16.3651,-9.80148
2023-03-07,3B,22.52584,72.762791,15.1,Wheat,0.4640030264854431,False,-16.2817,-12.0364
2023-03-07,3C,22.525384,72.762825,17.9,Wheat,0.41013509035110474,False,-16.2783,-11.9357
2023-03-07,3D,22.525408,72.762107,12.1,Wheat,0.4146876037120819,False,-17.1377,-12.2888
2023-03-07,3E,22.525592,72.762415,15.5,Wheat,0.41523972153663635,False,-17.4448,-12.3909
2023-03-07,4A,22.525937,72.760776,42.9,Wheat,0.5701470971107483,False,-12.8715,-9.25674
2023-03-07,4B,22.525981,72.760155,35.4,Wheat,0.5867800116539001,False,-14.5133,-11.0847
2023-03-07,4C,22.525355,72.760222,21.1,Wheat,0.4030833840370178,False,-15.5729,-10.9391
2023-03-07,4D,22.525455,72.760782,19.5,Fodder,0.4821842312812805,False,-16.3855,-10.433
2023-03-07,4E,22.525639,72.760495,34.333333333333336,Wheat,0.5886603593826294,False,-14.2083,-9.78607
2023-03-07,5A,22.527575,72.759127,23.7,Wheat,0.4927922785282135,False,-15.9872,-12.6533
2023-03-07,5B,22.527161,72.759162,26.5,Wheat,0.5143614411354065,False,-16.6462,-12.0565
2023-03-07,5C,22.527168,72.759822,29.9,Wheat,0.5633956789970398,False,-16.4501,-12.7393
2023-03-07,5D,22.527736,72.759854,29.8,Wheat,0.5427513718605042,False,-16.003,-9.77907
2023-03-07,5E,22.527454,72.759598,32.2,Wheat,0.5710452795028687,False,-15.8325,-12.2752
2023-03-07,6A,22.526732,72.757887,16.2,Wheat,0.4512644112110138,False,-16.0076,-11.5455
2023-03-07,6B,22.526314,72.757891,20.3,Wheat,0.5245958566665649,False,-14.8155,-9.03344
2023-03-07,6C,22.526244,72.757237,8.5,Wheat,0.36167556047439575,False,-17.9016,-11.0257
2023-03-07,6D,22.526763,72.757237,17.0,Wheat,0.3883315622806549,False,-18.3952,-13.0445
2023-03-07,6E,22.526525,72.757638,9.933333333333334,Wheat,0.46762895584106445,False,-17.0559,-11.9057
2023-03-07,7A,22.527958,72.750395,50.0,Paddy,0.8069493174552917,False,-16.3783,-10.434
2023-03-07,7B,22.528433,72.750436,50.0,Paddy,0.8578600883483887,False,-17.5256,-10.5302
2023-03-07,7C,22.528529,72.751032,50.0,Paddy,0.7569425106048584,False,-17.1383,-8.78881
2023-03-07,7D,22.527949,72.751069,50.0,Paddy,0.838513195514679,False,-17.9127,-9.86497
2023-03-07,7E,22.528163,72.750758,50.0,Paddy,0.8318085074424744,False,-17.9407,-8.81019
2023-03-07,8A,22.526748,72.749919,10.1,Wheat,0.48309338092803955,False,-17.447,-12.1793
2023-03-07,8B,22.526719,72.749468,17.5,Wheat,0.5768972635269165,False,-16.7146,-12.7791
2023-03-07,8C,22.526145,72.74949,33.9,Wheat,0.5700494050979614,False,-14.9904,-12.7406
2023-03-07,8D,22.526286,72.750055,15.6,Wheat,0.42149874567985535,False,-17.6639,-12.1437
2023-03-07,8E,22.526437,72.749791,23.266666666666666,Wheat,0.4300740659236908,False,-17.5062,-14.1722
2023-03-07,9A,22.527928,72.746618,12.3,Wheat,0.3449244201183319,False,-17.5427,-12.5039
2023-03-07,9B,22.527864,72.747112,12.6,Wheat,0.4393330514431,False,-17.0112,-11.8528
2023-03-07,9C,22.528473,72.747142,11.1,Wheat,0.4802113175392151,False,-15.5752,-11.6772
2023-03-07,9D,22.528502,72.746614,7.6,Wheat,0.3560802638530731,False,-16.0703,-12.6702
2023-03-07,9E,22.528209,72.746825,21.466666666666665,Wheat,0.2925257086753845,False,-17.2573,-12.3123
2023-03-07,10A,22.526665,72.746543,8.7,Wheat,0.34666988253593445,False,-18.9129,-12.9722
2023-03-07,10B,22.526281,72.746567,10.6,Wheat,0.3339267373085022,False,-15.9252,-12.1334
2023-03-07,10C,22.526099,72.747116,19.4,Wheat,0.3811914026737213,False,-17.2232,-13.0049
2023-03-07,10D,22.526674,72.747171,9.0,Wheat,0.390839546918869,False,-18.7375,-13.1885
2023-03-07,10E,22.52649,72.746891,8.733333333333333,Wheat,0.4059326648712158,False,-17.8612,-12.9842
2023-03-07,11A,22.518984,72.749277,,,0.6868875026702881,False,-15.9477,-11.6593
2023-03-07,11B,22.519441,72.749219,,,0.6649912595748901,False,-16.657,-12.1736
2023-03-07,11C,22.519529,72.748567,,,0.6174038052558899,False,-16.1403,-12.1282
2023-03-07,11D,22.519041,72.748613,,,0.6691533327102661,False,-14.6782,-10.0266
2023-03-07,11E,22.519199,72.748927,0.0,,0.7133713960647583,False,-15.6989,-11.5577
2023-03-07,12A,22.518535,72.746677,15.6,Wheat,0.4843711256980896,False,-16.1713,-12.4847
2023-03-07,12B,22.518013,72.746708,28.1,Wheat,0.6633805632591248,False,-16.5226,-12.3652
2023-03-07,12C,22.517941,72.747349,26.2,Tobacco,0.6712174415588379,False,-12.1042,-5.30975
2023-03-07,12D,22.518535,72.74737,50.0,Wheat,0.5122621059417725,False,-15.4239,-11.2271
2023-03-07,12E,22.518272,72.747109,38.599999999999994,Wheat,0.6458061337471008,False,-14.4156,-11.6202
2023-03-07,13A,22.51777,72.752478,31.5,Wheat,0.6216504573822021,False,-17.2478,-13.9372
2023-03-07,13B,22.517764,72.753199,18.2,Wheat,0.5510036945343018,False,-15.4331,-12.1299
2023-03-07,13C,22.517261,72.753172,29.3,Wheat,0.355307936668396,False,-15.9007,-11.9878
2023-03-07,13D,22.517127,72.752548,27.0,Wheat,0.6300665736198425,False,-15.65,-11.4399
2023-03-07,13E,22.517547,72.752847,39.1,Wheat,0.5803846716880798,False,-16.1545,-13.4087
2023-03-07,14A,22.515363,72.751239,32.3,Wheat,0.4630116820335388,False,-15.4791,-10.3972
2023-03-07,14B,22.515897,72.751233,18.4,Wheat,0.4265202283859253,False,-17.444,-12.3715
2023-03-07,14C,22.515909,72.750612,21.3,Wheat,0.5643877387046814,False,-15.3519,-12.0284
2023-03-07,14D,22.51533,72.750642,31.4,Wheat,0.39984098076820374,False,-17.312,-12.9357
2023-03-07,14E,22.515543,72.750935,21.3,Wheat,0.41188502311706543,False,-17.7503,-12.8909
2023-03-07,15A,22.515953,72.75545,26.4,Wheat,0.6032337546348572,False,-16.4958,-11.6347
2023-03-07,15B,22.515949,72.756128,24.3,Wheat,0.40604671835899353,False,-17.3336,-12.5616
2023-03-07,15C,22.515395,72.756042,6.1,Wheat,0.2893441915512085,False,-18.0618,-13.2636
2023-03-07,15D,22.515392,72.75548,50.0,Fallow,0.4507761001586914,False,-18.0524,-12.6235
2023-03-07,15E,22.515768,72.75581,24.066666666666666,Wheat,0.5763329863548279,False,-16.7866,-12.0461
2023-03-07,16A,22.509924,72.774006,10.0,Tobacco&Chickori,0.6938740611076355,False,-14.7559,-9.30287
2023-03-07,16B,22.509328,72.774041,12.8,Tobacco&Chickori,0.7314464449882507,False,-15.1132,-9.16508
2023-03-07,16C,22.50929,72.774752,25.0,Tobacco&Chickori,0.7639135122299194,False,-15.8728,-10.1428
2023-03-07,16D,22.509753,72.77471,24.9,Tobacco&Chickori,0.6674555540084839,False,-15.6287,-9.33065
2023-03-07,16E,22.509581,72.774453,28.033333333333335,Tobacco&Chickori,0.6220378279685974,False,-14.9659,-9.3583
2023-03-07,17A,22.508014,72.772291,20.5,Wheat,0.5617238879203796,False,-16.3219,-11.7705
2023-03-07,17B,22.508111,72.772801,21.5,Wheat,0.6612423658370972,False,-15.9613,-11.3877
2023-03-07,17C,22.507532,72.772595,26.9,Chickori,0.7881994843482971,False,-16.4354,-11.081
2023-03-07,17D,22.507484,72.772119,23.8,Chickori,0.5361829996109009,False,-16.9237,-11.0487
2023-03-07,17E,22.50785,72.772474,18.53333333333333,Wheat,0.5446680188179016,False,-16.4029,-10.9246
2023-03-07,18A,22.510282,72.771327,,,0.6222445964813232,False,-15.5874,-10.5401
2023-03-07,18B,22.510154,72.771792,,,0.821599543094635,False,-15.0469,-9.91754
2023-03-07,18C,22.510732,72.771577,,,0.5583658218383789,False,-15.0548,-10.5676
2023-03-07,18D,22.510569,72.771293,,,0.788833737373352,False,-14.592,-10.6876
2023-03-07,18E,22.510473,72.771515,0.0,,0.8071287870407104,False,-15.3811,-10.0447
2023-03-07,19A,22.505576,72.76343,18.2,Wheat,0.5929221510887146,False,-15.6554,-11.5393
2023-03-07,19B,22.505581,72.764064,25.2,Chickori,0.7743937969207764,False,-14.4477,-9.6995
2023-03-07,19C,22.505961,72.764083,13.3,Chickori,0.721934974193573,False,-14.7729,-9.66142
2023-03-07,19D,22.506133,72.763434,11.9,Wheat,0.27857068181037903,False,-17.0983,-12.1376
2023-03-07,19E,22.505784,72.763859,22.7,Chickori,0.7237209677696228,False,-14.8425,-10.0662
2023-03-07,20A,22.505233,72.763051,9.9,Wheat,0.42455044388771057,False,-17.0015,-11.2018
2023-03-07,20B,22.50465,72.763111,6.3,Wheat,0.6797904968261719,False,-15.8597,-11.9994
2023-03-07,20C,22.504626,72.762487,14.6,Chickori,0.760352611541748,False,-15.17,-12.0915
2023-03-07,20D,22.505225,72.762441,9.5,Wheat,0.42133066058158875,False,-18.0121,-12.3552
2023-03-07,20E,22.504991,72.762739,8.866666666666667,Wheat,0.5197924375534058,False,-16.7538,-12.0534
2023-03-07,21A,22.502812,72.762127,26.7,Pearl Millet,0.5385017991065979,False,-13.7115,-7.09889
2023-03-07,21B,22.502834,72.761572,19.4,Tobacco,0.6481349468231201,False,-15.7834,-9.44112
2023-03-07,21C,22.503324,72.761544,14.3,Tobacco,0.5335494875907898,False,-15.8141,-10.4552
2023-03-07,21D,22.503423,72.762158,18.4,Wheat,0.5858190059661865,False,-16.1347,-10.0176
2023-03-07,21E,22.503156,72.761872,14.899999999999999,Tobacco,0.5938999056816101,False,-15.3249,-8.07728
2023-03-07,22A,22.512449,72.761352,11.5,Tobacco,0.7108410596847534,False,-12.6285,-5.54819
2023-03-07,22B,22.512453,72.761967,10.6,Wheat,0.36574921011924744,False,-16.4507,-11.7825
2023-03-07,22C,22.511898,72.761975,29.8,Tobacco,0.6753948926925659,False,-13.842,-7.95256
2023-03-07,22D,22.511855,72.761373,22.5,Tobacco,0.6986599564552307,False,-13.2748,-6.30401
2023-03-07,22E,22.512015,72.761676,24.833333333333332,Tobacco,0.6929440498352051,False,-13.1435,-6.80192
2023-03-07,23A,22.514247,72.763284,20.1,Tobacco,0.5736659169197083,False,-15.6703,-7.74143
2023-03-07,23B,22.51377,72.763369,9.9,Tobacco,0.6189229488372803,False,-13.0004,-6.50483
2023-03-07,23C,22.513729,72.763922,13.1,Tobacco,0.5456340909004211,False,-14.4055,-7.46838
2023-03-07,23D,22.514213,72.763909,8.6,Wheat,0.3379523456096649,False,-17.0059,-10.6621
2023-03-07,23E,22.513938,72.763678,15.566666666666666,Tobacco,0.5778192281723022,False,-15.19,-7.74739
2023-03-07,24A,22.514666,72.762935,40.6,Pearl Millet,0.2336164265871048,False,-16.4876,-8.13205
2023-03-07,24B,22.514581,72.762408,38.1,Pearl Millet,0.37487316131591797,False,-16.1771,-10.613
2023-03-07,24C,22.515133,72.762345,13.8,Tobacco,0.6453469395637512,False,-13.1007,-7.44708
2023-03-07,24D,22.515104,72.762909,15.8,Tobacco,0.637137770652771,False,-14.8844,-7.19265
2023-03-07,24E,22.514946,72.762661,16.1,Tobacco,0.6299058198928833,False,-13.97,-7.0041
2023-03-07,25A,22.513455,72.765917,9.2,Tobacco,0.26859164237976074,False,-18.7186,-12.7144
2023-03-07,25B,22.512796,72.765908,20.5,Tobacco,0.639640748500824,False,-14.3749,-6.55638
2023-03-07,25C,22.512796,72.765185,14.9,Tobacco,0.5521109700202942,False,-14.4165,-6.78356
2023-03-07,25D,22.513408,72.765196,22.2,Fallow,0.18676358461380005,False,-18.033,-10.5767
2023-03-07,25E,22.513116,72.765588,8.866666666666667,Wheat,0.39139628410339355,False,-16.1953,-10.0226
2023-03-07,26A,22.520103,72.766083,5.0,Wheat,0.4407801032066345,False,-18.2417,-12.1704
2023-03-07,26B,22.520661,72.766068,12.5,Bhaji,0.4621008634567261,False,-17.8181,-12.9422
2023-03-07,26C,22.520655,72.766749,12.9,Wheat,0.5655456185340881,False,-17.8626,-12.4164
2023-03-07,26D,22.520125,72.766746,9.7,Wheat,0.4345230758190155,False,-17.0784,-11.1385
2023-03-07,26E,22.520285,72.766488,9.1,Wheat,0.4826667606830597,False,-18.4907,-12.4082
2023-03-07,27A,22.521854,72.766591,14.9,Wheat,0.4712010622024536,False,-17.7424,-14.073
2023-03-07,27B,22.521859,72.766132,11.2,Wheat,0.7070392966270447,False,-17.665,-12.9636
2023-03-07,27C,22.522409,72.766261,7.5,Wheat,0.4485507309436798,False,-19.025,-13.2409
2023-03-07,27D,22.522381,72.76673,7.3,Wheat,0.4974762797355652,False,-18.2412,-13.8937
2023-03-07,27E,22.522201,72.766434,7.866666666666666,Wheat,0.4756534695625305,False,-18.539,-13.5575
2023-03-07,28A,22.523697,72.767969,17.9,Wheat,0.5016036033630371,False,-15.3511,-11.0892
2023-03-07,28B,22.52371,72.768582,18.1,Wheat,0.5134854912757874,False,-15.4795,-12.5479
2023-03-07,28C,22.524262,72.768629,14.7,Tobacco,0.6034864783287048,False,-15.2343,-8.29466
2023-03-07,28D,22.524252,72.767989,11.1,Tobacco,0.6415885090827942,False,-14.7162,-8.60989
2023-03-07,28E,22.524049,72.768361,17.8,Tobacco,0.5572248101234436,False,-14.8094,-9.46771
2023-03-07,29A,22.52364,72.766727,,,0.409235417842865,False,-18.0034,-12.287
2023-03-07,29B,22.523657,72.766016,,,0.42274540662765503,False,-17.767,-12.5912
2023-03-07,29C,22.524255,72.766024,,,0.23263807594776154,False,-18.1557,-11.5318
2023-03-07,29D,22.524229,72.766601,,,0.20086222887039185,False,-17.5533,-11.9017
2023-03-07,29E,22.524027,72.766357,0.0,,0.1743883490562439,False,-18.2176,-12.1953
2023-03-19,1A,22.526048,72.765011,39.6,Fodder,0.4305199682712555,False,-16.2047,-8.15785
2023-03-19,1B,22.525481,72.765028,34.3,Chickori,0.8332575559616089,False,-15.4805,-8.92197
2023-03-19,1C,22.525423,72.765663,35.1,Chickori,0.8027326464653015,False,-16.0453,-9.4344
2023-03-19,1D,22.525999,72.765663,5.8,Lemon,0.35928481817245483,False,-16.8575,-10.406
2023-03-19,1E,22.525563,72.765399,39.766666666666666,Chickori,0.8073610663414001,False,-15.7507,-8.55455
2023-03-19,2A,22.52729,72.764707,9.4,Wheat,0.3016357123851776,False,-17.5013,-10.4036
2023-03-19,2B,22.527874,72.764718,6.2,Wheat,0.23460619151592255,False,-18.125,-12.3652
2023-03-19,2C,22.527854,72.764092,7.4,Wheat,0.31220024824142456,False,-18.9649,-10.8365
2023-03-19,2D,22.527369,72.764055,7.7,Wheat,0.2549426555633545,False,-20.0177,-12.7441
2023-03-19,2E,22.527544,72.764518,6.7,Wheat,0.4271564483642578,False,-19.1654,-12.8755
2023-03-19,3A,22.525921,72.762216,8.1,Wheat,0.2773846685886383,False,-16.2517,-11.852
2023-03-19,3B,22.52584,72.762791,8.2,Wheat,0.2343020737171173,False,-18.2734,-12.848
2023-03-19,3C,22.525384,72.762825,3.3,Wheat,0.19513481855392456,False,-18.5325,-12.0067
2023-03-19,3D,22.525408,72.762107,8.9,Wheat,0.20163175463676453,False,-19.1223,-11.2553
2023-03-19,3E,22.525592,72.762415,8.966666666666667,Wheat,0.19466665387153625,False,-20.0966,-12.8149
2023-03-19,4A,22.525937,72.760776,13.5,Wheat,0.294219046831131,False,-17.1008,-12.0098
2023-03-19,4B,22.525981,72.760155,8.1,Wheat,0.22342069447040558,False,-18.6375,-13.7609
2023-03-19,4C,22.525355,72.760222,11.8,Wheat,0.263653039932251,False,-19.5445,-12.9904
2023-03-19,4D,22.525455,72.760782,6.5,Fallow,0.23962825536727905,False,-20.6462,-13.4372
2023-03-19,4E,22.525639,72.760495,11.5,Wheat,0.2618342339992523,False,-19.4288,-13.374
2023-03-19,5A,22.527575,72.759127,9.9,Wheat,0.2452593594789505,False,-20.4393,-14.4652
2023-03-19,5B,22.527161,72.759162,7.4,Wheat,0.24805589020252228,False,-19.2448,-15.1282
2023-03-19,5C,22.527168,72.759822,13.1,Wheat,0.24997249245643616,False,-20.5439,-15.0913
2023-03-19,5D,22.527736,72.759854,16.1,Wheat,0.2495633065700531,False,-18.7917,-11.3634
2023-03-19,5E,22.527454,72.759598,12.466666666666667,Wheat,0.25724703073501587,False,-21.1622,-14.6008
2023-03-19,6A,22.526732,72.757887,11.6,Wheat,0.26477596163749695,False,-18.8226,-12.0859
2023-03-19,6B,22.526314,72.757891,8.4,Wheat,0.31997546553611755,False,-17.8609,-12.3302
2023-03-19,6C,22.526244,72.757237,14.6,Wheat,0.2155572772026062,False,-19.2538,-12.2654
2023-03-19,6D,22.526763,72.757237,7.1,Wheat,0.21765993535518646,False,-17.8046,-13.2369
2023-03-19,6E,22.526525,72.757638,8.933333333333334,Wheat,0.2641206383705139,False,-19.9341,-14.9047
2023-03-19,7A,22.527958,72.750395,50.0,Paddy,0.8706000447273254,False,-15.4954,-11.9714
2023-03-19,7B,22.528433,72.750436,50.0,Paddy,0.8869019746780396,False,-17.9667,-12.2668
2023-03-19,7C,22.528529,72.751032,50.0,Paddy,0.8097274303436279,False,-18.1656,-12.0498
2023-03-19,7D,22.527949,72.751069,50.0,Paddy,0.8871108889579773,False,-17.7197,-13.2334
2023-03-19,7E,22.528163,72.750758,50.0,Paddy,0.8770759105682373,False,-17.0457,-11.6065
2023-03-19,8A,22.526748,72.749919,5.7,Wheat,0.20326422154903412,False,-18.5071,-13.0667
2023-03-19,8B,22.526719,72.749468,10.6,Wheat,0.2940886914730072,False,-18.4877,-13.4561
2023-03-19,8C,22.526145,72.74949,10.9,Wheat,0.2199411392211914,False,-19.582,-12.6759
2023-03-19,8D,22.526286,72.750055,5.2,Wheat,0.23372729122638702,False,-18.3967,-12.3502
2023-03-19,8E,22.526437,72.749791,8.666666666666666,Wheat,0.2437773495912552,False,-20.2387,-13.6042
2023-03-19,9A,22.527928,72.746618,8.9,Wheat,0.2320249378681183,False,-18.644,-12.0079
2023-03-19,9B,22.527864,72.747112,8.3,Wheat,0.29082679748535156,False,-16.9925,-11.9639
2023-03-19,9C,22.528473,72.747142,10.0,Wheat,0.32565855979919434,False,-16.7941,-12.0122
2023-03-19,9D,22.528502,72.746614,7.8,Wheat,0.229201540350914,False,-20.8084,-14.8714
2023-03-19,9E,22.528209,72.746825,16.833333333333332,Wheat,0.21951240301132202,False,-17.8611,-13.4854
2023-03-19,10A,22.526665,72.746543,5.8,Wheat,0.18531936407089233,False,-20.604,-14.0517
2023-03-19,10B,22.526281,72.746567,6.9,Wheat,0.19632107019424438,False,-18.81,-14.0509
2023-03-19,10C,22.526099,72.747116,8.5,Wheat,0.20652520656585693,False,-18.6911,-13.88
2023-03-19,10D,22.526674,72.747171,5.7,Wheat,0.19770938158035278,False,-21.0778,-13.9358
2023-03-19,10E,22.52649,72.746891,4.7,Wheat,0.19875568151474,False,-20.4974,-13.8849
2023-03-19,11A,22.518984,72.749277,50.0,Wheat,0.6000249981880188,False,-15.6645,-11.5707
2023-03-19,11B,22.519441,72.749219,50.0,Wheat,0.43265190720558167,False,-16.811,-12.206
2023-03-19,11C,22.519529,72.748567,50.0,Tobacco,0.3515281081199646,False,-16.6138,-10.9758
2023-03-19,11D,22.519041,72.748613,,,0.44513043761253357,False,-15.723,-9.79125
2023-03-19,11E,22.519199,72.748927,50.0,Wheat,0.6152002811431885,False,-16.9683,-10.9307
2023-03-19,12A,22.518535,72.746677,6.7,Wheat,0.24056293070316315,False,-19.059,-14.1339
2023-03-19,12B,22.518013,72.746708,11.5,Wheat,0.3153722286224365,False,-18.9368,-14.2109
2023-03-19,12C,22.517941,72.747349,16.5,Tobacco,0.5101969242095947,False,-13.9336,-8.28949
2023-03-19,12D,22.518535,72.74737,17.6,,0.3757918179035187,False,-18.7053,-11.7584
2023-03-19,12E,22.518272,72.747109,10.166666666666666,Wheat,0.28268963098526,False,-18.1226,-12.1872
2023-03-19,13A,22.51777,72.752478,11.2,Wheat,0.3139898478984833,False,-17.6735,-13.5008
2023-03-19,13B,22.517764,72.753199,10.6,Wheat,0.2591625452041626,False,-18.141,-13.7831
2023-03-19,13C,22.517261,72.753172,6.5,Wheat,0.20667517185211182,False,-20.5879,-13.1658
2023-03-19,13D,22.517127,72.752548,8.4,Fallow,0.39649826288223267,False,-17.4321,-12.3064
2023-03-19,13E,22.517547,72.752847,8.2,Wheat,0.23740147054195404,False,-18.8149,-13.3934
2023-03-19,14A,22.515363,72.751239,4.6,Wheat,0.338919073343277,False,-17.2985,-12.1225
2023-03-19,14B,22.515897,72.751233,5.9,Wheat,0.255208820104599,False,-18.0297,-13.6176
2023-03-19,14C,22.515909,72.750612,6.0,Wheat,0.259481817483902,False,-18.057,-12.9098
2023-03-19,14D,22.51533,72.750642,19.0,Wheat,0.23934492468833923,False,-17.0454,-12.1121
2023-03-19,14E,22.515543,72.750935,10.6,Wheat,0.23469625413417816,False,-19.1508,-12.7931
2023-03-19,15A,22.515953,72.75545,4.5,Wheat,0.343147873878479,False,-17.5138,-11.7633
2023-03-19,15B,22.515949,72.756128,10.8,Wheat,0.2694861590862274,False,-19.5062,-12.8134
2023-03-19,15C,22.515395,72.756042,4.5,Wheat,0.2103925347328186,False,-18.4643,-12.9114
2023-03-19,15D,22.515392,72.75548,7.9,Fallow,0.36820560693740845,False,-19.31,-13.3896
2023-03-19,15E,22.515768,72.75581,8.433333333333334,Wheat,0.25179076194763184,False,-18.0638,-13.3432
2023-03-19,16A,22.509924,72.774006,3.8,Tobacco&Chickori,0.6682381629943848,False,-16.6308,-10.2359
2023-03-19,16B,22.509328,72.774041,6.1,Tobacco&Chickori,0.6940191984176636,False,-15.0192,-8.11331
2023-03-19,16C,22.50929,72.774752,8.5,Tobacco&Chickori,0.7732114791870117,False,-13.3026,-9.60324
2023-03-19,16D,22.509753,72.77471,10.6,Tobacco&Chickori,0.6551418304443359,False,-14.8231,-7.85094
2023-03-19,16E,22.509581,72.774453,13.066666666666666,Tobacco&Chickori,0.673882782459259,False,-14.0353,-8.38732
2023-03-19,17A,22.508014,72.772291,5.0,Wheat,0.368434876203537,False,-18.0044,-11.7957
2023-03-19,17B,22.508111,72.772801,8.7,Wheat,0.3373943865299225,False,-17.3552,-12.4313
2023-03-19,17C,22.507532,72.772595,19.9,Chickori,0.28496894240379333,False,-15.8806,-12.0434
2023-03-19,17D,22.507484,72.772119,11.2,Fallow,0.2210514396429062,False,-17.2999,-11.4166
2023-03-19,17E,22.50785,72.772474,5.266666666666667,Wheat,0.2953195571899414,False,-17.1613,-12.394
2023-03-19,18A,22.510282,72.771327,,,0.39285188913345337,False,-17.6834,-10.9066
2023-03-19,18B,22.510154,72.771792,,,0.35097289085388184,False,-17.8594,-11.925
2023-03-19,18C,22.510732,72.771577,,,0.42481738328933716,False,-16.315,-10.6534
2023-03-19,18D,22.510569,72.771293,,,0.37233591079711914,False,-17.2787,-10.8242
2023-03-19,18E,22.510473,72.771515,0.0,,0.35187864303588867,False,-18.2994,-11.1678
2023-03-19,19A,22.505576,72.76343,50.0,Wheat,0.4561127722263336,False,-16.1395,-12.224
2023-03-19,19B,22.505581,72.764064,50.0,Chickori,0.7095410823822021,False,-16.5415,-9.87348
2023-03-19,19C,22.505961,72.764083,,,0.6740477681159973,False,-15.5925,-8.96914
2023-03-19,19D,22.506133,72.763434,50.0,Fallow,0.14380872249603271,False,-17.1174,-11.3148
2023-03-19,19E,22.505784,72.763859,50.0,Chickori,0.611289381980896,False,-16.9678,-9.62197
2023-03-19,20A,22.505233,72.763051,50.0,Wheat,0.25299063324928284,False,-18.0531,-13.8743
2023-03-19,20B,22.50465,72.763111,50.0,Wheat,0.4582791328430176,False,-18.0434,-12.372
2023-03-19,20C,22.504626,72.762487,50.0,Chickori,0.7068063616752625,False,-17.569,-10.8421
2023-03-19,20D,22.505225,72.762441,50.0,Fallow,0.27136164903640747,False,-19.0635,-13.1552
2023-03-19,20E,22.504991,72.762739,50.0,Wheat,0.27531349658966064,False,-19.4983,-14.4682
2023-03-19,21A,22.502812,72.762127,50.0,Fallow,0.40372878313064575,False,-13.1796,-7.13865
2023-03-19,21B,22.502834,72.761572,50.0,Tobacco,0.48091745376586914,False,-18.0217,-11.1573
2023-03-19,21C,22.503324,72.761544,50.0,Tobacco,0.3579624593257904,False,-17.3451,-12.3752
2023-03-19,21D,22.503423,72.762158,50.0,Wheat,0.3887287378311157,False,-17.3261,-13.8859
2023-03-19,21E,22.503156,72.761872,50.0,Tobacco,0.2654438018798828,False,-17.3187,-13.187
2023-03-19,22A,22.512449,72.761352,50.0,Tobacco,0.2202267348766327,False,-14.7003,-9.39232
2023-03-19,22B,22.512453,72.761967,50.0,Wheat,0.1828577071428299,False,-18.3253,-12.1053
2023-03-19,22C,22.511898,72.761975,50.0,Tobacco,0.40520718693733215,False,-15.6775,-7.72164
2023-03-19,22D,22.511855,72.761373,50.0,Tobacco,0.5726298093795776,False,-15.2732,-6.4906
2023-03-19,22E,22.512015,72.761676,50.0,Tobacco,0.40226882696151733,False,-15.8735,-7.39342
2023-03-19,23A,22.514247,72.763284,50.0,Tobacco,0.15906298160552979,False,-17.3018,-9.93376
2023-03-19,23B,22.51377,72.763369,50.0,Fallow,0.1716134399175644,False,-19.505,-12.7297
2023-03-19,23C,22.513729,72.763922,50.0,Fallow,0.18835106492042542,False,-18.8382,-12.5182
2023-03-19,23D,22.514213,72.763909,50.0,Fallow,0.17426060140132904,False,-17.0319,-8.33885
2023-03-19,23E,22.513938,72.763678,50.0,Tobacco,0.16741405427455902,False,-17.5705,-11.2791
2023-03-19,24A,22.514666,72.762935,50.0,Fallow,0.21572493016719818,False,-18.2857,-11.6041
2023-03-19,24B,22.514581,72.762408,50.0,Fallow,0.30866920948028564,False,-17.6789,-12.108
2023-03-19,24C,22.515133,72.762345,50.0,Fallow,0.23876196146011353,False,-18.7326,-12.5861
2023-03-19,24D,22.515104,72.762909,50.0,Fallow,0.21199625730514526,False,-19.5755,-12.5977
2023-03-19,24E,22.514946,72.762661,50.0,Fallow,0.2017831951379776,False,-18.5687,-12.559
2023-03-19,25A,22.513455,72.765917,50.0,Tobacco,0.17553088068962097,False,-18.661,-11.9671
2023-03-19,25B,22.512796,72.765908,50.0,Tobacco,0.40447965264320374,False,-17.0863,-9.65075
2023-03-19,25C,22.512796,72.765185,50.0,Tobacco,0.2702479958534241,False,-16.9113,-10.6736
2023-03-19,25D,22.513408,72.765196,50.0,Fodder,0.220185786485672,False,-18.1426,-11.7774
2023-03-19,25E,22.513116,72.765588,50.0,Wheat,0.22246375679969788,False,-17.1808,-12.3532
2023-03-19,26A,22.520103,72.766083,50.0,Fallow,0.2624370753765106,False,-18.7792,-14.0572
2023-03-19,26B,22.520661,72.766068,50.0,Fallow,0.19260884821414948,False,-18.5383,-10.949
2023-03-19,26C,22.520655,72.766749,50.0,Fallow,0.1874646693468094,False,-17.906,-11.3469
2023-03-19,26D,22.520125,72.766746,50.0,Fallow,0.20693300664424896,False,-19.4054,-12.4806
2023-03-19,26E,22.520285,72.766488,50.0,Fallow,0.22817650437355042,False,-19.8226,-12.1576
2023-03-19,27A,22.521854,72.766591,50.0,Fallow,0.27654778957366943,False,-16.6096,-7.36097
2023-03-19,27B,22.521859,72.766132,50.0,Fallow,0.5972760915756226,False,-17.6825,-9.94847
2023-03-19,27C,22.522409,72.766261,50.0,Fallow,0.31382203102111816,False,-18.719,-11.8069
2023-03-19,27D,22.522381,72.76673,50.0,Fallow,0.25695404410362244,False,-19.0284,-13.7604
2023-03-19,27E,22.522201,72.766434,50.0,Fallow,0.28615447878837585,False,-18.0218,-12.691
2023-03-19,28A,22.523697,72.767969,50.0,Wheat,0.2714274823665619,False,-16.7871,-11.1701
2023-03-19,28B,22.52371,72.768582,50.0,Wheat,0.2639158368110657,False,-17.2167,-12.1574
2023-03-19,28C,22.524262,72.768629,50.0,Tobacco,0.1842796951532364,False,-17.7785,-10.3782
2023-03-19,28D,22.524252,72.767989,50.0,Tobacco,0.19344094395637512,False,-16.6607,-10.6289
2023-03-19,28E,22.524049,72.768361,50.0,Strobe,0.22136324644088745,False,-17.4057,-10.6208
2023-03-19,29A,22.52364,72.766727,,,0.3309825658798218,False,-19.1471,-12.4081
2023-03-19,29B,22.523657,72.766016,,,0.2267238199710846,False,-18.9651,-11.3824
2023-03-19,29C,22.524255,72.766024,,,0.23521007597446442,False,-18.6878,-11.2822
2023-03-19,29D,22.524229,72.766601,,,0.1742066740989685,False,-18.9007,-12.1298
2023-03-19,29E,22.524027,72.766357,0.0,,0.17838901281356812,False,-19.4278,-10.587
