VH-pol,VV-pol,cross_pol_ratio,month_sin,month_cos,crop_encoded,NDVI,SM1 (%),Crop Name,label
-19.3557,-13.5461,-5.8096,1.2246467991473532e-16,-1.0,2,0.1500089913606643,4.6,Fallow,Low
-17.1605,-10.4691,-6.6914,1.2246467991473532e-16,-1.0,13,0.6024757623672485,7.2,Pearl Millet,Low
-17.8729,-9.9893,-7.883630000000002,1.2246467991473532e-16,-1.0,2,0.1340416073799133,6.4,Fallow,Low
-17.7906,-11.9346,-5.856000000000002,1.2246467991473532e-16,-1.0,7,0.1863184571266174,9.6,Lemon,Low
-17.3646,-10.7327,-6.6319,1.2246467991473532e-16,-1.0,2,0.2721146047115326,3.9,Fallow,Low
-20.179,-12.6369,-7.542099999999998,1.2246467991473532e-16,-1.0,2,0.2995958030223846,9.9,Fallow,Low
-18.3151,-11.1065,-7.208600000000001,1.2246467991473532e-16,-1.0,2,0.2588304877281189,4.6,Fallow,Low
-17.4439,-10.222,-7.2219,1.2246467991473532e-16,-1.0,13,0.6166455149650574,9.4,Pearl Millet,Low
-18.5871,-11.8398,-6.747299999999999,1.2246467991473532e-16,-1.0,13,0.5754322409629822,5.6,Pearl Millet,Low
-18.369,-12.5258,-5.8431999999999995,1.2246467991473532e-16,-1.0,2,0.5130549669265747,3.6333333333333333,Fallow,Low
-18.3568,-9.8546,-8.50217,1.2246467991473532e-16,-1.0,2,0.1777228713035583,4.8,Fallow,Low
-19.1375,-12.3611,-6.776399999999999,1.2246467991473532e-16,-1.0,2,0.1384700983762741,6.0,Fallow,Low
-17.2726,-11.5579,-5.714700000000001,1.2246467991473532e-16,-1.0,2,0.1133000403642654,7.0,Fallow,Low
-18.5586,-10.7904,-7.768199999999998,1.2246467991473532e-16,-1.0,2,0.1328450292348861,6.1,Fallow,Low
-18.7528,-11.6258,-7.127000000000001,1.2246467991473532e-16,-1.0,2,0.1438722163438797,4.666666666666666,Fallow,Low
-19.9924,-12.1953,-7.7971,1.2246467991473532e-16,-1.0,2,0.1836181879043579,5.6,Fallow,Low
-20.8285,-13.2891,-7.539399999999999,1.2246467991473532e-16,-1.0,2,0.113042451441288,6.0,Fallow,Low
-19.5959,-10.4823,-9.1136,1.2246467991473532e-16,-1.0,2,0.1601848155260086,7.5,Fallow,Low
-17.1316,-10.9405,-6.191099999999999,1.2246467991473532e-16,-1.0,2,0.3898432552814483,6.0,Fallow,Low
-20.7021,-12.418,-8.284100000000002,1.2246467991473532e-16,-1.0,2,0.1811460256576538,4.233333333333333,Fallow,Low
-19.215,-11.586,-7.629,1.2246467991473532e-16,-1.0,2,0.1517590433359146,4.5,Fallow,Low
-19.4059,-11.3702,-8.035699999999999,1.2246467991473532e-16,-1.0,2,0.1061595901846885,4.4,Fallow,Low
-19.3264,-11.8751,-7.4513,1.2246467991473532e-16,-1.0,2,0.1118964403867721,4.9,Fallow,Low
-18.7644,-11.1875,-7.576899999999998,1.2246467991473532e-16,-1.0,2,0.1281006336212158,5.1,Fallow,Low
-19.1452,-10.9786,-8.166599999999999,1.2246467991473532e-16,-1.0,2,0.1450421661138534,5.233333333333333,Fallow,Low
-18.0508,-10.5011,-7.5497,1.2246467991473532e-16,-1.0,2,0.1315329670906067,3.1,Fallow,Low
-17.7971,-10.7217,-7.0754,1.2246467991473532e-16,-1.0,2,0.1235043928027153,3.4,Fallow,Low
-18.7731,-10.2765,-8.496599999999999,1.2246467991473532e-16,-1.0,2,0.111914686858654,5.3,Fallow,Low
-18.4068,-12.4165,-5.990300000000001,1.2246467991473532e-16,-1.0,2,0.118420585989952,5.9,Fallow,Low
-18.4484,-11.2283,-7.220099999999999,1.2246467991473532e-16,-1.0,2,0.127025619149208,5.1,Fallow,Low
-19.2643,-10.5667,-8.697599999999998,1.2246467991473532e-16,-1.0,2,0.1077233105897903,5.3,Fallow,Low
-17.672,-9.7187,-7.9533000000000005,1.2246467991473532e-16,-1.0,2,0.113599881529808,2.0,Fallow,Low
-18.426,-10.9651,-7.460899999999999,1.2246467991473532e-16,-1.0,2,0.0959935933351516,5.6,Fallow,Low
-18.806,-11.1999,-7.606100000000001,1.2246467991473532e-16,-1.0,2,0.1112631559371948,4.5,Fallow,Low
-18.3314,-12.2879,-6.043499999999998,1.2246467991473532e-16,-1.0,2,0.1130384281277656,2.9,Fallow,Low
-18.2699,-11.5343,-6.7356,1.2246467991473532e-16,-1.0,2,0.2131061851978302,4.4,Fallow,Low
-19.5135,-11.5082,-8.0053,1.2246467991473532e-16,-1.0,2,0.1096947342157363,5.2,Fallow,Low
-18.4931,-9.8175,-8.675589999999998,1.2246467991473532e-16,-1.0,2,0.1493012011051178,4.4,Fallow,Low
-18.8967,-10.9847,-7.911999999999999,1.2246467991473532e-16,-1.0,2,0.1425139904022216,6.333333333333333,Fallow,Low
-18.7502,-11.5313,-7.2189,1.2246467991473532e-16,-1.0,2,0.1808228492736816,5.9,Fallow,Low
-18.2951,-12.0155,-6.279600000000002,1.2246467991473532e-16,-1.0,2,0.1809543818235397,9.6,Fallow,Low
-19.4342,-10.4312,-9.003,1.2246467991473532e-16,-1.0,2,0.2519524693489074,10.6,Fallow,Low
-17.8061,-11.2779,-6.5282,1.2246467991473532e-16,-1.0,2,0.4231051504611969,8.4,Fallow,Low
-19.1728,-11.2253,-7.947499999999998,1.2246467991473532e-16,-1.0,5,0.1262106001377105,3.0,Jowar,Low
-22.5424,-12.1545,-10.3879,1.2246467991473532e-16,-1.0,2,0.0858858823776245,5.2,Fallow,Low
-20.7219,-12.3306,-8.391300000000001,1.2246467991473532e-16,-1.0,2,0.1186478659510612,3.6,Fallow,Low
-20.0113,-12.1021,-7.9091999999999985,1.2246467991473532e-16,-1.0,2,0.1335430890321731,4.0,Fallow,Low
-21.8338,-12.6317,-9.2021,1.2246467991473532e-16,-1.0,2,0.1071495935320854,14.3,Fallow,Medium
-21.9811,-12.0595,-9.921600000000002,1.2246467991473532e-16,-1.0,2,0.112663947045803,4.733333333333333,Fallow,Low
-18.1402,-12.5663,-5.5739,1.2246467991473532e-16,-1.0,2,0.1365886926651001,8.8,Fallow,Low
-19.1513,-11.4172,-7.7341,1.2246467991473532e-16,-1.0,2,0.2021806389093399,7.5,Fallow,Low
-19.576,-11.0103,-8.5657,1.2246467991473532e-16,-1.0,2,0.1541943401098251,16.5,Fallow,Medium
-18.5322,-10.5402,-7.991999999999999,1.2246467991473532e-16,-1.0,2,0.1290243119001388,5.1,Fallow,Low
-19.2907,-11.8609,-7.4298,1.2246467991473532e-16,-1.0,2,0.1214201301336288,5.033333333333333,Fallow,Low
-19.7057,-11.8149,-7.8908000000000005,1.2246467991473532e-16,-1.0,2,0.1630949825048446,10.1,Fallow,Low
-20.1477,-12.5277,-7.620000000000001,1.2246467991473532e-16,-1.0,2,0.1954245269298553,4.0,Fallow,Low
-19.3053,-11.3072,-7.998099999999999,1.2246467991473532e-16,-1.0,2,0.2889640927314758,10.9,Fallow,Low
-17.4265,-10.7271,-6.699400000000001,1.2246467991473532e-16,-1.0,2,0.3908055424690246,12.1,Fallow,Medium
-19.9231,-10.9545,-8.968600000000002,1.2246467991473532e-16,-1.0,5,0.1772468835115432,7.6,Jowar,Low
-21.3386,-13.1527,-8.1859,1.2246467991473532e-16,-1.0,2,0.1569158285856247,4.5,Fallow,Low
-19.2902,-11.0875,-8.202699999999998,1.2246467991473532e-16,-1.0,2,0.2194691747426986,9.2,Fallow,Low
-18.6875,-12.2219,-6.4656,1.2246467991473532e-16,-1.0,2,0.1722785085439682,8.6,Fallow,Low
-17.7212,-10.433,-7.2882,1.2246467991473532e-16,-1.0,2,0.2889245450496673,5.3,Fallow,Low
-19.0286,-11.6004,-7.4282,1.2246467991473532e-16,-1.0,2,0.1593032628297805,8.8,Fallow,Low
-17.2037,-11.6349,-5.568800000000001,1.2246467991473532e-16,-1.0,2,0.2040406912565231,7.9,Fallow,Low
-20.3589,-11.9589,-8.399999999999999,1.2246467991473532e-16,-1.0,2,0.1567989587783813,8.0,Fallow,Low
-19.5296,-13.0626,-6.466999999999999,1.2246467991473532e-16,-1.0,2,0.1823331862688064,7.5,Fallow,Low
-19.5386,-12.8276,-6.7109999999999985,1.2246467991473532e-16,-1.0,2,0.145722433924675,7.7,Fallow,Low
-20.6152,-12.8842,-7.731000000000002,1.2246467991473532e-16,-1.0,2,0.1320866048336029,6.533333333333333,Fallow,Low
-20.3636,-11.917,-8.446600000000002,1.2246467991473532e-16,-1.0,2,0.1413009762763977,10.1,Fallow,Low
-18.7258,-12.2486,-6.4772,1.2246467991473532e-16,-1.0,2,0.1924510598182678,7.3,Fallow,Low
-19.7596,-10.9705,-8.7891,1.2246467991473532e-16,-1.0,2,0.1354057043790817,5.7,Fallow,Low
-20.4533,-11.8024,-8.650899999999998,1.2246467991473532e-16,-1.0,2,0.2262254357337951,10.9,Fallow,Low
-19.3009,-10.99,-8.310899999999998,1.2246467991473532e-16,-1.0,2,0.1228112503886222,11.166666666666666,Fallow,Low
-19.5784,-11.815,-7.763399999999999,1.2246467991473532e-16,-1.0,2,0.1973538249731063,7.2,Fallow,Low
-19.0005,-10.1774,-8.823099999999998,1.2246467991473532e-16,-1.0,2,0.1717415601015091,12.2,Fallow,Medium
-20.2981,-13.0725,-7.225600000000002,1.2246467991473532e-16,-1.0,2,0.1242507025599479,3.6,Fallow,Low
-18.6986,-12.9887,-5.709899999999999,1.2246467991473532e-16,-1.0,2,0.2015329450368881,3.5,Fallow,Low
-18.6986,-12.9887,-5.709899999999999,1.2246467991473532e-16,-1.0,2,0.2015329450368881,5.0,Fallow,Low
-18.8858,-12.7639,-6.1219,1.2246467991473532e-16,-1.0,2,0.1897681206464767,4.1,Fallow,Low
-18.6744,-14.7882,-3.8861999999999988,1.2246467991473532e-16,-1.0,2,0.2524005472660064,2.0,Fallow,Low
-18.1245,-11.8757,-6.248800000000001,1.2246467991473532e-16,-1.0,2,0.2455248236656189,3.3,Fallow,Low
-18.1373,-9.5247,-8.61261,1.2246467991473532e-16,-1.0,2,0.1585376560688018,26.5,Fallow,High
-18.6367,-12.9881,-5.648600000000002,1.2246467991473532e-16,-1.0,2,0.1741350442171096,3.566666666666667,Fallow,Low
-17.8404,-11.0006,-6.8397999999999985,1.2246467991473532e-16,-1.0,2,0.3966605067253113,3.5,Fallow,Low
-15.8711,-10.3787,-5.4924,1.2246467991473532e-16,-1.0,13,0.6225171685218811,9.7,Pearl Millet,Low
-15.8287,-10.267,-5.5617,1.2246467991473532e-16,-1.0,13,0.6459063291549683,8.1,Pearl Millet,Low
-17.1435,-12.7799,-4.3636,1.2246467991473532e-16,-1.0,2,0.2892431020736694,4.2,Fallow,Low
-16.2,-9.9545,-6.245489999999998,1.2246467991473532e-16,-1.0,13,0.4104234874248504,9.8,Pearl Millet,Low
-17.9406,-11.2444,-6.696199999999999,1.2246467991473532e-16,-1.0,2,0.1955631673336029,2.3,Fallow,Low
-19.0359,-13.158,-5.877900000000002,1.2246467991473532e-16,-1.0,2,0.1864010691642761,3.8,Fallow,Low
-19.1968,-13.1986,-5.998199999999999,1.2246467991473532e-16,-1.0,2,0.322505384683609,5.8,Fallow,Low
-19.8453,-12.2207,-7.624600000000001,1.2246467991473532e-16,-1.0,2,0.1677094846963882,3.4,Fallow,Low
-18.9673,-13.193,-5.774300000000002,1.2246467991473532e-16,-1.0,2,0.1876011192798614,3.7333333333333334,Fallow,Low
-12.4202,-4.0833,-8.33688,1.2246467991473532e-16,-1.0,2,0.1429961025714874,5.8,Fallow,Low
-18.721,-12.5351,-6.1859,1.2246467991473532e-16,-1.0,2,0.311475396156311,5.9,Fallow,Low
-17.8501,-12.9101,-4.940000000000001,1.2246467991473532e-16,-1.0,2,0.5049384236335754,4.9,Fallow,Low
-17.855,-11.9229,-5.9321,1.2246467991473532e-16,-1.0,2,0.7284581661224365,8.9,Fallow,Low
-18.7179,-13.9241,-4.793800000000001,1.2246467991473532e-16,-1.0,8,0.5488958954811096,4.1,Maize,Low
-19.5663,-12.6875,-6.878799999999998,1.2246467991473532e-16,-1.0,2,0.1176416650414466,5.0,Fallow,Low
-18.2036,-10.7414,-7.462200000000001,1.2246467991473532e-16,-1.0,2,0.1127193868160247,21.7,Fallow,Medium
-18.3039,-10.6748,-7.629099999999999,1.2246467991473532e-16,-1.0,2,0.1296930313110351,6.0,Fallow,Low
-21.3491,-11.5331,-9.816,1.2246467991473532e-16,-1.0,2,0.1455213874578476,5.7,Fallow,Low
-20.7451,-11.5035,-9.2416,1.2246467991473532e-16,-1.0,2,0.1506538540124893,4.933333333333334,Fallow,Low
-20.8577,-11.333,-9.524700000000001,1.2246467991473532e-16,-1.0,2,0.1394911706447601,6.6,Fallow,Low
-21.0438,-12.3345,-8.7093,1.2246467991473532e-16,-1.0,2,0.1038734093308448,4.5,Fallow,Low
-18.9432,-11.5601,-7.383100000000001,1.2246467991473532e-16,-1.0,2,0.1145199090242385,4.9,Fallow,Low
-18.3864,-10.0126,-8.373799999999997,1.2246467991473532e-16,-1.0,2,0.2512223720550537,6.5,Fallow,Low
-20.6445,-12.8325,-7.812000000000001,1.2246467991473532e-16,-1.0,2,0.1546597331762313,6.7,Fallow,Low
-18.6002,-11.1986,-7.4016,1.2246467991473532e-16,-1.0,2,0.6731905341148376,1.3,Fallow,Low
-19.1392,-11.5026,-7.6366,1.2246467991473532e-16,-1.0,2,0.2225230783224105,1.5,Fallow,Low
-20.6624,-12.4355,-8.226900000000002,1.2246467991473532e-16,-1.0,2,0.1597399860620498,5.5,Fallow,Low
-19.0949,-12.3996,-6.6953,1.2246467991473532e-16,-1.0,2,0.1556384712457656,6.6,Fallow,Low
-20.4645,-12.0929,-8.3716,1.2246467991473532e-16,-1.0,2,0.1564109027385711,4.733333333333333,Fallow,Low
-20.6736,-14.1688,-6.504800000000001,1.2246467991473532e-16,-1.0,2,0.1320728212594986,6.7,Fallow,Low
-19.1429,-10.9734,-8.169500000000001,1.2246467991473532e-16,-1.0,2,0.1731870174407959,5.1,Fallow,Low
-19.784,-12.0015,-7.782499999999999,1.2246467991473532e-16,-1.0,2,0.1240800321102142,4.5,Fallow,Low
-20.3815,-12.5045,-7.876999999999999,1.2246467991473532e-16,-1.0,2,0.3308253586292267,12.3,Fallow,Medium
-19.2682,-11.2334,-8.0348,1.2246467991473532e-16,-1.0,2,0.1180537715554237,5.466666666666667,Fallow,Low
-18.6729,-12.1888,-6.484099999999998,1.2246467991473532e-16,-1.0,2,0.1809696406126022,5.8,Fallow,Low
-19.1204,-11.7374,-7.383000000000001,1.2246467991473532e-16,-1.0,2,0.1254009157419204,24.8,Fallow,High
-17.6467,-12.4244,-5.222299999999999,1.2246467991473532e-16,-1.0,2,0.2491219788789749,10.7,Fallow,Low
-19.7242,-11.6339,-8.0903,1.2246467991473532e-16,-1.0,2,0.1507121175527572,5.0,Fallow,Low
-20.4652,-12.5777,-7.887499999999999,1.2246467991473532e-16,-1.0,2,0.1775596886873245,5.8999999999999995,Fallow,Low
-18.1103,-12.7424,-5.367899999999999,1.2246467991473532e-16,-1.0,2,0.2889758646488189,31.9,Fallow,High
-19.7501,-14.2123,-5.537799999999999,1.2246467991473532e-16,-1.0,2,0.238094300031662,5.4,Fallow,Low
-18.4144,-11.5915,-6.822900000000001,1.2246467991473532e-16,-1.0,2,0.1776973754167556,4.7,Fallow,Low
-18.519,-12.6514,-5.867599999999998,1.2246467991473532e-16,-1.0,2,0.1222675368189811,1.9,Fallow,Low
-19.0525,-12.857,-6.195499999999999,1.2246467991473532e-16,-1.0,2,0.136062204837799,2.1333333333333333,Fallow,Low
-17.0171,-9.9774,-7.03974,1.2246467991473532e-16,-1.0,2,0.1634751558303833,23.3,Fallow,Medium
-18.1488,-11.3335,-6.815300000000001,1.2246467991473532e-16,-1.0,2,0.1392727345228195,7.1,Fallow,Low
-18.4554,-11.4813,-6.974100000000002,1.2246467991473532e-16,-1.0,2,0.1223924756050109,5.2,Fallow,Low
-17.4858,-9.9775,-7.508310000000002,1.2246467991473532e-16,-1.0,2,0.5940971374511719,5.7,Fallow,Low
-18.2665,-11.7643,-6.5022,1.2246467991473532e-16,-1.0,2,0.1762510240077972,5.166666666666666,Fallow,Low
-19.6852,-11.6614,-8.023799999999998,1.2246467991473532e-16,-1.0,2,0.1648730933666229,5.5,Fallow,Low
-19.8313,-12.2824,-7.548899999999998,1.2246467991473532e-16,-1.0,2,0.1079679429531097,3.6,Fallow,Low
-20.0535,-10.3556,-9.697899999999999,1.2246467991473532e-16,-1.0,2,0.1752125024795532,6.2,Fallow,Low
-20.7023,-13.6124,-7.089900000000002,1.2246467991473532e-16,-1.0,2,0.1442600041627884,7.3,Fallow,Low
-20.0557,-12.9406,-7.115100000000002,1.2246467991473532e-16,-1.0,2,0.1543880701065063,7.333333333333334,Fallow,Low
-16.7031,-8.9046,-7.7985299999999995,1.2246467991473532e-16,-1.0,2,0.1102310642600059,10.9,Fallow,Low
-17.6459,-9.1992,-8.44673,1.2246467991473532e-16,-1.0,2,0.0898200869560241,20.3,Fallow,Medium
-17.7947,-7.141,-10.653669999999998,1.2246467991473532e-16,-1.0,2,0.09640634059906,36.0,Fallow,High
-17.0656,-9.7358,-7.32976,1.2246467991473532e-16,-1.0,7,0.188763290643692,23.5,Lemon,Medium
-17.5226,-7.1224,-10.40024,1.2246467991473532e-16,-1.0,2,0.1713807433843612,36.6,Fallow,High
-17.4581,-9.4145,-8.043560000000001,1.2246467991473532e-16,-1.0,2,0.1950492709875106,11.4,Fallow,Low
-19.0145,-8.0251,-10.989390000000002,1.2246467991473532e-16,-1.0,2,0.0988085195422172,15.0,Fallow,Medium
-17.5656,-8.457,-9.10863,1.2246467991473532e-16,-1.0,2,0.1720164865255355,14.0,Fallow,Medium
-18.8254,-10.3265,-8.498899999999999,1.2246467991473532e-16,-1.0,2,0.1145041957497596,14.8,Fallow,Medium
-18.8262,-8.8883,-9.9379,1.2246467991473532e-16,-1.0,2,0.2776595056056976,15.4,Fallow,Medium
-15.7074,-9.7481,-5.95931,1.2246467991473532e-16,-1.0,2,0.1503551006317138,19.6,Fallow,Medium
-17.9888,-10.5017,-7.487100000000002,1.2246467991473532e-16,-1.0,2,0.1119412705302238,11.4,Fallow,Low
-16.1815,-9.3785,-6.80303,1.2246467991473532e-16,-1.0,2,0.0945324078202247,14.3,Fallow,Medium
-17.3963,-9.7016,-7.6947399999999995,1.2246467991473532e-16,-1.0,2,0.0874999985098838,16.6,Fallow,Medium
-17.5039,-9.7082,-7.795680000000001,1.2246467991473532e-16,-1.0,2,0.1034096330404281,12.533333333333333,Fallow,Medium
-19.2008,-10.3729,-8.827900000000001,1.2246467991473532e-16,-1.0,2,0.1149176731705665,18.9,Fallow,Medium
-20.3727,-10.9433,-9.429399999999998,1.2246467991473532e-16,-1.0,2,0.0868297815322876,13.0,Fallow,Medium
-17.9643,-10.5367,-7.427600000000002,1.2246467991473532e-16,-1.0,2,0.1453050523996353,16.1,Fallow,Medium
-17.5357,-10.458,-7.077699999999998,1.2246467991473532e-16,-1.0,2,0.3878940045833587,9.5,Fallow,Low
-18.7133,-10.4917,-8.2216,1.2246467991473532e-16,-1.0,2,0.1231814250349998,11.533333333333333,Fallow,Low
-19.2004,-11.362,-7.838399999999998,1.2246467991473532e-16,-1.0,2,0.0931938216090202,11.0,Fallow,Low
-19.3545,-10.3853,-8.9692,1.2246467991473532e-16,-1.0,2,0.0844322964549064,11.7,Fallow,Low
-18.0262,-9.2874,-8.73884,1.2246467991473532e-16,-1.0,2,0.0760211050510406,12.6,Fallow,Medium
-17.6701,-10.0759,-7.594200000000001,1.2246467991473532e-16,-1.0,2,0.0856981575489044,9.0,Fallow,Low
-17.6741,-9.7837,-7.890379999999999,1.2246467991473532e-16,-1.0,2,0.097314216196537,9.433333333333334,Fallow,Low
-17.0522,-10.5809,-6.471299999999999,1.2246467991473532e-16,-1.0,2,0.1277683228254318,11.3,Fallow,Low
-17.3994,-8.693,-8.70639,1.2246467991473532e-16,-1.0,2,0.1772683262825012,11.4,Fallow,Low
-18.8472,-10.0669,-8.7803,1.2246467991473532e-16,-1.0,2,0.088839054107666,13.0,Fallow,Medium
-17.0854,-11.3063,-5.7791,1.2246467991473532e-16,-1.0,2,0.0986956730484962,13.1,Fallow,Medium
-18.8801,-10.494,-8.386099999999999,1.2246467991473532e-16,-1.0,2,0.0904269218444824,11.233333333333333,Fallow,Low
-17.9791,-10.2571,-7.7219999999999995,1.2246467991473532e-16,-1.0,2,0.1654956340789795,8.1,Fallow,Low
-19.4073,-10.8857,-8.5216,1.2246467991473532e-16,-1.0,2,0.1478973776102066,8.7,Fallow,Low
-18.6614,-9.7526,-8.90882,1.2246467991473532e-16,-1.0,2,0.1537629812955856,13.9,Fallow,Medium
-17.8863,-10.2799,-7.606399999999999,1.2246467991473532e-16,-1.0,2,0.1326700150966644,10.4,Fallow,Low
-18.8169,-10.4305,-8.3864,1.2246467991473532e-16,-1.0,2,0.1293511539697647,11.9,Fallow,Medium
-18.6682,-12.405,-6.263199999999999,1.2246467991473532e-16,-1.0,2,0.117997720837593,10.1,Fallow,Low
-19.2397,-12.6364,-6.603299999999999,1.2246467991473532e-16,-1.0,2,0.2520277798175812,11.6,Fallow,Low
-19.3978,-10.1275,-9.2703,1.2246467991473532e-16,-1.0,2,0.0888526514172554,15.2,Fallow,Medium
-17.1492,-10.9413,-6.2079,1.2246467991473532e-16,-1.0,2,0.1449936032295227,7.2,Fallow,Low
-18.0649,-11.2671,-6.797800000000002,1.2246467991473532e-16,-1.0,2,0.1324775218963623,13.233333333333334,Fallow,Medium
-19.5577,-10.9837,-8.574,1.2246467991473532e-16,-1.0,2,0.176811397075653,10.3,Fallow,Low
-18.5045,-11.2387,-7.2658000000000005,1.2246467991473532e-16,-1.0,2,0.2110114693641662,11.4,Fallow,Low
-17.6222,-11.2284,-6.393799999999999,1.2246467991473532e-16,-1.0,2,0.2721211314201355,17.6,Fallow,Medium
-17.0767,-9.8549,-7.221779999999999,1.2246467991473532e-16,-1.0,5,0.6012994050979614,26.0,Jowar,High
-18.6473,-9.8677,-8.779550000000002,1.2246467991473532e-16,-1.0,2,0.1481489986181259,7.333333333333334,Fallow,Low
-20.9566,-11.1439,-9.812700000000001,1.2246467991473532e-16,-1.0,2,0.074954904615879,10.2,Fallow,Low
-18.2791,-10.2719,-8.0072,1.2246467991473532e-16,-1.0,2,0.140630304813385,8.5,Fallow,Low
-19.2943,-9.9568,-9.33752,1.2246467991473532e-16,-1.0,2,0.1337050795555114,8.0,Fallow,Low
-20.0475,-11.714,-8.333499999999999,1.2246467991473532e-16,-1.0,2,0.0897434130311012,8.1,Fallow,Low
-20.9262,-12.143,-8.7832,1.2246467991473532e-16,-1.0,2,0.0969307869672775,9.233333333333334,Fallow,Low
-17.9532,-9.6848,-8.268389999999998,1.2246467991473532e-16,-1.0,2,0.1405574828386306,6.6,Fallow,Low
-18.7665,-10.8294,-7.937100000000001,1.2246467991473532e-16,-1.0,2,0.173407107591629,17.2,Fallow,Medium
-17.7435,-10.0962,-7.647300000000001,1.2246467991473532e-16,-1.0,2,0.1265143454074859,3.9,Fallow,Low
-16.7058,-9.2014,-7.50445,1.2246467991473532e-16,-1.0,2,0.1806512027978897,5.7,Fallow,Low
-18.4119,-11.1084,-7.3035,1.2246467991473532e-16,-1.0,2,0.1391904652118683,8.766666666666667,Fallow,Low
-18.6308,-11.0765,-7.554300000000001,1.2246467991473532e-16,-1.0,2,0.1391030997037887,7.2,Fallow,Low
-19.1417,-11.8857,-7.256,1.2246467991473532e-16,-1.0,2,0.1583146750926971,13.3,Fallow,Medium
-17.2233,-10.5804,-6.642899999999999,1.2246467991473532e-16,-1.0,2,0.2039255946874618,8.2,Fallow,Low
-17.1753,-10.3998,-6.775499999999999,1.2246467991473532e-16,-1.0,2,0.2711597383022308,8.9,Fallow,Low
-18.8407,-11.2846,-7.556099999999999,1.2246467991473532e-16,-1.0,2,0.1550578474998474,8.933333333333334,Fallow,Low
-17.3488,-9.5195,-7.829280000000001,1.2246467991473532e-16,-1.0,2,0.136697918176651,9.7,Fallow,Low
-17.6706,-9.7873,-7.883319999999999,1.2246467991473532e-16,-1.0,2,0.1239493414759635,17.9,Fallow,Medium
-17.7034,-9.3998,-8.303629999999998,1.2246467991473532e-16,-1.0,2,0.1416623145341873,12.6,Fallow,Medium
-16.0339,-10.5933,-5.4406,1.2246467991473532e-16,-1.0,2,0.2730542719364166,18.7,Fallow,Medium
-16.9512,-8.9618,-7.9894300000000005,1.2246467991473532e-16,-1.0,2,0.1336993873119354,9.1,Fallow,Low
-17.1563,-10.8594,-6.296900000000001,1.2246467991473532e-16,-1.0,2,0.2508651912212372,11.9,Fallow,Medium
-18.5095,-12.2991,-6.2104,1.2246467991473532e-16,-1.0,2,0.1275114864110946,12.5,Fallow,Medium
-18.4798,-10.8249,-7.654900000000001,1.2246467991473532e-16,-1.0,2,0.105815976858139,12.1,Fallow,Medium
-19.4062,-11.0028,-8.403399999999998,1.2246467991473532e-16,-1.0,2,0.0707429498434066,8.9,Fallow,Low
-19.7324,-12.7838,-6.948599999999999,1.2246467991473532e-16,-1.0,2,0.0837505087256431,15.833333333333332,Fallow,Medium
-17.8514,-9.533,-8.31839,1.2246467991473532e-16,-1.0,2,0.1159404218196868,11.7,Fallow,Low
-18.0516,-10.3351,-7.7165,1.2246467991473532e-16,-1.0,2,0.1618309915065765,17.4,Fallow,Medium
-17.7253,-10.8849,-6.840400000000001,1.2246467991473532e-16,-1.0,2,0.1373608261346817,9.4,Fallow,Low
-19.2972,-11.8369,-7.4603,1.2246467991473532e-16,-1.0,2,0.2034635841846466,10.1,Fallow,Low
-18.5062,-9.6521,-8.85411,1.2246467991473532e-16,-1.0,2,0.1089954376220703,19.9,Fallow,Medium
-14.899,-9.8917,-5.00732,1.2246467991473532e-16,-1.0,6,0.4896751940250397,13.2,Kshan,Medium
-16.0534,-9.3927,-6.660729999999999,1.2246467991473532e-16,-1.0,2,0.3084684908390045,15.9,Fallow,Medium
-18.6605,-12.3514,-6.309099999999999,1.2246467991473532e-16,-1.0,2,0.110310822725296,15.0,Fallow,Medium
-18.3215,-11.6278,-6.6937,1.2246467991473532e-16,-1.0,2,0.1399633884429931,13.9,Fallow,Medium
-16.5305,-10.2434,-6.287100000000001,1.2246467991473532e-16,-1.0,2,0.131758913397789,13.6,Fallow,Medium
-16.7013,-10.1378,-6.5634999999999994,1.2246467991473532e-16,-1.0,2,0.200198620557785,12.9,Fallow,Medium
-17.0844,-11.3743,-5.710099999999999,1.2246467991473532e-16,-1.0,2,0.2089653760194778,9.9,Fallow,Low
-16.5994,-10.1198,-6.4796,1.2246467991473532e-16,-1.0,2,0.1829434782266616,14.1,Fallow,Medium
-15.251,-10.4677,-4.783299999999999,1.2246467991473532e-16,-1.0,5,0.3124317824840545,27.4,Jowar,High
-16.6831,-10.2819,-6.401199999999999,1.2246467991473532e-16,-1.0,2,0.1424942165613174,10.966666666666667,Fallow,Low
-16.0747,-11.2853,-4.7894000000000005,1.2246467991473532e-16,-1.0,2,0.3164888024330139,14.8,Fallow,Medium
-17.487,-9.3182,-8.1688,1.2246467991473532e-16,-1.0,2,0.3166620135307312,21.4,Fallow,Medium
-16.8187,-9.2422,-7.5764700000000005,1.2246467991473532e-16,-1.0,2,0.3356067240238189,12.7,Fallow,Medium
-17.4671,-10.1068,-7.360299999999999,1.2246467991473532e-16,-1.0,2,0.1946022510528564,12.4,Fallow,Medium
-15.7395,-10.477,-5.262499999999999,1.2246467991473532e-16,-1.0,2,0.3377111852169037,21.1,Fallow,Medium
-19.1895,-11.367,-7.822499999999998,1.2246467991473532e-16,-1.0,2,0.1730577945709228,14.8,Fallow,Medium
-18.713,-13.2955,-5.4175,1.2246467991473532e-16,-1.0,2,0.1576621085405349,15.8,Fallow,Medium
-19.2663,-12.5666,-6.699700000000002,1.2246467991473532e-16,-1.0,2,0.3425493538379669,11.1,Fallow,Low
-19.899,-11.8056,-8.0934,1.2246467991473532e-16,-1.0,2,0.1197219267487526,14.2,Fallow,Medium
-19.4608,-12.0293,-7.4315,1.2246467991473532e-16,-1.0,2,0.1799993067979812,7.8,Fallow,Low
-11.2685,-1.4846,-9.78394,1.2246467991473532e-16,-1.0,2,0.1429961025714874,7.5,Fallow,Low
-18.2565,-10.5027,-7.753799999999998,1.2246467991473532e-16,-1.0,2,0.1559454202651977,14.0,Fallow,Medium
-18.0934,-10.1649,-7.9285,1.2246467991473532e-16,-1.0,2,0.1468731164932251,13.5,Fallow,Medium
-16.6025,-11.1404,-5.4620999999999995,1.2246467991473532e-16,-1.0,5,0.7667440176010132,24.3,Jowar,Medium
-16.7281,-10.2646,-6.463500000000002,1.2246467991473532e-16,-1.0,2,0.1205857023596763,14.233333333333333,Fallow,Medium
-20.4826,-11.6595,-8.823100000000002,1.2246467991473532e-16,-1.0,2,0.0935308560729026,10.1,Fallow,Low
-18.9009,-9.7706,-9.13028,1.2246467991473532e-16,-1.0,2,0.0992952361702919,20.4,Fallow,Medium
-19.8562,-11.3501,-8.506100000000002,1.2246467991473532e-16,-1.0,2,0.0974050909280777,18.1,Fallow,Medium
-19.4171,-11.3875,-8.029600000000002,1.2246467991473532e-16,-1.0,2,0.1180957555770874,17.5,Fallow,Medium
-19.8455,-11.5504,-8.295100000000001,1.2246467991473532e-16,-1.0,2,0.1313923448324203,17.466666666666665,Fallow,Medium
-18.2091,-11.8073,-6.4018,1.2246467991473532e-16,-1.0,11,0.0722114741802215,50.0,Paddy,Very High
-19.2384,-8.3738,-10.864629999999998,1.2246467991473532e-16,-1.0,11,0.0790127217769622,50.0,Paddy,Very High
-18.4955,-8.8278,-9.66771,1.2246467991473532e-16,-1.0,11,0.0901973992586135,50.0,Paddy,Very High
-18.841,-10.618,-8.223,1.2246467991473532e-16,-1.0,2,0.1697187721729278,12.3,Fallow,Medium
-18.8167,-10.0774,-8.7393,1.2246467991473532e-16,-1.0,2,0.2020293027162552,13.9,Fallow,Medium
-19.8318,-11.511,-8.320800000000002,1.2246467991473532e-16,-1.0,2,0.1477609127759933,14.7,Fallow,Medium
-20.4582,-10.0108,-10.447400000000002,1.2246467991473532e-16,-1.0,2,0.1329018771648407,17.8,Fallow,Medium
-19.9907,-11.1097,-8.881,1.2246467991473532e-16,-1.0,2,0.1343637108802795,17.1,Fallow,Medium
-19.3193,-12.2043,-7.114999999999998,1.2246467991473532e-16,-1.0,2,0.1000727862119674,12.8,Fallow,Medium
-19.011,-10.4794,-8.5316,1.2246467991473532e-16,-1.0,2,0.1022423431277275,20.9,Fallow,Medium
-17.7328,-8.8404,-8.892420000000001,1.2246467991473532e-16,-1.0,2,0.0820562243461608,10.2,Fallow,Low
-18.0194,-10.5218,-7.4976,1.2246467991473532e-16,-1.0,2,0.1109101176261901,14.1,Fallow,Medium
-17.543,-10.8355,-6.7075,1.2246467991473532e-16,-1.0,2,0.080047994852066,15.033333333333333,Fallow,Medium
-19.3344,-9.4526,-9.881809999999998,1.2246467991473532e-16,-1.0,2,0.2081566452980041,14.8,Fallow,Medium
-18.6981,-9.6761,-9.021980000000001,1.2246467991473532e-16,-1.0,2,0.135764330625534,10.0,Fallow,Low
-16.6612,-9.4944,-7.1668,1.2246467991473532e-16,-1.0,2,0.137956216931343,6.7,Fallow,Low
-17.6278,-10.69,-6.937800000000001,1.2246467991473532e-16,-1.0,2,0.1122145727276802,10.0,Fallow,Low
-17.8727,-10.0221,-7.850599999999998,1.2246467991473532e-16,-1.0,2,0.1517762541770935,16.7,Fallow,Medium
-17.2614,-10.4076,-6.853799999999998,1.2246467991473532e-16,-1.0,12,0.325687438249588,39.8,Paddy&Dharu,Very High
-17.7807,-10.0919,-7.688799999999999,1.2246467991473532e-16,-1.0,2,0.2240261435508728,13.7,Fallow,Medium
-18.6389,-8.697,-9.94192,1.2246467991473532e-16,-1.0,2,0.130043014883995,13.8,Fallow,Medium
-16.7895,-10.2888,-6.5007,1.2246467991473532e-16,-1.0,2,0.0863746106624603,14.0,Fallow,Medium
-17.3223,-9.6936,-7.6286999999999985,1.2246467991473532e-16,-1.0,2,0.1121798083186149,12.166666666666666,Fallow,Medium
-16.0042,-9.4904,-6.51379,1.2246467991473532e-16,-1.0,2,0.1411926746368408,14.7,Fallow,Medium
-16.8308,-9.6722,-7.1586300000000005,1.2246467991473532e-16,-1.0,2,0.1163606420159339,22.7,Fallow,Medium
-18.9629,-11.1832,-7.779700000000002,1.2246467991473532e-16,-1.0,2,0.0955064594745636,10.6,Fallow,Low
-16.2654,-8.5956,-7.669839999999999,1.2246467991473532e-16,-1.0,2,0.163810595870018,9.5,Fallow,Low
-17.3359,-9.1408,-8.195149999999998,1.2246467991473532e-16,-1.0,2,0.125758484005928,10.766666666666666,Fallow,Low
-17.0662,-9.6582,-7.407959999999999,1.2246467991473532e-16,-1.0,2,0.1566031277179718,17.3,Fallow,Medium
-20.0138,-11.7319,-8.2819,1.2246467991473532e-16,-1.0,2,0.0724333152174949,11.3,Fallow,Low
-19.9058,-11.9251,-7.980699999999999,1.2246467991473532e-16,-1.0,2,0.1549307405948639,14.4,Fallow,Medium
-18.9276,-12.3338,-6.593800000000002,1.2246467991473532e-16,-1.0,2,0.1001758947968483,14.2,Fallow,Medium
-19.7375,-12.5161,-7.221400000000001,1.2246467991473532e-16,-1.0,2,0.133696362376213,14.666666666666666,Fallow,Medium
-16.8123,-10.8008,-6.0115,-0.4999999999999997,-0.8660254037844388,11,0.34930790960788727,45.5,Paddy,Very High
-18.7505,-11.2861,-7.4643999999999995,-0.4999999999999997,-0.8660254037844388,11,0.34930790960788727,50.0,Paddy,Very High
-18.4592,-11.5063,-6.9529,-0.4999999999999997,-0.8660254037844388,11,0.34930790960788727,50.0,Paddy,Very High
-17.2443,-8.3887,-8.85564,-0.4999999999999997,-0.8660254037844388,7,0.34930790960788727,30.7,Lemon,High
-19.2454,-10.4366,-8.8088,-0.4999999999999997,-0.8660254037844388,11,0.34930790960788727,50.0,Paddy,Very High
-18.613,-11.7373,-6.8757,-0.4999999999999997,-0.8660254037844388,11,0.34930790960788727,50.0,Paddy,Very High
-18.2166,-13.3057,-4.9109,-0.4999999999999997,-0.8660254037844388,11,0.34930790960788727,50.0,Paddy,Very High
-19.6047,-10.6024,-9.002300000000002,-0.4999999999999997,-0.8660254037844388,11,0.34930790960788727,50.0,Paddy,Very High
-19.5927,-10.6068,-8.9859,-0.4999999999999997,-0.8660254037844388,11,0.34930790960788727,50.0,Paddy,Very High
-18.5669,-13.4135,-5.1533999999999995,-0.4999999999999997,-0.8660254037844388,11,0.34930790960788727,50.0,Paddy,Very High
-16.6916,-11.0964,-5.595200000000002,-0.4999999999999997,-0.8660254037844388,11,0.34930790960788727,50.0,Paddy,Very High
-18.1938,-9.9456,-8.24822,-0.4999999999999997,-0.8660254037844388,11,0.34930790960788727,50.0,Paddy,Very High
-16.0028,-10.6174,-5.385400000000001,-0.4999999999999997,-0.8660254037844388,11,0.34930790960788727,50.0,Paddy,Very High
-18.1056,-12.9511,-5.154499999999999,-0.4999999999999997,-0.8660254037844388,11,0.34930790960788727,50.0,Paddy,Very High
-19.9937,-13.5196,-6.4741,-0.4999999999999997,-0.8660254037844388,11,0.34930790960788727,50.0,Paddy,Very High
-18.8781,-9.8902,-8.98794,-0.4999999999999997,-0.8660254037844388,2,0.34930790960788727,50.0,Fallow,Very High
-20.9232,-12.9783,-7.9449000000000005,-0.4999999999999997,-0.8660254037844388,2,0.34930790960788727,50.0,Fallow,Very High
-20.2618,-13.3706,-6.891200000000001,-0.4999999999999997,-0.8660254037844388,11,0.34930790960788727,50.0,Paddy,Very High
-16.5413,-10.2027,-6.3386,-0.4999999999999997,-0.8660254037844388,2,0.34930790960788727,41.8,Fallow,Very High
-19.1364,-11.8469,-7.2894999999999985,-0.4999999999999997,-0.8660254037844388,11,0.34930790960788727,50.0,Paddy,Very High
-19.6163,-15.4647,-4.151599999999998,-0.4999999999999997,-0.8660254037844388,11,0.34930790960788727,50.0,Paddy,Very High
-20.6366,-16.1361,-4.500500000000002,-0.4999999999999997,-0.8660254037844388,11,0.34930790960788727,50.0,Paddy,Very High
-22.1662,-17.2024,-4.963799999999999,-0.4999999999999997,-0.8660254037844388,11,0.34930790960788727,50.0,Paddy,Very High
-18.4534,-14.1075,-4.3458999999999985,-0.4999999999999997,-0.8660254037844388,11,0.34930790960788727,50.0,Paddy,Very High
-21.7068,-17.2914,-4.415400000000002,-0.4999999999999997,-0.8660254037844388,11,0.34930790960788727,50.0,Paddy,Very High
-18.5477,-12.8476,-5.700099999999999,-0.4999999999999997,-0.8660254037844388,11,0.34930790960788727,50.0,Paddy,Very High
-17.3157,-14.5742,-2.7415000000000003,-0.4999999999999997,-0.8660254037844388,11,0.34930790960788727,50.0,Paddy,Very High
-21.4144,-12.9489,-8.4655,-0.4999999999999997,-0.8660254037844388,11,0.34930790960788727,50.0,Paddy,Very High
-18.9277,-12.8004,-6.127300000000002,-0.4999999999999997,-0.8660254037844388,11,0.34930790960788727,50.0,Paddy,Very High
-20.3129,-15.0513,-5.2616,-0.4999999999999997,-0.8660254037844388,11,0.34930790960788727,50.0,Paddy,Very High
-20.5413,-15.9974,-4.543899999999999,-0.4999999999999997,-0.8660254037844388,11,0.34930790960788727,50.0,Paddy,Very High
-18.758,-15.0906,-3.667399999999999,-0.4999999999999997,-0.8660254037844388,2,0.34930790960788727,50.0,Fallow,Very High
-17.1305,-12.6433,-4.487200000000001,-0.4999999999999997,-0.8660254037844388,11,0.34930790960788727,50.0,Paddy,Very High
-22.6658,-16.6765,-5.9893,-0.4999999999999997,-0.8660254037844388,11,0.34930790960788727,50.0,Paddy,Very High
-18.4856,-13.2109,-5.274700000000001,-0.4999999999999997,-0.8660254037844388,11,0.34930790960788727,50.0,Paddy,Very High
-17.2914,-11.7738,-5.5176,-0.4999999999999997,-0.8660254037844388,11,0.34930790960788727,38.9,Paddy,High
-17.2264,-11.8226,-5.403800000000002,-0.4999999999999997,-0.8660254037844388,11,0.34930790960788727,50.0,Paddy,Very High
-16.4454,-11.1538,-5.291599999999999,-0.4999999999999997,-0.8660254037844388,5,0.520900309085846,43.4,Jowar,Very High
-16.928,-12.0504,-4.877600000000001,-0.4999999999999997,-0.8660254037844388,11,0.34930790960788727,50.0,Paddy,Very High
-21.9206,-13.0321,-8.8885,-0.4999999999999997,-0.8660254037844388,11,0.2527322769165039,50.0,Paddy,Very High
-18.8491,-14.5295,-4.319599999999999,-0.4999999999999997,-0.8660254037844388,11,0.34930790960788727,50.0,Paddy,Very High
-21.9643,-16.5343,-5.43,-0.4999999999999997,-0.8660254037844388,2,0.34930790960788727,50.0,Fallow,Very High
-23.4831,-17.5585,-5.924600000000002,-0.4999999999999997,-0.8660254037844388,2,0.34930790960788727,50.0,Fallow,Very High
-23.0085,-17.5499,-5.458600000000001,-0.4999999999999997,-0.8660254037844388,2,0.34930790960788727,50.0,Fallow,Very High
-23.1995,-18.2326,-4.966899999999999,-0.4999999999999997,-0.8660254037844388,11,0.34930790960788727,50.0,Paddy,Very High
-20.1016,-8.3362,-11.76538,-0.4999999999999997,-0.8660254037844388,11,0.34930790960788727,50.0,Paddy,Very High
-17.8025,-12.4814,-5.321099999999998,-0.4999999999999997,-0.8660254037844388,11,0.3548421561717987,50.0,Paddy,Very High
-18.8612,-13.1189,-5.7423,-0.4999999999999997,-0.8660254037844388,11,0.3021243810653686,50.0,Paddy,Very High
-20.5371,-12.5381,-7.998999999999999,-0.4999999999999997,-0.8660254037844388,2,0.3937627673149109,50.0,Fallow,Very High
-17.7452,-11.2684,-6.476800000000001,-0.4999999999999997,-0.8660254037844388,11,0.387222409248352,50.0,Paddy,Very High
-16.4233,-10.1601,-6.263200000000001,-0.4999999999999997,-0.8660254037844388,2,0.5361800193786621,43.7,Fallow,Very High
-19.5016,-12.1787,-7.322900000000001,-0.4999999999999997,-0.8660254037844388,2,0.03045972622931,50.0,Fallow,Very High
-16.1824,-9.4446,-6.737800000000002,-0.4999999999999997,-0.8660254037844388,6,0.5854454636573792,19.3,Kshan,Medium
-17.3756,-10.5756,-6.799999999999999,-0.4999999999999997,-0.8660254037844388,6,0.8667104244232178,23.1,Kshan,Medium
-19.1032,-12.5991,-6.504100000000001,-0.4999999999999997,-0.8660254037844388,2,0.2512826919555664,23.8,Fallow,Medium
-17.3998,-12.966,-4.4338,-0.4999999999999997,-0.8660254037844388,2,0.209155187010765,25.2,Fallow,High
-18.3807,-12.1193,-6.2614,-0.4999999999999997,-0.8660254037844388,2,0.2770031988620758,24.333333333333332,Fallow,High
-15.0812,-10.3548,-4.726400000000002,-0.4999999999999997,-0.8660254037844388,2,0.3480851650238037,26.7,Fallow,High
-14.8415,-10.2401,-4.6014,-0.4999999999999997,-0.8660254037844388,2,0.2931312918663025,36.7,Fallow,High
-13.3331,-8.7667,-4.566369999999999,-0.4999999999999997,-0.8660254037844388,2,0.2479532212018966,29.0,Fallow,High
-14.755,-9.2072,-5.547790000000001,-0.4999999999999997,-0.8660254037844388,5,0.833350658416748,37.0,Jowar,High
-13.6236,-9.8996,-3.7239500000000003,-0.4999999999999997,-0.8660254037844388,2,0.1743858009576797,31.6,Fallow,High
-14.4024,-9.1969,-5.2055299999999995,-0.4999999999999997,-0.8660254037844388,2,0.5927697420120239,33.5,Fallow,High
-13.8858,-9.9054,-3.9803599999999992,-0.4999999999999997,-0.8660254037844388,2,0.2372793704271316,32.3,Fallow,High
-15.8003,-9.2037,-6.59661,-0.4999999999999997,-0.8660254037844388,2,0.3636592924594879,31.2,Fallow,High
-16.5785,-9.1429,-7.435619999999998,-0.4999999999999997,-0.8660254037844388,2,0.2433387786149978,41.9,Fallow,Very High
-14.2688,-8.5486,-5.7202,-0.4999999999999997,-0.8660254037844388,2,0.3783161044120788,31.566666666666666,Fallow,High
-16.0906,-10.1411,-5.949499999999999,-0.4999999999999997,-0.8660254037844388,2,0.4986530244350433,27.6,Fallow,High
-17.0205,-11.3139,-5.706599999999998,-0.4999999999999997,-0.8660254037844388,2,0.2402077168226242,28.3,Fallow,High
-17.9242,-10.3256,-7.598599999999999,-0.4999999999999997,-0.8660254037844388,11,0.6850194334983826,50.0,Paddy,Very High
-17.2983,-10.8842,-6.414100000000001,-0.4999999999999997,-0.8660254037844388,2,0.478022038936615,34.9,Fallow,High
-17.0825,-11.5819,-5.5006,-0.4999999999999997,-0.8660254037844388,11,0.243223026394844,27.633333333333333,Paddy,High
-8.7791,-6.7515,-2.0275799999999995,-0.4999999999999997,-0.8660254037844388,2,0.34930790960788727,37.8,Fallow,High
-16.4751,-10.3543,-6.120800000000001,-0.4999999999999997,-0.8660254037844388,13,0.34930790960788727,32.6,Pearl Millet,High
-18.793,-11.3358,-7.4571999999999985,-0.4999999999999997,-0.8660254037844388,11,0.34930790960788727,50.0,Paddy,Very High
-15.6244,-10.2674,-5.356999999999999,-0.4999999999999997,-0.8660254037844388,5,0.0647261589765548,29.2,Jowar,High
-16.6265,-10.6129,-6.0136,-0.4999999999999997,-0.8660254037844388,13,0.34930790960788727,31.733333333333334,Pearl Millet,High
-14.6097,-9.5702,-5.039530000000001,-0.4999999999999997,-0.8660254037844388,2,0.5516477823257446,37.7,Fallow,High
-18.122,-12.0623,-6.059699999999999,-0.4999999999999997,-0.8660254037844388,11,0.2933999001979828,50.0,Paddy,Very High
-15.9379,-9.4984,-6.439490000000001,-0.4999999999999997,-0.8660254037844388,2,0.583465576171875,39.1,Fallow,Very High
-14.8408,-10.0328,-4.808,-0.4999999999999997,-0.8660254037844388,2,0.5211434364318848,36.6,Fallow,High
-15.0056,-9.6224,-5.38316,-0.4999999999999997,-0.8660254037844388,2,0.3541910648345947,37.5,Fallow,High
-17.9983,-10.148,-7.850300000000001,-0.4999999999999997,-0.8660254037844388,11,0.34930790960788727,50.0,Paddy,Very High
-18.644,-12.845,-5.798999999999998,-0.4999999999999997,-0.8660254037844388,11,0.34930790960788727,50.0,Paddy,Very High
-18.4504,-10.2294,-8.220999999999998,-0.4999999999999997,-0.8660254037844388,11,0.34930790960788727,50.0,Paddy,Very High
-18.0939,-12.1814,-5.912500000000001,-0.4999999999999997,-0.8660254037844388,11,0.4857288300991058,50.0,Paddy,Very High
-19.647,-11.642,-8.004999999999999,-0.4999999999999997,-0.8660254037844388,11,0.34930790960788727,50.0,Paddy,Very High
-18.5166,-12.3627,-6.1539,-0.4999999999999997,-0.8660254037844388,11,0.34930790960788727,50.0,Paddy,Very High
-18.64,-12.5525,-6.0875,-0.4999999999999997,-0.8660254037844388,2,0.2517536878585815,50.0,Fallow,Very High
-19.0266,-11.7399,-7.286699999999998,-0.4999999999999997,-0.8660254037844388,11,0.3083563148975372,31.1,Paddy,High
-19.0489,-11.5372,-7.511699999999999,-0.4999999999999997,-0.8660254037844388,11,0.5392727255821228,50.0,Paddy,Very High
-17.1712,-11.0701,-6.101099999999999,-0.4999999999999997,-0.8660254037844388,11,0.5183103680610657,39.7,Paddy,Very High
-17.257,-10.3801,-6.876900000000001,-0.4999999999999997,-0.8660254037844388,2,0.3171096444129944,27.7,Fallow,High
-18.233,-11.0806,-7.1524,-0.4999999999999997,-0.8660254037844388,2,0.3505306541919708,31.0,Fallow,High
-19.7968,-11.0816,-8.715200000000001,-0.4999999999999997,-0.8660254037844388,11,0.34930790960788727,50.0,Paddy,Very High
-17.1566,-11.0795,-6.0771000000000015,-0.4999999999999997,-0.8660254037844388,11,0.34930790960788727,50.0,Paddy,Very High
-17.658,-12.2769,-5.381100000000002,-0.4999999999999997,-0.8660254037844388,11,0.34930790960788727,50.0,Paddy,Very High
-15.4622,-9.0854,-6.376769999999999,-0.4999999999999997,-0.8660254037844388,2,0.34930790960788727,36.3,Fallow,High
-17.6845,-10.7461,-6.9384,-0.4999999999999997,-0.8660254037844388,2,0.34930790960788727,50.0,Fallow,Very High
-15.8229,-9.748,-6.07488,-0.4999999999999997,-0.8660254037844388,2,0.34930790960788727,35.166666666666664,Fallow,High
-17.6456,-12.0167,-5.628900000000002,-0.4999999999999997,-0.8660254037844388,11,0.34930790960788727,50.0,Paddy,Very High
-19.5096,-12.1841,-7.325499999999998,-0.4999999999999997,-0.8660254037844388,2,0.2689882218837738,36.1,Fallow,High
-18.8874,-11.462,-7.4254,-0.4999999999999997,-0.8660254037844388,2,0.4557823240756988,35.2,Fallow,High
-17.9178,-10.2822,-7.6356,-0.4999999999999997,-0.8660254037844388,2,0.34930790960788727,40.9,Fallow,Very High
-18.1066,-11.2158,-6.8908000000000005,-0.4999999999999997,-0.8660254037844388,2,0.3602853715419769,40.86666666666667,Fallow,Very High
-16.3756,-10.5905,-5.785099999999998,-0.8660254037844384,-0.5000000000000004,2,0.6102163791656494,30.5,Fallow,High
-16.2443,-10.6348,-5.609499999999999,-0.8660254037844384,-0.5000000000000004,11,0.6223475337028503,46.9,Paddy,Very High
-17.373,-10.7693,-6.603700000000002,-0.8660254037844384,-0.5000000000000004,11,0.6377100348472595,50.0,Paddy,Very High
-16.8214,-9.8168,-7.004580000000001,-0.8660254037844384,-0.5000000000000004,7,0.3352636694908142,18.1,Lemon,Medium
-17.5966,-10.7898,-6.806799999999999,-0.8660254037844384,-0.5000000000000004,11,0.6468596458435059,50.0,Paddy,Very High
-16.0037,-10.8095,-5.194199999999999,-0.8660254037844384,-0.5000000000000004,11,0.6349843740463257,34.4,Paddy,High
-16.6374,-10.6263,-6.011099999999999,-0.8660254037844384,-0.5000000000000004,11,0.6423779129981995,41.1,Paddy,Very High
-16.3289,-11.6188,-4.710100000000001,-0.8660254037844384,-0.5000000000000004,11,0.7004792094230652,43.0,Paddy,Very High
-16.3675,-11.2353,-5.132199999999999,-0.8660254037844384,-0.5000000000000004,11,0.6838656663894653,46.7,Paddy,Very High
-15.6786,-11.3992,-4.279399999999999,-0.8660254037844384,-0.5000000000000004,11,0.6683874130249023,41.13333333333333,Paddy,Very High
-14.1615,-9.4093,-4.752180000000001,-0.8660254037844384,-0.5000000000000004,11,0.614344596862793,50.0,Paddy,Very High
-15.9626,-10.0939,-5.8687000000000005,-0.8660254037844384,-0.5000000000000004,11,0.619704008102417,50.0,Paddy,Very High
-16.1883,-9.5085,-6.679770000000001,-0.8660254037844384,-0.5000000000000004,11,0.6010801196098328,36.4,Paddy,High
-14.8537,-9.8718,-4.981859999999999,-0.8660254037844384,-0.5000000000000004,11,0.5577142238616943,24.6,Paddy,High
-15.6304,-9.8381,-5.79228,-0.8660254037844384,-0.5000000000000004,11,0.5816295146942139,43.96666666666667,Paddy,Very High
-14.5977,-10.4779,-4.1198,-0.8660254037844384,-0.5000000000000004,11,0.5950214266777039,47.9,Paddy,Very High
-17.505,-10.6884,-6.816599999999999,-0.8660254037844384,-0.5000000000000004,11,0.6297525763511658,44.3,Paddy,Very High
-15.255,-10.8405,-4.4145,-0.8660254037844384,-0.5000000000000004,11,0.6261427998542786,52.5,Paddy,Very High
-14.6196,-10.198,-4.4216,-0.8660254037844384,-0.5000000000000004,2,0.4910062551498413,41.1,Fallow,Very High
-14.6196,-10.198,-4.4216,-0.8660254037844384,-0.5000000000000004,11,0.4910062551498413,37.36666666666667,Paddy,High
-17.4633,-11.6991,-5.764200000000001,-0.8660254037844384,-0.5000000000000004,11,0.5858724117279053,38.5,Paddy,High
-17.8892,-12.3168,-5.572399999999998,-0.8660254037844384,-0.5000000000000004,11,0.559594452381134,33.8,Paddy,High
-17.3874,-13.0761,-4.311299999999999,-0.8660254037844384,-0.5000000000000004,11,0.6153939366340637,40.7,Paddy,Very High
-15.7107,-12.0375,-3.6731999999999996,-0.8660254037844384,-0.5000000000000004,11,0.6235290765762329,37.9,Paddy,High
-17.2749,-13.2415,-4.0333999999999985,-0.8660254037844384,-0.5000000000000004,11,0.6063714623451233,43.8,Paddy,Very High
-14.6653,-10.0432,-4.6221,-0.8660254037844384,-0.5000000000000004,11,0.6165897846221924,48.1,Paddy,Very High
-15.2218,-10.5088,-4.712999999999999,-0.8660254037844384,-0.5000000000000004,11,0.6296960115432739,50.4,Paddy,Very High
-15.8596,-11.1873,-4.6723,-0.8660254037844384,-0.5000000000000004,11,0.6896277666091919,34.0,Paddy,High
-16.2524,-10.449,-5.803400000000002,-0.8660254037844384,-0.5000000000000004,11,0.6832863092422485,45.7,Paddy,Very High
-15.3576,-9.6069,-5.750679999999999,-0.8660254037844384,-0.5000000000000004,11,0.6522911787033081,48.1,Paddy,Very High
-16.3931,-10.3933,-5.9998000000000005,-0.8660254037844384,-0.5000000000000004,11,0.7000097036361694,32.0,Paddy,High
-16.0576,-9.0723,-6.985270000000002,-0.8660254037844384,-0.5000000000000004,11,0.5728850960731506,32.0,Paddy,High
-15.2436,-7.6104,-7.633170000000001,-0.8660254037844384,-0.5000000000000004,11,0.5382461547851562,50.0,Paddy,Very High
-14.3584,-11.0572,-3.3011999999999997,-0.8660254037844384,-0.5000000000000004,11,0.5613903403282166,40.4,Paddy,Very High
-14.9969,-9.0102,-5.98672,-0.8660254037844384,-0.5000000000000004,11,0.5423490405082703,46.1,Paddy,Very High
-15.1652,-9.2576,-5.90761,-0.8660254037844384,-0.5000000000000004,14,0.3076275587081909,41.4,Sorgham,Very High
-14.4301,-7.8602,-6.56992,-0.8660254037844384,-0.5000000000000004,11,0.4973099529743194,50.0,Paddy,Very High
-16.1435,-12.2434,-3.9001,-0.8660254037844384,-0.5000000000000004,11,0.5455346703529358,46.1,Paddy,Very High
-15.2411,-11.6572,-3.5839,-0.8660254037844384,-0.5000000000000004,11,0.567446231842041,46.6,Paddy,Very High
-16.386,-10.514,-5.872,-0.8660254037844384,-0.5000000000000004,11,0.5536604523658752,41.6,Paddy,Very High
-17.1793,-12.2567,-4.922600000000001,-0.8660254037844384,-0.5000000000000004,11,0.544324517250061,50.0,Paddy,Very High
-16.3459,-11.1588,-5.187100000000001,-0.8660254037844384,-0.5000000000000004,11,0.539473295211792,38.766666666666666,Paddy,High
-15.3336,-8.5004,-6.833160000000001,-0.8660254037844384,-0.5000000000000004,11,0.7037819623947144,32.0,Paddy,High
-15.8605,-9.0932,-6.767290000000001,-0.8660254037844384,-0.5000000000000004,11,0.3844938576221466,33.0,Paddy,High
-16.1616,-6.6553,-9.5063,-0.8660254037844384,-0.5000000000000004,11,0.386561632156372,35.0,Paddy,High
-16.5365,-7.0191,-9.51744,-0.8660254037844384,-0.5000000000000004,11,0.3564929664134979,36.0,Paddy,High
-17.7324,-8.2144,-9.518019999999998,-0.8660254037844384,-0.5000000000000004,11,0.3632872104644775,12.666666666666666,Paddy,Medium
-15.6761,-8.2531,-7.422969999999999,-0.8660254037844384,-0.5000000000000004,11,0.860338568687439,32.0,Paddy,High
-15.9854,-9.5103,-6.47512,-0.8660254037844384,-0.5000000000000004,11,0.8525732755661011,33.0,Paddy,High
-17.0385,-9.2218,-7.816749999999999,-0.8660254037844384,-0.5000000000000004,11,0.8328296542167664,35.0,Paddy,High
-14.8569,-7.5307,-7.326169999999999,-0.8660254037844384,-0.5000000000000004,11,0.8512440323829651,36.0,Paddy,High
-16.1214,-9.2108,-6.9106200000000015,-0.8660254037844384,-0.5000000000000004,11,0.8691633939743042,12.666666666666666,Paddy,Medium
-17.3,-7.4131,-9.88692,-0.8660254037844384,-0.5000000000000004,11,0.5998745560646057,32.0,Paddy,High
-17.7667,-8.11,-9.65675,-0.8660254037844384,-0.5000000000000004,11,0.6290056109428406,33.0,Paddy,High
-17.3761,-8.7125,-8.6636,-0.8660254037844384,-0.5000000000000004,11,0.8031667470932007,35.0,Paddy,High
-14.4092,-9.0628,-5.346350000000001,-0.8660254037844384,-0.5000000000000004,11,0.7729274034500122,36.0,Paddy,High
-17.015,-8.5118,-8.50319,-0.8660254037844384,-0.5000000000000004,11,0.7242224812507629,12.666666666666666,Paddy,Medium
-16.6492,-9.1751,-7.474130000000001,-0.8660254037844384,-0.5000000000000004,11,0.5964981317520142,32.0,Paddy,High
-17.2146,-9.495,-7.71959,-0.8660254037844384,-0.5000000000000004,11,0.6171120405197144,33.0,Paddy,High
-16.0935,-8.7669,-7.326619999999998,-0.8660254037844384,-0.5000000000000004,11,0.7077298164367676,35.0,Paddy,High
-16.4544,-9.4943,-6.96011,-0.8660254037844384,-0.5000000000000004,11,0.7302036285400391,36.0,Paddy,High
-17.0443,-9.7785,-7.2657799999999995,-0.8660254037844384,-0.5000000000000004,11,0.6753941178321838,12.666666666666666,Paddy,Medium
-14.8987,-7.9392,-6.95953,-0.8660254037844384,-0.5000000000000004,11,0.6261801719665527,50.0,Paddy,Very High
-16.9577,-7.5138,-9.4439,-0.8660254037844384,-0.5000000000000004,11,0.5654929280281067,50.0,Paddy,Very High
-15.2061,-8.9678,-6.238289999999999,-0.8660254037844384,-0.5000000000000004,11,0.7807055711746216,50.0,Paddy,Very High
-15.0125,-10.042,-4.9704999999999995,-0.8660254037844384,-0.5000000000000004,2,0.5663741230964661,44.1,Fallow,Very High
-14.5215,-7.7763,-6.74517,-0.8660254037844384,-0.5000000000000004,11,0.5629506707191467,50.0,Paddy,Very High
-17.5798,-12.756,-4.8237999999999985,-0.8660254037844384,-0.5000000000000004,2,0.2401171326637268,22.7,Fallow,Medium
-17.0614,-11.4174,-5.643999999999998,-0.8660254037844384,-0.5000000000000004,2,0.3517455458641052,15.6,Fallow,Medium
-15.5431,-10.9321,-4.611000000000001,-0.8660254037844384,-0.5000000000000004,13,0.6780346632003784,22.9,Pearl Millet,Medium
-14.1713,-9.0317,-5.139610000000001,-0.8660254037844384,-0.5000000000000004,13,0.5978423953056335,16.5,Pearl Millet,Medium
-14.7304,-9.7301,-5.00028,-0.8660254037844384,-0.5000000000000004,13,0.6619240045547485,20.833333333333332,Pearl Millet,Medium
-15.9158,-10.5103,-5.4055,-0.8660254037844384,-0.5000000000000004,3,0.6296960115432739,19.0,Fodder,Medium
-14.9194,-9.7855,-5.133899999999999,-0.8660254037844384,-0.5000000000000004,3,0.6296960115432739,21.2,Fodder,Medium
-15.642,-8.642,-7.000029999999999,-0.8660254037844384,-0.5000000000000004,3,0.6296960115432739,25.4,Fodder,High
-16.337,-10.5992,-5.7378,-0.8660254037844384,-0.5000000000000004,2,0.6296960115432739,32.7,Fallow,High
-15.2677,-9.5108,-5.75686,-0.8660254037844384,-0.5000000000000004,3,0.6296960115432739,23.7,Fodder,Medium
-15.0869,-9.1278,-5.959149999999999,-0.8660254037844384,-0.5000000000000004,2,0.6296960115432739,26.1,Fallow,High
-15.3283,-9.6344,-5.69389,-0.8660254037844384,-0.5000000000000004,2,0.6296960115432739,19.9,Fallow,Medium
-15.3999,-9.7231,-5.67676,-0.8660254037844384,-0.5000000000000004,2,0.6296960115432739,25.2,Fallow,High
-14.5096,-10.8401,-3.669500000000001,-0.8660254037844384,-0.5000000000000004,11,0.6296960115432739,44.1,Paddy,Very High
-15.7,-11.2771,-4.4228999999999985,-0.8660254037844384,-0.5000000000000004,2,0.6296960115432739,25.333333333333332,Fallow,High
-14.0636,-10.1611,-3.9025,-0.8660254037844384,-0.5000000000000004,13,0.6296960115432739,32.7,Pearl Millet,High
-15.8521,-11.4005,-4.451600000000001,-0.8660254037844384,-0.5000000000000004,13,0.6296960115432739,15.6,Pearl Millet,Medium
-15.1359,-10.0858,-5.050099999999999,-0.8660254037844384,-0.5000000000000004,11,0.6296960115432739,48.6,Paddy,Very High
-16.6724,-9.9177,-6.754719999999999,-0.8660254037844384,-0.5000000000000004,13,0.6296960115432739,32.8,Pearl Millet,High
-14.9139,-10.6667,-4.247199999999999,-0.8660254037844384,-0.5000000000000004,13,0.6296960115432739,37.333333333333336,Pearl Millet,High
-12.4713,-6.3941,-6.0771999999999995,-0.8660254037844384,-0.5000000000000004,2,0.5503592491149902,32.2,Fallow,High
-15.4057,-10.3943,-5.0114,-0.8660254037844384,-0.5000000000000004,13,0.6296960115432739,35.3,Pearl Millet,High
-15.1933,-9.0386,-6.154720000000001,-0.8660254037844384,-0.5000000000000004,11,0.6968523263931274,40.5,Paddy,Very High
-14.0371,-9.2242,-4.81292,-0.8660254037844384,-0.5000000000000004,2,0.7276785969734192,26.2,Fallow,High
-14.386,-8.6535,-5.732529999999999,-0.8660254037844384,-0.5000000000000004,13,0.7664108872413635,37.233333333333334,Pearl Millet,High
-16.8534,-10.4345,-6.418900000000001,-0.8660254037844384,-0.5000000000000004,2,0.4994125366210937,29.8,Fallow,High
-15.8534,-11.4635,-4.389900000000001,-0.8660254037844384,-0.5000000000000004,11,0.6553834080696106,50.0,Paddy,Very High
-15.2936,-9.6973,-5.59634,-0.8660254037844384,-0.5000000000000004,2,0.6440222263336182,27.7,Fallow,High
-14.0475,-9.4976,-4.54988,-0.8660254037844384,-0.5000000000000004,2,0.6025843024253845,25.4,Fallow,High
-14.6626,-10.171,-4.4916,-0.8660254037844384,-0.5000000000000004,2,0.4097741842269897,29.266666666666666,Fallow,High
-16.235,-11.4795,-4.7555,-0.8660254037844384,-0.5000000000000004,11,0.5818182826042175,39.0,Paddy,High
-17.25,-11.7957,-5.4543,-0.8660254037844384,-0.5000000000000004,11,0.6375564336776733,39.6,Paddy,Very High
-16.4538,-11.9454,-4.508400000000002,-0.8660254037844384,-0.5000000000000004,11,0.7212950587272644,45.3,Paddy,Very High
-16.363,-10.7067,-5.6563,-0.8660254037844384,-0.5000000000000004,11,0.7151929140090942,42.1,Paddy,Very High
-16.9441,-11.4868,-5.457299999999998,-0.8660254037844384,-0.5000000000000004,11,0.6537127494812012,38.5,Paddy,High
-15.7931,-10.4162,-5.376900000000001,-0.8660254037844384,-0.5000000000000004,11,0.8066128492355347,50.0,Paddy,Very High
-16.0888,-10.6784,-5.410399999999999,-0.8660254037844384,-0.5000000000000004,11,0.8397425413131714,50.0,Paddy,Very High
-16.9952,-10.4988,-6.496400000000001,-0.8660254037844384,-0.5000000000000004,11,0.7327815294265747,50.0,Paddy,Very High
-16.389,-9.2812,-7.1078199999999985,-0.8660254037844384,-0.5000000000000004,11,0.6432802677154541,50.0,Paddy,Very High
-15.7262,-9.7322,-5.9939800000000005,-0.8660254037844384,-0.5000000000000004,11,0.7070389986038208,50.0,Paddy,Very High
-16.859,-11.9669,-4.892100000000001,-0.8660254037844384,-0.5000000000000004,11,0.7204858660697937,33.2,Paddy,High
-13.4027,-9.3967,-4.0060199999999995,-0.8660254037844384,-0.5000000000000004,2,0.5326945781707764,50.0,Fallow,Very High
-14.704,-9.682,-5.02201,-0.8660254037844384,-0.5000000000000004,11,0.673236608505249,21.1,Paddy,Medium
-15.2011,-10.2475,-4.9536,-0.8660254037844384,-0.5000000000000004,11,0.5183837413787842,41.2,Paddy,Very High
-14.3484,-8.9074,-5.44103,-0.8660254037844384,-0.5000000000000004,11,0.6376375555992126,40.733333333333334,Paddy,Very High
-15.0207,-8.3358,-6.684949999999999,-0.8660254037844384,-0.5000000000000004,2,0.4089240133762359,28.3,Fallow,High
-16.2798,-10.7405,-5.539300000000001,-0.8660254037844384,-0.5000000000000004,11,0.7222419381141663,50.0,Paddy,Very High
-15.7819,-11.5004,-4.281499999999999,-0.8660254037844384,-0.5000000000000004,11,0.6930661201477051,50.0,Paddy,Very High
-13.8496,-8.7928,-5.05682,-0.8660254037844384,-0.5000000000000004,2,0.3937046229839325,21.3,Fallow,Medium
-13.9584,-9.1787,-4.77971,-0.8660254037844384,-0.5000000000000004,2,0.4220658838748932,21.1,Fallow,Medium
-16.5095,-9.9613,-6.54824,-0.8660254037844384,-0.5000000000000004,11,0.6861093044281006,44.3,Paddy,Very High
-16.7911,-10.5778,-6.2133,-0.8660254037844384,-0.5000000000000004,11,0.6981942653656006,24.3,Paddy,Medium
-16.1755,-11.5277,-4.6478,-0.8660254037844384,-0.5000000000000004,11,0.6632248759269714,27.6,Paddy,High
-16.2493,-10.6729,-5.576400000000001,-0.8660254037844384,-0.5000000000000004,11,0.6280345916748047,33.9,Paddy,High
-17.4825,-11.1132,-6.369300000000001,-0.8660254037844384,-0.5000000000000004,11,0.6864745020866394,33.03333333333333,Paddy,High
-15.4352,-9.6649,-5.7703299999999995,-0.8660254037844384,-0.5000000000000004,11,0.6574166417121887,25.3,Paddy,High
-16.1825,-10.0222,-6.160300000000001,-0.8660254037844384,-0.5000000000000004,11,0.6348631978034973,36.1,Paddy,High
-13.6399,-8.4194,-5.220490000000002,-0.8660254037844384,-0.5000000000000004,2,0.5416720509529114,28.8,Fallow,High
-14.19,-8.7271,-5.46288,-0.8660254037844384,-0.5000000000000004,11,0.6314249634742737,44.2,Paddy,Very High
-14.8214,-9.0376,-5.783810000000001,-0.8660254037844384,-0.5000000000000004,2,0.5015130043029785,36.666666666666664,Fallow,High
-15.241,-10.6084,-4.6326,-0.8660254037844384,-0.5000000000000004,2,0.646225094795227,50.0,Fallow,Very High
-14.9472,-10.3794,-4.5678,-1.0,-1.8369701987210297e-16,2,0.6102163791656494,20.6,Fallow,Medium
-16.3612,-11.2994,-5.0618,-1.0,-1.8369701987210297e-16,11,0.6223475337028503,25.8,Paddy,High
-16.1688,-10.992,-5.1768,-1.0,-1.8369701987210297e-16,11,0.6377100348472595,28.9,Paddy,High
-15.6307,-8.8291,-6.801609999999998,-1.0,-1.8369701987210297e-16,7,0.3352636694908142,4.1,Lemon,Low
-15.1309,-10.333,-4.7979,-1.0,-1.8369701987210297e-16,11,0.6468596458435059,36.666666666666664,Paddy,High
-15.952,-12.0034,-3.9486000000000008,-1.0,-1.8369701987210297e-16,11,0.6349843740463257,40.0,Paddy,Very High
-17.1809,-13.2382,-3.9427000000000003,-1.0,-1.8369701987210297e-16,11,0.6423779129981995,30.3,Paddy,High
-16.9626,-13.4392,-3.5233999999999988,-1.0,-1.8369701987210297e-16,11,0.7004792094230652,5.6,Paddy,Low
-16.5716,-11.4672,-5.1044,-1.0,-1.8369701987210297e-16,11,0.6838656663894653,39.6,Paddy,Very High
-16.9695,-12.5117,-4.457800000000001,-1.0,-1.8369701987210297e-16,11,0.6683874130249023,32.333333333333336,Paddy,High
-15.5307,-10.9025,-4.6282,-1.0,-1.8369701987210297e-16,11,0.614344596862793,50.0,Paddy,Very High
-16.7325,-10.8443,-5.888200000000001,-1.0,-1.8369701987210297e-16,11,0.619704008102417,48.2,Paddy,Very High
-16.2985,-9.7121,-6.586360000000001,-1.0,-1.8369701987210297e-16,11,0.6010801196098328,31.7,Paddy,High
-15.9551,-11.4084,-4.5466999999999995,-1.0,-1.8369701987210297e-16,11,0.5577142238616943,30.6,Paddy,High
-16.7127,-11.3849,-5.327800000000002,-1.0,-1.8369701987210297e-16,11,0.5816295146942139,37.7,Paddy,High
-16.0646,-11.6524,-4.412199999999999,-1.0,-1.8369701987210297e-16,11,0.5950214266777039,36.7,Paddy,High
-16.736,-12.6436,-4.092400000000001,-1.0,-1.8369701987210297e-16,11,0.6297525763511658,30.1,Paddy,High
-15.9252,-10.7431,-5.1821,-1.0,-1.8369701987210297e-16,11,0.6261427998542786,32.7,Paddy,High
-16.5014,-10.2062,-6.2951999999999995,-1.0,-1.8369701987210297e-16,2,0.4910062551498413,50.0,Fallow,Very High
-16.1256,-10.8009,-5.324699999999998,-1.0,-1.8369701987210297e-16,11,0.6464666724205017,24.200000000000003,Paddy,Medium
-16.0064,-11.8065,-4.1998999999999995,-1.0,-1.8369701987210297e-16,11,0.5858724117279053,50.0,Paddy,Very High
-16.8686,-12.6924,-4.1762000000000015,-1.0,-1.8369701987210297e-16,11,0.559594452381134,50.0,Paddy,Very High
-15.9527,-10.7657,-5.186999999999999,-1.0,-1.8369701987210297e-16,11,0.6153939366340637,50.0,Paddy,Very High
-16.2625,-9.5187,-6.743839999999999,-1.0,-1.8369701987210297e-16,11,0.6235290765762329,50.0,Paddy,Very High
-15.981,-10.5879,-5.3931000000000004,-1.0,-1.8369701987210297e-16,11,0.6063714623451233,50.0,Paddy,Very High
-15.5414,-11.0484,-4.4929999999999986,-1.0,-1.8369701987210297e-16,11,0.6165897846221924,32.7,Paddy,High
-15.9405,-11.6325,-4.308,-1.0,-1.8369701987210297e-16,11,0.6296960115432739,28.5,Paddy,High
-15.1456,-11.3157,-3.8299000000000003,-1.0,-1.8369701987210297e-16,11,0.6896277666091919,42.8,Paddy,Very High
-16.7355,-12.1398,-4.595699999999999,-1.0,-1.8369701987210297e-16,11,0.6832863092422485,45.9,Paddy,Very High
-16.504,-12.4867,-4.0173000000000005,-1.0,-1.8369701987210297e-16,11,0.6522911787033081,22.733333333333334,Paddy,Medium
-16.7659,-9.8138,-6.952069999999999,-1.0,-1.8369701987210297e-16,11,0.9003892540931702,50.0,Paddy,Very High
-17.8128,-11.856,-5.956799999999999,-1.0,-1.8369701987210297e-16,11,0.920081913471222,50.0,Paddy,Very High
-17.84,-10.8665,-6.9735,-1.0,-1.8369701987210297e-16,11,0.9172227382659912,50.0,Paddy,Very High
-16.2248,-11.2224,-5.002399999999998,-1.0,-1.8369701987210297e-16,11,0.9241584539413452,50.0,Paddy,Very High
-17.244,-11.0995,-6.144499999999999,-1.0,-1.8369701987210297e-16,11,0.9161319732666016,50.0,Paddy,Very High
-17.1227,-13.2895,-3.833199999999998,-1.0,-1.8369701987210297e-16,11,0.5728850960731506,46.8,Paddy,Very High
-17.0072,-12.7521,-4.2551000000000005,-1.0,-1.8369701987210297e-16,11,0.6340758204460144,28.7,Paddy,High
-16.5502,-12.4274,-4.1228,-1.0,-1.8369701987210297e-16,11,0.5917685627937317,34.0,Paddy,High
-16.0617,-11.5104,-4.551299999999998,-1.0,-1.8369701987210297e-16,11,0.6006971597671509,47.5,Paddy,Very High
-16.3776,-12.1246,-4.253000000000002,-1.0,-1.8369701987210297e-16,11,0.5974804759025574,48.1,Paddy,Very High
-15.9505,-8.437,-7.5135000000000005,-1.0,-1.8369701987210297e-16,11,0.8858422040939331,50.0,Paddy,Very High
-16.2971,-10.7129,-5.584200000000001,-1.0,-1.8369701987210297e-16,11,0.936873733997345,21.2,Paddy,Medium
-14.9278,-10.6912,-4.236599999999999,-1.0,-1.8369701987210297e-16,11,0.9210855960845948,41.8,Paddy,Very High
-16.5709,-9.3914,-7.179490000000001,-1.0,-1.8369701987210297e-16,2,0.4226305484771728,5.2,Fallow,Low
-15.6177,-8.2627,-7.355039999999999,-1.0,-1.8369701987210297e-16,11,0.8690005540847778,50.0,Paddy,Very High
-17.2738,-13.5249,-3.748900000000001,-1.0,-1.8369701987210297e-16,11,0.8295218348503113,35.3,Paddy,High
-16.4653,-9.8493,-6.616009999999999,-1.0,-1.8369701987210297e-16,11,0.8173658847808838,8.8,Paddy,Low
-15.0107,-8.8966,-6.114050000000001,-1.0,-1.8369701987210297e-16,11,0.8157267570495605,38.9,Paddy,High
-18.9485,-14.8997,-4.0488,-1.0,-1.8369701987210297e-16,11,0.8586069345474243,19.5,Paddy,Medium
-19.4709,-13.984,-5.4869,-1.0,-1.8369701987210297e-16,11,0.792924165725708,15.799999999999999,Paddy,Medium
-15.251,-10.2705,-4.980499999999999,-1.0,-1.8369701987210297e-16,11,0.8695980906486511,50.0,Paddy,Very High
-16.0289,-9.8549,-6.174010000000001,-1.0,-1.8369701987210297e-16,11,0.8279252648353577,50.0,Paddy,Very High
-14.2439,-8.7544,-5.48954,-1.0,-1.8369701987210297e-16,11,0.8488423824310303,50.0,Paddy,Very High
-15.7696,-8.5585,-7.21106,-1.0,-1.8369701987210297e-16,11,0.7781777381896973,50.0,Paddy,Very High
-15.859,-10.0176,-5.8414,-1.0,-1.8369701987210297e-16,11,0.8559295535087585,50.0,Paddy,Very High
-16.564,-10.3042,-6.2598,-1.0,-1.8369701987210297e-16,11,0.860338568687439,50.0,Paddy,Very High
-15.5981,-11.894,-3.7041000000000004,-1.0,-1.8369701987210297e-16,11,0.8525732755661011,50.0,Paddy,Very High
-14.7579,-11.1411,-3.6167999999999996,-1.0,-1.8369701987210297e-16,11,0.8328296542167664,50.0,Paddy,Very High
-13.5129,-9.4527,-4.060169999999999,-1.0,-1.8369701987210297e-16,11,0.8512440323829651,50.0,Paddy,Very High
-15.1237,-11.7383,-3.385399999999999,-1.0,-1.8369701987210297e-16,11,0.8691633939743042,50.0,Paddy,Very High
-16.5845,-10.7586,-5.825899999999999,-1.0,-1.8369701987210297e-16,11,0.902258276939392,50.0,Paddy,Very High
-16.3697,-12.8522,-3.517500000000002,-1.0,-1.8369701987210297e-16,11,0.9101742506027222,50.0,Paddy,Very High
-16.5367,-12.933,-3.6037,-1.0,-1.8369701987210297e-16,11,0.9225661158561708,50.0,Paddy,Very High
-15.3391,-9.5225,-5.81659,-1.0,-1.8369701987210297e-16,11,0.8966197371482849,50.0,Paddy,Very High
-17.0484,-13.09,-3.958400000000001,-1.0,-1.8369701987210297e-16,11,0.922580063343048,50.0,Paddy,Very High
-16.3075,-11.4096,-4.897900000000002,-1.0,-1.8369701987210297e-16,11,0.8925182223320007,50.0,Paddy,Very High
-16.9199,-12.2625,-4.657399999999999,-1.0,-1.8369701987210297e-16,11,0.9099055528640748,50.0,Paddy,Very High
-15.0295,-11.9198,-3.1097,-1.0,-1.8369701987210297e-16,11,0.8847204446792603,50.0,Paddy,Very High
-16.7762,-12.24,-4.536199999999999,-1.0,-1.8369701987210297e-16,11,0.8542081117630005,50.0,Paddy,Very High
-17.8696,-12.3732,-5.496399999999998,-1.0,-1.8369701987210297e-16,11,0.8820031881332397,50.0,Paddy,Very High
-16.6975,-10.132,-6.565500000000002,-1.0,-1.8369701987210297e-16,11,0.8903937935829163,50.0,Paddy,Very High
-15.4476,-9.3224,-6.125169999999999,-1.0,-1.8369701987210297e-16,11,0.8730153441429138,50.0,Paddy,Very High
-14.614,-8.2553,-6.358700000000001,-1.0,-1.8369701987210297e-16,11,0.9208315014839172,50.0,Paddy,Very High
-16.1613,-10.7937,-5.367600000000001,-1.0,-1.8369701987210297e-16,2,0.794561505317688,8.1,Fallow,Low
-14.3331,-9.2307,-5.10244,-1.0,-1.8369701987210297e-16,11,0.8852921724319458,50.0,Paddy,Very High
-16.1573,-9.7439,-6.41344,-1.0,-1.8369701987210297e-16,2,0.3381791114807129,3.4,Fallow,Low
-17.8504,-10.1294,-7.721,-1.0,-1.8369701987210297e-16,2,0.3517455458641052,5.5,Fallow,Low
-14.403,-9.2791,-5.12391,-1.0,-1.8369701987210297e-16,13,0.6780346632003784,6.2,Pearl Millet,Low
-14.8398,-9.9953,-4.8445,-1.0,-1.8369701987210297e-16,13,0.5978423953056335,3.3,Pearl Millet,Low
-15.0003,-8.9785,-6.02178,-1.0,-1.8369701987210297e-16,13,0.6619240045547485,5.966666666666667,Pearl Millet,Low
-13.9688,-8.1608,-5.808,-1.0,-1.8369701987210297e-16,13,0.7338891625404358,9.4,Pearl Millet,Low
-14.9768,-9.902,-5.074820000000001,-1.0,-1.8369701987210297e-16,13,0.7338891625404358,6.3,Pearl Millet,Low
-14.1692,-7.8392,-6.32996,-1.0,-1.8369701987210297e-16,13,0.7338891625404358,11.6,Pearl Millet,Low
-15.9026,-9.3987,-6.50394,-1.0,-1.8369701987210297e-16,2,0.7338891625404358,32.8,Fallow,High
-13.9688,-8.1608,-5.808,-1.0,-1.8369701987210297e-16,13,0.7338891625404358,5.166666666666667,Pearl Millet,Low
-13.6107,-8.8875,-4.723239999999999,-1.0,-1.8369701987210297e-16,13,0.7338891625404358,5.9,Pearl Millet,Low
-16.1133,-11.2933,-4.8199999999999985,-1.0,-1.8369701987210297e-16,2,0.7338891625404358,4.0,Fallow,Low
-15.2489,-11.3098,-3.9391000000000016,-1.0,-1.8369701987210297e-16,2,0.7338891625404358,6.2,Fallow,Low
-13.7343,-10.9272,-2.8071,-1.0,-1.8369701987210297e-16,11,0.7338891625404358,41.0,Paddy,Very High
-15.2489,-11.3098,-3.9391000000000016,-1.0,-1.8369701987210297e-16,2,0.7338891625404358,8.466666666666667,Fallow,Low
-13.5725,-9.546,-4.02646,-1.0,-1.8369701987210297e-16,13,0.7338891625404358,28.6,Pearl Millet,High
-14.4623,-10.5727,-3.8896000000000015,-1.0,-1.8369701987210297e-16,13,0.7338891625404358,9.9,Pearl Millet,Low
-16.6355,-11.3253,-5.3102,-1.0,-1.8369701987210297e-16,11,0.7338891625404358,50.0,Paddy,Very High
-15.8915,-9.632,-6.259500000000001,-1.0,-1.8369701987210297e-16,13,0.7338891625404358,32.4,Pearl Millet,High
-14.2686,-9.3569,-4.911679999999999,-1.0,-1.8369701987210297e-16,13,0.7338891625404358,29.166666666666668,Pearl Millet,High
-12.2967,-6.5916,-5.705089999999999,-1.0,-1.8369701987210297e-16,2,0.5503592491149902,17.4,Fallow,Medium
-14.6265,-7.6925,-6.93397,-1.0,-1.8369701987210297e-16,13,0.7338891625404358,30.4,Pearl Millet,High
-15.824,-9.2641,-6.55987,-1.0,-1.8369701987210297e-16,11,0.6968523263931274,50.0,Paddy,Very High
-14.7053,-9.0727,-5.632629999999999,-1.0,-1.8369701987210297e-16,13,0.7276785969734192,7.6,Pearl Millet,Low
-14.3234,-8.0387,-6.284709999999999,-1.0,-1.8369701987210297e-16,13,0.7664108872413635,34.93333333333334,Pearl Millet,High
-17.3714,-10.5986,-6.772800000000002,-1.0,-1.8369701987210297e-16,2,0.4994125366210937,9.5,Fallow,Low
-16.2412,-11.3203,-4.9209,-1.0,-1.8369701987210297e-16,2,0.6553834080696106,10.2,Fallow,Low
-14.6254,-10.0614,-4.564,-1.0,-1.8369701987210297e-16,2,0.6440222263336182,11.2,Fallow,Low
-17.7578,-10.4205,-7.337299999999999,-1.0,-1.8369701987210297e-16,11,0.6025843024253845,50.0,Paddy,Very High
-18.2673,-10.7241,-7.543199999999999,-1.0,-1.8369701987210297e-16,2,0.4097741842269897,8.033333333333333,Fallow,Low
-15.4765,-11.2944,-4.1821,-1.0,-1.8369701987210297e-16,11,0.5818182826042175,11.7,Paddy,Low
-15.5371,-10.6467,-4.890400000000001,-1.0,-1.8369701987210297e-16,11,0.6375564336776733,9.5,Paddy,Low
-13.7972,-10.3083,-3.488900000000001,-1.0,-1.8369701987210297e-16,11,0.7212950587272644,40.3,Paddy,Very High
-14.5269,-11.0137,-3.5131999999999994,-1.0,-1.8369701987210297e-16,11,0.7151929140090942,50.0,Paddy,Very High
-13.8432,-10.5165,-3.326699999999999,-1.0,-1.8369701987210297e-16,11,0.6537127494812012,17.666666666666668,Paddy,Medium
-16.6215,-11.9717,-4.649800000000001,-1.0,-1.8369701987210297e-16,11,0.8066128492355347,11.4,Paddy,Low
-16.2729,-11.3154,-4.9575,-1.0,-1.8369701987210297e-16,11,0.8397425413131714,17.3,Paddy,Medium
-16.7707,-11.0914,-5.679300000000001,-1.0,-1.8369701987210297e-16,13,0.7327815294265747,15.1,Pearl Millet,Medium
-14.9377,-9.8599,-5.0778099999999995,-1.0,-1.8369701987210297e-16,13,0.6432802677154541,6.4,Pearl Millet,Low
-16.924,-10.4272,-6.4968,-1.0,-1.8369701987210297e-16,13,0.7070389986038208,9.733333333333333,Pearl Millet,Low
-17.3361,-15.308,-2.0280999999999985,-1.0,-1.8369701987210297e-16,11,0.7204858660697937,22.8,Paddy,Medium
-16.5288,-10.1081,-6.4207,-1.0,-1.8369701987210297e-16,2,0.5326945781707764,6.3,Fallow,Low
-17.0758,-11.104,-5.971800000000002,-1.0,-1.8369701987210297e-16,11,0.673236608505249,15.0,Paddy,Medium
-18.104,-12.4902,-5.6137999999999995,-1.0,-1.8369701987210297e-16,11,0.5183837413787842,27.9,Paddy,High
-18.4524,-14.0366,-4.415800000000001,-1.0,-1.8369701987210297e-16,11,0.6376375555992126,14.166666666666666,Paddy,Medium
-16.4456,-10.1001,-6.3454999999999995,-1.0,-1.8369701987210297e-16,2,0.4089240133762359,4.0,Fallow,Low
-17.2235,-12.5492,-4.674300000000001,-1.0,-1.8369701987210297e-16,11,0.7222419381141663,40.7,Paddy,Very High
-17.1218,-13.2523,-3.8695000000000004,-1.0,-1.8369701987210297e-16,11,0.6930661201477051,30.4,Paddy,High
-17.5117,-10.4446,-7.067100000000002,-1.0,-1.8369701987210297e-16,2,0.3937046229839325,5.0,Fallow,Low
-17.2468,-11.8017,-5.4451,-1.0,-1.8369701987210297e-16,2,0.4220658838748932,5.2,Fallow,Low
-16.8753,-12.7543,-4.120999999999999,-1.0,-1.8369701987210297e-16,11,0.6861093044281006,36.3,Paddy,High
-17.6664,-12.7181,-4.9483,-1.0,-1.8369701987210297e-16,11,0.6981942653656006,6.0,Paddy,Low
-16.1193,-11.023,-5.096299999999999,-1.0,-1.8369701987210297e-16,11,0.6632248759269714,9.1,Paddy,Low
-15.7447,-10.8257,-4.9190000000000005,-1.0,-1.8369701987210297e-16,11,0.6280345916748047,13.4,Paddy,Medium
-16.7749,-11.926,-4.848899999999999,-1.0,-1.8369701987210297e-16,11,0.6864745020866394,11.833333333333334,Paddy,Medium
-16.2273,-9.7496,-6.477729999999999,-1.0,-1.8369701987210297e-16,11,0.8870640397071838,50.0,Paddy,Very High
-15.1867,-10.5111,-4.675599999999999,-1.0,-1.8369701987210297e-16,11,0.8393691778182983,50.0,Paddy,Very High
-17.5678,-11.2589,-6.308899999999998,-1.0,-1.8369701987210297e-16,2,0.3185213208198547,7.8,Fallow,Low
-15.4285,-9.0264,-6.4020600000000005,-1.0,-1.8369701987210297e-16,11,0.8579877018928528,6.2,Paddy,Low
-16.8048,-10.6686,-6.1362000000000005,-1.0,-1.8369701987210297e-16,2,0.341317355632782,21.3,Fallow,Medium
-15.768,-9.9685,-5.799520000000001,-1.0,-1.8369701987210297e-16,2,0.646225094795227,50.0,Fallow,Very High
-16.3823,-10.0207,-6.361600000000001,-1.0,-1.8369701987210297e-16,2,0.640525221824646,22.3,Fallow,Medium
-17.0169,-11.4846,-5.532299999999999,-1.0,-1.8369701987210297e-16,11,0.8179467916488647,30.5,Paddy,High
-15.2878,-11.5343,-3.7535000000000007,-1.0,-1.8369701987210297e-16,11,0.7766513228416443,54.7,Paddy,Very High
-18.0399,-11.0806,-6.959299999999999,-1.0,-1.8369701987210297e-16,10,0.3049794435501098,21.0,Orchad,Medium
-16.5741,-11.6287,-4.945400000000001,-1.0,-1.8369701987210297e-16,11,0.7877813577651978,51.93333333333333,Paddy,Very High
-15.7256,-11.9075,-3.8180999999999994,-1.0,-1.8369701987210297e-16,11,0.7940500974655151,35.0,Paddy,High
-17.0775,-12.3035,-4.774000000000001,-1.0,-1.8369701987210297e-16,11,0.7897944450378418,44.5,Paddy,Very High
-16.2427,-11.4123,-4.830399999999999,-1.0,-1.8369701987210297e-16,11,0.8040125966072083,27.4,Paddy,High
-16.7603,-12.3064,-4.453900000000001,-1.0,-1.8369701987210297e-16,11,0.7614126801490784,28.8,Paddy,High
-16.4803,-11.9773,-4.503,-1.0,-1.8369701987210297e-16,11,0.7873758673667908,29.333333333333332,Paddy,High
-15.0181,-12.1525,-2.8656000000000006,-1.0,-1.8369701987210297e-16,11,0.8194984793663025,48.0,Paddy,Very High
-17.1169,-11.6305,-5.4864000000000015,-1.0,-1.8369701987210297e-16,11,0.8090099692344666,50.3,Paddy,Very High
-15.8683,-9.6789,-6.189409999999999,-1.0,-1.8369701987210297e-16,11,0.806144654750824,46.5,Paddy,Very High
-16.5154,-10.4936,-6.021799999999999,-1.0,-1.8369701987210297e-16,11,0.7776459455490112,50.0,Paddy,Very High
-16.7722,-10.847,-5.925200000000002,-1.0,-1.8369701987210297e-16,11,0.793742835521698,47.93333333333333,Paddy,Very High
-17.3094,-11.6359,-5.673500000000001,-1.0,-1.8369701987210297e-16,11,0.7951041460037231,32.3,Paddy,High
-17.8534,-14.0367,-3.816700000000001,-1.0,-1.8369701987210297e-16,11,0.83424311876297,35.9,Paddy,High
-17.1011,-12.0817,-5.019399999999999,-1.0,-1.8369701987210297e-16,11,0.7821890711784363,39.2,Paddy,Very High
-15.8381,-11.1165,-4.7216000000000005,-1.0,-1.8369701987210297e-16,2,0.3873330652713775,32.6,Fallow,High
-16.4507,-11.6264,-4.824300000000001,-1.0,-1.8369701987210297e-16,11,0.8181877136230469,32.56666666666667,Paddy,High
-18.2642,-13.1322,-5.132,-1.0,-1.8369701987210297e-16,11,0.8145332932472229,33.9,Paddy,High
-17.07,-12.4531,-4.616900000000001,-1.0,-1.8369701987210297e-16,11,0.8148191571235657,37.5,Paddy,High
-18.5177,-14.0548,-4.462900000000001,-1.0,-1.8369701987210297e-16,11,0.8372289538383484,32.8,Paddy,High
-17.327,-12.6271,-4.699900000000001,-1.0,-1.8369701987210297e-16,11,0.8227282762527466,29.6,Paddy,High
-18.4824,-13.3082,-5.174199999999999,-1.0,-1.8369701987210297e-16,11,0.8117035031318665,37.53333333333333,Paddy,High
-16.9866,-10.9278,-6.0588,-1.0,-1.8369701987210297e-16,11,0.7757271528244019,50.0,Paddy,Very High
-16.4826,-9.3057,-7.176940000000002,-1.0,-1.8369701987210297e-16,11,0.7781186103820801,50.0,Paddy,Very High
-15.9937,-11.8925,-4.1012,-1.0,-1.8369701987210297e-16,11,0.7745403051376343,50.0,Paddy,Very High
-16.5633,-10.673,-5.890300000000002,-1.0,-1.8369701987210297e-16,11,0.7900142669677734,50.0,Paddy,Very High
-16.0184,-10.4119,-5.6065000000000005,-1.0,-1.8369701987210297e-16,11,0.7588574290275574,50.0,Paddy,Very High
-17.3667,-12.4326,-4.934100000000001,-1.0,-1.8369701987210297e-16,11,0.820855438709259,50.0,Paddy,Very High
-17.9381,-12.6027,-5.335399999999998,-1.0,-1.8369701987210297e-16,11,0.8325765132904053,50.0,Paddy,Very High
-15.8397,-9.4114,-6.4283,-1.0,-1.8369701987210297e-16,11,0.7947295308113098,50.0,Paddy,Very High
-16.418,-12.8212,-3.5968,-1.0,-1.8369701987210297e-16,11,0.8386889696121216,50.0,Paddy,Very High
-16.334,-11.4744,-4.8596,-1.0,-1.8369701987210297e-16,11,0.8336833715438843,50.0,Paddy,Very High
-16.1961,-11.2946,-4.9015,-1.0,-1.8369701987210297e-16,11,0.8060689568519592,50.0,Paddy,Very High
-15.8855,-10.5399,-5.345600000000001,-1.0,-1.8369701987210297e-16,11,0.8404381275177002,50.0,Paddy,Very High
-16.1304,-9.5616,-6.568780000000002,-1.0,-1.8369701987210297e-16,11,0.828901469707489,50.0,Paddy,Very High
-15.1103,-10.9344,-4.1759,-1.0,-1.8369701987210297e-16,11,0.7750629186630249,50.0,Paddy,Very High
-15.3738,-10.4504,-4.923399999999999,-1.0,-1.8369701987210297e-16,11,0.746194064617157,50.0,Paddy,Very High
-15.7985,-9.616,-6.182460000000001,-1.0,-1.8369701987210297e-16,11,0.80580073595047,50.0,Paddy,Very High
-15.8696,-9.4666,-6.4030000000000005,-1.0,-1.8369701987210297e-16,11,0.8107526898384094,50.0,Paddy,Very High
-16.3936,-9.3125,-7.08113,-1.0,-1.8369701987210297e-16,11,0.7594522833824158,50.0,Paddy,Very High
-17.7431,-9.6563,-8.086799999999998,-1.0,-1.8369701987210297e-16,2,0.2720894515514374,33.5,Fallow,High
-17.5061,-9.309,-8.19706,-1.0,-1.8369701987210297e-16,11,0.7963379621505737,50.0,Paddy,Very High
-16.1925,-12.3009,-3.8915999999999986,-1.0,-1.8369701987210297e-16,11,0.7349967956542969,32.2,Paddy,High
-15.4148,-9.6158,-5.79899,-1.0,-1.8369701987210297e-16,11,0.7699185609817505,48.6,Paddy,Very High
-14.5499,-9.0371,-5.512789999999999,-1.0,-1.8369701987210297e-16,11,0.6857596635818481,50.0,Paddy,Very High
-16.8129,-11.1426,-5.670299999999999,-1.0,-1.8369701987210297e-16,11,0.7916666865348816,46.0,Paddy,Very High
-15.9208,-10.9516,-4.969200000000001,-1.0,-1.8369701987210297e-16,11,0.7459713816642761,44.36666666666667,Paddy,Very High
-16.5619,-8.4431,-8.118760000000002,-1.0,-1.8369701987210297e-16,11,0.7917562127113342,50.0,Paddy,Very High
-15.5038,-8.5997,-6.904070000000001,-1.0,-1.8369701987210297e-16,11,0.7849302291870117,50.0,Paddy,Very High
-14.462,-9.8184,-4.64363,-1.0,-1.8369701987210297e-16,11,0.7602694630622864,47.0,Paddy,Very High
-16.111,-9.0483,-7.062650000000001,-1.0,-1.8369701987210297e-16,2,0.6933892965316772,49.3,Fallow,Very High
-15.3306,-8.8439,-6.4866600000000005,-1.0,-1.8369701987210297e-16,11,0.803247332572937,50.0,Paddy,Very High
-16.6327,-10.2086,-6.424099999999999,-1.0,-1.8369701987210297e-16,2,0.2560379207134247,23.2,Fallow,Medium
-18.0113,-13.0319,-4.979399999999998,-1.0,-1.8369701987210297e-16,2,0.2637443244457245,23.3,Fallow,Medium
-13.9087,-9.2795,-4.629159999999999,-1.0,-1.8369701987210297e-16,13,0.5535422563552856,21.8,Pearl Millet,Medium
-14.4839,-10.0536,-4.430300000000001,-1.0,-1.8369701987210297e-16,13,0.5171760320663452,23.8,Pearl Millet,Medium
-14.7704,-9.6428,-5.12763,-1.0,-1.8369701987210297e-16,13,0.5596346259117126,24.033333333333335,Pearl Millet,Medium
-14.8998,-9.5386,-5.361190000000001,-1.0,-1.8369701987210297e-16,5,0.5724781155586243,25.9,Jowar,High
-14.3546,-9.4685,-4.88607,-1.0,-1.8369701987210297e-16,5,0.6151198744773865,24.5,Jowar,High
-14.3881,-9.4756,-4.9125,-1.0,-1.8369701987210297e-16,13,0.7119346857070923,24.6,Pearl Millet,High
-15.8944,-10.6805,-5.213899999999999,-1.0,-1.8369701987210297e-16,2,0.2235438972711563,26.3,Fallow,High
-14.6202,-9.6195,-5.0007,-1.0,-1.8369701987210297e-16,5,0.5464669466018677,20.2,Jowar,Medium
-14.7972,-9.6709,-5.12626,-1.0,-1.8369701987210297e-16,5,0.7429160475730896,27.3,Jowar,High
-15.4936,-10.3495,-5.1441,-1.0,-1.8369701987210297e-16,2,0.5465889573097229,26.1,Fallow,High
-14.9605,-9.668,-5.292539999999999,-1.0,-1.8369701987210297e-16,2,0.5536028146743774,24.6,Fallow,High
-15.211,-10.475,-4.736000000000001,-1.0,-1.8369701987210297e-16,11,0.7754616737365723,50.0,Paddy,Very High
-15.5291,-9.7846,-5.744489999999999,-1.0,-1.8369701987210297e-16,2,0.5445161461830139,25.46666666666667,Fallow,High
-15.0057,-9.8757,-5.13003,-1.0,-1.8369701987210297e-16,13,0.4829687774181366,34.6,Pearl Millet,High
-15.2211,-9.3302,-5.89087,-1.0,-1.8369701987210297e-16,13,0.3630604445934295,22.8,Pearl Millet,Medium
-16.0694,-10.8137,-5.255700000000001,-1.0,-1.8369701987210297e-16,11,0.6870342493057251,50.0,Paddy,Very High
-15.6038,-12.0656,-3.5382,-1.0,-1.8369701987210297e-16,13,0.7757681012153625,37.4,Pearl Millet,High
-14.7458,-9.4903,-5.255509999999999,-1.0,-1.8369701987210297e-16,13,0.3938414454460144,37.8,Pearl Millet,High
-12.1954,-6.7082,-5.487239999999999,-1.0,-1.8369701987210297e-16,2,0.4757057130336761,32.9,Fallow,High
-14.9936,-9.4387,-5.554930000000001,-1.0,-1.8369701987210297e-16,13,0.5139179229736328,38.7,Pearl Millet,High
-15.8576,-11.0496,-4.808,-1.0,-1.8369701987210297e-16,11,0.6222403645515442,44.6,Paddy,Very High
-14.6428,-9.3201,-5.32269,-1.0,-1.8369701987210297e-16,5,0.6691918969154358,40.8,Jowar,Very High
-14.9769,-10.1051,-4.8718,-1.0,-1.8369701987210297e-16,13,0.3729669153690338,39.8,Pearl Millet,Very High
-17.5094,-11.6949,-5.814499999999999,-1.0,-1.8369701987210297e-16,2,0.3447211384773254,29.9,Fallow,High
-15.7121,-9.884,-5.828049999999999,-1.0,-1.8369701987210297e-16,11,0.8032758831977844,50.0,Paddy,Very High
-16.9397,-9.7531,-7.186639999999999,-1.0,-1.8369701987210297e-16,2,0.3330561816692352,28.1,Fallow,High
-16.1449,-11.1786,-4.9663,-1.0,-1.8369701987210297e-16,2,0.3778839707374573,30.5,Fallow,High
-17.6861,-10.8978,-6.7883,-1.0,-1.8369701987210297e-16,2,0.2871814966201782,30.833333333333332,Fallow,High
-15.2854,-11.1007,-4.184699999999999,-1.0,-1.8369701987210297e-16,11,0.7097958326339722,42.6,Paddy,Very High
-16.2526,-10.0419,-6.210700000000001,-1.0,-1.8369701987210297e-16,11,0.6899864673614502,35.8,Paddy,High
-14.847,-8.8188,-6.028219999999999,-1.0,-1.8369701987210297e-16,11,0.6771689653396606,40.3,Paddy,Very High
-16.5768,-10.5464,-6.030399999999998,-1.0,-1.8369701987210297e-16,11,0.5019554495811462,45.0,Paddy,Very High
-16.7535,-10.2753,-6.478199999999999,-1.0,-1.8369701987210297e-16,11,0.6769290566444397,39.03333333333333,Paddy,Very High
-15.3712,-10.0103,-5.360899999999999,-1.0,-1.8369701987210297e-16,11,0.7836299538612366,50.0,Paddy,Very High
-15.2898,-9.6744,-5.615409999999999,-1.0,-1.8369701987210297e-16,11,0.7968730330467224,50.0,Paddy,Very High
-15.6675,-9.302,-6.36547,-1.0,-1.8369701987210297e-16,13,0.7473310828208923,50.0,Pearl Millet,Very High
-14.8658,-9.7721,-5.093680000000001,-1.0,-1.8369701987210297e-16,13,0.4630413949489593,50.0,Pearl Millet,Very High
-14.7341,-10.1246,-4.609500000000001,-1.0,-1.8369701987210297e-16,13,0.7441117167472839,50.0,Pearl Millet,Very High
-15.7316,-10.4896,-5.242000000000001,-1.0,-1.8369701987210297e-16,11,0.7662546634674072,27.8,Paddy,High
-16.7591,-10.1844,-6.5747,-1.0,-1.8369701987210297e-16,2,0.3604355752468109,30.0,Fallow,High
-15.2523,-10.1406,-5.111700000000001,-1.0,-1.8369701987210297e-16,11,0.7610763907432556,31.2,Paddy,High
-14.7279,-11.196,-3.5319000000000003,-1.0,-1.8369701987210297e-16,11,0.7699540853500366,40.0,Paddy,Very High
-14.6474,-9.7246,-4.9227799999999995,-1.0,-1.8369701987210297e-16,11,0.774277925491333,35.233333333333334,Paddy,High
-18.795,-11.3741,-7.420900000000001,-1.0,-1.8369701987210297e-16,2,0.2777577340602875,18.0,Fallow,Medium
-15.5501,-11.6525,-3.8976000000000006,-1.0,-1.8369701987210297e-16,11,0.7819681167602539,36.1,Paddy,High
-14.5775,-10.0469,-4.5306,-1.0,-1.8369701987210297e-16,11,0.706041693687439,50.0,Paddy,Very High
-17.4799,-12.6802,-4.799700000000001,-1.0,-1.8369701987210297e-16,2,0.2288578301668167,17.7,Fallow,Medium
-16.4628,-13.286,-3.176800000000002,-1.0,-1.8369701987210297e-16,2,0.261392742395401,18.400000000000002,Fallow,Medium
-16.0174,-13.1048,-2.9125999999999994,-1.0,-1.8369701987210297e-16,11,0.7323314547538757,31.6,Paddy,High
-15.678,-10.3817,-5.2963000000000005,-1.0,-1.8369701987210297e-16,11,0.7401614189147949,21.1,Paddy,Medium
-16.2942,-11.8968,-4.397399999999999,-1.0,-1.8369701987210297e-16,11,0.7716261148452759,50.0,Paddy,Very High
-16.1986,-11.2381,-4.9605,-1.0,-1.8369701987210297e-16,11,0.7029415369033813,50.0,Paddy,Very High
-17.0577,-12.1506,-4.9071,-1.0,-1.8369701987210297e-16,11,0.7475504279136658,50.0,Paddy,Very High
-17.0155,-10.9956,-6.0199,-1.0,-1.8369701987210297e-16,11,0.7667383551597595,16.4,Paddy,Medium
-16.258,-10.4575,-5.8004999999999995,-1.0,-1.8369701987210297e-16,11,0.7796638011932373,31.0,Paddy,High
-18.3171,-11.5043,-6.812799999999999,-1.0,-1.8369701987210297e-16,2,0.2280638962984085,29.5,Fallow,High
-14.7511,-9.8399,-4.911239999999999,-1.0,-1.8369701987210297e-16,11,0.7017855644226074,29.0,Paddy,High
-17.2379,-10.9005,-6.337400000000001,-1.0,-1.8369701987210297e-16,2,0.2785289287567138,29.7,Fallow,High
-15.4994,-9.9092,-5.59022,-0.8660254037844386,0.5000000000000001,11,0.6871403455734253,18.0,Paddy,Medium
-16.6961,-11.3488,-5.347300000000001,-0.8660254037844386,0.5000000000000001,2,0.2076313644647598,26.2,Fallow,High
-17.2037,-10.5619,-6.641800000000002,-0.8660254037844386,0.5000000000000001,7,0.3674769401550293,17.2,Lemon,Medium
-16.2506,-10.8125,-5.438099999999999,-0.8660254037844386,0.5000000000000001,2,0.3432925343513489,17.933333333333334,Fallow,Medium
-16.3406,-10.48,-5.860599999999998,-0.8660254037844386,0.5000000000000001,11,0.7053500413894653,29.0,Paddy,High
-15.7372,-10.2955,-5.441699999999999,-0.8660254037844386,0.5000000000000001,11,0.7290440201759338,25.0,Paddy,High
-15.283,-12.257,-3.026,-0.8660254037844386,0.5000000000000001,11,0.7245702743530273,27.2,Paddy,High
-15.8406,-11.2872,-4.5534,-0.8660254037844386,0.5000000000000001,11,0.6188047528266907,22.1,Paddy,Medium
-16.0575,-10.9295,-5.128,-0.8660254037844386,0.5000000000000001,11,0.7244663238525391,39.233333333333334,Paddy,Very High
-16.6045,-9.2898,-7.314730000000001,-0.8660254037844386,0.5000000000000001,11,0.6940917372703552,16.2,Paddy,Medium
-17.5208,-11.757,-5.763800000000002,-0.8660254037844386,0.5000000000000001,11,0.6028291583061218,16.7,Paddy,Medium
-15.521,-9.5294,-5.99164,-0.8660254037844386,0.5000000000000001,11,0.6804704666137695,20.1,Paddy,Medium
-15.0464,-9.6059,-5.440519999999999,-0.8660254037844386,0.5000000000000001,11,0.6488886475563049,13.2,Paddy,Medium
-15.777,-10.8237,-4.953299999999999,-0.8660254037844386,0.5000000000000001,11,0.7183288335800171,18.433333333333334,Paddy,Medium
-16.2845,-11.3168,-4.967700000000001,-0.8660254037844386,0.5000000000000001,3,0.7421786785125732,19.7,Fodder,Medium
-15.2181,-10.8056,-4.4125,-0.8660254037844386,0.5000000000000001,11,0.7722083330154419,20.0,Paddy,Medium
-16.266,-11.5031,-4.762899999999998,-0.8660254037844386,0.5000000000000001,11,0.712253749370575,22.9,Paddy,Medium
-15.6985,-10.3288,-5.3697,-0.8660254037844386,0.5000000000000001,11,0.5323356986045837,16.1,Paddy,Medium
-16.5969,-10.9966,-5.600300000000001,-0.8660254037844386,0.5000000000000001,11,0.5940147638320923,15.266666666666666,Paddy,Medium
-16.7265,-10.9131,-5.8134000000000015,-0.8660254037844386,0.5000000000000001,11,0.8091822266578674,26.6,Paddy,High
-15.6617,-11.2298,-4.431900000000001,-0.8660254037844386,0.5000000000000001,11,0.8097463250160217,29.1,Paddy,High
-16.1061,-11.6509,-4.455200000000001,-0.8660254037844386,0.5000000000000001,11,0.8136110305786133,34.0,Paddy,High
-15.5727,-10.3191,-5.253599999999999,-0.8660254037844386,0.5000000000000001,11,0.8129685521125793,35.9,Paddy,High
-16.1365,-10.7204,-5.416100000000002,-0.8660254037844386,0.5000000000000001,11,0.817544162273407,27.266666666666666,Paddy,High
-16.2749,-10.4284,-5.846499999999999,-0.8660254037844386,0.5000000000000001,11,0.6995725035667419,34.6,Paddy,High
-15.7128,-10.3854,-5.327399999999999,-0.8660254037844386,0.5000000000000001,11,0.718248188495636,38.2,Paddy,High
-14.7574,-9.2956,-5.461830000000001,-0.8660254037844386,0.5000000000000001,11,0.5497927069664001,29.4,Paddy,High
-15.4959,-9.9913,-5.504620000000001,-0.8660254037844386,0.5000000000000001,11,0.5956525802612305,27.2,Paddy,High
-16.461,-10.1643,-6.296699999999998,-0.8660254037844386,0.5000000000000001,11,0.7307576537132263,34.8,Paddy,High
-16.3319,-10.8561,-5.475800000000001,-0.8660254037844386,0.5000000000000001,11,0.7029460668563843,50.0,Paddy,Very High
-15.7559,-10.6825,-5.073400000000001,-0.8660254037844386,0.5000000000000001,11,0.8170588612556458,50.0,Paddy,Very High
-14.8442,-9.587,-5.25722,-0.8660254037844386,0.5000000000000001,11,0.7498212456703186,50.0,Paddy,Very High
-16.1413,-9.384,-6.757290000000001,-0.8660254037844386,0.5000000000000001,11,0.5631095170974731,50.0,Paddy,Very High
-15.6192,-10.5328,-5.086399999999999,-0.8660254037844386,0.5000000000000001,11,0.5921916365623474,50.0,Paddy,Very High
-16.1221,-10.8092,-5.312899999999999,-0.8660254037844386,0.5000000000000001,11,0.7374524474143982,40.6,Paddy,Very High
-14.9344,-9.6335,-5.30087,-0.8660254037844386,0.5000000000000001,11,0.6933913826942444,32.2,Paddy,High
-15.4834,-10.2362,-5.247199999999999,-0.8660254037844386,0.5000000000000001,11,0.6896238923072815,36.7,Paddy,High
-15.7868,-10.8161,-4.970699999999999,-0.8660254037844386,0.5000000000000001,2,0.2997784912586212,22.0,Fallow,Medium
-15.5138,-11.2864,-4.227399999999999,-0.8660254037844386,0.5000000000000001,11,0.6913466453552246,42.96666666666667,Paddy,Very High
-14.5743,-11.4995,-3.0747999999999998,-0.8660254037844386,0.5000000000000001,11,0.6208356022834778,20.9,Paddy,Medium
-13.4674,-10.166,-3.3013999999999992,-0.8660254037844386,0.5000000000000001,11,0.6408348083496094,28.1,Paddy,High
-14.7304,-9.5604,-5.170019999999999,-0.8660254037844386,0.5000000000000001,11,0.365894079208374,26.4,Paddy,High
-15.8753,-11.7524,-4.1229,-0.8660254037844386,0.5000000000000001,11,0.6213622689247131,27.7,Paddy,High
-15.2054,-11.5983,-3.607099999999999,-0.8660254037844386,0.5000000000000001,11,0.6368584036827087,30.8,Paddy,High
-15.0408,-9.5605,-5.480310000000001,-0.8660254037844386,0.5000000000000001,11,0.6959115266799927,30.8,Paddy,High
-15.185,-10.161,-5.024000000000001,-0.8660254037844386,0.5000000000000001,11,0.7471678853034973,43.7,Paddy,Very High
-17.0193,-11.5872,-5.432100000000002,-0.8660254037844386,0.5000000000000001,2,0.3062924742698669,27.0,Fallow,High
-15.6987,-11.0433,-4.6554,-0.8660254037844386,0.5000000000000001,2,0.6776097416877747,26.2,Fallow,High
-15.3008,-10.3861,-4.9147,-0.8660254037844386,0.5000000000000001,11,0.6841172575950623,39.833333333333336,Paddy,Very High
-18.066,-10.3254,-7.740599999999999,-0.8660254037844386,0.5000000000000001,2,0.2367944568395614,23.1,Fallow,Medium
-18.3269,-8.9942,-9.33265,-0.8660254037844386,0.5000000000000001,2,0.2806376814842224,22.7,Fallow,Medium
-15.9447,-11.4235,-4.5211999999999986,-0.8660254037844386,0.5000000000000001,2,0.3740683197975158,20.6,Fallow,Medium
-15.4504,-10.4959,-4.9544999999999995,-0.8660254037844386,0.5000000000000001,2,0.450442910194397,17.7,Fallow,Medium
-16.4455,-9.9755,-6.469989999999999,-0.8660254037844386,0.5000000000000001,2,0.4213822484016418,17.733333333333334,Fallow,Medium
-15.4016,-10.6864,-4.715199999999999,-0.8660254037844386,0.5000000000000001,13,0.4966175258159637,10.8,Pearl Millet,Low
-16.6606,-10.1922,-6.468399999999999,-0.8660254037844386,0.5000000000000001,13,0.5395822525024414,10.0,Pearl Millet,Low
-16.4494,-10.0587,-6.390700000000001,-0.8660254037844386,0.5000000000000001,2,0.4834612309932709,18.8,Fallow,Medium
-17.374,-9.2907,-8.083319999999999,-0.8660254037844386,0.5000000000000001,2,0.3007083535194397,35.9,Fallow,High
-16.3404,-10.7914,-5.5489999999999995,-0.8660254037844386,0.5000000000000001,13,0.4254770576953888,11.6,Pearl Millet,Low
-14.3238,-9.2231,-5.1006800000000005,-0.8660254037844386,0.5000000000000001,5,0.7341530323028564,13.9,Jowar,Medium
-16.3365,-10.158,-6.178500000000001,-0.8660254037844386,0.5000000000000001,2,0.2477078884840011,13.4,Fallow,Medium
-16.2314,-9.074,-7.157390000000001,-0.8660254037844386,0.5000000000000001,2,0.3616535067558288,16.1,Fallow,Medium
-15.1714,-9.6992,-5.47217,-0.8660254037844386,0.5000000000000001,11,0.6738196611404419,32.9,Paddy,High
-16.6495,-9.549,-7.1005,-0.8660254037844386,0.5000000000000001,2,0.3457044661045074,10.933333333333334,Fallow,Low
-14.631,-10.5705,-4.060500000000001,-0.8660254037844386,0.5000000000000001,2,0.6048892140388489,17.4,Fallow,Medium
-16.1006,-11.9657,-4.1349,-0.8660254037844386,0.5000000000000001,2,0.3870475590229034,18.0,Fallow,Medium
-14.8586,-10.0388,-4.819799999999999,-0.8660254037844386,0.5000000000000001,11,0.6491708755493164,25.1,Paddy,High
-16.3873,-11.0428,-5.3445,-0.8660254037844386,0.5000000000000001,2,0.6392566561698914,21.5,Fallow,Medium
-16.2108,-10.8921,-5.3187,-0.8660254037844386,0.5000000000000001,2,0.4690203368663788,22.766666666666666,Fallow,Medium
-13.3794,-7.749,-5.63042,-0.8660254037844386,0.5000000000000001,2,0.4561797678470611,20.6,Fallow,Medium
-15.3375,-11.7414,-3.5961,-0.8660254037844386,0.5000000000000001,2,0.47611203789711,23.2,Fallow,Medium
-14.9294,-10.6627,-4.2667,-0.8660254037844386,0.5000000000000001,11,0.6723138093948364,31.5,Paddy,High
-15.9217,-10.2918,-5.629899999999999,-0.8660254037844386,0.5000000000000001,2,0.5452452898025513,14.8,Fallow,Medium
-15.6397,-10.689,-4.950699999999999,-0.8660254037844386,0.5000000000000001,2,0.4846554696559906,28.933333333333334,Fallow,High
-19.5506,-12.4734,-7.0771999999999995,-0.8660254037844386,0.5000000000000001,2,0.1663450002670288,7.5,Fallow,Low
-18.1195,-12.3623,-5.757199999999999,-0.8660254037844386,0.5000000000000001,2,0.2541840076446533,7.5,Fallow,Low
-17.1902,-10.8471,-6.3431000000000015,-0.8660254037844386,0.5000000000000001,2,0.1748614460229873,9.3,Fallow,Low
-19.3836,-12.1842,-7.199400000000001,-0.8660254037844386,0.5000000000000001,2,0.1779630631208419,28.5,Fallow,High
-17.9612,-12.1012,-5.860000000000001,-0.8660254037844386,0.5000000000000001,2,0.2232234925031662,9.366666666666667,Fallow,Low
-15.8605,-11.5155,-4.345000000000001,-0.8660254037844386,0.5000000000000001,2,0.2611803710460663,23.2,Fallow,Medium
-16.5498,-12.141,-4.408800000000001,-0.8660254037844386,0.5000000000000001,2,0.2426894605159759,22.5,Fallow,Medium
-14.4018,-10.0963,-4.3055,-0.8660254037844386,0.5000000000000001,2,0.2566276788711548,24.2,Fallow,Medium
-17.5035,-9.2136,-8.289929999999998,-0.8660254037844386,0.5000000000000001,2,0.2166099846363067,21.8,Fallow,Medium
-17.0451,-10.8806,-6.164500000000002,-0.8660254037844386,0.5000000000000001,2,0.2263438254594802,27.533333333333335,Fallow,High
-14.9477,-10.8543,-4.093399999999999,-0.8660254037844386,0.5000000000000001,11,0.5140259861946106,19.7,Paddy,Medium
-14.2449,-8.8256,-5.4193,-0.8660254037844386,0.5000000000000001,11,0.5277246832847595,18.3,Paddy,Medium
-14.6813,-9.7758,-4.90551,-0.8660254037844386,0.5000000000000001,2,0.4252906143665313,10.8,Fallow,Low
-16.9864,-10.2269,-6.759499999999999,-0.8660254037844386,0.5000000000000001,2,0.2655156254768371,8.0,Fallow,Low
-15.4225,-9.8095,-5.613019999999999,-0.8660254037844386,0.5000000000000001,2,0.3964492976665497,11.433333333333334,Fallow,Low
-18.005,-10.0337,-7.971299999999999,-0.8660254037844386,0.5000000000000001,2,0.1836811155080795,16.5,Fallow,Medium
-18.3754,-9.8938,-8.481639999999999,-0.8660254037844386,0.5000000000000001,2,0.3478405475616455,12.2,Fallow,Medium
-14.6945,-9.3196,-5.37485,-0.8660254037844386,0.5000000000000001,11,0.5799314379692078,16.3,Paddy,Medium
-17.2409,-10.631,-6.6099,-0.8660254037844386,0.5000000000000001,11,0.5646488666534424,19.9,Paddy,Medium
-16.6363,-8.5949,-8.041439999999998,-0.8660254037844386,0.5000000000000001,11,0.4654930531978607,27.7,Paddy,High
-18.2038,-10.8892,-7.3146,-0.8660254037844386,0.5000000000000001,2,0.2149618566036224,10.0,Fallow,Low
-16.5835,-11.3824,-5.2011,-0.8660254037844386,0.5000000000000001,2,0.2021077424287796,18.5,Fallow,Medium
-15.7599,-9.5581,-6.201840000000001,-0.8660254037844386,0.5000000000000001,11,0.6134025454521179,51.9,Paddy,Very High
-18.8387,-10.1739,-8.6648,-0.8660254037844386,0.5000000000000001,2,0.1943738311529159,15.7,Fallow,Medium
-19.0851,-9.6299,-9.455200000000001,-0.8660254037844386,0.5000000000000001,2,0.2728298604488373,10.4,Fallow,Low
-15.9026,-10.0268,-5.8758,-0.8660254037844386,0.5000000000000001,11,0.6967926621437073,18.8,Paddy,Medium
-15.427,-10.7201,-4.706899999999999,-0.8660254037844386,0.5000000000000001,2,0.5610424876213074,23.5,Fallow,Medium
-17.0611,-11.3209,-5.7402,-0.8660254037844386,0.5000000000000001,11,0.4416555762290954,18.4,Paddy,Medium
-16.5584,-10.4012,-6.1572,-0.8660254037844386,0.5000000000000001,11,0.5278224945068359,25.8,Paddy,High
-15.6574,-10.1838,-5.473600000000001,-0.8660254037844386,0.5000000000000001,11,0.5911985039710999,24.533333333333335,Paddy,High
-16.1104,-10.2657,-5.844699999999998,-0.8660254037844386,0.5000000000000001,11,0.6900034546852112,17.0,Paddy,Medium
-15.0352,-10.8682,-4.167,-0.8660254037844386,0.5000000000000001,11,0.6276679039001465,25.2,Paddy,High
-18.2154,-11.8066,-6.408799999999999,-0.8660254037844386,0.5000000000000001,2,0.1876081675291061,12.8,Fallow,Medium
-15.8745,-9.0188,-6.855649999999999,-0.8660254037844386,0.5000000000000001,2,0.2886113822460174,18.9,Fallow,Medium
-16.2567,-11.5808,-4.675899999999999,-0.8660254037844386,0.5000000000000001,2,0.2319081127643585,18.2,Fallow,Medium
-15.7048,-10.3441,-5.360700000000001,-0.8660254037844386,0.5000000000000001,11,0.6173834204673767,26.0,Paddy,High
-18.2614,-11.5015,-6.759899999999998,-0.8660254037844386,0.5000000000000001,2,0.1833057105541229,16.7,Fallow,Medium
-17.851,-10.1538,-7.697199999999999,-0.8660254037844386,0.5000000000000001,2,0.2635580897331238,13.7,Fallow,Medium
-19.5258,-12.0423,-7.483500000000001,-0.8660254037844386,0.5000000000000001,2,0.2036864012479782,13.2,Fallow,Medium
-18.7444,-11.8569,-6.887499999999999,-0.8660254037844386,0.5000000000000001,2,0.181672066450119,15.366666666666667,Fallow,Medium
-16.9867,-9.1869,-7.799759999999999,-0.5000000000000004,0.8660254037844384,9,0.3549849987030029,6.0,Mustard,Low
-17.3929,-9.3319,-8.06103,-0.5000000000000004,0.8660254037844384,2,0.1851291954517364,16.6,Fallow,Medium
-19.4064,-11.3905,-8.015900000000002,-0.5000000000000004,0.8660254037844384,1,0.2493248581886291,14.5,Chickori,Medium
-17.2645,-11.5968,-5.667700000000002,-0.5000000000000004,0.8660254037844384,7,0.3717436194419861,6.6,Lemon,Low
-17.6363,-10.9754,-6.660899999999998,-0.5000000000000004,0.8660254037844384,1,0.3318790197372436,11.033333333333333,Chickori,Low
-17.732,-8.1616,-9.570369999999999,-0.5000000000000004,0.8660254037844384,2,0.2450080960988998,25.0,Fallow,High
-15.0632,-5.9973,-9.06591,-0.5000000000000004,0.8660254037844384,2,0.1957520842552185,27.0,Fallow,High
-16.0032,-9.1948,-6.8084299999999995,-0.5000000000000004,0.8660254037844384,2,0.2789340019226074,22.0,Fallow,Medium
-17.1376,-9.084,-8.05355,-0.5000000000000004,0.8660254037844384,2,0.2377871125936508,23.5,Fallow,Medium
-17.2111,-7.7892,-9.42185,-0.5000000000000004,0.8660254037844384,2,0.4330824911594391,25.633333333333333,Fallow,High
-16.3826,-10.04,-6.342600000000001,-0.5000000000000004,0.8660254037844384,2,0.3443126678466797,34.6,Fallow,High
-17.4798,-8.4527,-9.02706,-0.5000000000000004,0.8660254037844384,2,0.2723396420478821,35.2,Fallow,High
-15.0283,-7.5155,-7.51282,-0.5000000000000004,0.8660254037844384,2,0.1975712180137634,24.2,Fallow,Medium
-15.006,-8.063,-6.943020000000001,-0.5000000000000004,0.8660254037844384,2,0.1765513718128204,28.6,Fallow,High
-15.45,-8.6258,-6.82424,-0.5000000000000004,0.8660254037844384,2,0.215739294886589,28.8,Fallow,High
-17.8115,-10.3047,-7.506799999999998,-0.5000000000000004,0.8660254037844384,2,0.224910631775856,4.4,Fallow,Low
-20.4792,-12.6469,-7.832299999999998,-0.5000000000000004,0.8660254037844384,2,0.1841245293617248,3.7,Fallow,Low
-16.696,-9.3825,-7.3135400000000015,-0.5000000000000004,0.8660254037844384,2,0.2598067224025726,50.0,Fallow,Very High
-16.5445,-8.285,-8.2595,-0.5000000000000004,0.8660254037844384,5,0.6183121800422668,26.5,Jowar,High
-17.9222,-11.9044,-6.017799999999999,-0.5000000000000004,0.8660254037844384,2,0.2071070671081543,6.233333333333333,Fallow,Low
-19.0415,-10.1429,-8.8986,-0.5000000000000004,0.8660254037844384,2,0.1953483819961547,4.3,Fallow,Low
-18.816,-9.2947,-9.521289999999999,-0.5000000000000004,0.8660254037844384,2,0.1701688468456268,5.2,Fallow,Low
-18.5045,-9.932,-8.57254,-0.5000000000000004,0.8660254037844384,2,0.173379048705101,4.7,Fallow,Low
-18.2382,-8.6553,-9.58287,-0.5000000000000004,0.8660254037844384,2,0.2005985230207443,5.2,Fallow,Low
-19.0097,-9.8052,-9.204489999999998,-0.5000000000000004,0.8660254037844384,2,0.1853155940771103,4.266666666666667,Fallow,Low
-15.2933,-7.4518,-7.84147,-0.5000000000000004,0.8660254037844384,2,0.3303325474262237,50.0,Fallow,Very High
-14.4365,-6.0505,-8.386,-0.5000000000000004,0.8660254037844384,2,0.2595207095146179,50.0,Fallow,Very High
-16.4495,-8.3074,-8.14207,-0.5000000000000004,0.8660254037844384,2,0.180831491947174,11.2,Fallow,Low
-15.8672,-8.7924,-7.07479,-0.5000000000000004,0.8660254037844384,2,0.2610697150230407,10.3,Fallow,Low
-15.2468,-7.2645,-7.98231,-0.5000000000000004,0.8660254037844384,2,0.2177515625953674,50.0,Fallow,Very High
-17.0051,-9.8747,-7.130399999999998,-0.5000000000000004,0.8660254037844384,2,0.2314096689224243,7.3,Fallow,Low
-18.0847,-10.7996,-7.285100000000002,-0.5000000000000004,0.8660254037844384,2,0.1633173823356628,4.7,Fallow,Low
-18.1624,-10.8497,-7.312700000000001,-0.5000000000000004,0.8660254037844384,2,0.2379062920808792,25.4,Fallow,High
-17.573,-10.8116,-6.7614,-0.5000000000000004,0.8660254037844384,2,0.1786732673645019,3.6,Fallow,Low
-18.6141,-11.1055,-7.508600000000001,-0.5000000000000004,0.8660254037844384,2,0.1765967309474945,10.066666666666666,Fallow,Low
-15.8591,-8.4037,-7.45537,-0.5000000000000004,0.8660254037844384,2,0.2188911736011505,9.3,Fallow,Low
-16.5311,-7.9351,-8.595979999999997,-0.5000000000000004,0.8660254037844384,2,0.3614718616008758,44.0,Fallow,Very High
-17.6762,-9.2748,-8.401370000000002,-0.5000000000000004,0.8660254037844384,2,0.1793354302644729,10.4,Fallow,Low
-15.6404,-7.3072,-8.333189999999998,-0.5000000000000004,0.8660254037844384,2,0.237086072564125,9.5,Fallow,Low
-15.5907,-8.4252,-7.165509999999999,-0.5000000000000004,0.8660254037844384,2,0.2844603359699249,50.0,Fallow,Very High
-15.4728,-10.4611,-5.011699999999999,-0.5000000000000004,0.8660254037844384,2,0.2323536127805709,4.5,Fallow,Low
-14.4573,-7.8532,-6.60415,-0.5000000000000004,0.8660254037844384,2,0.3297722339630127,8.8,Fallow,Low
-14.5349,-6.5589,-7.975960000000001,-0.5000000000000004,0.8660254037844384,2,0.3295873701572418,50.0,Fallow,Very High
-16.9912,-7.8745,-9.116679999999999,-0.5000000000000004,0.8660254037844384,2,0.2067911773920059,48.9,Fallow,Very High
-16.1229,-9.272,-6.850850000000001,-0.5000000000000004,0.8660254037844384,2,0.2050486654043197,9.833333333333334,Fallow,Low
-15.2787,-6.2345,-9.04421,-0.5000000000000004,0.8660254037844384,2,0.1785692125558853,27.9,Fallow,High
-15.3161,-5.7722,-9.543890000000001,-0.5000000000000004,0.8660254037844384,2,0.1990550458431244,36.2,Fallow,High
-15.2949,-7.3818,-7.91306,-0.5000000000000004,0.8660254037844384,2,0.2259415537118911,35.7,Fallow,High
-13.2534,-5.8225,-7.430869999999999,-0.5000000000000004,0.8660254037844384,2,0.1995093524456024,36.4,Fallow,High
-14.9113,-7.086,-7.82535,-0.5000000000000004,0.8660254037844384,2,0.2080706655979156,38.8,Fallow,High
-16.7976,-7.9976,-8.80003,-0.5000000000000004,0.8660254037844384,2,0.1841867119073867,50.0,Fallow,Very High
-16.0165,-10.1738,-5.842700000000001,-0.5000000000000004,0.8660254037844384,2,0.2443000525236129,50.0,Fallow,Very High
-15.6158,-9.7619,-5.85389,-0.5000000000000004,0.8660254037844384,2,0.2619192600250244,50.0,Fallow,Very High
-16.2832,-9.7375,-6.545730000000001,-0.5000000000000004,0.8660254037844384,2,0.3825785219669342,50.0,Fallow,Very High
-17.3368,-8.9544,-8.38243,-0.5000000000000004,0.8660254037844384,2,0.1798513978719711,50.0,Fallow,Very High
-17.7726,-11.4881,-6.284500000000001,-0.5000000000000004,0.8660254037844384,2,0.227766677737236,13.2,Fallow,Medium
-16.9006,-9.5482,-7.352350000000001,-0.5000000000000004,0.8660254037844384,2,0.2301349937915802,6.4,Fallow,Low
-14.6347,-7.9885,-6.646240000000001,-0.5000000000000004,0.8660254037844384,16,0.39450603723526,31.7,Tobacco,High
-17.6535,-10.6398,-7.013700000000002,-0.5000000000000004,0.8660254037844384,2,0.4231458902359009,19.6,Fallow,Medium
-17.1763,-10.087,-7.0893000000000015,-0.5000000000000004,0.8660254037844384,2,0.2281762361526489,10.666666666666666,Fallow,Low
-17.0656,-9.1373,-7.9283,-0.5000000000000004,0.8660254037844384,2,0.1795573383569717,22.6,Fallow,Medium
-18.2968,-11.0735,-7.223300000000002,-0.5000000000000004,0.8660254037844384,2,0.2204751819372177,7.3,Fallow,Low
-16.2719,-8.3961,-7.875779999999999,-0.5000000000000004,0.8660254037844384,2,0.1717564016580581,45.5,Fallow,Very High
-16.9744,-9.3591,-7.61529,-0.5000000000000004,0.8660254037844384,2,0.3510434031486511,12.6,Fallow,Medium
-15.9793,-8.4273,-7.5520499999999995,-0.5000000000000004,0.8660254037844384,2,0.2213112860918045,50.0,Fallow,Very High
-17.8974,-10.3033,-7.594100000000001,-0.5000000000000004,0.8660254037844384,2,0.3202692568302154,19.3,Fallow,Medium
-17.1114,-9.8307,-7.28068,-0.5000000000000004,0.8660254037844384,2,0.2492268532514572,17.2,Fallow,Medium
-18.3536,-10.5927,-7.7608999999999995,-0.5000000000000004,0.8660254037844384,2,0.2149376720190048,11.2,Fallow,Low
-17.1371,-10.0808,-7.0563,-0.5000000000000004,0.8660254037844384,2,0.2149589210748672,14.5,Fallow,Medium
-18.7177,-10.2786,-8.4391,-0.5000000000000004,0.8660254037844384,2,0.207107275724411,18.566666666666666,Fallow,Medium
-18.652,-9.8368,-8.815190000000001,-0.5000000000000004,0.8660254037844384,2,0.2818694114685058,4.9,Fallow,Low
-18.8733,-10.9229,-7.9504,-0.5000000000000004,0.8660254037844384,2,0.3781284689903259,6.0,Fallow,Low
-18.7997,-12.1376,-6.662100000000001,-0.5000000000000004,0.8660254037844384,2,0.210016518831253,6.7,Fallow,Low
-18.8403,-11.6632,-7.177099999999999,-0.5000000000000004,0.8660254037844384,2,0.386118620634079,2.4,Fallow,Low
-18.7492,-11.5476,-7.201599999999999,-0.5000000000000004,0.8660254037844384,2,0.198853462934494,16.2,Fallow,Medium
-19.0639,-11.116,-7.947900000000001,-0.5000000000000004,0.8660254037844384,17,0.2666234970092773,7.5,Tobacco&Chickori,Low
-19.9945,-10.38,-9.614499999999998,-0.5000000000000004,0.8660254037844384,17,0.3498002290725708,5.4,Tobacco&Chickori,Low
-18.3989,-9.1578,-9.241080000000002,-0.5000000000000004,0.8660254037844384,2,0.2149393558502197,13.5,Fallow,Medium
-17.6031,-10.8315,-6.771600000000001,-0.5000000000000004,0.8660254037844384,2,0.2632292509078979,12.2,Fallow,Medium
-18.7735,-9.8491,-8.92438,-0.5000000000000004,0.8660254037844384,2,0.2387624084949493,14.0,Fallow,Medium
-16.9069,-9.6179,-7.289,-0.5000000000000004,0.8660254037844384,2,0.2888407111167907,2.5,Fallow,Low
-16.2843,-10.762,-5.522300000000001,-0.5000000000000004,0.8660254037844384,2,0.3849601447582245,2.3,Fallow,Low
-16.8986,-11.0205,-5.878099999999998,-0.5000000000000004,0.8660254037844384,2,0.3522805571556091,6.4,Fallow,Low
-18.203,-9.7581,-8.444949999999999,-0.5000000000000004,0.8660254037844384,1,0.3315578699111938,38.8,Chickori,High
-16.1352,-9.5059,-6.629340000000001,-0.5000000000000004,0.8660254037844384,2,0.2067998498678207,2.1333333333333333,Fallow,Low
-16.4145,-10.4041,-6.010400000000001,-0.5000000000000004,0.8660254037844384,2,0.4396416544914245,1.2,Fallow,Low
-18.7571,-11.3143,-7.442800000000002,-0.5000000000000004,0.8660254037844384,1,0.341350793838501,8.8,Chickori,Low
-17.3258,-9.8467,-7.4790600000000005,-0.5000000000000004,0.8660254037844384,1,0.4929572939872741,8.9,Chickori,Low
-15.6855,-6.4846,-9.20092,-0.5000000000000004,0.8660254037844384,2,0.2288390696048736,24.1,Fallow,Medium
-18.3175,-11.9857,-6.331799999999999,-0.5000000000000004,0.8660254037844384,2,0.4244105517864227,9.266666666666667,Fallow,Low
-17.1626,-10.2336,-6.929000000000002,-0.5000000000000004,0.8660254037844384,2,0.2753896117210388,2.1,Fallow,Low
-18.4282,-11.3989,-7.029300000000001,-0.5000000000000004,0.8660254037844384,2,0.2812743782997131,1.4,Fallow,Low
-17.711,-9.0514,-8.6596,-0.5000000000000004,0.8660254037844384,2,0.4624063670635223,21.9,Fallow,Medium
-17.3953,-10.0578,-7.337499999999999,-0.5000000000000004,0.8660254037844384,2,0.2335917800664901,2.3,Fallow,Low
-19.3425,-10.6037,-8.738800000000001,-0.5000000000000004,0.8660254037844384,2,0.2124783992767334,20.366666666666667,Fallow,Medium
-11.2509,-5.7634,-5.48755,-0.5000000000000004,0.8660254037844384,4,0.5351315140724182,24.0,Fodder&Jowar,Medium
-15.0187,-10.6544,-4.3643,-0.5000000000000004,0.8660254037844384,16,0.3193608522415161,11.0,Tobacco,Low
-18.0606,-10.8244,-7.2362,-0.5000000000000004,0.8660254037844384,16,0.2285585850477218,11.5,Tobacco,Low
-15.735,-9.4114,-6.32363,-0.5000000000000004,0.8660254037844384,2,0.4661726951599121,34.3,Fallow,High
-16.1248,-11.5078,-4.617000000000001,-0.5000000000000004,0.8660254037844384,16,0.2465731352567672,11.2,Tobacco,Low
-18.6015,-10.6884,-7.913100000000002,-0.5000000000000004,0.8660254037844384,16,0.2738319635391235,11.4,Tobacco,Low
-16.4909,-7.9024,-8.58848,-0.5000000000000004,0.8660254037844384,2,0.2189284563064575,37.0,Fallow,High
-17.6493,-9.5854,-8.06394,-0.5000000000000004,0.8660254037844384,16,0.2299695909023285,12.6,Tobacco,Medium
-18.8173,-10.1263,-8.690999999999999,-0.5000000000000004,0.8660254037844384,16,0.2278293222188949,10.2,Tobacco,Low
-17.8344,-10.6524,-7.181999999999999,-0.5000000000000004,0.8660254037844384,16,0.2980756163597107,9.799999999999999,Tobacco,Low
-16.0971,-9.4985,-6.598600000000001,-0.5000000000000004,0.8660254037844384,16,0.3762754797935486,36.6,Tobacco,High
-15.5129,-7.924,-7.5889,-0.5000000000000004,0.8660254037844384,16,0.3736096322536468,30.9,Tobacco,High
-15.4618,-7.2705,-8.191279999999999,-0.5000000000000004,0.8660254037844384,16,0.3298719823360443,27.1,Tobacco,High
-14.9698,-10.3769,-4.5929,-0.5000000000000004,0.8660254037844384,9,0.3390690386295318,22.7,Mustard,Medium
-15.1865,-7.83,-7.3565000000000005,-0.5000000000000004,0.8660254037844384,16,0.3314919471740722,31.566666666666666,Tobacco,High
-17.9792,-11.3312,-6.647999999999998,-0.5000000000000004,0.8660254037844384,16,0.246237963438034,11.1,Tobacco,Low
-17.2915,-11.5914,-5.700099999999999,-0.5000000000000004,0.8660254037844384,16,0.3281950056552887,10.7,Tobacco,Low
-19.3034,-10.8855,-8.4179,-0.5000000000000004,0.8660254037844384,16,0.2741805016994476,10.5,Tobacco,Low
-19.5439,-12.3344,-7.2095,-0.5000000000000004,0.8660254037844384,16,0.2038119733333587,9.0,Tobacco,Low
-19.9869,-12.3493,-7.637599999999999,-0.5000000000000004,0.8660254037844384,16,0.2333995848894119,9.3,Tobacco,Low
-17.417,-9.8417,-7.575340000000002,-0.5000000000000004,0.8660254037844384,16,0.2350863814353943,11.3,Tobacco,Low
-17.1933,-9.6678,-7.525500000000001,-0.5000000000000004,0.8660254037844384,16,0.4268856048583984,21.5,Tobacco,Medium
-16.7803,-10.021,-6.7593,-0.5000000000000004,0.8660254037844384,16,0.236260250210762,25.1,Tobacco,High
-17.0459,-8.9234,-8.12251,-0.5000000000000004,0.8660254037844384,16,0.2058321237564087,17.4,Tobacco,Medium
-15.7954,-7.548,-8.247430000000001,-0.5000000000000004,0.8660254037844384,2,0.1978385746479034,32.06666666666666,Fallow,High
-16.7894,-8.4558,-8.33364,-0.5000000000000004,0.8660254037844384,2,0.2223081141710281,36.8,Fallow,High
-15.0577,-8.7703,-6.287370000000001,-0.5000000000000004,0.8660254037844384,2,0.2486259043216705,39.0,Fallow,High
-14.5567,-8.7444,-5.812289999999999,-0.5000000000000004,0.8660254037844384,2,0.2104374021291732,50.0,Fallow,Very High
-18.0965,-9.9242,-8.172249999999998,-0.5000000000000004,0.8660254037844384,2,0.2310696542263031,9.4,Fallow,Low
-16.554,-8.6484,-7.905609999999999,-0.5000000000000004,0.8660254037844384,2,0.2957625985145569,35.666666666666664,Fallow,High
-17.72,-11.1005,-6.619499999999999,-0.5000000000000004,0.8660254037844384,2,0.3200330138206482,25.1,Fallow,High
-15.9304,-10.1496,-5.780800000000001,-0.5000000000000004,0.8660254037844384,2,0.2828812003135681,15.0,Fallow,Medium
-17.1687,-10.4173,-6.751400000000002,-0.5000000000000004,0.8660254037844384,2,0.2820870280265808,13.3,Fallow,Medium
-15.6121,-8.79,-6.82212,-0.5000000000000004,0.8660254037844384,2,0.1653186678886413,14.2,Fallow,Medium
-16.9227,-11.2461,-5.676599999999999,-0.5000000000000004,0.8660254037844384,2,0.21467225253582,14.333333333333332,Fallow,Medium
-12.6159,-7.6703,-4.94557,-0.5000000000000004,0.8660254037844384,2,0.2483946681022644,43.5,Fallow,Very High
-13.3332,-7.2344,-6.09878,-0.5000000000000004,0.8660254037844384,2,0.2196817994117736,44.2,Fallow,Very High
-17.5579,-10.1138,-7.444100000000001,-0.5000000000000004,0.8660254037844384,16,0.3525291383266449,14.5,Tobacco,Medium
-16.1261,-9.6026,-6.523480000000001,-0.5000000000000004,0.8660254037844384,16,0.2603096067905426,26.4,Tobacco,High
-14.8682,-8.3489,-6.519309999999999,-0.5000000000000004,0.8660254037844384,16,0.3326557874679565,16.0,Tobacco,Medium
-15.2388,-6.7516,-8.48715,-0.5000000000000004,0.8660254037844384,2,0.238386645913124,46.4,Fallow,Very High
-17.2182,-7.3453,-9.87292,-0.5000000000000004,0.8660254037844384,2,0.186305433511734,2.5,Fallow,Low
-16.8375,-6.7417,-10.09582,-0.5000000000000004,0.8660254037844384,16,0.3865038156509399,37.2,Tobacco,High
-18.1201,-7.8017,-10.318360000000002,-0.5000000000000004,0.8660254037844384,16,0.3439391553401947,38.3,Tobacco,High
-17.4292,-6.835,-10.59421,-0.5000000000000004,0.8660254037844384,16,0.4219813644886017,36.56666666666667,Tobacco,High
-14.0462,-7.4465,-6.599670000000001,-2.4492935982947064e-16,1.0,9,0.7740908265113831,9.2,Mustard,Low
-16.2277,-9.3335,-6.894179999999999,-2.4492935982947064e-16,1.0,1,0.3669098317623138,7.1,Chickori,Low
-15.1951,-9.284,-5.911110000000001,-2.4492935982947064e-16,1.0,1,0.6621622443199158,27.1,Chickori,High
-17.4183,-9.7044,-7.713859999999999,-2.4492935982947064e-16,1.0,7,0.4255563616752624,7.4,Lemon,Low
-15.2722,-8.3361,-6.93613,-2.4492935982947064e-16,1.0,1,0.6382984519004822,27.53333333333333,Chickori,High
-17.6808,-10.1541,-7.526700000000002,-2.4492935982947064e-16,1.0,19,0.3482403755187988,11.6,Wheat,Low
-18.7365,-12.2959,-6.4406,-2.4492935982947064e-16,1.0,19,0.2654926776885986,11.8,Wheat,Low
-15.721,-7.936,-7.78505,-2.4492935982947064e-16,1.0,19,0.3537719845771789,36.8,Wheat,High
-19.2282,-8.1167,-11.111490000000002,-2.4492935982947064e-16,1.0,19,0.3728058636188507,47.3,Wheat,Very High
-19.1796,-11.2415,-7.9381,-2.4492935982947064e-16,1.0,19,0.5404869914054871,6.633333333333334,Wheat,Low
-16.6537,-10.0728,-6.5809,-2.4492935982947064e-16,1.0,19,0.3664752840995788,3.9,Wheat,Low
-18.1092,-11.7679,-6.341300000000002,-2.4492935982947064e-16,1.0,19,0.3018240928649902,11.0,Wheat,Low
-18.5392,-11.5032,-7.036000000000001,-2.4492935982947064e-16,1.0,19,0.2220423817634582,8.8,Wheat,Low
-18.3652,-9.888,-8.477180000000002,-2.4492935982947064e-16,1.0,19,0.2380264848470688,7.9,Wheat,Low
-18.9546,-11.6986,-7.2559999999999985,-2.4492935982947064e-16,1.0,19,0.2299522906541824,8.966666666666667,Wheat,Low
-18.8663,-11.5938,-7.272499999999999,-2.4492935982947064e-16,1.0,2,0.2290437668561935,12.1,Fallow,Medium
-19.3104,-12.9189,-6.391500000000001,-2.4492935982947064e-16,1.0,2,0.17343370616436,8.7,Fallow,Low
-18.8113,-11.0742,-7.7371,-2.4492935982947064e-16,1.0,2,0.2678990364074707,17.5,Fallow,Medium
-19.0093,-11.8076,-7.201699999999999,-2.4492935982947064e-16,1.0,2,0.1965367645025253,7.5,Fallow,Low
-18.1151,-11.9449,-6.170200000000001,-2.4492935982947064e-16,1.0,2,0.2104935944080352,7.366666666666666,Fallow,Low
-20.5352,-12.0889,-8.446299999999999,-2.4492935982947064e-16,1.0,19,0.2295548617839813,11.7,Wheat,Low
-19.5427,-13.2522,-6.2905,-2.4492935982947064e-16,1.0,19,0.1636870056390762,13.3,Wheat,Medium
-20.3658,-11.2344,-9.1314,-2.4492935982947064e-16,1.0,19,0.1669837683439254,12.2,Wheat,Medium
-19.3716,-10.7658,-8.6058,-2.4492935982947064e-16,1.0,19,0.1942950338125229,10.9,Wheat,Low
-20.8161,-11.4518,-9.364299999999998,-2.4492935982947064e-16,1.0,19,0.2022505402565002,8.1,Wheat,Low
-18.9072,-11.4608,-7.446399999999999,-2.4492935982947064e-16,1.0,19,0.2686585485935211,6.4,Wheat,Low
-18.0152,-11.9774,-6.037800000000001,-2.4492935982947064e-16,1.0,19,0.219180166721344,8.5,Wheat,Low
-17.9871,-11.4391,-6.548000000000002,-2.4492935982947064e-16,1.0,19,0.1966927945613861,7.0,Wheat,Low
-17.9042,-10.8925,-7.011699999999999,-2.4492935982947064e-16,1.0,19,0.2763974666595459,8.3,Wheat,Low
-19.7736,-12.5648,-7.208799999999998,-2.4492935982947064e-16,1.0,19,0.2239212989807129,11.333333333333332,Wheat,Low
-18.1225,-11.2484,-6.8740999999999985,-2.4492935982947064e-16,1.0,2,0.1908984631299972,1.4,Fallow,Low
-18.8839,-11.1409,-7.743,-2.4492935982947064e-16,1.0,2,0.1629999130964279,3.0,Fallow,Low
-18.0313,-9.8139,-8.217390000000002,-2.4492935982947064e-16,1.0,2,0.2156556397676468,6.3,Fallow,Low
-16.8363,-11.6382,-5.198100000000002,-2.4492935982947064e-16,1.0,2,0.1617764681577682,1.2,Fallow,Low
-17.8286,-11.3431,-6.485500000000002,-2.4492935982947064e-16,1.0,2,0.1679535657167434,8.566666666666666,Fallow,Low
-17.7219,-11.5145,-6.207400000000002,-2.4492935982947064e-16,1.0,19,0.2459866851568222,24.1,Wheat,Medium
-18.6294,-11.3281,-7.301300000000001,-2.4492935982947064e-16,1.0,19,0.3924563527107239,22.2,Wheat,Medium
-18.317,-9.9814,-8.33555,-2.4492935982947064e-16,1.0,19,0.1919758170843124,13.5,Wheat,Medium
-17.9526,-11.002,-6.9506,-2.4492935982947064e-16,1.0,19,0.2639961242675781,25.7,Wheat,High
-18.2019,-11.2054,-6.996499999999999,-2.4492935982947064e-16,1.0,19,0.3345445692539215,28.133333333333333,Wheat,High
-17.9351,-12.0211,-5.913999999999998,-2.4492935982947064e-16,1.0,19,0.2836227416992187,16.1,Wheat,Medium
-16.9283,-12.0193,-4.909000000000001,-2.4492935982947064e-16,1.0,19,0.3641768097877502,15.7,Wheat,Medium
-17.8288,-9.6835,-8.145280000000001,-2.4492935982947064e-16,1.0,19,0.3613353967666626,17.8,Wheat,Medium
-17.0496,-11.1756,-5.874000000000002,-2.4492935982947064e-16,1.0,19,0.2215279936790466,18.4,Wheat,Medium
-16.8663,-10.9578,-5.908499999999998,-2.4492935982947064e-16,1.0,19,0.2117263376712799,11.366666666666667,Wheat,Low
-20.8249,-14.0198,-6.8050999999999995,-2.4492935982947064e-16,1.0,19,0.175702229142189,8.8,Wheat,Low
-19.3345,-12.7189,-6.615599999999999,-2.4492935982947064e-16,1.0,19,0.2482316195964813,9.2,Wheat,Low
-19.9954,-12.7668,-7.2286,-2.4492935982947064e-16,1.0,19,0.2199722081422805,10.2,Wheat,Low
-20.3044,-12.8504,-7.454000000000001,-2.4492935982947064e-16,1.0,19,0.1995508968830108,24.3,Wheat,Medium
-20.6879,-13.5636,-7.1243,-2.4492935982947064e-16,1.0,19,0.1998737007379531,10.833333333333334,Wheat,Low
-17.6814,-9.7026,-7.97878,-2.4492935982947064e-16,1.0,19,0.187777429819107,10.9,Wheat,Low
-18.7006,-10.5411,-8.159500000000001,-2.4492935982947064e-16,1.0,19,0.2064297050237655,13.2,Wheat,Medium
-17.5563,-10.3103,-7.246,-2.4492935982947064e-16,1.0,16,0.3488603234291076,9.5,Tobacco,Low
-16.7137,-10.1517,-6.561999999999999,-2.4492935982947064e-16,1.0,19,0.4334699511528015,11.3,Wheat,Low
-18.0702,-10.4169,-7.6533,-2.4492935982947064e-16,1.0,19,0.2061881870031356,7.466666666666667,Wheat,Low
-17.4426,-7.2141,-10.228479999999998,-2.4492935982947064e-16,1.0,19,0.2123739123344421,35.6,Wheat,High
-19.3064,-10.4628,-8.8436,-2.4492935982947064e-16,1.0,19,0.167187288403511,21.9,Wheat,Medium
-17.7704,-8.055,-9.715369999999998,-2.4492935982947064e-16,1.0,19,0.2579661309719085,7.1,Wheat,Low
-17.4,-9.8061,-7.593939999999998,-2.4492935982947064e-16,1.0,19,0.4229991137981415,12.9,Wheat,Medium
-19.4026,-9.6445,-9.75806,-2.4492935982947064e-16,1.0,19,0.1820806860923767,11.799999999999999,Wheat,Low
-17.8418,-11.3459,-6.495899999999999,-2.4492935982947064e-16,1.0,19,0.3881789445877075,24.3,Wheat,Medium
-18.2054,-11.228,-6.977400000000001,-2.4492935982947064e-16,1.0,19,0.2236566543579101,21.8,Wheat,Medium
-17.8225,-11.7969,-6.025600000000001,-2.4492935982947064e-16,1.0,19,0.2194994390010833,21.5,Wheat,Medium
-19.7691,-12.1151,-7.654000000000002,-2.4492935982947064e-16,1.0,19,0.1748107820749282,21.8,Wheat,Medium
-20.5357,-13.5457,-6.989999999999998,-2.4492935982947064e-16,1.0,19,0.1793431639671325,20.666666666666664,Wheat,Medium
-17.5013,-7.308,-10.19333,-2.4492935982947064e-16,1.0,2,0.2898980379104614,39.8,Fallow,Very High
-16.8625,-8.7528,-8.10975,-2.4492935982947064e-16,1.0,2,0.3772072792053222,13.7,Fallow,Medium
-16.9906,-10.6285,-6.3621,-2.4492935982947064e-16,1.0,19,0.1941378563642501,15.0,Wheat,Medium
-17.8951,-11.0055,-6.8896,-2.4492935982947064e-16,1.0,2,0.4041087031364441,36.2,Fallow,High
-17.7079,-7.6416,-10.066329999999999,-2.4492935982947064e-16,1.0,11,0.2072949111461639,12.466666666666667,Paddy,Medium
-16.1288,-9.7485,-6.380289999999999,-2.4492935982947064e-16,1.0,17,0.4709498584270477,8.8,Tobacco&Chickori,Low
-16.4222,-9.4981,-6.924099999999999,-2.4492935982947064e-16,1.0,17,0.6271727681159973,10.0,Tobacco&Chickori,Low
-19.8934,-13.0458,-6.8476,-2.4492935982947064e-16,1.0,19,0.3203337788581848,20.3,Wheat,Medium
-16.9565,-11.4428,-5.513699999999998,-2.4492935982947064e-16,1.0,19,0.3421753942966461,13.4,Wheat,Medium
-17.7065,-10.6512,-7.055299999999999,-2.4492935982947064e-16,1.0,19,0.3234241604804992,16.566666666666666,Wheat,Medium
-17.3825,-11.0191,-6.3634,-2.4492935982947064e-16,1.0,19,0.3474432528018951,15.3,Wheat,Medium
-17.0733,-11.9141,-5.1592,-2.4492935982947064e-16,1.0,19,0.3845714628696441,8.6,Wheat,Low
-14.7919,-10.0595,-4.7324,-2.4492935982947064e-16,1.0,1,0.5468058586120605,12.2,Chickori,Medium
-16.4965,-10.0229,-6.473600000000001,-2.4492935982947064e-16,1.0,1,0.5995686650276184,27.2,Chickori,High
-16.8158,-10.8271,-5.9887,-2.4492935982947064e-16,1.0,19,0.239567369222641,8.366666666666667,Wheat,Low
-16.2507,-10.9905,-5.2601999999999975,-2.4492935982947064e-16,1.0,19,0.4899125695228576,13.3,Wheat,Medium
-15.6522,-10.7192,-4.933,-2.4492935982947064e-16,1.0,1,0.4736062586307525,20.9,Chickori,Medium
-16.1047,-10.7707,-5.334000000000001,-2.4492935982947064e-16,1.0,1,0.5202531814575195,17.9,Chickori,Medium
-18.5024,-10.8628,-7.6396000000000015,-2.4492935982947064e-16,1.0,19,0.2515115737915039,10.5,Wheat,Low
-16.4258,-11.0807,-5.345099999999999,-2.4492935982947064e-16,1.0,1,0.6301990747451782,19.53333333333333,Chickori,Medium
-17.2366,-10.4927,-6.7439,-2.4492935982947064e-16,1.0,19,0.3028899431228637,10.8,Wheat,Low
-19.0517,-12.6192,-6.432500000000001,-2.4492935982947064e-16,1.0,19,0.2355351448059082,14.0,Wheat,Medium
-18.0175,-11.8905,-6.126999999999999,-2.4492935982947064e-16,1.0,19,0.4741213023662567,12.0,Wheat,Medium
-19.2848,-11.469,-7.815800000000001,-2.4492935982947064e-16,1.0,19,0.2611831426620483,19.0,Wheat,Medium
-18.4864,-12.8438,-5.6426,-2.4492935982947064e-16,1.0,19,0.2435075938701629,9.333333333333334,Wheat,Low
-12.4401,-5.0445,-7.39563,-2.4492935982947064e-16,1.0,9,0.5520318746566772,31.3,Mustard,High
-15.1081,-10.3569,-4.751200000000001,-2.4492935982947064e-16,1.0,16,0.4460042715072632,25.9,Tobacco,High
-16.0484,-9.6984,-6.350010000000001,-2.4492935982947064e-16,1.0,16,0.4473686516284942,18.7,Tobacco,Medium
-17.1639,-11.06,-6.103900000000001,-2.4492935982947064e-16,1.0,19,0.4749543368816376,14.1,Wheat,Medium
-15.0229,-8.9696,-6.053330000000001,-2.4492935982947064e-16,1.0,16,0.4320019781589508,19.833333333333332,Tobacco,Medium
-16.0769,-7.0317,-9.045219999999999,-2.4492935982947064e-16,1.0,16,0.582457959651947,9.9,Tobacco,Low
-18.3551,-11.3751,-6.98,-2.4492935982947064e-16,1.0,16,0.3505752086639404,14.9,Tobacco,Medium
-17.0875,-10.1373,-6.950199999999999,-2.4492935982947064e-16,1.0,19,0.516853928565979,15.5,Wheat,Medium
-16.3354,-6.7689,-9.56648,-2.4492935982947064e-16,1.0,19,0.4735351800918579,7.6,Wheat,Low
-16.6764,-7.9476,-8.728830000000002,-2.4492935982947064e-16,1.0,16,0.5499391555786133,13.5,Tobacco,Medium
-14.7636,-6.1344,-8.62916,-2.4492935982947064e-16,1.0,16,0.6279380917549133,28.2,Tobacco,High
-14.4149,-7.3549,-7.059989999999999,-2.4492935982947064e-16,1.0,16,0.5800183415412903,25.2,Tobacco,High
-14.0245,-8.3723,-5.65221,-2.4492935982947064e-16,1.0,16,0.4782223701477051,27.2,Tobacco,High
-15.5433,-10.4386,-5.104700000000001,-2.4492935982947064e-16,1.0,19,0.2664413452148437,5.8,Wheat,Low
-14.8611,-8.5111,-6.35004,-2.4492935982947064e-16,1.0,16,0.5255942940711975,27.733333333333334,Tobacco,High
-16.5409,-9.4665,-7.07436,-2.4492935982947064e-16,1.0,16,0.2618927657604217,17.1,Tobacco,Medium
-15.2402,-9.7859,-5.454330000000001,-2.4492935982947064e-16,1.0,16,0.3503179848194122,13.4,Tobacco,Medium
-17.36,-9.2243,-8.13567,-2.4492935982947064e-16,1.0,16,0.3473627269268036,13.6,Tobacco,Medium
-18.12,-10.5993,-7.5207000000000015,-2.4492935982947064e-16,1.0,16,0.3305045366287231,12.0,Tobacco,Medium
-18.0781,-9.8641,-8.213999999999999,-2.4492935982947064e-16,1.0,16,0.3133893311023712,15.366666666666667,Tobacco,Medium
-16.5962,-9.8583,-6.737909999999999,-2.4492935982947064e-16,1.0,2,0.4700151085853576,14.3,Fallow,Medium
-16.5217,-10.0054,-6.516299999999999,-2.4492935982947064e-16,1.0,2,0.5146573781967163,14.9,Fallow,Medium
-15.532,-8.2082,-7.32385,-2.4492935982947064e-16,1.0,11,0.3397146463394165,26.4,Paddy,High
-15.728,-7.9874,-7.7406,-2.4492935982947064e-16,1.0,11,0.3434284031391144,43.2,Paddy,Very High
-16.9013,-11.5999,-5.301399999999999,-2.4492935982947064e-16,1.0,11,0.2902121841907501,15.166666666666666,Paddy,Medium
-18.244,-12.3101,-5.9338999999999995,-2.4492935982947064e-16,1.0,16,0.323977530002594,9.8,Tobacco,Low
-17.0564,-8.1123,-8.94413,-2.4492935982947064e-16,1.0,16,0.269207626581192,37.9,Tobacco,High
-16.4524,-10.4309,-6.021500000000001,-2.4492935982947064e-16,1.0,16,0.2146265059709549,7.5,Tobacco,Low
-17.5753,-11.0292,-6.546099999999999,-2.4492935982947064e-16,1.0,16,0.2839356660842895,26.4,Tobacco,High
-18.3824,-12.4277,-5.954700000000001,-2.4492935982947064e-16,1.0,19,0.3259658813476562,7.1,Wheat,Low
-16.9925,-8.8858,-8.10667,-2.4492935982947064e-16,1.0,19,0.3883844017982483,38.5,Wheat,High
-17.0497,-8.3388,-8.71094,-2.4492935982947064e-16,1.0,0,0.3400960564613342,41.1,Bhaji,Very High
-19.7611,-12.3533,-7.407799999999998,-2.4492935982947064e-16,1.0,19,0.3194864988327026,10.7,Wheat,Low
-19.2444,-12.0485,-7.195899999999998,-2.4492935982947064e-16,1.0,19,0.2233826220035553,7.3,Wheat,Low
-18.9984,-11.8662,-7.132200000000001,-2.4492935982947064e-16,1.0,19,0.2528948187828064,6.266666666666667,Wheat,Low
-16.5716,-9.3358,-7.235810000000001,-2.4492935982947064e-16,1.0,19,0.2689883112907409,13.7,Wheat,Medium
-16.2567,-9.37,-6.886729999999998,-2.4492935982947064e-16,1.0,19,0.2422577887773513,17.3,Wheat,Medium
-12.7493,-5.2225,-7.5267599999999995,-2.4492935982947064e-16,1.0,16,0.7025175094604492,27.9,Tobacco,High
-16.774,-8.1524,-8.62157,-2.4492935982947064e-16,1.0,16,0.4122737944126129,38.2,Tobacco,High
-12.1359,-6.5826,-5.5533399999999995,-2.4492935982947064e-16,1.0,16,0.5905717015266418,34.333333333333336,Tobacco,High
-17.7192,-10.3633,-7.3559,-2.4492935982947064e-16,1.0,16,0.3100397288799286,20.3,Tobacco,Medium
-17.6484,-9.4967,-8.151699999999998,-2.4492935982947064e-16,1.0,16,0.2301238477230072,21.5,Tobacco,Medium
-15.0873,-6.9088,-8.178450000000002,-2.4492935982947064e-16,1.0,16,0.5407820343971252,17.3,Tobacco,Medium
-15.4924,-7.8751,-7.61729,-2.4492935982947064e-16,1.0,16,0.6451372504234314,24.7,Tobacco,High
-15.0525,-7.5974,-7.4551300000000005,-2.4492935982947064e-16,1.0,16,0.7005980610847473,29.46666666666667,Tobacco,High
-11.5396,-7.6362,-3.9033800000000003,0.49999999999999994,0.8660254037844387,9,0.7587918043136597,8.7,Mustard,Low
-14.323,-8.9867,-5.336260000000001,0.49999999999999994,0.8660254037844387,1,0.7769068479537964,50.0,Chickori,Very High
-17.1612,-9.168,-7.993210000000001,0.49999999999999994,0.8660254037844387,1,0.8280568718910217,15.8,Chickori,Medium
-16.5228,-9.9822,-6.54064,0.49999999999999994,0.8660254037844387,7,0.3979523777961731,4.7,Lemon,Low
-15.4173,-9.8549,-5.5624199999999995,0.49999999999999994,0.8660254037844387,1,0.7995721697807312,5.533333333333333,Chickori,Low
-16.7824,-10.4499,-6.3325,0.49999999999999994,0.8660254037844387,19,0.820698082447052,17.6,Wheat,Medium
-15.5509,-9.0879,-6.46297,0.49999999999999994,0.8660254037844387,19,0.8465152978897095,31.7,Wheat,High
-16.0693,-10.7839,-5.285399999999999,0.49999999999999994,0.8660254037844387,19,0.8019609451293945,27.8,Wheat,High
-14.8419,-9.5072,-5.33474,0.49999999999999994,0.8660254037844387,19,0.802365779876709,28.0,Wheat,High
-14.8283,-10.8044,-4.023900000000001,0.49999999999999994,0.8660254037844387,19,0.7852907776832581,36.63333333333333,Wheat,High
-15.4123,-9.7091,-5.7031600000000005,0.49999999999999994,0.8660254037844387,19,0.7690652012825012,43.5,Wheat,Very High
-15.4243,-11.7283,-3.6959999999999997,0.49999999999999994,0.8660254037844387,19,0.7989683151245117,41.8,Wheat,Very High
-15.6351,-9.5733,-6.06184,0.49999999999999994,0.8660254037844387,19,0.8317873477935791,37.2,Wheat,High
-14.9015,-9.202,-5.699540000000001,0.49999999999999994,0.8660254037844387,19,0.7962200045585632,40.5,Wheat,Very High
-14.9442,-9.5903,-5.353900000000001,0.49999999999999994,0.8660254037844387,19,0.8002867698669434,35.63333333333333,Wheat,High
-16.7619,-9.9644,-6.79753,0.49999999999999994,0.8660254037844387,19,0.5443547964096069,13.5,Wheat,Medium
-15.7393,-10.3056,-5.4337,0.49999999999999994,0.8660254037844387,19,0.7431327104568481,28.1,Wheat,High
-13.9825,-9.4499,-4.53256,0.49999999999999994,0.8660254037844387,19,0.6278338432312012,50.0,Wheat,Very High
-13.7952,-9.4312,-4.364039999999999,0.49999999999999994,0.8660254037844387,19,0.6244401931762695,31.5,Wheat,High
-14.3261,-9.6332,-4.69295,0.49999999999999994,0.8660254037844387,19,0.5602172017097473,27.266666666666666,Wheat,High
-18.2454,-12.529,-5.7164,0.49999999999999994,0.8660254037844387,19,0.775957465171814,16.8,Wheat,Medium
-18.1042,-13.0443,-5.059899999999999,0.49999999999999994,0.8660254037844387,19,0.8187976479530334,19.2,Wheat,Medium
-19.2608,-13.241,-6.0198,0.49999999999999994,0.8660254037844387,19,0.8042178750038147,24.0,Wheat,Medium
-16.2866,-11.6541,-4.6325,0.49999999999999994,0.8660254037844387,19,0.8202428221702576,15.5,Wheat,Medium
-18.8024,-12.013,-6.789399999999999,0.49999999999999994,0.8660254037844387,19,0.8132244944572449,19.433333333333334,Wheat,Medium
-17.7822,-11.0555,-6.726699999999999,0.49999999999999994,0.8660254037844387,19,0.665546715259552,16.8,Wheat,Medium
-16.5881,-10.8434,-5.7447,0.49999999999999994,0.8660254037844387,19,0.7773237228393555,16.7,Wheat,Medium
-15.1856,-8.6489,-6.53674,0.49999999999999994,0.8660254037844387,19,0.820984423160553,40.5,Wheat,Very High
-14.7551,-9.4935,-5.26159,0.49999999999999994,0.8660254037844387,19,0.7572965621948242,44.4,Wheat,Very High
-16.9981,-10.8364,-6.1617000000000015,0.49999999999999994,0.8660254037844387,19,0.75853431224823,12.8,Wheat,Medium
-18.4114,-9.7301,-8.68133,0.49999999999999994,0.8660254037844387,2,0.3350036144256592,50.0,Fallow,Very High
-20.8136,-12.2341,-8.579500000000001,0.49999999999999994,0.8660254037844387,2,0.338436096906662,50.0,Fallow,Very High
-18.2702,-11.0335,-7.236699999999999,0.49999999999999994,0.8660254037844387,2,0.3765802681446075,50.0,Fallow,Very High
-20.0097,-14.2294,-5.780299999999999,0.49999999999999994,0.8660254037844387,2,0.3892558515071869,50.0,Fallow,Very High
-19.8683,-12.3218,-7.546500000000002,0.49999999999999994,0.8660254037844387,2,0.3317843079566955,50.0,Fallow,Very High
-14.4919,-10.0254,-4.4665,0.49999999999999994,0.8660254037844387,19,0.7460944652557373,46.5,Wheat,Very High
-14.6334,-9.0576,-5.5758399999999995,0.49999999999999994,0.8660254037844387,19,0.6074647903442383,42.3,Wheat,Very High
-15.221,-8.834,-6.3870000000000005,0.49999999999999994,0.8660254037844387,19,0.6380696892738342,39.5,Wheat,Very High
-14.4385,-9.0223,-5.41616,0.49999999999999994,0.8660254037844387,19,0.7077411413192749,48.0,Wheat,Very High
-14.1065,-8.9818,-5.12466,0.49999999999999994,0.8660254037844387,19,0.6368975639343262,50.0,Wheat,Very High
-12.9828,-8.4029,-4.579929999999999,0.49999999999999994,0.8660254037844387,19,0.5498975515365601,50.0,Wheat,Very High
-13.9989,-9.2293,-4.769580000000001,0.49999999999999994,0.8660254037844387,19,0.7410538792610168,50.0,Wheat,Very High
-13.4555,-9.2232,-4.23235,0.49999999999999994,0.8660254037844387,19,0.7270921468734741,37.1,Wheat,High
-13.9509,-8.3658,-5.585050000000001,0.49999999999999994,0.8660254037844387,19,0.5029134750366211,50.0,Wheat,Very High
-12.9206,-8.3828,-4.53782,0.49999999999999994,0.8660254037844387,19,0.5273835062980652,50.0,Wheat,Very High
-14.8409,-9.485,-5.355889999999999,0.49999999999999994,0.8660254037844387,19,0.7763887047767639,40.0,Wheat,Very High
-14.3227,-7.9842,-6.3384599999999995,0.49999999999999994,0.8660254037844387,19,0.8121300339698792,37.1,Wheat,High
-13.942,-7.9238,-6.0181700000000005,0.49999999999999994,0.8660254037844387,19,0.5799964666366577,41.7,Wheat,Very High
-14.9027,-9.8483,-5.054419999999999,0.49999999999999994,0.8660254037844387,19,0.7849395275115967,39.7,Wheat,Very High
-14.1597,-9.3237,-4.835990000000001,0.49999999999999994,0.8660254037844387,19,0.7112358808517456,42.6,Wheat,Very High
-18.8855,-12.1839,-6.701600000000001,0.49999999999999994,0.8660254037844387,19,0.7520002126693726,17.0,Wheat,Medium
-18.5168,-12.2374,-6.279400000000001,0.49999999999999994,0.8660254037844387,19,0.6679418683052063,22.7,Wheat,Medium
-16.2903,-8.9605,-7.329779999999998,0.49999999999999994,0.8660254037844387,16,0.6227924227714539,10.3,Tobacco,Low
-16.1573,-11.6706,-4.486699999999999,0.49999999999999994,0.8660254037844387,19,0.5747858285903931,28.6,Wheat,High
-18.1201,-12.2229,-5.8972000000000016,0.49999999999999994,0.8660254037844387,19,0.7677014470100403,18.0,Wheat,Medium
-16.5822,-11.0462,-5.536,0.49999999999999994,0.8660254037844387,19,0.8620753288269043,22.5,Wheat,Medium
-15.8812,-10.5153,-5.3659,0.49999999999999994,0.8660254037844387,19,0.7850779294967651,36.2,Wheat,High
-15.0137,-10.1711,-4.842600000000001,0.49999999999999994,0.8660254037844387,19,0.8203887939453125,39.3,Wheat,Very High
-15.817,-9.2426,-6.57437,0.49999999999999994,0.8660254037844387,19,0.8221702575683594,40.3,Wheat,Very High
-16.6993,-11.7079,-4.9914000000000005,0.49999999999999994,0.8660254037844387,19,0.6072055101394653,19.566666666666666,Wheat,Medium
-16.1574,-10.7433,-5.4140999999999995,0.49999999999999994,0.8660254037844387,19,0.7189890146255493,30.3,Wheat,High
-16.5286,-10.8412,-5.6874,0.49999999999999994,0.8660254037844387,19,0.7124611139297485,25.7,Wheat,High
-18.1929,-11.7019,-6.491000000000001,0.49999999999999994,0.8660254037844387,19,0.7336459159851074,26.2,Wheat,High
-17.8629,-11.268,-6.594899999999999,0.49999999999999994,0.8660254037844387,19,0.7213534712791443,22.7,Wheat,Medium
-18.3826,-12.7516,-5.631,0.49999999999999994,0.8660254037844387,19,0.7773857712745667,25.03333333333333,Wheat,High
-15.4043,-6.993,-8.41131,0.49999999999999994,0.8660254037844387,19,0.4227535426616668,39.8,Wheat,Very High
-15.4917,-9.121,-6.37072,0.49999999999999994,0.8660254037844387,19,0.4160894751548767,44.5,Wheat,Very High
-14.7563,-9.5884,-5.16794,0.49999999999999994,0.8660254037844387,19,0.5217609405517578,26.3,Wheat,High
-18.0314,-11.075,-6.956400000000002,0.49999999999999994,0.8660254037844387,2,0.3753686547279358,50.0,Fallow,Very High
-15.5752,-7.883,-7.69221,0.49999999999999994,0.8660254037844387,19,0.5011845827102661,42.1,Wheat,Very High
-14.8783,-8.508,-6.370289999999999,0.49999999999999994,0.8660254037844387,17,0.6464178562164307,14.7,Tobacco&Chickori,Medium
-15.3148,-7.9706,-7.34418,0.49999999999999994,0.8660254037844387,17,0.7913378477096558,18.0,Tobacco&Chickori,Medium
-14.718,-8.1607,-6.55728,0.49999999999999994,0.8660254037844387,1,0.7760290503501892,26.7,Chickori,High
-16.4789,-9.7555,-6.723419999999999,0.49999999999999994,0.8660254037844387,1,0.6276329755783081,31.5,Chickori,High
-15.6628,-9.2148,-6.447980000000001,0.49999999999999994,0.8660254037844387,1,0.6569545865058899,29.166666666666668,Chickori,High
-14.7798,-10.7378,-4.042,0.49999999999999994,0.8660254037844387,19,0.6487337350845337,21.9,Wheat,Medium
-16.0701,-9.7572,-6.31288,0.49999999999999994,0.8660254037844387,19,0.6470161080360413,21.1,Wheat,Medium
-14.0855,-9.1527,-4.93276,0.49999999999999994,0.8660254037844387,1,0.746345043182373,14.1,Chickori,Medium
-14.2032,-8.233,-5.97024,0.49999999999999994,0.8660254037844387,1,0.7982247471809387,17.4,Chickori,Medium
-14.9238,-10.6211,-4.3027,0.49999999999999994,0.8660254037844387,19,0.6350781321525574,25.3,Wheat,High
-15.1833,-9.3941,-5.78919,0.49999999999999994,0.8660254037844387,19,0.6801199913024902,36.3,Wheat,High
-14.2857,-8.8799,-5.405760000000001,0.49999999999999994,0.8660254037844387,19,0.7772881388664246,38.9,Wheat,High
-15.0224,-9.3205,-5.701919999999999,0.49999999999999994,0.8660254037844387,1,0.7364369630813599,36.3,Chickori,High
-14.6564,-9.5977,-5.05866,0.49999999999999994,0.8660254037844387,19,0.7934076189994812,39.2,Wheat,Very High
-14.6934,-8.9256,-5.76782,0.49999999999999994,0.8660254037844387,1,0.8030211925506592,38.233333333333334,Chickori,High
-15.2741,-11.7519,-3.5222000000000016,0.49999999999999994,0.8660254037844387,19,0.7628904581069946,50.0,Wheat,Very High
-15.2789,-9.3974,-5.88148,0.49999999999999994,0.8660254037844387,19,0.6843261122703552,26.1,Wheat,High
-14.2067,-8.6839,-5.5227900000000005,0.49999999999999994,0.8660254037844387,18,0.7016575336456299,50.0,Weed&Chickori,Very High
-14.8864,-10.3688,-4.5176,0.49999999999999994,0.8660254037844387,19,0.6691617369651794,50.0,Wheat,Very High
-16.0106,-11.0616,-4.949,0.49999999999999994,0.8660254037844387,19,0.8116638660430908,27.5,Wheat,High
-11.8141,-4.889,-6.9251,0.49999999999999994,0.8660254037844387,9,0.5337629318237305,11.1,Mustard,Low
-13.8549,-6.5847,-7.27024,0.49999999999999994,0.8660254037844387,16,0.7633345723152161,34.2,Tobacco,High
-12.5702,-6.8801,-5.690119999999999,0.49999999999999994,0.8660254037844387,16,0.6444444060325623,22.1,Tobacco,Medium
-15.5821,-9.4148,-6.16733,0.49999999999999994,0.8660254037844387,19,0.7812468409538269,34.0,Wheat,High
-13.1134,-6.6973,-6.416110000000001,0.49999999999999994,0.8660254037844387,16,0.7530391216278076,26.266666666666666,Tobacco,High
-12.0053,-4.5559,-7.44942,0.49999999999999994,0.8660254037844387,16,0.8328527808189392,34.6,Tobacco,High
-12.5588,-7.7593,-4.79951,0.49999999999999994,0.8660254037844387,19,0.8040478825569153,47.3,Wheat,Very High
-11.5177,-5.1475,-6.3702,0.49999999999999994,0.8660254037844387,16,0.8206207156181335,37.8,Tobacco,High
-12.3139,-4.6278,-7.686120000000001,0.49999999999999994,0.8660254037844387,16,0.7575812935829163,38.4,Tobacco,High
-8.5193,-4.3876,-4.13166,0.49999999999999994,0.8660254037844387,16,0.8291709423065186,38.6,Tobacco,High
-14.4875,-6.6508,-7.836660000000001,0.49999999999999994,0.8660254037844387,16,0.7908025979995728,20.4,Tobacco,Medium
-11.9224,-4.3803,-7.542059999999999,0.49999999999999994,0.8660254037844387,16,0.8197519183158875,18.6,Tobacco,Medium
-10.5732,-6.8397,-3.7335199999999995,0.49999999999999994,0.8660254037844387,16,0.7744932770729065,21.6,Tobacco,Medium
-13.9667,-8.9632,-5.003459999999999,0.49999999999999994,0.8660254037844387,19,0.7104744911193848,24.4,Wheat,High
-11.9098,-5.0624,-6.84745,0.49999999999999994,0.8660254037844387,16,0.8096903562545776,19.8,Tobacco,Medium
-15.2095,-8.1386,-7.0709,0.49999999999999994,0.8660254037844387,16,0.4954634010791778,24.9,Tobacco,High
-15.2798,-8.5286,-6.75122,0.49999999999999994,0.8660254037844387,16,0.4922888875007629,21.1,Tobacco,Medium
-14.9254,-6.8212,-8.10423,0.49999999999999994,0.8660254037844387,16,0.7081035375595093,24.9,Tobacco,High
-13.8776,-6.751,-7.126619999999999,0.49999999999999994,0.8660254037844387,16,0.7505767941474915,23.0,Tobacco,Medium
-14.103,-6.6389,-7.4640699999999995,0.49999999999999994,0.8660254037844387,16,0.7529719471931458,23.833333333333332,Tobacco,Medium
-13.7533,-6.4855,-7.267799999999999,0.49999999999999994,0.8660254037844387,16,0.7651432752609253,23.1,Tobacco,Medium
-9.0537,-5.7543,-3.2994000000000003,0.49999999999999994,0.8660254037844387,16,0.7819374203681946,41.2,Tobacco,Very High
-13.4286,-6.9343,-6.494319999999999,0.49999999999999994,0.8660254037844387,16,0.6062191724777222,26.7,Tobacco,High
-15.3144,-8.9413,-6.373139999999999,0.49999999999999994,0.8660254037844387,2,0.2999659776687622,19.1,Fallow,Medium
-13.7703,-7.8332,-5.93707,0.49999999999999994,0.8660254037844387,19,0.777433454990387,38.93333333333334,Wheat,High
-16.0378,-8.9877,-7.050090000000001,0.49999999999999994,0.8660254037844387,19,0.8814917802810669,21.9,Wheat,Medium
-16.4705,-11.4268,-5.043700000000001,0.49999999999999994,0.8660254037844387,0,0.8787902593612671,27.8,Bhaji,High
-16.4688,-11.9319,-4.536900000000001,0.49999999999999994,0.8660254037844387,19,0.851232647895813,27.8,Wheat,High
-15.2937,-8.633,-6.660689999999999,0.49999999999999994,0.8660254037844387,19,0.8637825846672058,21.3,Wheat,Medium
-17.2874,-10.9716,-6.315800000000001,0.49999999999999994,0.8660254037844387,19,0.8766987919807434,20.46666666666667,Wheat,Medium
-15.49,-10.5958,-4.8942,0.49999999999999994,0.8660254037844387,19,0.6976013779640198,39.3,Wheat,Very High
-14.8411,-9.1836,-5.65751,0.49999999999999994,0.8660254037844387,19,0.7211920022964478,22.0,Wheat,Medium
-15.9913,-10.7964,-5.1949000000000005,0.49999999999999994,0.8660254037844387,19,0.6832854151725769,29.0,Wheat,High
-16.8731,-12.7584,-4.114700000000001,0.49999999999999994,0.8660254037844387,19,0.7258942127227783,26.5,Wheat,High
-15.2175,-10.0722,-5.145299999999999,0.49999999999999994,0.8660254037844387,19,0.7022784352302551,20.03333333333333,Wheat,Medium
-15.3651,-10.5871,-4.7780000000000005,0.49999999999999994,0.8660254037844387,19,0.7128675580024719,8.6,Wheat,Low
-16.02,-11.404,-4.616,0.49999999999999994,0.8660254037844387,19,0.7386771440505981,9.0,Wheat,Low
-11.4553,-5.5054,-5.949929999999999,0.49999999999999994,0.8660254037844387,16,0.8188015818595886,29.4,Tobacco,High
-13.3615,-8.2175,-5.14401,0.49999999999999994,0.8660254037844387,16,0.5754896402359009,26.3,Tobacco,High
-12.6595,-6.2101,-6.44942,0.49999999999999994,0.8660254037844387,16,0.773800253868103,28.066666666666666,Tobacco,High
-15.6868,-9.3728,-6.314019999999999,0.49999999999999994,0.8660254037844387,19,0.8351327776908875,28.9,Wheat,High
-14.3984,-7.8459,-6.5524700000000005,0.49999999999999994,0.8660254037844387,16,0.7991873621940613,16.8,Tobacco,Medium
-14.3983,-6.4435,-7.954760000000001,0.49999999999999994,0.8660254037844387,16,0.7131390571594238,46.0,Tobacco,Very High
-13.4604,-5.8558,-7.60457,0.49999999999999994,0.8660254037844387,16,0.7777947783470154,38.9,Tobacco,High
-13.4343,-5.6126,-7.82165,0.49999999999999994,0.8660254037844387,16,0.7407367825508118,36.766666666666666,Tobacco,High
-12.186,-8.2394,-3.94656,0.49999999999999994,0.8660254037844387,9,0.6093207001686096,11.5,Mustard,Low
-14.2387,-8.5873,-5.651399999999999,0.49999999999999994,0.8660254037844387,1,0.8209767937660217,30.3,Chickori,High
-15.5438,-9.5159,-6.027869999999998,0.49999999999999994,0.8660254037844387,1,0.8148130178451538,21.9,Chickori,Medium
-16.0669,-9.9207,-6.146180000000001,0.49999999999999994,0.8660254037844387,7,0.3812215328216553,9.4,Lemon,Low
-14.9784,-8.8465,-6.1319,0.49999999999999994,0.8660254037844387,1,0.7802767753601074,13.3,Chickori,Medium
-17.6583,-9.9583,-7.699960000000001,0.49999999999999994,0.8660254037844387,19,0.8463135361671448,17.3,Wheat,Medium
-16.3201,-10.9422,-5.3779,0.49999999999999994,0.8660254037844387,19,0.8296179175376892,24.3,Wheat,Medium
-16.9359,-12.4538,-4.482100000000001,0.49999999999999994,0.8660254037844387,19,0.8033418655395508,21.3,Wheat,Medium
-17.0737,-11.5407,-5.5329999999999995,0.49999999999999994,0.8660254037844387,19,0.803918719291687,16.8,Wheat,Medium
-17.3451,-11.4806,-5.864499999999998,0.49999999999999994,0.8660254037844387,19,0.7854345440864563,18.333333333333332,Wheat,Medium
-16.2627,-11.1686,-5.094099999999999,0.49999999999999994,0.8660254037844387,19,0.7919299602508545,37.7,Wheat,High
-15.7022,-11.468,-4.2341999999999995,0.49999999999999994,0.8660254037844387,19,0.8232339024543762,27.5,Wheat,High
-16.2336,-10.1653,-6.068299999999999,0.49999999999999994,0.8660254037844387,19,0.8412504196166992,24.3,Wheat,Medium
-15.956,-11.3401,-4.6159,0.49999999999999994,0.8660254037844387,19,0.8280095458030701,30.6,Wheat,High
-16.9755,-12.5233,-4.4521999999999995,0.49999999999999994,0.8660254037844387,19,0.819474995136261,26.8,Wheat,High
-15.6671,-10.1801,-5.487,0.49999999999999994,0.8660254037844387,19,0.7102228999137878,14.4,Wheat,Medium
-16.0585,-10.2699,-5.788599999999999,0.49999999999999994,0.8660254037844387,19,0.8206031918525696,23.9,Wheat,Medium
-15.4619,-10.7014,-4.7605,0.49999999999999994,0.8660254037844387,19,0.6776034832000732,26.8,Wheat,High
-15.5571,-10.7794,-4.777699999999999,0.49999999999999994,0.8660254037844387,19,0.7113465666770935,20.0,Wheat,Medium
-14.9434,-10.2317,-4.7117,0.49999999999999994,0.8660254037844387,19,0.6934393048286438,20.033333333333335,Wheat,Medium
-17.1166,-10.9082,-6.2083999999999975,0.49999999999999994,0.8660254037844387,19,0.8326779007911682,44.6,Wheat,Very High
-16.932,-11.0939,-5.838099999999999,0.49999999999999994,0.8660254037844387,19,0.8556836247444153,49.7,Wheat,Very High
-16.5729,-11.9191,-4.6538,0.49999999999999994,0.8660254037844387,19,0.8634351491928101,56.4,Wheat,Very High
-16.2743,-10.7624,-5.511900000000001,0.49999999999999994,0.8660254037844387,19,0.862449049949646,42.8,Wheat,Very High
-16.9523,-11.6317,-5.320600000000001,0.49999999999999994,0.8660254037844387,19,0.8617368340492249,49.5,Wheat,Very High
-15.6288,-10.6945,-4.9343,0.49999999999999994,0.8660254037844387,19,0.7536037564277649,46.7,Wheat,Very High
-14.2659,-8.3912,-5.87467,0.49999999999999994,0.8660254037844387,19,0.8168456554412842,41.8,Wheat,Very High
-15.9383,-10.9094,-5.0289,0.49999999999999994,0.8660254037844387,19,0.820698082447052,31.3,Wheat,High
-15.9894,-11.2299,-4.759499999999999,0.49999999999999994,0.8660254037844387,19,0.7807399034500122,49.6,Wheat,Very High
-15.6686,-11.0403,-4.628299999999999,0.49999999999999994,0.8660254037844387,19,0.8179334998130798,47.833333333333336,Wheat,Very High
-19.0665,-12.2615,-6.8050000000000015,0.49999999999999994,0.8660254037844387,2,0.3515525162220001,50.0,Fallow,Very High
-19.5801,-12.3222,-7.257900000000001,0.49999999999999994,0.8660254037844387,2,0.2494472414255142,50.0,Fallow,Very High
-19.2929,-9.3066,-9.98631,0.49999999999999994,0.8660254037844387,2,0.2790410220623016,50.0,Fallow,Very High
-21.2272,-14.123,-7.1042000000000005,0.49999999999999994,0.8660254037844387,2,0.2102133184671402,50.0,Fallow,Very High
-19.8921,-12.155,-7.7371,0.49999999999999994,0.8660254037844387,2,0.2178352922201156,50.0,Fallow,Very High
-16.8547,-11.9814,-4.8733,0.49999999999999994,0.8660254037844387,19,0.770058810710907,30.4,Wheat,High
-16.6034,-10.905,-5.698400000000001,0.49999999999999994,0.8660254037844387,19,0.7170172333717346,21.5,Wheat,Medium
-15.4321,-8.8347,-6.597379999999999,0.49999999999999994,0.8660254037844387,19,0.7647072076797485,50.0,Wheat,Very High
-15.5413,-10.3801,-5.161199999999999,0.49999999999999994,0.8660254037844387,19,0.7258082628250122,24.8,Wheat,High
-16.3067,-10.8623,-5.4444,0.49999999999999994,0.8660254037844387,19,0.6686744093894958,31.8,Wheat,High
-16.5009,-9.0651,-7.435810000000002,0.49999999999999994,0.8660254037844387,19,0.5992639064788818,28.3,Wheat,High
-15.6414,-10.0537,-5.587700000000002,0.49999999999999994,0.8660254037844387,19,0.7406314611434937,27.7,Wheat,High
-15.8904,-8.9293,-6.961069999999999,0.49999999999999994,0.8660254037844387,19,0.7436071634292603,35.4,Wheat,High
-15.1796,-9.4795,-5.70007,0.49999999999999994,0.8660254037844387,19,0.5079169273376465,29.7,Wheat,High
-15.2609,-8.2486,-7.01229,0.49999999999999994,0.8660254037844387,19,0.5299714803695679,33.766666666666666,Wheat,High
-17.3715,-12.6838,-4.687700000000001,0.49999999999999994,0.8660254037844387,19,0.7922943830490112,18.2,Wheat,Medium
-14.1088,-9.8626,-4.246180000000001,0.49999999999999994,0.8660254037844387,19,0.810092568397522,20.5,Wheat,Medium
-14.8262,-9.1171,-5.709149999999999,0.49999999999999994,0.8660254037844387,19,0.636594295501709,27.1,Wheat,High
-17.2411,-11.5787,-5.6624,0.49999999999999994,0.8660254037844387,19,0.8003483414649963,19.3,Wheat,Medium
-16.3782,-11.2489,-5.129299999999999,0.49999999999999994,0.8660254037844387,19,0.7367398738861084,20.933333333333334,Wheat,Medium
-15.205,-11.7508,-3.4542,0.49999999999999994,0.8660254037844387,19,0.8289811611175537,50.0,Wheat,Very High
-17.3032,-10.4226,-6.880600000000001,0.49999999999999994,0.8660254037844387,19,0.7873433232307434,50.0,Wheat,Very High
-14.5867,-5.5524,-9.03433,0.49999999999999994,0.8660254037844387,16,0.6772090196609497,50.0,Tobacco,Very High
-15.4608,-9.6714,-5.7894000000000005,0.49999999999999994,0.8660254037844387,19,0.6618168950080872,50.0,Wheat,Very High
-16.582,-10.9173,-5.664700000000002,0.49999999999999994,0.8660254037844387,19,0.8441034555435181,50.0,Wheat,Very High
-15.9931,-10.4864,-5.5067,0.49999999999999994,0.8660254037844387,19,0.8978325724601746,45.2,Wheat,Very High
-15.2281,-10.7843,-4.4437999999999995,0.49999999999999994,0.8660254037844387,19,0.8568950295448303,37.1,Wheat,High
-14.7895,-10.6469,-4.1426,0.49999999999999994,0.8660254037844387,19,0.8477861285209656,39.2,Wheat,Very High
-14.7874,-10.9792,-3.8081999999999994,0.49999999999999994,0.8660254037844387,19,0.8403942584991455,37.1,Wheat,High
-14.8197,-11.2465,-3.5732,0.49999999999999994,0.8660254037844387,19,0.7741228342056274,49.766666666666666,Wheat,Very High
-14.4206,-8.2929,-6.12767,0.49999999999999994,0.8660254037844387,19,0.7890979051589966,31.5,Wheat,High
-16.1968,-9.8968,-6.29997,0.49999999999999994,0.8660254037844387,19,0.787697434425354,40.0,Wheat,Very High
-15.307,-11.7033,-3.6037,0.49999999999999994,0.8660254037844387,19,0.8147757649421692,41.2,Wheat,Very High
-14.6731,-10.6978,-3.975299999999999,0.49999999999999994,0.8660254037844387,19,0.8253268599510193,35.0,Wheat,High
-14.2847,-11.1177,-3.1670000000000016,0.49999999999999994,0.8660254037844387,19,0.8288548588752747,31.466666666666665,Wheat,High
-15.6839,-9.708,-5.975949999999999,0.49999999999999994,0.8660254037844387,19,0.5202876925468445,26.4,Wheat,High
-16.3498,-10.7903,-5.559499999999998,0.49999999999999994,0.8660254037844387,19,0.4619880020618438,29.7,Wheat,High
-14.6972,-10.2006,-4.496600000000001,0.49999999999999994,0.8660254037844387,19,0.5482714772224426,31.7,Wheat,High
-16.8298,-11.5686,-5.261199999999999,0.49999999999999994,0.8660254037844387,2,0.4096950888633728,50.0,Fallow,Very High
-16.1381,-10.3474,-5.790700000000001,0.49999999999999994,0.8660254037844387,19,0.6330188512802124,22.46666666666667,Wheat,Medium
-14.697,-8.0968,-6.600199999999999,0.49999999999999994,0.8660254037844387,17,0.6491031646728516,11.9,Tobacco&Chickori,Medium
-14.8821,-7.4203,-7.461779999999999,0.49999999999999994,0.8660254037844387,17,0.7709901332855225,13.2,Tobacco&Chickori,Medium
-13.8753,-9.3372,-4.538089999999999,0.49999999999999994,0.8660254037844387,1,0.7709011435508728,24.2,Chickori,Medium
-14.7001,-8.4297,-6.270420000000001,0.49999999999999994,0.8660254037844387,1,0.675575852394104,22.6,Chickori,Medium
-14.2055,-7.7373,-6.468210000000001,0.49999999999999994,0.8660254037844387,1,0.6367067694664001,23.8,Chickori,Medium
-14.0663,-9.2435,-4.8227899999999995,0.49999999999999994,0.8660254037844387,19,0.6835986375808716,28.5,Wheat,High
-13.9646,-9.5386,-4.42604,0.49999999999999994,0.8660254037844387,19,0.7050175070762634,25.8,Wheat,High
-13.1507,-8.512,-4.638680000000001,0.49999999999999994,0.8660254037844387,1,0.7839329838752747,29.8,Chickori,High
-13.8451,-8.0208,-5.82427,0.49999999999999994,0.8660254037844387,1,0.8058809638023376,25.1,Chickori,High
-13.693,-9.185,-4.508039999999999,0.49999999999999994,0.8660254037844387,19,0.6919481158256531,23.2,Wheat,Medium
-16.5834,-9.9401,-6.6432600000000015,0.49999999999999994,0.8660254037844387,19,0.6750994324684143,18.4,Wheat,Medium
-15.7677,-10.2866,-5.4811,0.49999999999999994,0.8660254037844387,19,0.7627883553504944,27.4,Wheat,High
-14.9713,-10.4383,-4.5329999999999995,0.49999999999999994,0.8660254037844387,1,0.7343319654464722,25.8,Chickori,High
-15.27,-10.4266,-4.843399999999999,0.49999999999999994,0.8660254037844387,19,0.765407145023346,30.4,Wheat,High
-15.1571,-10.6741,-4.4830000000000005,0.49999999999999994,0.8660254037844387,1,0.7173144817352295,27.566666666666666,Chickori,High
-15.4661,-10.3945,-5.0716,0.49999999999999994,0.8660254037844387,19,0.7795685529708862,26.9,Wheat,High
-16.0858,-10.1902,-5.895599999999998,0.49999999999999994,0.8660254037844387,19,0.7077462673187256,16.8,Wheat,Medium
-15.5935,-10.3974,-5.196100000000001,0.49999999999999994,0.8660254037844387,18,0.7431795597076416,24.1,Weed&Chickori,Medium
-16.8782,-11.3452,-5.5329999999999995,0.49999999999999994,0.8660254037844387,19,0.7010461688041687,25.4,Wheat,High
-15.6528,-11.0237,-4.629099999999999,0.49999999999999994,0.8660254037844387,19,0.841554582118988,22.46666666666667,Wheat,Medium
-12.1096,-4.3533,-7.75628,0.49999999999999994,0.8660254037844387,9,0.5255792140960693,37.6,Mustard,High
-12.6734,-6.9067,-5.766710000000001,0.49999999999999994,0.8660254037844387,16,0.7722718119621277,31.6,Tobacco,High
-12.5303,-6.384,-6.14625,0.49999999999999994,0.8660254037844387,16,0.6795821189880371,28.4,Tobacco,High
-14.1099,-8.3081,-5.8017900000000004,0.49999999999999994,0.8660254037844387,19,0.8009356260299683,28.3,Wheat,High
-12.6323,-6.1456,-6.486650000000001,0.49999999999999994,0.8660254037844387,16,0.7516619563102722,23.633333333333333,Tobacco,Medium
-11.5008,-4.5588,-6.94201,0.49999999999999994,0.8660254037844387,16,0.8150926828384399,23.6,Tobacco,Medium
-12.2565,-9.206,-3.050510000000001,0.49999999999999994,0.8660254037844387,19,0.803601086139679,26.5,Wheat,High
-13.6459,-5.1357,-8.510179999999998,0.49999999999999994,0.8660254037844387,16,0.8079000115394592,21.6,Tobacco,Medium
-12.2502,-3.9287,-8.32146,0.49999999999999994,0.8660254037844387,16,0.7490458488464355,19.5,Tobacco,Medium
-12.9911,-4.2588,-8.732299999999999,0.49999999999999994,0.8660254037844387,16,0.8008238673210144,24.466666666666665,Tobacco,High
-13.6907,-6.3444,-7.34634,0.49999999999999994,0.8660254037844387,16,0.7723818421363831,30.1,Tobacco,High
-11.3752,-3.2291,-8.1461,0.49999999999999994,0.8660254037844387,16,0.807077169418335,29.3,Tobacco,High
-12.7811,-4.8449,-7.936170000000001,0.49999999999999994,0.8660254037844387,16,0.759384274482727,35.1,Tobacco,High
-16.2037,-8.2756,-7.928080000000001,0.49999999999999994,0.8660254037844387,19,0.7443371415138245,18.8,Wheat,Medium
-12.3364,-3.9925,-8.343919999999999,0.49999999999999994,0.8660254037844387,16,0.7914661765098572,27.733333333333334,Tobacco,High
-14.5675,-7.0228,-7.544720000000001,0.49999999999999994,0.8660254037844387,16,0.5555214881896973,29.7,Tobacco,High
-14.8695,-6.811,-8.05851,0.49999999999999994,0.8660254037844387,16,0.5235267877578735,35.2,Tobacco,High
-13.516,-4.3039,-9.21213,0.49999999999999994,0.8660254037844387,16,0.6778164505958557,24.7,Tobacco,High
-12.8364,-4.9663,-7.8701099999999995,0.49999999999999994,0.8660254037844387,16,0.7219568490982056,28.2,Tobacco,High
-15.0041,-4.5617,-10.442429999999998,0.49999999999999994,0.8660254037844387,16,0.731700599193573,27.433333333333334,Tobacco,High
-12.1865,-5.4804,-6.706080000000001,0.49999999999999994,0.8660254037844387,16,0.7649477124214172,34.9,Tobacco,High
-12.0578,-3.9384,-8.11942,0.49999999999999994,0.8660254037844387,16,0.7590562105178833,23.2,Tobacco,Medium
-11.4954,-5.0013,-6.49409,0.49999999999999994,0.8660254037844387,16,0.703525185585022,29.0,Tobacco,High
-16.354,-6.909,-9.44497,0.49999999999999994,0.8660254037844387,2,0.3422577679157257,17.8,Fallow,Medium
-14.5777,-9.9303,-4.64742,0.49999999999999994,0.8660254037844387,19,0.8043698668479919,18.1,Wheat,Medium
-13.4346,-8.8233,-4.61129,0.49999999999999994,0.8660254037844387,19,0.8747281432151794,21.7,Wheat,Medium
-15.5961,-11.2159,-4.3802,0.49999999999999994,0.8660254037844387,0,0.889119029045105,39.3,Bhaji,Very High
-15.6754,-12.2058,-3.4696,0.49999999999999994,0.8660254037844387,19,0.8637335896492004,25.6,Wheat,High
-14.0467,-9.3351,-4.71162,0.49999999999999994,0.8660254037844387,19,0.8674197196960449,22.1,Wheat,Medium
-14.5869,-11.4771,-3.1098,0.49999999999999994,0.8660254037844387,19,0.8700267672538757,20.133333333333333,Wheat,Medium
-15.6336,-10.8891,-4.7445,0.49999999999999994,0.8660254037844387,19,0.7252386212348938,19.8,Wheat,Medium
-16.152,-9.8488,-6.303160000000002,0.49999999999999994,0.8660254037844387,19,0.745122492313385,25.9,Wheat,High
-14.949,-9.3817,-5.567270000000001,0.49999999999999994,0.8660254037844387,19,0.7555138468742371,34.7,Wheat,High
-14.2766,-10.6539,-3.6227,0.49999999999999994,0.8660254037844387,19,0.8057892918586731,39.6,Wheat,Very High
-14.2282,-9.7708,-4.457429999999999,0.49999999999999994,0.8660254037844387,19,0.7719029188156128,43.03333333333333,Wheat,Very High
-14.7608,-9.6349,-5.12588,0.49999999999999994,0.8660254037844387,19,0.7633231282234192,50.0,Wheat,Very High
-14.1151,-9.439,-4.67606,0.49999999999999994,0.8660254037844387,19,0.7996571660041809,29.1,Wheat,High
-7.9816,-2.472,-5.50969,0.49999999999999994,0.8660254037844387,16,0.7972456812858582,19.1,Tobacco,Medium
-13.6156,-5.8275,-7.78809,0.49999999999999994,0.8660254037844387,16,0.6248610615730286,39.7,Tobacco,Very High
-11.9856,-7.1613,-4.82433,0.49999999999999994,0.8660254037844387,16,0.7596498131752014,17.03333333333333,Tobacco,Medium
-14.9478,-9.2546,-5.69322,0.49999999999999994,0.8660254037844387,19,0.8244006633758545,40.6,Wheat,Very High
-14.4127,-6.2802,-8.13253,0.49999999999999994,0.8660254037844387,16,0.8379411697387695,34.7,Tobacco,High
-12.4329,-5.9923,-6.44062,0.49999999999999994,0.8660254037844387,16,0.6344043612480164,22.7,Tobacco,Medium
-14.2756,-7.0729,-7.202710000000001,0.49999999999999994,0.8660254037844387,16,0.7576547265052795,25.9,Tobacco,High
-13.338,-4.8338,-8.504199999999999,0.49999999999999994,0.8660254037844387,16,0.7061954140663147,25.566666666666666,Tobacco,High
-15.7491,-7.5579,-8.19117,0.8660254037844386,0.5000000000000001,2,0.4092406332492828,31.7,Fallow,High
-15.1052,-10.042,-5.0632,0.8660254037844386,0.5000000000000001,1,0.846638023853302,15.0,Chickori,Medium
-16.2079,-8.8364,-7.371529999999998,0.8660254037844386,0.5000000000000001,1,0.8579398989677429,30.4,Chickori,High
-16.8035,-10.1382,-6.6653,0.8660254037844386,0.5000000000000001,7,0.357879638671875,1.9,Lemon,Low
-15.1126,-8.2686,-6.843950000000001,0.8660254037844386,0.5000000000000001,1,0.8293548822402954,32.7,Chickori,High
-16.4743,-11.4755,-4.998799999999999,0.8660254037844386,0.5000000000000001,19,0.87892746925354,25.5,Wheat,High
-15.1228,-11.4411,-3.6816999999999993,0.8660254037844386,0.5000000000000001,19,0.8669365644454956,29.1,Wheat,High
-17.507,-11.8249,-5.682100000000002,0.8660254037844386,0.5000000000000001,19,0.8410068154335022,21.8,Wheat,Medium
-17.0632,-11.7332,-5.329999999999998,0.8660254037844386,0.5000000000000001,19,0.8111699819564819,14.7,Wheat,Medium
-16.7978,-12.5305,-4.267299999999999,0.8660254037844386,0.5000000000000001,19,0.8109196424484253,21.2,Wheat,Medium
-14.4156,-10.3629,-4.0527,0.8660254037844386,0.5000000000000001,19,0.8325033783912659,33.6,Wheat,High
-15.6359,-12.5786,-3.0572999999999997,0.8660254037844386,0.5000000000000001,19,0.8578881025314331,31.3,Wheat,High
-15.5467,-12.6783,-2.8683999999999994,0.8660254037844386,0.5000000000000001,19,0.8675727248191833,30.7,Wheat,High
-15.7564,-12.4753,-3.2810999999999986,0.8660254037844386,0.5000000000000001,19,0.8664335012435913,35.1,Wheat,High
-16.4941,-14.4765,-2.0176,0.8660254037844386,0.5000000000000001,19,0.8593926429748535,33.766666666666666,Wheat,High
-16.4377,-10.5224,-5.9153,0.8660254037844386,0.5000000000000001,19,0.8007796406745911,24.4,Wheat,High
-17.6211,-11.8147,-5.806399999999998,0.8660254037844386,0.5000000000000001,19,0.8830379843711853,26.4,Wheat,High
-16.2021,-10.2135,-5.988600000000002,0.8660254037844386,0.5000000000000001,19,0.7426942586898804,39.4,Wheat,Very High
-15.084,-10.2963,-4.787699999999999,0.8660254037844386,0.5000000000000001,19,0.8103203177452087,29.8,Wheat,High
-15.6963,-10.1023,-5.594000000000001,0.8660254037844386,0.5000000000000001,19,0.7934911251068115,35.0,Wheat,High
-18.468,-14.5624,-3.9055999999999997,0.8660254037844386,0.5000000000000001,19,0.8623838424682617,24.4,Wheat,High
-19.2072,-13.9204,-5.2867999999999995,0.8660254037844386,0.5000000000000001,19,0.8770034313201904,21.1,Wheat,Medium
-18.4306,-13.4764,-4.954199999999998,0.8660254037844386,0.5000000000000001,19,0.8984187841415405,26.1,Wheat,High
-18.2222,-12.0832,-6.139000000000001,0.8660254037844386,0.5000000000000001,19,0.8936365842819214,20.5,Wheat,Medium
-19.2194,-13.793,-5.426400000000001,0.8660254037844386,0.5000000000000001,19,0.886473536491394,24.099999999999998,Wheat,Medium
-16.9186,-11.3492,-5.569400000000002,0.8660254037844386,0.5000000000000001,19,0.7972859144210815,36.1,Wheat,High
-15.3345,-9.5173,-5.81719,0.8660254037844386,0.5000000000000001,19,0.8668203353881836,23.6,Wheat,Medium
-15.3917,-12.0598,-3.331900000000001,0.8660254037844386,0.5000000000000001,19,0.8197914958000183,42.8,Wheat,Very High
-16.3063,-12.5773,-3.729000000000001,0.8660254037844386,0.5000000000000001,19,0.7823847532272339,36.5,Wheat,High
-17.1663,-12.4968,-4.669499999999999,0.8660254037844386,0.5000000000000001,19,0.8430957794189453,24.133333333333333,Wheat,Medium
-19.0664,-10.012,-9.054400000000001,0.8660254037844386,0.5000000000000001,2,0.5111754536628723,50.0,Fallow,Very High
-20.3766,-10.2549,-10.1217,0.8660254037844386,0.5000000000000001,2,0.3904879093170166,50.0,Fallow,Very High
-18.3143,-9.6863,-8.628039999999999,0.8660254037844386,0.5000000000000001,2,0.2127365320920944,50.0,Fallow,Very High
-20.1205,-11.5837,-8.5368,0.8660254037844386,0.5000000000000001,2,0.236516535282135,50.0,Fallow,Very High
-20.8537,-10.708,-10.1457,0.8660254037844386,0.5000000000000001,2,0.2634961307048797,50.0,Fallow,Very High
-16.1803,-11.364,-4.816299999999998,0.8660254037844386,0.5000000000000001,19,0.8329830169677734,26.6,Wheat,High
-16.1281,-11.3174,-4.810700000000001,0.8660254037844386,0.5000000000000001,19,0.7877753973007202,33.7,Wheat,High
-16.6327,-11.7589,-4.873799999999999,0.8660254037844386,0.5000000000000001,19,0.8599166870117188,24.4,Wheat,High
-16.0887,-11.5934,-4.4952999999999985,0.8660254037844386,0.5000000000000001,19,0.7886269688606262,33.9,Wheat,High
-16.5498,-11.6801,-4.869700000000002,0.8660254037844386,0.5000000000000001,19,0.6925313472747803,47.96666666666667,Wheat,Very High
-14.8039,-10.2797,-4.5242,0.8660254037844386,0.5000000000000001,19,0.6340007185935974,49.1,Wheat,Very High
-15.5351,-10.0788,-5.456300000000001,0.8660254037844386,0.5000000000000001,19,0.7704702615737915,48.9,Wheat,Very High
-15.6903,-10.0819,-5.608400000000001,0.8660254037844386,0.5000000000000001,19,0.7943128943443298,53.8,Wheat,Very High
-14.7325,-9.9132,-4.8193,0.8660254037844386,0.5000000000000001,19,0.6007429957389832,48.0,Wheat,Very High
-14.9716,-10.1914,-4.780200000000001,0.8660254037844386,0.5000000000000001,19,0.5610145926475525,51.96666666666667,Wheat,Very High
-16.0458,-13.2941,-2.7516999999999996,0.8660254037844386,0.5000000000000001,19,0.8242611885070801,28.1,Wheat,High
-16.5984,-12.242,-4.356400000000001,0.8660254037844386,0.5000000000000001,19,0.8511335253715515,30.2,Wheat,High
-17.4355,-12.5944,-4.841100000000001,0.8660254037844386,0.5000000000000001,19,0.6549658179283142,16.8,Wheat,Medium
-16.2953,-12.8667,-3.428600000000001,0.8660254037844386,0.5000000000000001,19,0.8343484997749329,29.7,Wheat,High
-16.1075,-12.892,-3.2155000000000022,0.8660254037844386,0.5000000000000001,19,0.8020169138908386,28.566666666666666,Wheat,High
-16.0629,-11.17,-4.892899999999999,0.8660254037844386,0.5000000000000001,19,0.8432469367980957,41.8,Wheat,Very High
-16.749,-11.3867,-5.362299999999999,0.8660254037844386,0.5000000000000001,19,0.8532639741897583,46.6,Wheat,Very High
-13.5618,-6.5733,-6.9885399999999995,0.8660254037844386,0.5000000000000001,16,0.7345833778381348,29.9,Tobacco,High
-15.0753,-12.4199,-2.6554,0.8660254037844386,0.5000000000000001,19,0.6607922911643982,28.6,Wheat,High
-15.5535,-12.6043,-2.9491999999999994,0.8660254037844386,0.5000000000000001,19,0.8765095472335815,42.1,Wheat,Very High
-16.9501,-11.9964,-4.9536999999999995,0.8660254037844386,0.5000000000000001,19,0.9004751443862915,27.7,Wheat,High
-17.8469,-13.5827,-4.264200000000001,0.8660254037844386,0.5000000000000001,19,0.8655550479888916,37.0,Wheat,High
-16.4281,-11.4382,-4.9899000000000004,0.8660254037844386,0.5000000000000001,19,0.8615058660507202,39.2,Wheat,Very High
-16.8341,-11.0909,-5.7432,0.8660254037844386,0.5000000000000001,19,0.8623064160346985,21.0,Wheat,Medium
-18.0379,-12.4407,-5.597200000000001,0.8660254037844386,0.5000000000000001,19,0.7862099409103394,23.07,Wheat,Medium
-16.7416,-11.0354,-5.706199999999999,0.8660254037844386,0.5000000000000001,19,0.8060720562934875,42.6,Wheat,Very High
-16.5068,-11.0835,-5.423299999999998,0.8660254037844386,0.5000000000000001,19,0.7893718481063843,37.6,Wheat,High
-17.3975,-11.7555,-5.642000000000001,0.8660254037844386,0.5000000000000001,19,0.8591418266296387,36.6,Wheat,High
-15.2671,-11.3885,-3.8785999999999987,0.8660254037844386,0.5000000000000001,19,0.8378682136535645,45.14,Wheat,Very High
-16.2803,-12.9453,-3.335000000000001,0.8660254037844386,0.5000000000000001,19,0.8462032675743103,38.6,Wheat,High
-16.7959,-8.9608,-7.835149999999999,0.8660254037844386,0.5000000000000001,19,0.6842734217643738,27.5,Wheat,High
-17.3603,-11.6946,-5.665699999999999,0.8660254037844386,0.5000000000000001,19,0.5366518497467041,32.6,Wheat,High
-16.5714,-10.2256,-6.3458000000000006,0.8660254037844386,0.5000000000000001,19,0.6081038117408752,15.4,Wheat,Medium
-16.2213,-11.6649,-4.5564,0.8660254037844386,0.5000000000000001,2,0.4260687530040741,50.0,Fallow,Very High
-17.1606,-10.3937,-6.766899999999998,0.8660254037844386,0.5000000000000001,19,0.7836798429489136,33.266666666666666,Wheat,High
-14.5588,-10.0122,-4.5466,0.8660254037844386,0.5000000000000001,17,0.651856541633606,10.6,Tobacco&Chickori,Low
-15.5967,-7.0393,-8.557400000000001,0.8660254037844386,0.5000000000000001,17,0.7672629952430725,9.0,Tobacco&Chickori,Low
-15.1353,-8.9542,-6.18106,0.8660254037844386,0.5000000000000001,1,0.7816092371940613,20.8,Chickori,Medium
-13.771,-9.0568,-4.71424,0.8660254037844386,0.5000000000000001,1,0.7060100436210632,34.6,Chickori,High
-13.9581,-9.1712,-4.786860000000001,0.8660254037844386,0.5000000000000001,1,0.6021626591682434,31.23333333333333,Chickori,High
-14.6997,-10.7492,-3.9505,0.8660254037844386,0.5000000000000001,19,0.7073163986206055,50.0,Wheat,Very High
-16.4437,-11.8627,-4.5809999999999995,0.8660254037844386,0.5000000000000001,19,0.7206010222434998,50.0,Wheat,Very High
-13.5356,-8.2404,-5.29524,0.8660254037844386,0.5000000000000001,1,0.788568913936615,50.0,Chickori,Very High
-13.9604,-8.4315,-5.528879999999999,0.8660254037844386,0.5000000000000001,1,0.7810910940170288,50.0,Chickori,Very High
-15.1217,-11.2737,-3.8480000000000008,0.8660254037844386,0.5000000000000001,19,0.6935657858848572,50.0,Wheat,Very High
-16.1329,-10.7805,-5.352399999999999,0.8660254037844386,0.5000000000000001,19,0.750617265701294,21.5,Wheat,Medium
-15.2355,-9.7272,-5.508319999999999,0.8660254037844386,0.5000000000000001,1,0.7985556721687317,32.6,Chickori,High
-15.5838,-12.1967,-3.3871,0.8660254037844386,0.5000000000000001,19,0.8127905130386353,28.9,Wheat,High
-15.5949,-9.9822,-5.612680000000001,0.8660254037844386,0.5000000000000001,1,0.7490009665489197,34.666666666666664,Chickori,High
-16.6021,-10.1763,-6.425800000000001,0.8660254037844386,0.5000000000000001,19,0.821295976638794,26.8,Wheat,High
-16.1309,-11.4482,-4.6827000000000005,0.8660254037844386,0.5000000000000001,19,0.7983057498931885,13.3,Wheat,Medium
-16.1358,-10.6999,-5.4359,0.8660254037844386,0.5000000000000001,18,0.8231377601623535,38.8,Weed&Chickori,High
-16.6825,-11.1733,-5.509200000000002,0.8660254037844386,0.5000000000000001,19,0.735361635684967,27.9,Wheat,High
-17.3046,-11.0105,-6.2941,0.8660254037844386,0.5000000000000001,19,0.8770557045936584,22.633333333333333,Wheat,Medium
-12.7777,-7.3896,-5.388129999999999,0.8660254037844386,0.5000000000000001,9,0.544124960899353,16.5,Mustard,Medium
-12.7871,-6.1302,-6.656930000000001,0.8660254037844386,0.5000000000000001,16,0.7281820774078369,36.2,Tobacco,High
-13.2865,-6.6146,-6.67192,0.8660254037844386,0.5000000000000001,16,0.7075698375701904,33.5,Tobacco,High
-15.0006,-9.2736,-5.7270199999999996,0.8660254037844386,0.5000000000000001,19,0.8509861826896667,22.7,Wheat,Medium
-13.2657,-6.3488,-6.916930000000001,0.8660254037844386,0.5000000000000001,16,0.7643441557884216,32.63333333333333,Tobacco,High
-9.2966,-2.3939,-6.902699999999999,0.8660254037844386,0.5000000000000001,16,0.8382431864738464,14.4,Tobacco,Medium
-13.6349,-10.0861,-3.5488,0.8660254037844386,0.5000000000000001,19,0.8216631412506104,49.6,Wheat,Very High
-13.1988,-7.2985,-5.90029,0.8660254037844386,0.5000000000000001,16,0.8151358366012573,39.3,Tobacco,Very High
-11.1272,-2.691,-8.436250000000001,0.8660254037844386,0.5000000000000001,16,0.7854928374290466,36.6,Tobacco,High
-11.8073,-6.0663,-5.74099,0.8660254037844386,0.5000000000000001,16,0.8184395432472229,36.53333333333333,Tobacco,High
-14.1498,-6.682,-7.467810000000001,0.8660254037844386,0.5000000000000001,16,0.7560133337974548,22.5,Tobacco,Medium
-12.6271,-4.476,-8.15108,0.8660254037844386,0.5000000000000001,16,0.7998555302619934,25.1,Tobacco,High
-13.4989,-3.7701,-9.72879,0.8660254037844386,0.5000000000000001,16,0.729556143283844,22.7,Tobacco,Medium
-15.9557,-12.0358,-3.9199,0.8660254037844386,0.5000000000000001,19,0.7607414722442627,21.4,Wheat,Medium
-13.9548,-5.4406,-8.51421,0.8660254037844386,0.5000000000000001,16,0.7784267663955688,24.0,Tobacco,Medium
-14.1771,-6.1092,-8.06793,0.8660254037844386,0.5000000000000001,16,0.6546537280082703,32.3,Tobacco,High
-14.1747,-7.6564,-6.518339999999999,0.8660254037844386,0.5000000000000001,16,0.633338987827301,30.5,Tobacco,High
-13.6783,-1.9596,-11.71875,0.8660254037844386,0.5000000000000001,16,0.7083551287651062,52.3,Tobacco,Very High
-12.3941,-4.3587,-8.03538,0.8660254037844386,0.5000000000000001,16,0.7388052940368652,32.9,Tobacco,High
-12.0652,-4.6056,-7.459640000000001,0.8660254037844386,0.5000000000000001,16,0.7310203909873962,34.7,Tobacco,High
-13.5964,-4.3463,-9.2501,0.8660254037844386,0.5000000000000001,16,0.7457797527313232,35.3,Tobacco,High
-13.1855,-6.1165,-7.068969999999999,0.8660254037844386,0.5000000000000001,16,0.7729859352111816,43.3,Tobacco,Very High
-12.8693,-5.3484,-7.520900000000001,0.8660254037844386,0.5000000000000001,16,0.716130793094635,32.2,Tobacco,High
-15.7576,-9.8819,-5.87566,0.8660254037844386,0.5000000000000001,2,0.2755844295024872,40.0,Fallow,Very High
-14.2261,-8.6493,-5.57676,0.8660254037844386,0.5000000000000001,19,0.8295825123786926,39.6,Wheat,Very High
-16.5653,-10.6457,-5.919600000000001,0.8660254037844386,0.5000000000000001,19,0.8937801718711853,17.2,Wheat,Medium
-16.5034,-12.2592,-4.244199999999999,0.8660254037844386,0.5000000000000001,0,0.9045761823654176,13.6,Bhaji,Medium
-16.4598,-12.9666,-3.4932000000000016,0.8660254037844386,0.5000000000000001,19,0.9020408391952516,20.0,Wheat,Medium
-15.4804,-10.624,-4.856399999999999,0.8660254037844386,0.5000000000000001,19,0.8836818337440491,9.8,Wheat,Low
-16.4297,-12.6553,-3.7744,0.8660254037844386,0.5000000000000001,19,0.8991281986236572,12.833333333333332,Wheat,Medium
-17.5549,-12.3335,-5.221399999999999,0.8660254037844386,0.5000000000000001,19,0.737360417842865,22.3,Wheat,Medium
-16.1217,-11.725,-4.396700000000001,0.8660254037844386,0.5000000000000001,19,0.7847349047660828,43.6,Wheat,Very High
-16.0894,-11.8105,-4.278900000000002,0.8660254037844386,0.5000000000000001,19,0.7443296313285828,43.9,Wheat,Very High
-16.9901,-11.8096,-5.180500000000002,0.8660254037844386,0.5000000000000001,19,0.8606721758842468,39.5,Wheat,Very High
-16.1811,-11.6881,-4.493,0.8660254037844386,0.5000000000000001,19,0.7900270223617554,44.233333333333334,Wheat,Very High
-16.2317,-11.885,-4.3467,0.8660254037844386,0.5000000000000001,19,0.7412108778953552,15.8,Wheat,Medium
-16.6162,-10.893,-5.7231999999999985,0.8660254037844386,0.5000000000000001,19,0.809621274471283,10.0,Wheat,Low
-11.394,-5.1163,-6.27766,0.8660254037844386,0.5000000000000001,16,0.7868872284889221,17.3,Tobacco,Medium
-12.8372,-5.6282,-7.208959999999999,0.8660254037844386,0.5000000000000001,16,0.7123161554336548,26.6,Tobacco,High
-12.1822,-6.5289,-5.6532599999999995,0.8660254037844386,0.5000000000000001,16,0.7713940143585205,22.1,Tobacco,Medium
-14.6779,-9.0242,-5.653749999999999,0.8660254037844386,0.5000000000000001,19,0.8292223811149597,50.0,Wheat,Very High
-14.7466,-8.9044,-5.842220000000001,0.8660254037844386,0.5000000000000001,16,0.8463298678398132,38.7,Tobacco,High
-14.341,-6.5992,-7.741779999999999,0.8660254037844386,0.5000000000000001,16,0.6281536817550659,32.1,Tobacco,High
-14.7369,-6.9765,-7.760420000000001,0.8660254037844386,0.5000000000000001,16,0.7307416796684265,21.2,Tobacco,Medium
-13.9063,-6.0789,-7.82744,0.8660254037844386,0.5000000000000001,16,0.670581042766571,24.599999999999998,Tobacco,High
-16.6105,-8.2474,-8.363129999999998,1.0,6.123233995736766e-17,2,0.2965487539768219,10.4,Fallow,Low
-17.42,-9.3494,-8.070630000000001,1.0,6.123233995736766e-17,1,0.8503944277763367,19.7,Chickori,Medium
-16.9565,-10.3548,-6.601699999999999,1.0,6.123233995736766e-17,1,0.808624804019928,32.6,Chickori,High
-16.6423,-10.6463,-5.995999999999999,1.0,6.123233995736766e-17,7,0.3912548720836639,3.9,Lemon,Low
-16.3737,-10.0251,-6.348599999999999,1.0,6.123233995736766e-17,1,0.7857645750045776,23.933333333333334,Chickori,Medium
-17.3071,-12.2447,-5.0623999999999985,1.0,6.123233995736766e-17,19,0.4704238772392273,14.0,Wheat,Medium
-17.2182,-12.2952,-4.923,1.0,6.123233995736766e-17,19,0.3960081040859222,11.7,Wheat,Low
-18.6923,-12.9807,-5.711599999999999,1.0,6.123233995736766e-17,19,0.4993088543415069,11.3,Wheat,Low
-17.9139,-13.7103,-4.203600000000002,1.0,6.123233995736766e-17,19,0.4113110899925232,15.6,Wheat,Medium
-18.3684,-12.2842,-6.084200000000001,1.0,6.123233995736766e-17,19,0.51951664686203,9.166666666666666,Wheat,Low
-16.3651,-9.8015,-6.563620000000002,1.0,6.123233995736766e-17,19,0.5252220034599304,10.8,Wheat,Low
-16.2817,-12.0364,-4.2453,1.0,6.123233995736766e-17,19,0.4640030264854431,15.1,Wheat,Medium
-16.2783,-11.9357,-4.342600000000001,1.0,6.123233995736766e-17,19,0.4101350903511047,17.9,Wheat,Medium
-17.1377,-12.2888,-4.848899999999999,1.0,6.123233995736766e-17,19,0.4146876037120819,12.1,Wheat,Medium
-17.4448,-12.3909,-5.0539000000000005,1.0,6.123233995736766e-17,19,0.4152397215366363,15.5,Wheat,Medium
-12.8715,-9.2567,-3.6147599999999986,1.0,6.123233995736766e-17,19,0.5701470971107483,42.9,Wheat,Very High
-14.5133,-11.0847,-3.4285999999999994,1.0,6.123233995736766e-17,19,0.5867800116539001,35.4,Wheat,High
-15.5729,-10.9391,-4.633800000000001,1.0,6.123233995736766e-17,19,0.4030833840370178,21.1,Wheat,Medium
-16.3855,-10.433,-5.952500000000001,1.0,6.123233995736766e-17,3,0.4821842312812805,19.5,Fodder,Medium
-14.2083,-9.7861,-4.422229999999999,1.0,6.123233995736766e-17,19,0.5886603593826294,34.333333333333336,Wheat,High
-15.9872,-12.6533,-3.3339,1.0,6.123233995736766e-17,19,0.4927922785282135,23.7,Wheat,Medium
-16.6462,-12.0565,-4.589700000000001,1.0,6.123233995736766e-17,19,0.5143614411354065,26.5,Wheat,High
-16.4501,-12.7393,-3.710799999999999,1.0,6.123233995736766e-17,19,0.5633956789970398,29.9,Wheat,High
-16.003,-9.7791,-6.223929999999999,1.0,6.123233995736766e-17,19,0.5427513718605042,29.8,Wheat,High
-15.8325,-12.2752,-3.5572999999999997,1.0,6.123233995736766e-17,19,0.5710452795028687,32.2,Wheat,High
-16.0076,-11.5455,-4.4620999999999995,1.0,6.123233995736766e-17,19,0.4512644112110138,16.2,Wheat,Medium
-14.8155,-9.0334,-5.7820599999999995,1.0,6.123233995736766e-17,19,0.5245958566665649,20.3,Wheat,Medium
-17.9016,-11.0257,-6.875899999999998,1.0,6.123233995736766e-17,19,0.3616755604743957,8.5,Wheat,Low
-18.3952,-13.0445,-5.3507,1.0,6.123233995736766e-17,19,0.3883315622806549,17.0,Wheat,Medium
-17.0559,-11.9057,-5.150200000000002,1.0,6.123233995736766e-17,19,0.4676289558410644,9.933333333333334,Wheat,Low
-16.3783,-10.434,-5.9443,1.0,6.123233995736766e-17,11,0.8069493174552917,50.0,Paddy,Very High
-17.5256,-10.5302,-6.9954,1.0,6.123233995736766e-17,11,0.8578600883483887,50.0,Paddy,Very High
-17.1383,-8.7888,-8.349490000000001,1.0,6.123233995736766e-17,11,0.7569425106048584,50.0,Paddy,Very High
-17.9127,-9.865,-8.047730000000001,1.0,6.123233995736766e-17,11,0.838513195514679,50.0,Paddy,Very High
-17.9407,-8.8102,-9.13051,1.0,6.123233995736766e-17,11,0.8318085074424744,50.0,Paddy,Very High
-17.447,-12.1793,-5.2677,1.0,6.123233995736766e-17,19,0.4830933809280395,10.1,Wheat,Low
-16.7146,-12.7791,-3.935500000000001,1.0,6.123233995736766e-17,19,0.5768972635269165,17.5,Wheat,Medium
-14.9904,-12.7406,-2.2497999999999987,1.0,6.123233995736766e-17,19,0.5700494050979614,33.9,Wheat,High
-17.6639,-12.1437,-5.520200000000001,1.0,6.123233995736766e-17,19,0.4214987456798553,15.6,Wheat,Medium
-17.5062,-14.1722,-3.3339999999999996,1.0,6.123233995736766e-17,19,0.4300740659236908,23.266666666666666,Wheat,Medium
-17.5427,-12.5039,-5.0388,1.0,6.123233995736766e-17,19,0.3449244201183319,12.3,Wheat,Medium
-17.0112,-11.8528,-5.1583999999999985,1.0,6.123233995736766e-17,19,0.4393330514431,12.6,Wheat,Medium
-15.5752,-11.6772,-3.8980000000000015,1.0,6.123233995736766e-17,19,0.4802113175392151,11.1,Wheat,Low
-16.0703,-12.6702,-3.4001,1.0,6.123233995736766e-17,19,0.3560802638530731,7.6,Wheat,Low
-17.2573,-12.3123,-4.945,1.0,6.123233995736766e-17,19,0.2925257086753845,21.466666666666665,Wheat,Medium
-18.9129,-12.9722,-5.9407,1.0,6.123233995736766e-17,19,0.3466698825359344,8.7,Wheat,Low
-15.9252,-12.1334,-3.7918000000000003,1.0,6.123233995736766e-17,19,0.3339267373085022,10.6,Wheat,Low
-17.2232,-13.0049,-4.218299999999999,1.0,6.123233995736766e-17,19,0.3811914026737213,19.4,Wheat,Medium
-18.7375,-13.1885,-5.549000000000001,1.0,6.123233995736766e-17,19,0.390839546918869,9.0,Wheat,Low
-17.8612,-12.9842,-4.877000000000001,1.0,6.123233995736766e-17,19,0.4059326648712158,8.733333333333333,Wheat,Low
-16.1713,-12.4847,-3.6865999999999985,1.0,6.123233995736766e-17,19,0.4843711256980896,15.6,Wheat,Medium
-16.5226,-12.3652,-4.157400000000001,1.0,6.123233995736766e-17,19,0.6633805632591248,28.1,Wheat,High
-12.1042,-5.3098,-6.79445,1.0,6.123233995736766e-17,16,0.6712174415588379,26.2,Tobacco,High
-15.4239,-11.2271,-4.1968,1.0,6.123233995736766e-17,19,0.5122621059417725,50.0,Wheat,Very High
-14.4156,-11.6202,-2.795399999999999,1.0,6.123233995736766e-17,19,0.6458061337471008,38.599999999999994,Wheat,High
-17.2478,-13.9372,-3.310600000000001,1.0,6.123233995736766e-17,19,0.6216504573822021,31.5,Wheat,High
-15.4331,-12.1299,-3.3032000000000004,1.0,6.123233995736766e-17,19,0.5510036945343018,18.2,Wheat,Medium
-15.9007,-11.9878,-3.9129000000000005,1.0,6.123233995736766e-17,19,0.355307936668396,29.3,Wheat,High
-15.65,-11.4399,-4.210100000000001,1.0,6.123233995736766e-17,19,0.6300665736198425,27.0,Wheat,High
-16.1545,-13.4087,-2.745799999999999,1.0,6.123233995736766e-17,19,0.5803846716880798,39.1,Wheat,Very High
-15.4791,-10.3972,-5.081900000000001,1.0,6.123233995736766e-17,19,0.4630116820335388,32.3,Wheat,High
-17.444,-12.3715,-5.0725,1.0,6.123233995736766e-17,19,0.4265202283859253,18.4,Wheat,Medium
-15.3519,-12.0284,-3.323500000000001,1.0,6.123233995736766e-17,19,0.5643877387046814,21.3,Wheat,Medium
-17.312,-12.9357,-4.3763000000000005,1.0,6.123233995736766e-17,19,0.3998409807682037,31.4,Wheat,High
-17.7503,-12.8909,-4.859399999999999,1.0,6.123233995736766e-17,19,0.4118850231170654,21.3,Wheat,Medium
-16.4958,-11.6347,-4.861099999999999,1.0,6.123233995736766e-17,19,0.6032337546348572,26.4,Wheat,High
-17.3336,-12.5616,-4.772,1.0,6.123233995736766e-17,19,0.4060467183589935,24.3,Wheat,Medium
-18.0618,-13.2636,-4.798200000000001,1.0,6.123233995736766e-17,19,0.2893441915512085,6.1,Wheat,Low
-18.0524,-12.6235,-5.428899999999999,1.0,6.123233995736766e-17,2,0.4507761001586914,50.0,Fallow,Very High
-16.7866,-12.0461,-4.740500000000001,1.0,6.123233995736766e-17,19,0.5763329863548279,24.066666666666666,Wheat,Medium
-14.7559,-9.3029,-5.45303,1.0,6.123233995736766e-17,17,0.6938740611076355,10.0,Tobacco&Chickori,Low
-15.1132,-9.1651,-5.948120000000001,1.0,6.123233995736766e-17,17,0.7314464449882507,12.8,Tobacco&Chickori,Medium
-15.8728,-10.1428,-5.73,1.0,6.123233995736766e-17,17,0.7639135122299194,25.0,Tobacco&Chickori,High
-15.6287,-9.3306,-6.29805,1.0,6.123233995736766e-17,17,0.6674555540084839,24.9,Tobacco&Chickori,High
-14.9659,-9.3583,-5.6076,1.0,6.123233995736766e-17,17,0.6220378279685974,28.033333333333335,Tobacco&Chickori,High
-16.3219,-11.7705,-4.551399999999999,1.0,6.123233995736766e-17,19,0.5617238879203796,20.5,Wheat,Medium
-15.9613,-11.3877,-4.573599999999999,1.0,6.123233995736766e-17,19,0.6612423658370972,21.5,Wheat,Medium
-16.4354,-11.081,-5.354400000000002,1.0,6.123233995736766e-17,1,0.7881994843482971,26.9,Chickori,High
-16.9237,-11.0487,-5.875,1.0,6.123233995736766e-17,1,0.5361829996109009,23.8,Chickori,Medium
-16.4029,-10.9246,-5.478299999999999,1.0,6.123233995736766e-17,19,0.5446680188179016,18.53333333333333,Wheat,Medium
-15.6554,-11.5393,-4.116099999999999,1.0,6.123233995736766e-17,19,0.5929221510887146,18.2,Wheat,Medium
-14.4477,-9.6995,-4.748199999999999,1.0,6.123233995736766e-17,1,0.7743937969207764,25.2,Chickori,High
-14.7729,-9.6614,-5.11148,1.0,6.123233995736766e-17,1,0.721934974193573,13.3,Chickori,Medium
-17.0983,-12.1376,-4.9606999999999974,1.0,6.123233995736766e-17,19,0.278570681810379,11.9,Wheat,Medium
-14.8425,-10.0662,-4.776299999999999,1.0,6.123233995736766e-17,1,0.7237209677696228,22.7,Chickori,Medium
-17.0015,-11.2018,-5.7997,1.0,6.123233995736766e-17,19,0.4245504438877105,9.9,Wheat,Low
-15.8597,-11.9994,-3.8603000000000005,1.0,6.123233995736766e-17,19,0.6797904968261719,6.3,Wheat,Low
-15.17,-12.0915,-3.0785,1.0,6.123233995736766e-17,1,0.760352611541748,14.6,Chickori,Medium
-18.0121,-12.3552,-5.6569,1.0,6.123233995736766e-17,19,0.4213306605815887,9.5,Wheat,Low
-16.7538,-12.0534,-4.700399999999998,1.0,6.123233995736766e-17,19,0.5197924375534058,8.866666666666667,Wheat,Low
-13.7115,-7.0989,-6.612609999999999,1.0,6.123233995736766e-17,13,0.5385017991065979,26.7,Pearl Millet,High
-15.7834,-9.4411,-6.342280000000001,1.0,6.123233995736766e-17,16,0.6481349468231201,19.4,Tobacco,Medium
-15.8141,-10.4552,-5.3589,1.0,6.123233995736766e-17,16,0.5335494875907898,14.3,Tobacco,Medium
-16.1347,-10.0176,-6.117099999999999,1.0,6.123233995736766e-17,19,0.5858190059661865,18.4,Wheat,Medium
-15.3249,-8.0773,-7.2476199999999995,1.0,6.123233995736766e-17,16,0.5938999056816101,14.899999999999999,Tobacco,Medium
-12.6285,-5.5482,-7.080310000000001,1.0,6.123233995736766e-17,16,0.7108410596847534,11.5,Tobacco,Low
-16.4507,-11.7825,-4.668200000000001,1.0,6.123233995736766e-17,19,0.3657492101192474,10.6,Wheat,Low
-13.842,-7.9526,-5.8894400000000005,1.0,6.123233995736766e-17,16,0.6753948926925659,29.8,Tobacco,High
-13.2748,-6.304,-6.970790000000001,1.0,6.123233995736766e-17,16,0.6986599564552307,22.5,Tobacco,Medium
-13.1435,-6.8019,-6.3415799999999996,1.0,6.123233995736766e-17,16,0.6929440498352051,24.833333333333332,Tobacco,High
-15.6703,-7.7414,-7.928869999999999,1.0,6.123233995736766e-17,16,0.5736659169197083,20.1,Tobacco,Medium
-13.0004,-6.5048,-6.495570000000001,1.0,6.123233995736766e-17,16,0.6189229488372803,9.9,Tobacco,Low
-14.4055,-7.4684,-6.93712,1.0,6.123233995736766e-17,16,0.5456340909004211,13.1,Tobacco,Medium
-17.0059,-10.6621,-6.3438,1.0,6.123233995736766e-17,19,0.3379523456096649,8.6,Wheat,Low
-15.19,-7.7474,-7.442609999999999,1.0,6.123233995736766e-17,16,0.5778192281723022,15.566666666666666,Tobacco,Medium
-16.4876,-8.132,-8.355550000000001,1.0,6.123233995736766e-17,13,0.2336164265871048,40.6,Pearl Millet,Very High
-16.1771,-10.613,-5.5641,1.0,6.123233995736766e-17,13,0.3748731613159179,38.1,Pearl Millet,High
-13.1007,-7.4471,-5.65362,1.0,6.123233995736766e-17,16,0.6453469395637512,13.8,Tobacco,Medium
-14.8844,-7.1926,-7.691749999999999,1.0,6.123233995736766e-17,16,0.637137770652771,15.8,Tobacco,Medium
-13.97,-7.0041,-6.9659,1.0,6.123233995736766e-17,16,0.6299058198928833,16.1,Tobacco,Medium
-18.7186,-12.7144,-6.004199999999999,1.0,6.123233995736766e-17,16,0.2685916423797607,9.2,Tobacco,Low
-14.3749,-6.5564,-7.81852,1.0,6.123233995736766e-17,16,0.639640748500824,20.5,Tobacco,Medium
-14.4165,-6.7836,-7.63294,1.0,6.123233995736766e-17,16,0.5521109700202942,14.9,Tobacco,Medium
-18.033,-10.5767,-7.456300000000001,1.0,6.123233995736766e-17,2,0.1867635846138,22.2,Fallow,Medium
-16.1953,-10.0226,-6.172699999999999,1.0,6.123233995736766e-17,19,0.3913962841033935,8.866666666666667,Wheat,Low
-18.2417,-12.1704,-6.071300000000001,1.0,6.123233995736766e-17,19,0.4407801032066345,5.0,Wheat,Low
-17.8181,-12.9422,-4.8759000000000015,1.0,6.123233995736766e-17,0,0.4621008634567261,12.5,Bhaji,Medium
-17.8626,-12.4164,-5.446200000000001,1.0,6.123233995736766e-17,19,0.5655456185340881,12.9,Wheat,Medium
-17.0784,-11.1385,-5.939899999999998,1.0,6.123233995736766e-17,19,0.4345230758190155,9.7,Wheat,Low
-18.4907,-12.4082,-6.0825,1.0,6.123233995736766e-17,19,0.4826667606830597,9.1,Wheat,Low
-17.7424,-14.073,-3.6693999999999996,1.0,6.123233995736766e-17,19,0.4712010622024536,14.9,Wheat,Medium
-17.665,-12.9636,-4.7014,1.0,6.123233995736766e-17,19,0.7070392966270447,11.2,Wheat,Low
-19.025,-13.2409,-5.784099999999999,1.0,6.123233995736766e-17,19,0.4485507309436798,7.5,Wheat,Low
-18.2412,-13.8937,-4.347499999999998,1.0,6.123233995736766e-17,19,0.4974762797355652,7.3,Wheat,Low
-18.539,-13.5575,-4.981500000000002,1.0,6.123233995736766e-17,19,0.4756534695625305,7.866666666666666,Wheat,Low
-15.3511,-11.0892,-4.261900000000001,1.0,6.123233995736766e-17,19,0.5016036033630371,17.9,Wheat,Medium
-15.4795,-12.5479,-2.9315999999999995,1.0,6.123233995736766e-17,19,0.5134854912757874,18.1,Wheat,Medium
-15.2343,-8.2947,-6.939639999999999,1.0,6.123233995736766e-17,16,0.6034864783287048,14.7,Tobacco,Medium
-14.7162,-8.6099,-6.106310000000001,1.0,6.123233995736766e-17,16,0.6415885090827942,11.1,Tobacco,Low
-14.8094,-9.4677,-5.34169,1.0,6.123233995736766e-17,16,0.5572248101234436,17.8,Tobacco,Medium
-16.2047,-8.1578,-8.04685,1.0,6.123233995736766e-17,3,0.4305199682712555,39.6,Fodder,Very High
-15.4805,-8.922,-6.558529999999999,1.0,6.123233995736766e-17,1,0.8332575559616089,34.3,Chickori,High
-16.0453,-9.4344,-6.610900000000001,1.0,6.123233995736766e-17,1,0.8027326464653015,35.1,Chickori,High
-16.8575,-10.406,-6.451500000000001,1.0,6.123233995736766e-17,7,0.3592848181724548,5.8,Lemon,Low
-15.7507,-8.5546,-7.196149999999999,1.0,6.123233995736766e-17,1,0.8073610663414001,39.766666666666666,Chickori,Very High
-17.5013,-10.4036,-7.0977,1.0,6.123233995736766e-17,19,0.3016357123851776,9.4,Wheat,Low
-18.125,-12.3652,-5.7598,1.0,6.123233995736766e-17,19,0.2346061915159225,6.2,Wheat,Low
-18.9649,-10.8365,-8.128400000000001,1.0,6.123233995736766e-17,19,0.3122002482414245,7.4,Wheat,Low
-20.0177,-12.7441,-7.273600000000002,1.0,6.123233995736766e-17,19,0.2549426555633545,7.7,Wheat,Low
-19.1654,-12.8755,-6.289900000000001,1.0,6.123233995736766e-17,19,0.4271564483642578,6.7,Wheat,Low
-16.2517,-11.852,-4.399699999999999,1.0,6.123233995736766e-17,19,0.2773846685886383,8.1,Wheat,Low
-18.2734,-12.848,-5.425399999999998,1.0,6.123233995736766e-17,19,0.2343020737171173,8.2,Wheat,Low
-18.5325,-12.0067,-6.5257999999999985,1.0,6.123233995736766e-17,19,0.1951348185539245,3.3,Wheat,Low
-19.1223,-11.2553,-7.866999999999999,1.0,6.123233995736766e-17,19,0.2016317546367645,8.9,Wheat,Low
-20.0966,-12.8149,-7.281699999999999,1.0,6.123233995736766e-17,19,0.1946666538715362,8.966666666666667,Wheat,Low
-17.1008,-12.0098,-5.090999999999999,1.0,6.123233995736766e-17,19,0.294219046831131,13.5,Wheat,Medium
-18.6375,-13.7609,-4.8766,1.0,6.123233995736766e-17,19,0.2234206944704055,8.1,Wheat,Low
-19.5445,-12.9904,-6.5541,1.0,6.123233995736766e-17,19,0.263653039932251,11.8,Wheat,Low
-20.6462,-13.4372,-7.209,1.0,6.123233995736766e-17,2,0.239628255367279,6.5,Fallow,Low
-19.4288,-13.374,-6.054799999999998,1.0,6.123233995736766e-17,19,0.2618342339992523,11.5,Wheat,Low
-20.4393,-14.4652,-5.9741,1.0,6.123233995736766e-17,19,0.2452593594789505,9.9,Wheat,Low
-19.2448,-15.1282,-4.116600000000002,1.0,6.123233995736766e-17,19,0.2480558902025222,7.4,Wheat,Low
-20.5439,-15.0913,-5.4526,1.0,6.123233995736766e-17,19,0.2499724924564361,13.1,Wheat,Medium
-18.7917,-11.3634,-7.428299999999998,1.0,6.123233995736766e-17,19,0.2495633065700531,16.1,Wheat,Medium
-21.1622,-14.6008,-6.561399999999999,1.0,6.123233995736766e-17,19,0.2572470307350158,12.466666666666667,Wheat,Medium
-18.8226,-12.0859,-6.736700000000001,1.0,6.123233995736766e-17,19,0.2647759616374969,11.6,Wheat,Low
-17.8609,-12.3302,-5.530700000000001,1.0,6.123233995736766e-17,19,0.3199754655361175,8.4,Wheat,Low
-19.2538,-12.2654,-6.988399999999999,1.0,6.123233995736766e-17,19,0.2155572772026062,14.6,Wheat,Medium
-17.8046,-13.2369,-4.5677,1.0,6.123233995736766e-17,19,0.2176599353551864,7.1,Wheat,Low
-19.9341,-14.9047,-5.029400000000001,1.0,6.123233995736766e-17,19,0.2641206383705139,8.933333333333334,Wheat,Low
-15.4954,-11.9714,-3.524000000000001,1.0,6.123233995736766e-17,11,0.8706000447273254,50.0,Paddy,Very High
-17.9667,-12.2668,-5.6998999999999995,1.0,6.123233995736766e-17,11,0.8869019746780396,50.0,Paddy,Very High
-18.1656,-12.0498,-6.115800000000002,1.0,6.123233995736766e-17,11,0.8097274303436279,50.0,Paddy,Very High
-17.7197,-13.2334,-4.4863,1.0,6.123233995736766e-17,11,0.8871108889579773,50.0,Paddy,Very High
-17.0457,-11.6065,-5.4392,1.0,6.123233995736766e-17,11,0.8770759105682373,50.0,Paddy,Very High
-18.5071,-13.0667,-5.4404,1.0,6.123233995736766e-17,19,0.2032642215490341,5.7,Wheat,Low
-18.4877,-13.4561,-5.031600000000001,1.0,6.123233995736766e-17,19,0.2940886914730072,10.6,Wheat,Low
-19.582,-12.6759,-6.9061,1.0,6.123233995736766e-17,19,0.2199411392211914,10.9,Wheat,Low
-18.3967,-12.3502,-6.0465,1.0,6.123233995736766e-17,19,0.233727291226387,5.2,Wheat,Low
-20.2387,-13.6042,-6.634500000000001,1.0,6.123233995736766e-17,19,0.2437773495912552,8.666666666666666,Wheat,Low
-18.644,-12.0079,-6.636099999999999,1.0,6.123233995736766e-17,19,0.2320249378681183,8.9,Wheat,Low
-16.9925,-11.9639,-5.028599999999999,1.0,6.123233995736766e-17,19,0.2908267974853515,8.3,Wheat,Low
-16.7941,-12.0122,-4.7819,1.0,6.123233995736766e-17,19,0.3256585597991943,10.0,Wheat,Low
-20.8084,-14.8714,-5.936999999999999,1.0,6.123233995736766e-17,19,0.229201540350914,7.8,Wheat,Low
-17.8611,-13.4854,-4.3757,1.0,6.123233995736766e-17,19,0.219512403011322,16.833333333333332,Wheat,Medium
-20.604,-14.0517,-6.552299999999999,1.0,6.123233995736766e-17,19,0.1853193640708923,5.8,Wheat,Low
-18.81,-14.0509,-4.759099999999998,1.0,6.123233995736766e-17,19,0.1963210701942443,6.9,Wheat,Low
-18.6911,-13.88,-4.811099999999998,1.0,6.123233995736766e-17,19,0.2065252065658569,8.5,Wheat,Low
-21.0778,-13.9358,-7.1419999999999995,1.0,6.123233995736766e-17,19,0.1977093815803527,5.7,Wheat,Low
-20.4974,-13.8849,-6.612499999999999,1.0,6.123233995736766e-17,19,0.19875568151474,4.7,Wheat,Low
-15.6645,-11.5707,-4.0938,1.0,6.123233995736766e-17,19,0.6000249981880188,50.0,Wheat,Very High
-16.811,-12.206,-4.605,1.0,6.123233995736766e-17,19,0.4326519072055816,50.0,Wheat,Very High
-16.6138,-10.9758,-5.638000000000002,1.0,6.123233995736766e-17,16,0.3515281081199646,50.0,Tobacco,Very High
-16.9683,-10.9307,-6.037599999999999,1.0,6.123233995736766e-17,19,0.6152002811431885,50.0,Wheat,Very High
-19.059,-14.1339,-4.9251000000000005,1.0,6.123233995736766e-17,19,0.2405629307031631,6.7,Wheat,Low
-18.9368,-14.2109,-4.725900000000001,1.0,6.123233995736766e-17,19,0.3153722286224365,11.5,Wheat,Low
-13.9336,-8.2895,-5.6441099999999995,1.0,6.123233995736766e-17,16,0.5101969242095947,16.5,Tobacco,Medium
-18.1226,-12.1872,-5.935399999999998,1.0,6.123233995736766e-17,19,0.28268963098526,10.166666666666666,Wheat,Low
-17.6735,-13.5008,-4.172700000000001,1.0,6.123233995736766e-17,19,0.3139898478984833,11.2,Wheat,Low
-18.141,-13.7831,-4.357899999999999,1.0,6.123233995736766e-17,19,0.2591625452041626,10.6,Wheat,Low
-20.5879,-13.1658,-7.4221,1.0,6.123233995736766e-17,19,0.2066751718521118,6.5,Wheat,Low
-17.4321,-12.3064,-5.125699999999998,1.0,6.123233995736766e-17,2,0.3964982628822326,8.4,Fallow,Low
-18.8149,-13.3934,-5.421500000000002,1.0,6.123233995736766e-17,19,0.237401470541954,8.2,Wheat,Low
-17.2985,-12.1225,-5.176,1.0,6.123233995736766e-17,19,0.338919073343277,4.6,Wheat,Low
-18.0297,-13.6176,-4.412099999999999,1.0,6.123233995736766e-17,19,0.255208820104599,5.9,Wheat,Low
-18.057,-12.9098,-5.147199999999998,1.0,6.123233995736766e-17,19,0.259481817483902,6.0,Wheat,Low
-17.0454,-12.1121,-4.933300000000001,1.0,6.123233995736766e-17,19,0.2393449246883392,19.0,Wheat,Medium
-19.1508,-12.7931,-6.3576999999999995,1.0,6.123233995736766e-17,19,0.2346962541341781,10.6,Wheat,Low
-17.5138,-11.7633,-5.750500000000001,1.0,6.123233995736766e-17,19,0.343147873878479,4.5,Wheat,Low
-19.5062,-12.8134,-6.6928,1.0,6.123233995736766e-17,19,0.2694861590862274,10.8,Wheat,Low
-18.4643,-12.9114,-5.552900000000001,1.0,6.123233995736766e-17,19,0.2103925347328186,4.5,Wheat,Low
-19.31,-13.3896,-5.920399999999999,1.0,6.123233995736766e-17,2,0.3682056069374084,7.9,Fallow,Low
-18.0638,-13.3432,-4.720600000000001,1.0,6.123233995736766e-17,19,0.2517907619476318,8.433333333333334,Wheat,Low
-16.6308,-10.2359,-6.3949,1.0,6.123233995736766e-17,17,0.6682381629943848,3.8,Tobacco&Chickori,Low
-15.0192,-8.1133,-6.905889999999999,1.0,6.123233995736766e-17,17,0.6940191984176636,6.1,Tobacco&Chickori,Low
-13.3026,-9.6032,-3.6993600000000004,1.0,6.123233995736766e-17,17,0.7732114791870117,8.5,Tobacco&Chickori,Low
-14.8231,-7.8509,-6.972160000000001,1.0,6.123233995736766e-17,17,0.6551418304443359,10.6,Tobacco&Chickori,Low
-14.0353,-8.3873,-5.647979999999999,1.0,6.123233995736766e-17,17,0.673882782459259,13.066666666666666,Tobacco&Chickori,Medium
-18.0044,-11.7957,-6.2087,1.0,6.123233995736766e-17,19,0.368434876203537,5.0,Wheat,Low
-17.3552,-12.4313,-4.9239,1.0,6.123233995736766e-17,19,0.3373943865299225,8.7,Wheat,Low
-15.8806,-12.0434,-3.8371999999999993,1.0,6.123233995736766e-17,1,0.2849689424037933,19.9,Chickori,Medium
-17.2999,-11.4166,-5.8833,1.0,6.123233995736766e-17,2,0.2210514396429062,11.2,Fallow,Low
-17.1613,-12.394,-4.7673000000000005,1.0,6.123233995736766e-17,19,0.2953195571899414,5.266666666666667,Wheat,Low
-16.1395,-12.224,-3.9155000000000015,1.0,6.123233995736766e-17,19,0.4561127722263336,50.0,Wheat,Very High
-16.5415,-9.8735,-6.6680199999999985,1.0,6.123233995736766e-17,1,0.7095410823822021,50.0,Chickori,Very High
-17.1174,-11.3148,-5.8026,1.0,6.123233995736766e-17,2,0.1438087224960327,50.0,Fallow,Very High
-16.9678,-9.622,-7.345830000000001,1.0,6.123233995736766e-17,1,0.611289381980896,50.0,Chickori,Very High
-18.0531,-13.8743,-4.178800000000001,1.0,6.123233995736766e-17,19,0.2529906332492828,50.0,Wheat,Very High
-18.0434,-12.372,-5.671399999999998,1.0,6.123233995736766e-17,19,0.4582791328430176,50.0,Wheat,Very High
-17.569,-10.8421,-6.726899999999999,1.0,6.123233995736766e-17,1,0.7068063616752625,50.0,Chickori,Very High
-19.0635,-13.1552,-5.9083000000000006,1.0,6.123233995736766e-17,2,0.2713616490364074,50.0,Fallow,Very High
-19.4983,-14.4682,-5.030100000000001,1.0,6.123233995736766e-17,19,0.2753134965896606,50.0,Wheat,Very High
-13.1796,-7.1386,-6.0409500000000005,1.0,6.123233995736766e-17,2,0.4037287831306457,50.0,Fallow,Very High
-18.0217,-11.1573,-6.8644,1.0,6.123233995736766e-17,16,0.4809174537658691,50.0,Tobacco,Very High
-17.3451,-12.3752,-4.969899999999999,1.0,6.123233995736766e-17,16,0.3579624593257904,50.0,Tobacco,Very High
-17.3261,-13.8859,-3.440200000000001,1.0,6.123233995736766e-17,19,0.3887287378311157,50.0,Wheat,Very High
-17.3187,-13.187,-4.1317,1.0,6.123233995736766e-17,16,0.2654438018798828,50.0,Tobacco,Very High
-14.7003,-9.3923,-5.307980000000001,1.0,6.123233995736766e-17,16,0.2202267348766327,50.0,Tobacco,Very High
-18.3253,-12.1053,-6.219999999999999,1.0,6.123233995736766e-17,19,0.1828577071428299,50.0,Wheat,Very High
-15.6775,-7.7216,-7.95586,1.0,6.123233995736766e-17,16,0.4052071869373321,50.0,Tobacco,Very High
-15.2732,-6.4906,-8.782599999999999,1.0,6.123233995736766e-17,16,0.5726298093795776,50.0,Tobacco,Very High
-15.8735,-7.3934,-8.480080000000001,1.0,6.123233995736766e-17,16,0.4022688269615173,50.0,Tobacco,Very High
-17.3018,-9.9338,-7.368040000000001,1.0,6.123233995736766e-17,16,0.1590629816055297,50.0,Tobacco,Very High
-19.505,-12.7297,-6.7753,1.0,6.123233995736766e-17,2,0.1716134399175644,50.0,Fallow,Very High
-18.8382,-12.5182,-6.32,1.0,6.123233995736766e-17,2,0.1883510649204254,50.0,Fallow,Very High
-17.0319,-8.3389,-8.69305,1.0,6.123233995736766e-17,2,0.174260601401329,50.0,Fallow,Very High
-17.5705,-11.2791,-6.291399999999999,1.0,6.123233995736766e-17,16,0.167414054274559,50.0,Tobacco,Very High
-18.2857,-11.6041,-6.681599999999998,1.0,6.123233995736766e-17,2,0.2157249301671981,50.0,Fallow,Very High
-17.6789,-12.108,-5.570899999999998,1.0,6.123233995736766e-17,2,0.3086692094802856,50.0,Fallow,Very High
-18.7326,-12.5861,-6.146500000000001,1.0,6.123233995736766e-17,2,0.2387619614601135,50.0,Fallow,Very High
-19.5755,-12.5977,-6.977800000000002,1.0,6.123233995736766e-17,2,0.2119962573051452,50.0,Fallow,Very High
-18.5687,-12.559,-6.0097000000000005,1.0,6.123233995736766e-17,2,0.2017831951379776,50.0,Fallow,Very High
-18.661,-11.9671,-6.693900000000001,1.0,6.123233995736766e-17,16,0.1755308806896209,50.0,Tobacco,Very High
-17.0863,-9.6508,-7.435550000000001,1.0,6.123233995736766e-17,16,0.4044796526432037,50.0,Tobacco,Very High
-16.9113,-10.6736,-6.2377,1.0,6.123233995736766e-17,16,0.2702479958534241,50.0,Tobacco,Very High
-18.1426,-11.7774,-6.3652000000000015,1.0,6.123233995736766e-17,3,0.220185786485672,50.0,Fodder,Very High
-17.1808,-12.3532,-4.827600000000002,1.0,6.123233995736766e-17,19,0.2224637567996978,50.0,Wheat,Very High
-18.7792,-14.0572,-4.7219999999999995,1.0,6.123233995736766e-17,2,0.2624370753765106,50.0,Fallow,Very High
-18.5383,-10.949,-7.5893,1.0,6.123233995736766e-17,2,0.1926088482141494,50.0,Fallow,Very High
-17.906,-11.3469,-6.559099999999999,1.0,6.123233995736766e-17,2,0.1874646693468094,50.0,Fallow,Very High
-19.4054,-12.4806,-6.924799999999999,1.0,6.123233995736766e-17,2,0.2069330066442489,50.0,Fallow,Very High
-19.8226,-12.1576,-7.665000000000001,1.0,6.123233995736766e-17,2,0.2281765043735504,50.0,Fallow,Very High
-16.6096,-7.361,-9.24863,1.0,6.123233995736766e-17,2,0.2765477895736694,50.0,Fallow,Very High
-17.6825,-9.9485,-7.734030000000001,1.0,6.123233995736766e-17,2,0.5972760915756226,50.0,Fallow,Very High
-18.719,-11.8069,-6.912100000000001,1.0,6.123233995736766e-17,2,0.3138220310211181,50.0,Fallow,Very High
-19.0284,-13.7604,-5.268000000000001,1.0,6.123233995736766e-17,2,0.2569540441036224,50.0,Fallow,Very High
-18.0218,-12.691,-5.330799999999998,1.0,6.123233995736766e-17,2,0.2861544787883758,50.0,Fallow,Very High
-16.7871,-11.1701,-5.616999999999999,1.0,6.123233995736766e-17,19,0.2714274823665619,50.0,Wheat,Very High
-17.2167,-12.1574,-5.059299999999999,1.0,6.123233995736766e-17,19,0.2639158368110657,50.0,Wheat,Very High
-17.7785,-10.3782,-7.400300000000001,1.0,6.123233995736766e-17,16,0.1842796951532364,50.0,Tobacco,Very High
-16.6607,-10.6289,-6.031799999999999,1.0,6.123233995736766e-17,16,0.1934409439563751,50.0,Tobacco,Very High
-17.4057,-10.6208,-6.7849,1.0,6.123233995736766e-17,15,0.2213632464408874,50.0,Strobe,Very High
