VH-pol,VV-pol,SM1 (%),Crop Name,label,NDVI,DpRVI,Depolarization_Rate
-19.3557,-13.5461,4.6,Fallow,Low,0.107719145715237,0.53722683332318,0.2624460253975406
-17.1605,-10.4691,7.2,Pearl Millet,Low,0.0897435918450355,0.46702576365214865,0.21421999261361266
-17.8729,-9.98927,6.4,Fallow,Low,0.0946180522441864,0.38080501623882246,0.16279347734445895
-17.7906,-11.9346,9.6,Lemon,Low,0.188642919063568,0.5334175573617905,0.25965697902737833
-17.3646,-10.7327,3.9,Fallow,Low,0.181405901908875,0.47160520407219453,0.21717508491835866
-20.179,-12.6369,9.9,Fallow,Low,0.127756655216217,0.4043786237916473,0.1761124261411985
-18.3151,-11.1065,4.6,Fallow,Low,0.106646060943604,0.42828843778606135,0.19016912139423986
-17.4439,-10.222,9.4,Pearl Millet,Low,0.236223831772804,0.42731846407760204,0.18958763106098386
-18.5871,-11.8398,5.6,Pearl Millet,Low,0.128930822014809,0.46274584313467404,0.2114803400218387
-18.369,-12.5258,3.63333333333333,Fallow,Low,0.147036179900169,0.5344672373476443,0.26042339723837016
-18.3568,-9.85463,4.8,Fallow,Low,0.22718808054924,0.3405379609522342,0.14118319310483157
-19.1375,-12.3611,6.0,Fallow,Low,0.107221007347107,0.4605265275835612,0.21006804805082602
-17.2726,-11.5579,7.0,Fallow,Low,0.0995184555649757,0.54505313943915,0.2682439897592362
-18.5586,-10.7904,6.1,Fallow,Low,0.152046784758568,0.3886673700411794,0.16717833669625248
-18.7528,-11.6258,4.66666666666667,Fallow,Low,0.101556099951267,0.4342689339423099,0.19377600589594218
-19.9924,-12.1953,5.6,Fallow,Low,0.112830959260464,0.38668875578182776,0.16606954661375684
-20.8285,-13.2891,6.0,Fallow,Low,0.0914105623960495,0.4045687037220764,0.17622194892143966
-19.5959,-10.4823,7.5,Fallow,Low,0.127156034111977,0.3038641647038869,0.12264221907651726
-17.1316,-10.9405,6.0,Fallow,Low,0.440691292285919,0.5062663287735237,0.2403753889630368
-20.7021,-12.418,4.23333333333333,Fallow,Low,0.123890392482281,0.354372934977502,0.1484533492011839
-19.215,-11.586,4.5,Fallow,Low,0.100794643163681,0.3982917678270512,0.17262353266051012
-19.4059,-11.3702,4.4,Fallow,Low,0.0855704694986343,0.37061265613892297,0.15719184087304974
-19.3264,-11.8751,4.9,Fallow,Low,0.0791788846254348,0.4108025038571442,0.17983325287760918
-18.7644,-11.1875,5.1,Fallow,Low,0.0829769000411033,0.4019338753211133,0.17470687680453148
-19.1452,-10.9786,5.23333333333333,Fallow,Low,0.101141922175884,0.3619912338080154,0.15252463697563431
-18.0508,-10.5011,3.1,Fallow,Low,0.115421004593372,0.4038438938711935,0.17580450512141826
-17.7971,-10.7217,3.4,Fallow,Low,0.185468450188637,0.43807661202819537,0.19609205597005386
-18.7731,-10.2765,5.3,Fallow,Low,0.0867106467485427,0.34088640693021566,0.14136438234912654
-18.4068,-12.4165,5.9,Fallow,Low,0.110192835330963,0.5224584764305558,0.2517503018804641
-18.4484,-11.2283,5.1,Fallow,Low,0.0898524820804596,0.4274496598422749,0.18966622484461507
-19.2643,-10.5667,5.3,Fallow,Low,0.148842334747314,0.3284763367461308,0.13497085530469086
-17.672,-9.7187,2.0,Fallow,Low,0.147310212254524,0.3761119724075533,0.1602027622461889
-18.426,-10.9651,5.6,Fallow,Low,0.112886048853397,0.41012025978920125,0.17943617379470653
-18.806,-11.1999,4.5,Fallow,Low,0.122958689928055,0.3998899550334374,0.17353616672327982
-18.3314,-12.2879,2.9,Fallow,Low,0.105936072766781,0.5181454418607419,0.2486852344284092
-18.2699,-11.5343,4.4,Fallow,Low,0.136872872710228,0.46363982801653386,0.21205084137884767
-19.5135,-11.5082,5.2,Fallow,Low,0.154878497123718,0.37263505149670456,0.15829602159117614
-18.4931,-9.81751,4.4,Fallow,Low,0.167670682072639,0.32981881165002536,0.13565662248401136
-18.8967,-10.9847,6.33333333333333,Fallow,Low,0.157894730567932,0.3788892046612819,0.16173350557998514
-18.7502,-11.5313,5.9,Fallow,Low,0.159406408667564,0.427537137408766,0.1897186388001737
-18.2951,-12.0155,9.6,Fallow,Low,0.238866403698921,0.49920711132415996,0.23552662019402748
-19.4342,-10.4312,10.6,Fallow,Low,0.293703228235245,0.31026668874696495,0.12580560772203436
-17.8061,-11.2779,8.4,Fallow,Low,0.598556637763977,0.4796444606925733,0.22242315664775786
-19.1728,-11.2253,3.0,Jowar,Low,0.148505300283432,0.37650115445058946,0.1604168558607889
-22.5424,-12.1545,5.2,Fallow,Low,0.0713468119502067,0.23733451890850782,0.09145553612934343
-20.7219,-12.3306,3.6,Fallow,Low,0.112295083701611,0.34752239537547425,0.14483382487832638
-20.0113,-12.1021,4.0,Fallow,Low,0.135316699743271,0.3790779954869523,0.16183781264551336
-21.8338,-12.6317,14.3,Fallow,Medium,0.0901537165045738,0.2988143495310015,0.1201683228753066
-21.9811,-12.0595,4.73333333333333,Fallow,Low,0.0975908562541008,0.260156235325624,0.10182161942362579
-18.1402,-12.5663,8.8,Fallow,Low,0.134191170334816,0.5567486235087206,0.27708307583886715
-19.1513,-11.4172,7.5,Fallow,Low,0.17484275996685,0.39101066930642514,0.16849615696612283
-19.576,-11.0103,16.5,Fallow,Medium,0.118716575205326,0.3365819946110142,0.13913295209478105
-18.5322,-10.5402,5.1,Fallow,Low,0.148207604885101,0.3735222331517448,0.15878153642056156
-19.2907,-11.8609,5.03333333333333,Fallow,Low,0.128784462809563,0.4123330668888997,0.18072573513713072
-19.7057,-11.8149,10.1,Fallow,Low,0.124863088130951,0.38032021066343413,0.1625249346181337
-20.1477,-12.5277,4.0,Fallow,Low,0.15596330165863,0.3989193775927557,0.1729816359215101
-19.3053,-11.3072,10.9,Fallow,Medium,0.208947077393532,0.37311515028395237,0.15855867209297422
-17.4265,-10.7271,12.1,Fallow,Medium,0.179667845368385,0.46641191302036733,0.21382574802848348
-19.9231,-10.9545,7.6,Jowar,Low,0.141533717513084,0.3122788696302528,0.12680605744108614
-21.3386,-13.1527,4.5,Fallow,Low,0.135991260409355,0.3607320426422754,0.151848323010718
-19.2902,-11.0875,9.2,Fallow,Low,0.12991538643837,0.35963846695197305,0.15126205629142941
-18.6875,-12.2219,8.6,Fallow,Low,0.149279534816742,0.4845325000958981,0.22565242236189262
-17.7212,-10.433,5.3,Fallow,Low,0.32519942522049,0.4225033515020048,0.1867153400811286
-19.0286,-11.6004,8.8,Fallow,Low,0.133004918694496,0.4124471139355262,0.1807923292248453
-17.2037,-11.6349,7.9,Fallow,Low,0.147404313087463,0.5571740610591238,0.27740865071931164
-20.3589,-11.9589,8.0,Fallow,Low,0.0932105854153633,0.3469706216090188,0.1445439770745928
-19.5296,-13.0626,7.5,Fallow,Low,0.113350123167038,0.48442289847858294,0.22557969233866726
-19.5386,-12.8276,7.7,Fallow,Low,0.0615980289876461,0.4655226224313757,0.21325538179462017
-20.6152,-12.8842,6.53333333333333,Fallow,Low,0.0900225043296814,0.39122416119687053,0.16861647269094904
-20.3636,-11.917,10.1,Fallow,Low,0.117085866630077,0.34402587570904597,0.14300130474851697
-18.7258,-12.2486,7.3,Fallow,Low,0.161822125315666,0.48362476353936146,0.22505050924576236
-19.7596,-10.9705,5.7,Fallow,Low,0.159471362829208,0.3229388122506956,0.13215694781670678
-20.4533,-11.8024,10.9,Fallow,Medium,0.164410054683685,0.33132956907827815,0.13643003796972067
-19.3009,-10.99,11.1666666666667,Fallow,Medium,0.105871886014938,0.3526513461878204,0.14754007503732272
-19.5784,-11.815,7.2,Fallow,Low,0.441930621862412,0.3889966514283262,0.1673632111688972
-19.0005,-10.1774,12.2,Fallow,Medium,0.255357801914215,0.3208989888748807,0.13112635831335262
-20.2981,-13.0725,3.6,Fallow,Low,0.11135371029377,0.4270488614933456,0.18942617943398365
-18.6986,-12.9887,3.5,Fallow,Low,0.135611906647682,0.5454502253609144,0.2685406278711286
-18.6986,-12.9887,5.0,Fallow,Low,0.126461982727051,0.5454502253609144,0.2685406278711286
-18.8858,-12.7639,4.1,Fallow,Low,0.243534475564957,0.5118194804087904,0.24423618072087575
-18.6744,-14.7882,2.0,Fallow,Low,0.1661506742239,0.7020096679896372,0.4086768149319608
-18.1245,-11.8757,3.3,Fallow,Low,0.227009117603302,0.5016583673254957,0.23720290309633704
-18.1373,-9.52469,26.5,Fallow,High,0.310126572847366,0.33368257453560074,0.13763820494877438
-18.6367,-12.9881,3.56666666666667,Fallow,Low,0.143709599971771,0.5505315433023272,0.2723579144763118
-17.8404,-11.0006,3.5,Fallow,Low,0.176136359572411,0.45571213419771045,0.20702366845184147
-15.8711,-10.3787,9.7,Pearl Millet,Low,0.292346298694611,0.5635618470178504,0.28233193198156276
-15.8287,-10.267,8.1,Pearl Millet,Low,0.312753856182098,0.5577665419791852,0.2778625391215452
-17.1435,-12.7799,4.2,Fallow,Low,0.196553587913513,0.660366184399128,0.3661339491765632
-16.2,-9.95451,9.8,Pearl Millet,Low,0.325123161077499,0.5019221498129247,0.2373837575437381
-17.9406,-11.2444,2.3,Fallow,Low,0.177142858505249,0.466657399767021,0.2139833587208485
-19.0359,-13.158,3.8,Fallow,Low,0.158040031790733,0.5316236802541013,0.25835091260696214
-19.1968,-13.1986,5.8,Fallow,Low,0.329648226499558,0.5218169785440998,0.2512927737092646
-19.8453,-12.2207,3.4,Fallow,Low,0.125854447484016,0.3985985185309115,0.17279851264905338
-18.9673,-13.193,3.73333333333333,Fallow,Low,0.181321412324905,0.5401325072775566,0.26458791256851366
-12.4202,-4.08332,5.8,Fallow,Low,0.142996102571487,0.35098812798879614,0.1466601078403789
-18.721,-12.5351,5.9,Fallow,Low,0.290111929178238,0.5066826089780213,0.2406633734263232
-17.8501,-12.9101,4.9,Fallow,Low,0.137164041399956,0.6104636179246338,0.32062693245054646
-17.855,-11.9229,8.9,Fallow,Low,0.731897532939911,0.5271953536344249,0.255146726052849
-18.7179,-13.9241,4.1,Maize,Low,0.120585702359676,0.6230502825649445,0.33160418277622555
-19.5663,-12.6875,5.0,Fallow,Low,0.0936073064804077,0.4527648948869327,0.20517290141879124
-18.2036,-10.7414,21.7,Fallow,High,0.0988700538873672,0.4100279281722525,0.17938247011517136
-18.3039,-10.6748,6.0,Fallow,Low,0.0879940316081047,0.39828479801568173,0.1726195579025413
-21.3491,-11.5331,5.7,Fallow,Low,0.105095542967319,0.265565449285455,0.10432778814599655
-20.7451,-11.5035,4.93333333333333,Fallow,Low,0.151490405201912,0.29658148853211225,0.11908032190858749
-20.8577,-11.333,6.6,Fallow,Low,0.078248880803585,0.280956326415579,0.1115655215421161
-21.0438,-12.3345,4.5,Fallow,Low,0.0758998468518257,0.3277643570875185,0.1346077298598338
-18.9432,-11.5601,4.9,Fallow,Low,0.106976747512817,0.4156700388331978,0.18267957812969052
-18.3864,-10.0126,6.5,Fallow,Low,0.111806102097034,0.348634193496023,0.1454186136579622
-20.6445,-12.8325,6.7,Fallow,Low,0.0930460318922996,0.38567127916105726,0.16550076287699894
-18.6002,-11.1986,1.3,Fallow,Low,0.202956229448318,0.41434607705464666,0.18190305795162176
-19.1392,-11.5026,1.5,Fallow,Low,0.223995596170425,0.3977622896792956,0.17232171174202318
-20.6624,-12.4355,5.5,Fallow,Low,0.124493926763535,0.35806730321712166,0.1504215293923862
-19.0949,-12.3996,6.6,Fallow,Low,0.119734972715378,0.4667264557720523,0.2140277076562382
-20.4645,-12.0929,4.73333333333333,Fallow,Low,0.136295557022095,0.34877414274912993,0.14549229684023568
-20.6736,-14.1688,6.7,Fallow,Low,0.10122038424015,0.4814685644194126,0.22362481793857267
-19.1429,-10.9734,5.1,Fallow,Low,0.0968224331736564,0.36180183234372515,0.15242282269557356
-19.784,-12.0015,4.5,Fallow,Low,0.0884157344698906,0.3876874887854524,0.1666287744090291
-20.3815,-12.5045,12.3,Fallow,Medium,0.107269152998924,0.3812536816535387,0.16304218992825653
-19.2682,-11.2334,5.46666666666667,Fallow,Low,0.0840602666139602,0.370672420713885,0.1572244195316722
-18.6729,-12.1888,5.8,Fallow,Low,0.249140053987503,0.48308523937456616,0.22469323655148044
-19.1204,-11.7374,24.8,Fallow,High,0.140240415930748,0.41567720262569396,0.18268378453085224
-17.6467,-12.4244,10.7,Fallow,Low,0.136817380785942,0.5863496350743006,0.3004484722420498
-19.7242,-11.6339,5.0,Fallow,Low,0.0949345827102661,0.36699939441638624,0.15522797785661357
-20.4652,-12.5777,5.9,Fallow,Low,0.206880077719688,0.38054329094499906,0.16264847662133358
-18.1103,-12.7424,31.9,Fallow,High,0.285302579402924,0.5740275839009115,0.2905427213466846
-19.7501,-14.2123,5.4,Fallow,Low,0.185598373413086,0.5597626929172808,0.27939588149582745
-18.4144,-11.5915,4.7,Fallow,Low,0.140208572149277,0.45699266301005537,0.2078308433867099
-18.519,-12.6514,1.9,Fallow,Low,0.0765492096543312,0.532467050957254,0.2589643609746431
-19.0525,-12.857,2.13333333333333,Fallow,Low,0.095238097012043,0.505914220703261,0.24013197898130687
-17.0171,-9.97736,23.3,Fallow,High,0.165991902351379,0.4407196669435846,0.19770879993161314
-18.1488,-11.3335,7.1,Fallow,Low,0.120208412408829,0.45756918796735274,0.20819485843395355
-18.4554,-11.4813,5.2,Fallow,Low,0.0954616591334343,0.44560942761477124,0.2007197003692198
-17.4858,-9.97749,5.7,Fallow,Low,0.164367809891701,0.4067615919037024,0.17748800177985333
-18.2665,-11.7643,5.16666666666667,Fallow,Low,0.119605422019959,0.4816714684157284,0.2237587359658422
-19.6852,-11.6614,5.5,Fallow,Low,0.208906888961792,0.37140341407222127,0.15762314914351658
-19.8313,-12.2824,3.6,Fallow,Low,0.0749692767858505,0.4039001596894234,0.1758368924909356
-20.0535,-10.3556,6.2,Fallow,Low,0.164853557944298,0.27172189373136896,0.10720375560453602
-20.7023,-13.6124,7.3,Fallow,Low,0.102040819823742,0.43700461013518305,0.19543844566224583
-20.0557,-12.9406,7.33333333333333,Fallow,Low,0.117870725691319,0.43514528957217813,0.1943076950313117
-16.7031,-8.90457,10.9,Fallow,Medium,0.107719145715237,0.38659102738149664,0.1660148739507477
-17.6459,-9.19917,20.3,Fallow,Medium,0.0897435918450355,0.34401768606229305,0.14299702426783875
-17.7947,-7.14103,36.0,Fallow,Very High,0.0946180522441864,0.2250876715501186,0.08602664778429381
-17.0656,-9.73584,23.5,Lemon,High,0.188642919063568,0.41950223224805866,0.18493708161623845
-17.5226,-7.12236,36.6,Fallow,Very High,0.181405901908875,0.23675381354982436,0.09119604411669555
-17.4581,-9.41454,11.4,Fallow,Medium,0.127756655216217,0.3700909949771685,0.1569076073527029
-19.0145,-8.02511,15.0,Fallow,Medium,0.106646060943604,0.21038344661137065,0.07962711849749136
-17.5656,-8.45697,14.0,Fallow,Medium,0.236223831772804,0.3041496858488305,0.12278264930457244
-18.8254,-10.3265,14.8,Fallow,Medium,0.128930822014809,0.3407424930147365,0.14128953636041072
-18.8262,-8.8883,15.4,Fallow,Medium,0.147036179900169,0.25932929543019706,0.10144017739098836
-15.7074,-9.74809,19.6,Fallow,Medium,0.22718808054924,0.5249783626771577,0.2535531439604033
-17.9888,-10.5017,11.4,Fallow,Medium,0.107221007347107,0.4082619856844372,0.1783569347754856
-16.1815,-9.37847,14.3,Fallow,Medium,0.0995184555649757,0.4585008421347515,0.2087838972246644
-17.3963,-9.70156,16.6,Fallow,Medium,0.152046784758568,0.39372706733031415,0.17003017429210251
-17.5039,-9.70822,12.5333333333333,Fallow,Medium,0.101556099951267,0.386785817139689,0.16612385476702773
-19.2008,-10.3729,18.9,Fallow,Medium,0.112830959260464,0.3206117922109512,0.13098151216602
-20.3727,-10.9433,13.0,Fallow,Medium,0.0914105623960495,0.28614235576666164,0.11404073297733368
-17.9643,-10.5367,16.1,Fallow,Medium,0.127156034111977,0.41248988674069503,0.18081730833363324
-17.5357,-10.458,9.5,Fallow,Low,0.440691292285919,0.43790646551551077,0.1959882341758757
-18.7133,-10.4917,11.5333333333333,Fallow,Medium,0.123890392482281,0.358410986339427,0.15060521138635585
-19.2004,-11.362,11.0,Fallow,Medium,0.100794643163681,0.38387291888140623,0.16449776437535213
-19.3545,-10.3853,11.7,Fallow,Medium,0.0855704694986343,0.31224368882188946,0.12678853974693957
-18.0262,-9.28736,12.6,Fallow,Medium,0.0791788846254348,0.3259718527819682,0.13369525687183784
-17.6701,-10.0759,9.0,Fallow,Low,0.0829769000411033,0.40072210375880407,0.17401232110583015
-17.6741,-9.78372,9.43333333333333,Fallow,Low,0.101141922175884,0.38034859777418256,0.1625406529328204
-17.0522,-10.5809,11.3,Fallow,Medium,0.115421004593372,0.4840863459219058,0.22535645380458394
-17.3994,-8.69301,11.4,Fallow,Medium,0.185468450188637,0.32794133229047484,0.13469795429788603
-18.8472,-10.0669,13.0,Fallow,Medium,0.0867106467485427,0.3234683408163988,0.1324250056081968
-17.0854,-11.3063,13.1,Fallow,Medium,0.110192835330963,0.5397370164494221,0.26429564074567624
-18.8801,-10.494,11.2333333333333,Fallow,Medium,0.0898524820804596,0.3478524920627525,0.14500734468625376
-17.9791,-10.2571,8.1,Fallow,Low,0.139773339033127,0.3918444146438756,0.1689662634048705
-19.4073,-10.8857,8.7,Fallow,Low,0.148842334747314,0.3393244929168625,0.14055296124875657
-18.6614,-9.75258,13.9,Fallow,Medium,0.147310212254524,0.31579911991936477,0.12856359262547776
-17.8863,-10.2799,10.4,Fallow,Low,0.112886048853397,0.399868991064098,0.1735241796835846
-18.8169,-10.4305,11.9,Fallow,Medium,0.122958689928055,0.3478334419047532,0.14499732827970463
-18.6682,-12.405,10.1,Fallow,Low,0.105936072766781,0.500511587874301,0.23641770655174144
-19.2397,-12.6364,11.6,Fallow,Medium,0.136872872710228,0.4738150900610188,0.2186099877961143
-19.3978,-10.1275,15.2,Fallow,Medium,0.154878497123718,0.2949672539329226,0.11829598369321462
-17.1492,-10.9413,7.2,Fallow,Low,0.167670682072639,0.5049225539408543,0.2394473307014045
-18.0649,-11.2671,13.2333333333333,Fallow,Medium,0.157894730567932,0.4588982790759403,0.2090354771036067
-19.5577,-10.9837,10.3,Fallow,Low,0.159406408667564,0.3360676485931229,0.13886730268999348
-18.5045,-11.2387,11.4,Fallow,Medium,0.238866403698921,0.42412640907848176,0.18768086655985286
-17.6222,-11.2284,17.6,Fallow,Medium,0.293703228235245,0.4901707476815688,0.22941404373085672
-17.0767,-9.85492,26.0,Jowar,High,0.598556637763977,0.42732720969330446,0.1895928696331943
-18.6473,-9.86775,7.33333333333333,Fallow,Low,0.148505300283432,0.32351350103097004,0.1324478765712666
-20.9566,-11.1439,10.2,Fallow,Low,0.0713468119502067,0.2657359386570495,0.10440709206306781
-18.2791,-10.2719,8.5,Fallow,Low,0.112295083701611,0.37250842964303427,0.15822678362645629
-19.2943,-9.95678,8.0,Fallow,Low,0.135316699743271,0.2912131784313279,0.11647909830622938
-20.0475,-11.714,8.1,Fallow,Low,0.0901537165045738,0.35120419538567443,0.1467742939824354
-20.9262,-12.143,9.23333333333333,Fallow,Low,0.0975908562541008,0.3232937655653106,0.13233660837037753
-17.9532,-9.68481,6.6,Fallow,Low,0.134191170334816,0.35538489178769245,0.1489913310344498
-18.7665,-10.8294,17.2,Fallow,Medium,0.17484275996685,0.37719968653012126,0.16080146458544603
-17.7435,-10.0962,3.9,Fallow,Low,0.118716575205326,0.3970176221833458,0.1718976739385103
-16.7058,-9.20135,5.7,Fallow,Low,0.148207604885101,0.40703438406363973,0.1776458228586357
-18.4119,-11.1084,8.76666666666667,Fallow,Low,0.128784462809563,0.42139696308838714,0.18605870762680218
-18.6308,-11.0765,7.2,Fallow,Low,0.124863088130951,0.40352046381937934,0.17561839347945707
-19.1417,-11.8857,13.3,Fallow,Medium,0.15596330165863,0.4248377076517995,0.18810485289187043
-17.2233,-10.5804,8.2,Fallow,Low,0.208947077393532,0.4707567424674577,0.2166257104274779
-17.1753,-10.3998,8.9,Fallow,Low,0.179667845368385,0.4605950765013141,0.21011158552189924
-18.8407,-11.2846,8.93333333333333,Fallow,Low,0.141533717513084,0.40339394988077537,0.17554562082829026
-17.3488,-9.51952,9.7,Fallow,Low,0.135991260409355,0.3844935316841548,0.16484356566357206
-17.6706,-9.78728,17.9,Fallow,Medium,0.12991538643837,0.38082598658847144,0.16280509798005466
-17.7034,-9.39977,12.6,Fallow,Medium,0.149279534816742,0.35311776976620163,0.1477872609123973
-16.0339,-10.5933,18.7,Fallow,Medium,0.32519942522049,0.5679079932448291,0.28571957799216446
-16.9512,-8.96177,9.1,Fallow,Low,0.133004918694496,0.37369383312953003,0.1588755254832007
-17.1563,-10.8594,11.9,Fallow,Medium,0.147404313087463,0.49783287742689547,0.23459027264295415
-18.5095,-12.2991,12.5,Fallow,Medium,0.0932105854153633,0.5047227354011508,0.23930953340290276
-18.4798,-10.8249,12.1,Fallow,Medium,0.113350123167038,0.3964892553411052,0.17159712213636458
-19.4062,-11.0028,8.9,Fallow,Low,0.0615980289876461,0.34675515715737987,0.14443086092415178
-19.7324,-12.7838,15.8333333333333,Fallow,Medium,0.0900225043296814,0.4475175683039219,0.20190171130064946
-17.8514,-9.53301,11.7,Fallow,Medium,0.117085866630077,0.3521712671676759,0.1472858413711617
-18.0516,-10.3351,17.4,Fallow,Medium,0.161822125315666,0.39222377922943713,0.16918038151781056
-17.7253,-10.8849,9.4,Fallow,Low,0.159471362829208,0.4556667092438096,0.20699506905069104
-19.2972,-11.8369,10.1,Fallow,Low,0.164410054683685,0.4101628788562456,0.17946096553075494
-18.5062,-9.65209,19.9,Fallow,Medium,0.105871886014938,0.31904697543450694,0.1301934093692123
-14.899,-9.89168,13.2,Kshan,Medium,0.441930621862412,0.6046889213032242,0.31569521548692425
-16.0534,-9.39267,15.9,Fallow,Medium,0.255357801914215,0.4693832345325027,0.21573817471551113
-18.6605,-12.3514,15.0,Fallow,Medium,0.11135371029377,0.49686489911399373,0.23393219723424066
-18.3215,-11.6278,13.9,Fallow,Medium,0.135611906647682,0.46684923593531946,0.2141065729043236
-16.5305,-10.2434,13.6,Fallow,Medium,0.126461982727051,0.4986111139639431,0.23512023113604952
-16.7013,-10.1378,12.9,Fallow,Medium,0.243534475564957,0.47689967037276887,0.22062260082823285
-17.0844,-11.3743,9.9,Fallow,Low,0.1661506742239,0.545433677775928,0.2685282614029472
-16.5994,-10.1198,14.1,Fallow,Medium,0.227009117603302,0.48343706716529616,0.22492617609598298
-15.251,-10.4677,27.4,Jowar,High,0.310126572847366,0.6239564679085233,0.3324068769182326
-16.6831,-10.2819,10.9666666666667,Fallow,Medium,0.143709599971771,0.4895880917287303,0.2290234750085663
-16.0747,-11.2853,14.8,Fallow,Medium,0.176136359572411,0.6234299832806722,0.3319403136339878
-17.487,-9.3182,21.4,Fallow,Medium,0.292346298694611,0.36184754357494303,0.15244739233195512
-16.8187,-9.24223,12.7,Fallow,Medium,0.312753856182098,0.40196402479241433,0.1747241755912612
-17.4671,-10.1068,12.4,Fallow,Medium,0.196553587913513,0.4173053955349415,0.18364114841555956
-15.7395,-10.477,21.1,Fallow,Medium,0.325123161077499,0.5829390667489897,0.2976802350945558
-19.1895,-11.367,14.8,Fallow,Medium,0.177142858505249,0.38495534547622556,0.16510111262279656
-18.713,-13.2955,15.8,Fallow,Medium,0.158040031790733,0.5698499776765351,0.28724336119026445
-19.2663,-12.5666,11.1,Fallow,Medium,0.329648226499558,0.46638890229765206,0.21381097797923146
-19.899,-11.8056,14.2,Fallow,Medium,0.125854447484016,0.36679498180649195,0.1551172154478697
-19.4608,-12.0293,7.8,Fallow,Low,0.181321412324905,0.41221191384643635,0.1806550057959416
-11.2685,-1.48456,7.5,Fallow,Low,0.142996102571487,0.2672255132748537,0.10510079472973077
-18.2565,-10.5027,14.0,Fallow,Medium,0.290111929178238,0.3896557719970555,0.16773357367160324
-18.0934,-10.1649,13.5,Fallow,Medium,0.137164041399956,0.37777798615258146,0.161120202855292
-16.6025,-11.1404,24.3,Jowar,High,0.731897532939911,0.5661026331992532,0.2843086021045163
-16.7281,-10.2646,14.2333333333333,Fallow,Medium,0.120585702359676,0.48469692679059634,0.22576156136628467
-20.4826,-11.6595,10.1,Fallow,Low,0.0936073064804077,0.32089898887488055,0.1311263583133525
-18.9009,-9.77062,20.4,Fallow,Medium,0.0988700538873672,0.3029074198959235,0.12217208903689818
-19.8562,-11.3501,18.1,Fallow,Medium,0.0879940316081047,0.340292265237042,0.14105549197082268
-19.4171,-11.3875,17.5,Fallow,Medium,0.105095542967319,0.3710178573945191,0.1574127840321715
-19.8455,-11.5504,17.4666666666667,Fallow,Medium,0.151490405201912,0.3536655911765063,0.1480778158697817
-18.2091,-11.8073,50.0,Paddy,Very High,0.078248880803585,0.48954086493075966,0.22899183643176202
-19.2384,-8.37377,50.0,Paddy,Very High,0.0758998468518257,0.21574945118278735,0.08194774361179095
-18.4955,-8.82779,50.0,Paddy,Very High,0.106976747512817,0.27331387674431423,0.10795157922099355
-18.841,-10.618,12.3,Fallow,Medium,0.202956229448318,0.35832017950741146,0.15055666982669805
-18.8167,-10.0774,13.9,Fallow,Medium,0.223995596170425,0.32594399740094127,0.1336810967653107
-19.8318,-11.511,14.7,Fallow,Medium,0.124493926763535,0.3520168949262793,0.1472041317424921
-20.4582,-10.0108,17.8,Fallow,Medium,0.119734972715378,0.23454541428678102,0.09021110447115463
-19.9907,-11.1097,17.1,Fallow,Medium,0.136295557022095,0.3174475270672783,0.12938978761506315
-19.3193,-12.2043,12.8,Fallow,Medium,0.10122038424015,0.43515265841429457,0.19431216918284258
-19.011,-10.4794,20.9,Fallow,Medium,0.0968224331736564,0.33870118780257963,0.1402296984083333
-17.7328,-8.84038,10.2,Fallow,Low,0.0884157344698906,0.31677008009037766,0.12904999736135375
-18.0194,-10.5218,14.1,Fallow,Medium,0.107269152998924,0.4075187733842738,0.17792623951413042
-17.543,-10.8355,15.0333333333333,Fallow,Medium,0.0840602666139602,0.46579084389657166,0.21342731459814115
-19.3344,-9.45259,14.8,Fallow,Medium,0.249140053987503,0.2621838614361111,0.10275879431993473
-18.6981,-9.67612,10.0,Fallow,Low,0.140240415930748,0.30916070650557337,0.12525699832484502
-16.6612,-9.4944,6.7,Fallow,Low,0.136817380785942,0.4313456808860471,0.19200829890076587
-17.6278,-10.69,10.0,Fallow,Low,0.0949345827102661,0.4483271566471301,0.20240442365242783
-17.8727,-10.0221,16.7,Fallow,Medium,0.206880077719688,0.383043768648393,0.1640363133002321
-17.2614,-10.4076,39.8,Paddy&Dharu,Very High,0.285302579402924,0.4546528918334133,0.20635737750493138
-17.7807,-10.0919,13.7,Fallow,Medium,0.185598373413086,0.3941380924613004,0.17026288971554482
-18.6389,-8.69698,13.8,Fallow,Medium,0.140208572149277,0.2591256789967965,0.10134632382956064
-16.7895,-10.2888,14.0,Fallow,Medium,0.0765492096543312,0.481788548910233,0.22383603284325093
-17.3223,-9.6936,12.1666666666667,Fallow,Medium,0.095238097012043,0.39831267774002815,0.17263545748356432
-16.0042,-9.49041,14.7,Fallow,Medium,0.165991902351379,0.48076733246227005,0.22316238798443433
-16.8308,-9.67217,22.7,Fallow,High,0.120208412408829,0.4319447801448437,0.19236984718865247
-18.9629,-11.1832,10.6,Fallow,Low,0.0954616591334343,0.3878792235722227,0.16673623858863013
-16.2654,-8.59556,9.5,Fallow,Low,0.164367809891701,0.3954519445594763,0.1710078315543165
-17.3359,-9.14075,10.7666666666667,Fallow,Low,0.119605422019959,0.360129636185208,0.15152524678287313
-17.0662,-9.65824,17.3,Fallow,Medium,0.208906888961792,0.4138915366909875,0.18163686604730747
-20.0138,-11.7319,11.3,Fallow,Medium,0.0749692767858505,0.3545145242613486,0.14852857007499895
-19.9058,-11.9251,14.4,Fallow,Medium,0.164853557944298,0.37427714294697534,0.15919521140067053
-18.9276,-12.3338,14.2,Fallow,Medium,0.102040819823742,0.4745503803775035,0.21908871089216547
-19.7375,-12.5161,14.6666666666667,Fallow,Medium,0.117870725691319,0.4273549048674547,0.18960945940015478
-14.9472,-10.3794,20.6,Fallow,Medium,0.702721536159515,0.6426109988464291,0.3493172238457982
-16.3612,-11.2994,25.8,Paddy,High,0.879088222980499,0.6000262339916621,0.311759718038135
-16.1688,-10.992,28.9,Paddy,High,0.843249440193176,0.5902173022921606,0.3036127461604777
-15.6307,-8.82909,4.1,Lemon,Low,0.455385357141495,0.4586087311906978,0.20885217384805618
-15.1309,-10.333,36.6666666666667,Paddy,Very High,0.877266883850098,0.622696515070039,0.3312912762930008
-15.952,-12.0034,40.0,Paddy,Very High,0.853240489959717,0.6965653516971313,0.40284687588591206
-17.1809,-13.2382,30.3,Paddy,High,0.869587600231171,0.6970801883336724,0.4033945254341342
-16.9626,-13.4392,5.6,Paddy,Low,0.864267826080322,0.7335911466243634,0.44428331123904136
-16.5716,-11.4672,39.6,Paddy,Very High,0.827261745929718,0.5963872380120008,0.30871661239849046
-16.9695,-12.5117,32.3333333333333,Paddy,High,0.823319613933563,0.6521678279730553,0.35827788351023704
-15.5307,-10.9025,50.0,Paddy,Very High,0.821561336517334,0.6373725635977662,0.34449268144702155
-16.7325,-10.8443,48.2,Paddy,Very High,0.837693810462952,0.5307808890879199,0.25773891740796623
-16.2985,-9.71214,31.7,Paddy,High,0.846790909767151,0.47512665813414906,0.21946435854307753
-15.9551,-11.4084,30.6,Paddy,High,0.82751989364624,0.64444259225012,0.3510184951281804
-16.7127,-11.3849,37.7,Paddy,Very High,0.818181812763214,0.5774126499135382,0.293237832020587
-16.0646,-11.6524,36.7,Paddy,Very High,0.839256405830383,0.6561350130872122,0.36205954391457496
-16.736,-12.6436,30.1,Paddy,High,0.875032246112824,0.6840155151925712,0.38972655630228104
-15.9252,-10.7431,32.7,Paddy,High,0.815392911434174,0.5897663838952928,0.30324245223707375
-16.5014,-10.2062,50.0,Fallow,Very High,0.531517922878265,0.4979678342584638,0.23468211850883713
-16.1256,-10.8009,24.2,Paddy,High,0.863268792629242,0.5776746159715421,0.29344722031134296
-16.0064,-11.8065,50.0,Paddy,Very High,0.833379626274109,0.674635635236057,0.3801981506057131
-16.8686,-12.6924,50.0,Paddy,Very High,0.819376945495606,0.6767031577623152,0.38227861157990484
-15.9527,-10.7657,50.0,Paddy,Very High,0.844559609889984,0.5893495898284447,0.30290050681662173
-16.2625,-9.51866,50.0,Paddy,Very High,0.872162818908691,0.46301011786930396,0.2116488923668065
-15.981,-10.5879,50.0,Paddy,Very High,0.84913569688797,0.5719037724452399,0.28886172473231386
-15.5414,-11.0484,32.7,Paddy,High,0.82558137178421,0.6491075031400951,0.3553857419860758
-15.9405,-11.6325,28.5,Paddy,High,0.824316442012787,0.665210069278397,0.3708514658756862
-15.1456,-11.3157,42.8,Paddy,Very High,0.888916969299316,0.7069199094171059,0.41400920762427784
-16.7355,-12.1398,45.9,Paddy,Very High,0.884577095508575,0.6401903846866928,0.34708032863964755
-16.504,-12.4867,22.7333333333333,Paddy,High,0.818984568119049,0.6905699005209783,0.39652447610517777
-16.7659,-9.81383,50.0,Paddy,Very High,0.854545474052429,0.4472576315426992,0.20174045686300657
-17.8128,-11.856,50.0,Paddy,Very High,0.878621935844421,0.5251826959565178,0.2536997270651729
-17.84,-10.8665,50.0,Paddy,Very High,0.863740742206574,0.44565427025980786,0.20074743273625628
-16.2248,-11.2224,50.0,Paddy,Very High,0.877767503261566,0.6051104767033727,0.31605306037263253
-17.244,-11.0995,50.0,Paddy,Very High,0.868957042694092,0.5100027011396613,0.24296851537593972
-17.1227,-13.2895,46.8,Paddy,Very High,0.713131308555603,0.7066321588394007,0.4136947409418008
-17.0072,-12.7521,28.7,Paddy,High,0.576815664768219,0.6698214658193539,0.3753963105530811
-16.5502,-12.4274,34.0,Paddy,High,0.159044370055199,0.6813625583953983,0.38700805115928916
-16.0617,-11.5104,47.5,Paddy,Very High,0.316490590572357,0.6440432196590866,0.3506468969803294
-16.3776,-12.1246,48.1,Paddy,Very High,0.347804129123688,0.6700045745901658,0.37557787465577225
-15.9505,-8.437,50.0,Paddy,Very High,0.725026845932007,0.4063949918736992,0.17727602291001526
-16.2971,-10.7129,21.2,Paddy,Medium,0.778644561767578,0.5558897835800164,0.2764267069086191
-14.9278,-10.6912,41.8,Paddy,Very High,0.775420010089874,0.6714346794687877,0.3769988279224954
-16.5709,-9.39141,5.2,Fallow,Low,0.33016175031662,0.4304161356465594,0.19144807328156366
-15.6177,-8.26266,50.0,Paddy,Very High,0.694607555866242,0.417683248343068,0.18386370193132714
-17.2738,-13.5249,35.3,Paddy,High,0.65757292509079,0.7139799110703777,0.4218033260853471
-16.4653,-9.84929,8.8,Paddy,Low,0.686350464820862,0.4728323128258375,0.21797114221631
-15.0107,-8.89665,38.9,Paddy,Very High,0.706067740917206,0.5124512450427368,0.24467804399326243
-18.9485,-14.8997,19.5,Paddy,Medium,0.740703523159027,0.6878206926339903,0.3936588323848615
-19.4709,-13.984,15.8,Paddy,Medium,0.63762104511261,0.5640227379221093,0.28268970979637864
-15.251,-10.2705,50.0,Paddy,Very High,0.832701325416565,0.6069878448641142,0.31765083405594213
-16.0289,-9.85489,50.0,Paddy,Very High,0.793773353099823,0.5076350689657002,0.24132315803311494
-14.2439,-8.75436,50.0,Paddy,Very High,0.805478751659393,0.5638014931555121,0.28251791989820796
-15.7696,-8.55854,50.0,Paddy,Very High,0.792124271392822,0.42810892755075136,0.19006143327264874
-15.859,-10.0176,50.0,Paddy,Very High,0.834566235542297,0.5346149194697648,0.260531356075244
-16.564,-10.3042,50.0,Paddy,Very High,0.835157155990601,0.5007822386492568,0.2366028654623103
-15.5981,-11.894,50.0,Paddy,Very High,0.822233200073242,0.71788179904762,0.4261769922232895
-14.7579,-11.1411,50.0,Paddy,Very High,0.786818206310272,0.7254777716990184,0.4348305011162462
-13.5129,-9.45273,50.0,Paddy,Very High,0.836337745189667,0.6868283612577962,0.3926295660280342
-15.1237,-11.7383,50.0,Paddy,Very High,0.834774255752564,0.7455470250645233,0.45862740270803665
-16.5845,-10.7586,50.0,Paddy,Very High,0.853084623813629,0.5358873467889264,0.2614628555564799
-16.3697,-12.8522,50.0,Paddy,Very High,0.862516939640045,0.7341031285106914,0.44488729148376194
-16.5367,-12.933,50.0,Paddy,Very High,0.878644227981567,0.7266166286387266,0.43614409811947424
-15.3391,-9.52251,50.0,Paddy,Very High,0.847634315490723,0.536652242131657,0.2620239564403701
-17.0484,-13.09,50.0,Paddy,Very High,0.875099658966065,0.6957101740216023,0.40193886332458917
-16.3075,-11.4096,50.0,Paddy,Very High,0.849366128444672,0.6140819282798456,0.3237501661714757
-16.9199,-12.2625,50.0,Paddy,Very High,0.862921357154846,0.6348426828840139,0.3421842373693529
-15.0295,-11.9198,50.0,Paddy,Very High,0.849790692329407,0.7692820892398129,0.48868611541786205
-16.7762,-12.24,50.0,Paddy,Very High,0.8250652551651,0.6453543426082693,0.3518681843191205
-17.8696,-12.3732,50.0,Paddy,Very High,0.850626587867737,0.5632267399693078,0.2820720143772744
-16.6975,-10.132,50.0,Paddy,Very High,0.814610183238983,0.47674440981606264,0.22052102375664406
-15.4476,-9.32243,50.0,Paddy,Very High,0.820565581321716,0.5115564207768513,0.24405235344493503
-14.614,-8.2553,50.0,Paddy,Very High,0.865652740001679,0.492939248783698,0.2312756978138422
-16.1613,-10.7937,8.1,Fallow,Low,0.716640889644623,0.5740528835999092,0.29056279202006446
-14.3331,-9.23066,50.0,Paddy,Very High,0.84287691116333,0.5965545286899943,0.3088559697114232
-16.1573,-9.74386,3.4,Fallow,Low,0.308021396398544,0.4886251282033029,0.2283789121892465
-17.8504,-10.1294,5.5,Fallow,Low,0.305926322937012,0.3919133719256645,0.1690051738043574
-14.403,-9.27909,6.2,Pearl Millet,Low,0.645393371582031,0.5947227475225546,0.30733286179503244
-14.8398,-9.9953,3.3,Pearl Millet,Low,0.567015111446381,0.6186787324493233,0.3277555088805421
-15.0003,-8.97852,5.96666666666667,Pearl Millet,Low,0.633340835571289,0.5199043568139696,0.24993207797620473
-13.9688,-8.1608,9.4,Pearl Millet,Low,0.425439417362213,0.5373583928600112,0.26254273189937
-14.9768,-9.90198,6.3,Pearl Millet,Low,0.547757267951965,0.5989133750707512,0.31082647268622526
-14.1692,-7.83924,11.6,Pearl Millet,Medium,0.314361780881882,0.4952119995458571,0.23281127002766547
-15.9026,-9.39866,32.8,Fallow,High,0.214397937059402,0.48153567382968454,0.22366910502815407
-13.9688,-8.1608,5.16666666666667,Pearl Millet,Low,0.321089297533035,0.5373583928600112,0.26254273189937
-13.6107,-8.88746,5.9,Pearl Millet,Low,0.176633030176163,0.629145084372838,0.33703577349368957
-16.1133,-11.2933,4.0,Fallow,Low,0.104086093604565,0.6207903711603469,0.3296097121774579
-15.2489,-11.3098,6.2,Fallow,Low,0.0890146866440773,0.697394319915892,0.4037290501433782
-13.7343,-10.9272,41.0,Paddy,Very High,0.214792609214783,0.7950202990273854,0.5239501873681309
-15.2489,-11.3098,8.46666666666667,Fallow,Low,0.145912379026413,0.697394319915892,0.4037290501433782
-13.5725,-9.54604,28.6,Pearl Millet,High,0.373586028814316,0.6897704517514267,0.39568902075823165
-14.4623,-10.5727,9.9,Pearl Millet,Low,0.11261261254549,0.7017130709447627,0.4083569956699254
-16.6355,-11.3253,50.0,Paddy,Very High,0.235707893967628,0.5789004635987538,0.29442860412936883
-15.8915,-9.632,32.4,Pearl Millet,High,0.356886237859726,0.5008061230641322,0.23661920997375233
-14.2686,-9.35692,29.1666666666667,Pearl Millet,High,0.195642307400703,0.6128970251280771,0.3227245470989173
-15.824,-9.26413,50.0,Paddy,Very High,0.703009366989136,0.47718153739408925,0.22080708275523045
-14.7053,-9.07267,7.6,Pearl Millet,Low,0.572635114192963,0.5518584045457849,0.2733612804048359
-14.3234,-8.03869,34.9333333333333,Pearl Millet,High,0.700239300727844,0.49880100008175393,0.2352496576027166
-17.3714,-10.5986,9.5,Fallow,Low,0.359658479690552,0.460800757669037,0.21024225208252428
-16.2412,-11.3203,10.2,Fallow,Low,0.822319447994232,0.6121045325490194,0.32204013497952516
-14.6254,-10.0614,11.2,Fallow,Medium,0.394252866506577,0.6429408000270412,0.34962300400270174
-17.7578,-10.4205,50.0,Paddy,Very High,0.414847165346146,0.4189591851897322,0.18461628181604767
-18.2673,-10.7241,8.03333333333333,Fallow,Low,0.366081863641739,0.4043012003636417,0.1760678252666053
-15.4765,-11.2944,11.7,Paddy,Medium,0.81408965587616,0.6761884305983469,0.38175962905603117
-15.5371,-10.6467,9.5,Paddy,Low,0.809741258621216,0.6147270621874789,0.32430974594228035
-13.7972,-10.3083,40.3,Paddy,Very High,0.799964129924774,0.7365839603667907,0.4478267173164579
-14.5269,-11.0137,50.0,Paddy,Very High,0.787492394447327,0.7344762250317075,0.4453279976854546
-13.8432,-10.5165,17.6666666666667,Paddy,Medium,0.799734473228455,0.7506189699470375,0.46486837271977544
-16.6215,-11.9717,11.4,Paddy,Medium,0.810749769210815,0.6355009740566934,0.34278357194983305
-16.2729,-11.3154,17.3,Paddy,Medium,0.824823439121246,0.6089611241141497,0.3193375580862228
-16.7707,-11.0914,15.1,Pearl Millet,Medium,0.812135338783264,0.5479843881007367,0.27043942258296927
-14.9377,-9.85989,6.4,Pearl Millet,Low,0.753009378910065,0.5986578919572051,0.3106125507180666
-16.924,-10.4272,9.73333333333333,Pearl Millet,Low,0.799961388111115,0.48209302833815626,0.22403712971292944
-17.3361,-15.308,22.8,Paddy,High,0.82192587852478,0.8590309415617716,0.6268880626788982
-16.5288,-10.1081,6.3,Fallow,Low,0.408053338527679,0.488054419647915,0.22799745539033386
-17.0758,-11.104,15.0,Paddy,Medium,0.805693089962006,0.5239621096750576,0.25282499073642095
-18.104,-12.4902,27.9,Paddy,High,0.778774261474609,0.553424490605375,0.27454908458380856
-18.4524,-14.0366,14.1666666666667,Paddy,Medium,0.796779334545136,0.6558217111308384,0.36175954602337995
-16.4456,-10.1001,4.0,Fallow,Low,0.387453883886337,0.4939824450426053,0.23197970936845488
-17.2235,-12.5492,40.7,Paddy,Very High,0.868308126926422,0.633379292618601,0.34085525974980996
-17.1218,-13.2523,30.4,Paddy,High,0.839314639568329,0.7034663855663291,0.4102513321979177
-17.5117,-10.4446,5.0,Fallow,Low,0.36438924074173,0.43869094732005126,0.1964671747845116
-17.2468,-11.8017,5.2,Fallow,Low,0.480813801288605,0.5675299575715027,0.28542367917990447
-16.8753,-12.7543,36.3,Paddy,Very High,0.867713034152985,0.6815196346884344,0.38716848581879787
-17.6664,-12.7181,6.0,Paddy,Low,0.867209792137146,0.609750890834505,0.32001475285914155
-16.1193,-11.023,9.1,Paddy,Low,0.800360202789307,0.5970786789021145,0.3092929351578956
-15.7447,-10.8257,13.4,Paddy,Medium,0.807346940040588,0.6122678240481704,0.32218105551771126
-16.7749,-11.926,11.8333333333333,Paddy,Medium,0.867891728878021,0.6182996706041874,0.32742361565814265
-16.2273,-9.74957,50.0,Paddy,Very High,0.878265023231506,0.4835833106403205,0.22502304643030513
-15.1867,-10.5111,50.0,Paddy,Very High,0.838105142116547,0.6332667496890216,0.34075324474776036
-17.5678,-11.2589,7.8,Fallow,Low,0.292653739452362,0.4968807600233449,0.23394297045810394
-15.4285,-9.02644,6.2,Paddy,Low,0.85744833946228,0.48952040071111635,0.22897812773920306
-16.8048,-10.6686,21.3,Fallow,Medium,0.316176474094391,0.510669569390239,0.24343330759298037
-15.768,-9.96848,50.0,Fallow,Very High,0.877261281013489,0.5380558849663019,0.2630558715922787
-16.3823,-10.0207,22.3,Fallow,High,0.609732389450073,0.49271021144991684,0.2311213150915793
-17.0169,-11.4846,30.5,Paddy,High,0.827981650829315,0.5602224362159035,0.2797499386768504
-15.2878,-11.5343,54.7,Paddy,Very High,0.713837862014771,0.7135791428739588,0.42135679310515883
-18.0399,-11.0806,21.0,Orchad,Medium,0.435684651136398,0.4467163172874968,0.20140488500221074
-16.5741,-11.6287,51.9333333333333,Paddy,Very High,0.782148241996765,0.6099998923213401,0.32022851396850127
-15.7256,-11.9075,35.0,Paddy,High,0.83581668138504,0.7079487659731819,0.4151356210795909
-17.0775,-12.3035,44.5,Paddy,Very High,0.858152031898499,0.624759321643762,0.33311945706820006
-16.2427,-11.4123,27.4,Paddy,High,0.850496113300324,0.6198938060148823,0.32882134391624807
-16.7603,-12.3064,28.8,Paddy,High,0.782293200492859,0.6525070122742458,0.35859976448683295
-16.4803,-11.9773,29.3333333333333,Paddy,High,0.835624098777771,0.6482384436639996,0.3545683774611332
-15.0181,-12.1525,48.0,Paddy,Very High,0.762087464332581,0.790074830301303,0.516939835157551
-17.1169,-11.6305,50.3,Paddy,Very High,0.758940398693085,0.5640646438984898,0.28272225752552654
-15.8683,-9.67889,46.5,Paddy,Very High,0.82227486371994,0.5064016017320576,0.2404689460941833
-16.5154,-10.4936,50.0,Paddy,Very High,0.80558055639267,0.5199027359313929,0.24993092699910097
-16.7722,-10.847,47.9333333333333,Paddy,Very High,0.824028074741364,0.527758203870974,0.25555242121151583
-17.3094,-11.6359,32.3,Paddy,High,0.846504986286163,0.5484652501768768,0.2708008355367743
-17.8534,-14.0367,35.9,Paddy,Very High,0.868317365646362,0.7080708262764602,0.4152694665647486
-17.1011,-12.0817,39.2,Paddy,Very High,0.804284870624542,0.6036542128368065,0.3148183221643646
-15.8381,-11.1165,32.6,Fallow,High,0.514007985591888,0.6292868860575492,0.337163070309188
-16.4507,-11.6264,32.5666666666667,Paddy,High,0.778484344482422,0.6204196411600353,0.32928352328960503
-18.2642,-13.1322,33.9,Paddy,High,0.867374002933502,0.594032946039219,0.3067608976917937
-17.07,-12.4531,37.5,Paddy,Very High,0.870625674724579,0.6383520611584723,0.3453901913613216
-18.5177,-14.0548,32.8,Paddy,High,0.861530423164368,0.6517243128771759,0.3578573981404141
-17.327,-12.6271,29.6,Paddy,High,0.864878833293915,0.6311637486349119,0.33885195840405674
-18.4824,-13.3082,37.5333333333333,Paddy,Very High,0.883454740047455,0.5904385455380327,0.30379456506767455
-16.9866,-10.9278,50.0,Paddy,Very High,0.789232552051544,0.516908072986888,0.24781066892261552
-16.4826,-9.30566,50.0,Paddy,Very High,0.787615895271301,0.43060282575380243,0.19156051678675565
-15.9937,-11.8925,50.0,Paddy,Very High,0.77606600522995,0.6832475316164713,0.38893766269802854
-16.5633,-10.673,50.0,Paddy,Very High,0.776387810707092,0.5306091292206904,0.2576143197188433
-16.0184,-10.4119,50.0,Paddy,Very High,0.802371561527252,0.5540320929672984,0.27501095867366904
-17.3667,-12.4326,50.0,Paddy,Very High,0.792824685573578,0.6109703812561496,0.3210628082267163
-17.9381,-12.6027,50.0,Paddy,Very High,0.812133073806763,0.5767705779678358,0.29272512491494823
-15.8397,-9.4114,50.0,Paddy,Very High,0.780207753181458,0.48745735232073023,0.22759881680185176
-16.418,-12.8212,50.0,Paddy,Very High,0.823570907115936,0.7272163730055663,0.4368375875160482
-16.334,-11.4744,50.0,Paddy,Very High,0.819153666496277,0.6173780819794257,0.32661791340856317
-16.1961,-11.2946,50.0,Paddy,Very High,0.808204293251038,0.61377232142416,0.323481910938993
-15.8855,-10.5399,50.0,Paddy,Very High,0.827127039432526,0.5759092253282961,0.2920384266338772
-16.1304,-9.56162,50.0,Paddy,Very High,0.815254211425781,0.47648984110913767,0.22035453859093043
-15.1103,-10.9344,50.0,Paddy,Very High,0.780821919441223,0.6767293307900114,0.3823050193629588
-15.3738,-10.4504,50.0,Paddy,Very High,0.7327561378479,0.6118896915293657,0.3218548071227505
-15.7985,-9.61604,50.0,Paddy,Very High,0.800953507423401,0.5069580850069079,0.2408540758192642
-15.8696,-9.4666,50.0,Paddy,Very High,0.815962433815002,0.4894464183500345,0.22892857238973666
-16.3936,-9.31247,50.0,Paddy,Very High,0.774675965309143,0.4376527986760138,0.19583350638675182
-17.7431,-9.6563,33.5,Fallow,High,0.286842107772827,0.3672302779695164,0.1553531272488268
-17.5061,-9.30904,50.0,Paddy,Very High,0.784559071063995,0.36000533555996206,0.15145862157770063
-16.1925,-12.3009,32.2,Paddy,High,0.769325137138367,0.7015385991107688,0.4081689836184532
-15.4148,-9.61581,48.6,Paddy,Very High,0.751711249351502,0.5380994908607118,0.26308797610322154
-14.5499,-9.03711,50.0,Paddy,Very High,0.604544222354889,0.5618544017982884,0.28100949856966656
-16.8129,-11.1426,46.0,Paddy,Very High,0.766007006168366,0.5487306253173082,0.2710004424951294
-15.9208,-10.9516,44.3666666666667,Paddy,Very High,0.752852976322174,0.6079571210862001,0.3184784126612506
-16.5619,-8.44314,50.0,Paddy,Very High,0.780703961849213,0.3651257283198468,0.1542140702960403
-15.5038,-8.59973,50.0,Paddy,Very High,0.802437126636505,0.45086109523723056,0.20398254219023326
-14.462,-9.81837,47.0,Paddy,Very High,0.735267460346222,0.6360354917215432,0.3432709089540535
-16.111,-9.04835,49.3,Fallow,Very High,0.590630233287811,0.439020531416342,0.19666858811863783
-15.3306,-8.84394,50.0,Paddy,Very High,0.812875509262085,0.4828851484033168,0.22456082750432393
-16.6327,-10.2086,23.2,Fallow,High,0.260471194982529,0.48778726392661054,0.22781903083757096
-18.0113,-13.0319,23.3,Fallow,High,0.202938482165337,0.6070821817132349,0.3177313002342045
-13.9087,-9.27954,21.8,Pearl Millet,High,0.57729172706604,0.6372893615112424,0.3444165403863099
-14.4839,-10.0536,23.8,Pearl Millet,High,0.5134117603302,0.6545599754079577,0.36055373599166235
-14.7704,-9.64277,24.0333333333333,Pearl Millet,High,0.568588972091675,0.5944055292935647,0.307069724962971
-14.8998,-9.53861,25.9,Jowar,High,0.566731154918671,0.5745935444746922,0.2909919668637535
-14.3546,-9.46853,24.5,Jowar,High,0.610259115695953,0.615099592700181,0.32463325027608464
-14.3881,-9.4756,24.6,Pearl Millet,High,0.778466284275055,0.6128265330509021,0.3226636185911482
-15.8944,-10.6805,26.3,Fallow,High,0.264688760042191,0.5870630778208322,0.301030153461976
-14.6202,-9.6195,20.2,Jowar,Medium,0.549668848514557,0.6052561540699108,0.3161768002305039
-14.7972,-9.67094,27.3,Jowar,High,0.676923096179962,0.5945223485680583,0.3071666066644911
-15.4936,-10.3495,26.1,Fallow,High,0.606871068477631,0.5930016646306459,0.30590741208907674
-14.9605,-9.66796,24.6,Fallow,High,0.617002427577972,0.5803946152931777,0.29562829592035167
-15.211,-10.475,50.0,Paddy,Very High,0.793281674385071,0.62804201355244,0.3360469824606993
-15.5291,-9.78461,25.4666666666667,Fallow,High,0.615671634674072,0.5425913577391162,0.2664102928906609
-15.0057,-9.87567,34.6,Pearl Millet,High,0.524006187915802,0.5942008984867341,0.30690007884115383
-15.2211,-9.33023,22.8,Pearl Millet,High,0.403197169303894,0.5305625128620614,0.25758051074069876
-16.0694,-10.8137,50.0,Paddy,Very High,0.804826855659485,0.583515536760282,0.2981466953499936
-15.6038,-12.0656,37.4,Pearl Millet,Very High,0.823544085025787,0.7323065588808306,0.4427718479120622
-14.7458,-9.49029,37.8,Pearl Millet,Very High,0.37831324338913,0.5835316466157793,0.29815973928991063
-12.1954,-6.70816,32.9,Fallow,High,0.485700070858002,0.5639942425052139,0.28266757948085947
-14.9936,-9.43867,38.7,Pearl Millet,Very High,0.577833771705627,0.5583317066685558,0.2782960229510283
-15.8576,-11.0496,44.6,Paddy,Very High,0.806670427322388,0.621825223716415,0.33052171686998
-14.6428,-9.32011,40.8,Jowar,Very High,0.727984368801117,0.5778444924709507,0.29358306487088953
-14.9769,-10.1051,39.8,Pearl Millet,Very High,0.372966915369034,0.6163276845112876,0.3257016809730151
-17.5094,-11.6949,29.9,Fallow,High,0.407346934080124,0.536824016840793,0.26215008326991796
-15.7121,-9.88405,50.0,Paddy,Very High,0.789473712444305,0.53571077188392,0.26133344888906435
-16.9397,-9.75306,28.1,Fallow,High,0.375487238168716,0.42989293418195834,0.19113314237775472
-16.1449,-11.1786,30.5,Fallow,High,0.404073894023895,0.6082059372535936,0.3186911475373443
-17.6861,-10.8978,30.8333333333333,Fallow,High,0.396478712558746,0.4596206984141807,0.209493233456793
-15.2854,-11.1007,42.6,Paddy,Very High,0.666041254997253,0.6759616072595913,0.3815311486072406
-16.2526,-10.0419,35.8,Paddy,Very High,0.642045438289642,0.504698759757399,0.23929300305692047
-14.847,-8.81878,40.3,Paddy,Very High,0.641854524612427,0.5193825520154256,0.249561737145963
-16.5768,-10.5464,45.0,Paddy,Very High,0.393462479114532,0.5192059705498219,0.2494364976858248
-16.7535,-10.2753,39.0333333333333,Paddy,Very High,0.637385785579681,0.4835465520790344,0.22499869541650283
-15.3712,-10.0103,50.0,Paddy,Very High,0.790405929088593,0.5746180090396359,0.2910113984917069
-15.2898,-9.67439,50.0,Paddy,Very High,0.821166276931763,0.5532905198957074,0.274447323653844
-15.6675,-9.30203,50.0,Pearl Millet,Very High,0.732165217399597,0.49240464924815885,0.2309154545229334
-14.8658,-9.77212,50.0,Pearl Millet,Very High,0.26195028424263,0.5973023789164761,0.309479580856879
-14.7341,-10.1246,50.0,Pearl Millet,Very High,0.716414213180542,0.6389936400694635,0.34597920786160213
-15.7316,-10.4896,27.8,Paddy,High,0.693297386169434,0.5846775034506061,0.29908869650638226
-16.7591,-10.1844,30.0,Fallow,High,0.387350142002106,0.4760305601076174,0.22005437125618138
-15.2523,-10.1406,31.2,Paddy,High,0.763212561607361,0.5957642837374176,0.30819813049848155
-14.7279,-11.196,40.0,Paddy,Very High,0.767441868782044,0.7328534275678878,0.44341461151464
-14.6474,-9.72462,35.2333333333333,Paddy,High,0.753949284553528,0.6119429703817003,0.32190075848370825
-18.795,-11.3741,18.0,Fallow,Medium,0.324418604373932,0.41296770762831697,0.18109647626886502
-15.5501,-11.6525,36.1,Paddy,Very High,0.704979062080383,0.7010151706833401,0.40760546668153247
-14.5775,-10.0469,50.0,Paddy,Very High,0.746016442775726,0.6458406874828436,0.35232219257026226
-17.4799,-12.6802,17.7,Fallow,Medium,0.211191818118095,0.6225412161399023,0.3311539960001643
-16.4628,-13.286,18.4,Fallow,Medium,0.478305250406265,0.7635270753211535,0.48119377453416495
-16.0174,-13.1048,31.6,Paddy,High,0.806986391544342,0.7860903680186806,0.5113755975661372
-15.678,-10.3817,21.1,Paddy,Medium,0.733075439929962,0.5800763891533668,0.29537245998459893
-16.2942,-11.8968,50.0,Paddy,Very High,0.74319064617157,0.6574232086763194,0.36329548455847577
-16.1986,-11.2381,50.0,Paddy,Very High,0.710285425186157,0.6087036473391488,0.31911704368770166
-17.0577,-12.1506,50.0,Paddy,Very High,0.786259531974793,0.6132907852278687,0.32306506675557667
-17.0155,-10.9956,16.4,Paddy,Medium,0.812742352485657,0.5200567300807235,0.2500402934938837
-16.258,-10.4575,31.0,Paddy,High,0.777272701263428,0.5379752591113417,0.26299651885330433
-18.3171,-11.5043,29.5,Fallow,High,0.231710568070412,0.45775892447299327,0.2083147395295632
-14.7511,-9.83986,29.0,Paddy,High,0.700413227081299,0.6129348509545696,0.3227572451874491
-17.2379,-10.9005,29.7,Fallow,High,0.281911998987198,0.4946231402225232,0.23241277704560537
-15.4994,-9.90918,18.0,Paddy,Medium,0.515736043453217,0.5553880552530555,0.2760438017523036
-16.6961,-11.3488,26.2,Fallow,High,0.214057505130768,0.575765708570748,0.29192413363901376
-17.2037,-10.5619,17.2,Lemon,Medium,0.539786398410797,0.47084155115715637,0.21668058528113035
-16.2506,-10.8125,17.9333333333333,Fallow,Medium,0.340959250926971,0.5681180516832944,0.28588409875076753
-16.3406,-10.48,29.0,Paddy,High,0.522580623626709,0.5330405450471304,0.25938209877513435
-15.7372,-10.2955,25.0,Paddy,High,0.584179043769836,0.5678155762652226,0.2856472188557534
-15.283,-12.257,27.2,Paddy,High,0.468203783035278,0.7764383819895828,0.49819572895671194
-15.8406,-11.2872,22.1,Paddy,High,0.237084224820137,0.6438609098587083,0.3504773851599909
-16.0575,-10.9295,39.2333333333333,Paddy,Very High,0.583984375,0.5943739807072649,0.30704356507300645
-16.6045,-9.28977,16.2,Paddy,Medium,0.592255115509033,0.42058603639766967,0.18557821794495932
-17.5208,-11.757,16.7,Paddy,Medium,0.484207093715668,0.5409980631491799,0.2652283844880368
-15.521,-9.52936,20.1,Paddy,Medium,0.553663730621338,0.5223496402932108,0.2516726372126935
-15.0464,-9.60588,13.2,Paddy,Medium,0.571671366691589,0.5679147146879966,0.28572484118976865
-15.777,-10.8237,18.4333333333333,Paddy,Medium,0.587966680526733,0.6093216378207715,0.31964653426374
-16.2845,-11.3168,19.7,Fodder,Medium,0.673515319824219,0.6080858158605056,0.318588430206329
-15.2181,-10.8056,20.0,Paddy,Medium,0.693261444568634,0.6561089039409496,0.3620345345911184
-16.266,-11.5031,22.9,Paddy,High,0.613577008247376,0.6257178485847477,0.33397195588656287
-15.6985,-10.3288,16.1,Paddy,Medium,0.465841710567474,0.5738757936869786,0.29042232641714016
-16.5969,-10.9966,15.2666666666667,Paddy,Medium,0.656670093536377,0.5545483410080616,0.2754038454530553
-16.7265,-10.9131,26.6,Paddy,High,0.72540271282196,0.5369144339193784,0.2622164901956057
-15.6617,-11.2298,29.1,Paddy,High,0.738454043865204,0.6544207668545259,0.36042092755214833
-16.1061,-11.6509,34.0,Paddy,High,0.711711704730988,0.652393948380476,0.3584924387095044
-15.5727,-10.3191,35.9,Paddy,Very High,0.725685775279999,0.5836936009094106,0.2982908969196145
-16.1365,-10.7204,27.2666666666667,Paddy,High,0.736972689628601,0.5699677486595098,0.28733597243604697
-16.2749,-10.4284,34.6,Paddy,High,0.60182648897171,0.5341965321194194,0.26022558887985814
-15.7128,-10.3854,38.2,Paddy,Very High,0.61925333738327,0.5774464497659042,0.2932648414668276
-14.7574,-9.29557,29.4,Paddy,High,0.380926430225372,0.5661252924119605,0.2843262780621893
-15.4959,-9.99128,27.2,Paddy,High,0.473684221506119,0.5625383239603773,0.2815386345688361
-16.461,-10.1643,34.8,Paddy,High,0.598866879940033,0.4978487537551323,0.23460107617300788
-16.3319,-10.8561,50.0,Paddy,Very High,0.640022039413452,0.5649533165894363,0.2834131519083634
-15.7559,-10.6825,50.0,Paddy,Very High,0.71808260679245,0.5990347188539425,0.31092811932802983
-14.8442,-9.58698,50.0,Paddy,Very High,0.619733929634094,0.5833866630085583,0.298042364371903
-16.1413,-9.38401,50.0,Paddy,Very High,0.473152250051498,0.4619832804327647,0.21099443456908407
-15.6192,-10.5328,50.0,Paddy,Very High,0.52581262588501,0.5979240820884809,0.30999879094111843
-16.1221,-10.8092,40.6,Paddy,Very High,0.594735205173492,0.5786721372974601,0.2942456153501383
-14.9344,-9.63353,32.2,Paddy,High,0.614909887313843,0.5796896856666874,0.2950618085176212
-15.4834,-10.2362,36.7,Paddy,Very High,0.590575933456421,0.5842363788821298,0.29873079868208047
-15.7868,-10.8161,22.0,Fallow,High,0.261390894651413,0.6078284332717276,0.31836843310832486
-15.5138,-11.2864,42.9666666666667,Paddy,Very High,0.511349320411682,0.6722370169973652,0.37779830054699853
-14.5743,-11.4995,20.9,Paddy,Medium,0.487328857183456,0.7722691600138829,0.4926290292323932
-13.4674,-10.166,28.1,Paddy,High,0.482220828533173,0.752802189986034,0.4675843855925192
-14.7304,-9.56038,26.4,Paddy,High,0.323956429958344,0.5907942888650924,0.3040871021915465
-15.8753,-11.7524,27.7,Paddy,High,0.486248940229416,0.6813538319627708,0.3869991400721876
-15.2054,-11.5983,30.8,Paddy,High,0.495559513568878,0.7263210738982142,0.4358027837152677
-15.0408,-9.56049,30.8,Paddy,High,0.529583632946014,0.5645751494961473,0.28311898978612926
-15.185,-10.161,43.7,Paddy,Very High,0.619103789329529,0.6032603254468347,0.314485046547696
-17.0193,-11.5872,27.0,Fallow,High,0.259259253740311,0.568622304198127,0.286279335186024
-15.6987,-11.0433,26.2,Fallow,High,0.553386211395264,0.6350159055767305,0.34234185532424743
-15.3008,-10.3861,39.8333333333333,Paddy,Very High,0.48758465051651,0.6126374176782514,0.32250020868740725
-18.066,-10.3254,23.1,Fallow,High,0.258379310369492,0.3905632762804448,0.16824416071156248
-18.3269,-8.99425,22.7,Fallow,High,0.201739132404327,0.29148389908856553,0.1166097864449337
-15.9447,-11.4235,20.6,Fallow,Medium,0.19768562912941,0.6466571721137654,0.3530855951567888
-15.4504,-10.4959,17.7,Fallow,Medium,0.274370551109314,0.6092186284128313,0.31955822486331764
-16.4455,-9.97551,17.7333333333333,Fallow,Medium,0.239849880337715,0.4841888641032084,0.22542444027360117
-15.4016,-10.6864,10.8,Pearl Millet,Low,0.477867215871811,0.6298403182552321,0.3376602984525847
-16.6606,-10.1922,10.0,Pearl Millet,Low,0.454091548919678,0.4843133098099603,0.22550698575705266
-16.4494,-10.0587,18.8,Fallow,Medium,0.501108646392822,0.4904149388073789,0.22957785825015367
-17.374,-9.29068,35.9,Fallow,Very High,0.26567330956459,0.3674599421964802,0.1554776615374457
-16.3404,-10.7914,11.6,Pearl Millet,Medium,0.347027033567429,0.5588269246498503,0.2786762770601109
-14.3238,-9.22312,13.9,Jowar,Medium,0.664049327373505,0.5967047602992507,0.30898116049551005
-16.3365,-10.158,13.4,Fallow,Medium,0.217154532670975,0.5072752920312846,0.24107379242925592
-16.2314,-9.07401,16.1,Fallow,Medium,0.299533009529114,0.4320357524203769,0.19242478057545195
-15.1714,-9.69923,32.9,Paddy,High,0.552654981613159,0.565257761517947,0.2836501385280672
-16.6495,-9.549,10.9333333333333,Fallow,Medium,0.252617806196213,0.4362219349520387,0.1949620128524443
-14.631,-10.5705,17.4,Fallow,Medium,0.535260736942291,0.68679956019781,0.39259973308294965
-16.1006,-11.9657,18.0,Fallow,Medium,0.412313431501389,0.6803066827222283,0.38593129788895586
-14.8586,-10.0388,25.1,Paddy,High,0.48918354511261,0.6208076156051476,0.32962489161516995
-16.3873,-11.0428,21.5,Fallow,High,0.456475585699081,0.5760020955219707,0.29211240476828637
-16.2108,-10.8921,22.7666666666667,Fallow,High,0.251404494047165,0.5781817590529098,0.29385291280630366
-13.3794,-7.74898,20.6,Fallow,Medium,0.463379949331284,0.5520421200822054,0.27350042151593956
-15.3375,-11.7414,23.2,Fallow,High,0.512572526931763,0.7272772122656096,0.4369080030909158
-14.9294,-10.6627,31.5,Paddy,High,0.435709685087204,0.6688100696051809,0.37439496538379935
-15.9217,-10.2918,14.8,Fallow,Medium,0.236986294388771,0.5520853507384146,0.27353317089217694
-15.6397,-10.689,28.9333333333333,Fallow,High,0.419454455375671,0.6095448399094977,0.3198379550268141
-19.5506,-12.4734,7.5,Fallow,Low,0.146489098668098,0.4379434505275926,0.19601079945413333
-18.1195,-12.3623,7.5,Fallow,Low,0.194505497813225,0.5415424207278102,0.2656317601267037
-17.1902,-10.8471,9.3,Fallow,Low,0.158330872654915,0.49417223694490564,0.23210794152200534
-19.3836,-12.1842,28.5,Fallow,High,0.143303155899048,0.42896018502527516,0.1905723985275358
-17.9612,-12.1012,9.36666666666667,Fallow,Low,0.278728604316711,0.5330897140618003,0.25941793621188136
-15.8605,-11.5155,23.2,Fallow,High,0.209661185741425,0.661986256915333,0.3677053933782148
-16.5498,-12.141,22.5,Fallow,High,0.160349860787392,0.6564309249532269,0.3623431036854991
-14.4018,-10.0963,24.2,Fallow,High,0.159461379051209,0.6654279433352853,0.37106500659600944
-17.5035,-9.21357,21.8,Fallow,High,0.231776520609856,0.3539979176587372,0.14825419807068296
-17.0451,-10.8806,27.5333333333333,Fallow,High,0.161154121160507,0.5083974952436378,0.24185217645106807
-14.9477,-10.8543,19.7,Paddy,Medium,0.219666928052902,0.6839282435497208,0.38963682877705225
-14.2449,-8.8256,18.3,Paddy,Medium,0.241706162691116,0.5696985703753836,0.28712433344772703
-14.6813,-9.77579,10.8,Fallow,Low,0.223362267017365,0.6134274978716825,0.3231833660938793
-16.9864,-10.2269,8.0,Fallow,Low,0.162659123539925,0.461814680456049,0.21088709286957258
-15.4225,-9.80948,11.4333333333333,Fallow,Medium,0.224704816937447,0.553489400189592,0.2745983984772018
-18.005,-10.0337,16.5,Fallow,Medium,0.167519181966782,0.37490591771352094,0.15954015145471395
-18.3754,-9.89376,12.2,Fallow,Medium,0.190879866480827,0.3418235501364406,0.1418521752740985
-14.6945,-9.31965,16.3,Paddy,Medium,0.393086314201355,0.5734415806967507,0.2900781386402639
-17.2409,-10.631,19.9,Paddy,Medium,0.426531821489334,0.4733046194198919,0.21827801716352072
-16.6363,-8.59486,27.7,Paddy,High,0.196772754192352,0.3702316474938221,0.15698422019133074
-18.2038,-10.8892,10.0,Fallow,Low,0.200259655714035,0.42059541822873453,0.18558377305339807
-16.5835,-11.3824,18.5,Fallow,Medium,0.26461672782898,0.5881507438583007,0.3019186910723844
-15.7599,-9.55806,51.9,Paddy,Very High,0.544077455997467,0.5054070733234257,0.23978168071723518
-18.8387,-10.1739,15.7,Fallow,Medium,0.206713780760765,0.3304784146038991,0.13599407894302704
-19.0851,-9.6299,10.4,Fallow,Low,0.404360741376877,0.28473099194538515,0.11336526302703478
-15.9026,-10.0268,18.8,Paddy,Medium,0.561346352100372,0.53179558266555,0.2584758665564506
-15.427,-10.7201,23.5,Fallow,High,0.312524378299713,0.6305581912998797,0.3383062334968087
-17.0611,-11.3209,18.4,Paddy,Medium,0.335544794797897,0.5429455933347247,0.2666735853969198
-16.5584,-10.4012,25.8,Paddy,High,0.222956240177155,0.5089831153925213,0.24225904451274272
-15.6574,-10.1838,24.5333333333333,Paddy,High,0.235963433980942,0.5651378215922167,0.28355675651581713
-16.1104,-10.2657,17.0,Paddy,Medium,0.61597615480423,0.5343441822412787,0.2603334657150359
-15.0352,-10.8682,25.2,Paddy,High,0.480254769325256,0.6775058167986823,0.38308928063841474
-18.2154,-11.8066,12.8,Fallow,Medium,0.163604542613029,0.48899005849243077,0.22862304249211396
-15.8745,-9.01885,18.9,Fallow,Medium,0.223205104470253,0.4545130258487978,0.20626949247188087
-16.2567,-11.5808,18.2,Fallow,Medium,0.182846933603287,0.6332407787668944,0.3407297071604769
-15.7048,-10.3441,26.0,Paddy,High,0.542736053466797,0.5746348813593056,0.2910248003704552
-18.2614,-11.5015,16.7,Fallow,Medium,0.169536426663399,0.461784168307713,0.2108676703449728
-17.851,-10.1538,13.7,Fallow,Medium,0.260843724012375,0.39355692772558476,0.16993389036362308
-19.5258,-12.0423,13.2,Fallow,Medium,0.187516808509827,0.40851700116582657,0.17850484159619234
-18.7444,-11.8569,15.3666666666667,Fallow,Medium,0.168768763542175,0.45210892971457417,0.20476230040820637
-16.9867,-9.18694,6.0,Mustard,Low,0.274459511041641,0.38650698052692206,0.16596786221334747
-17.3929,-9.33187,16.6,Fallow,Medium,0.189594015479088,0.3689333450221016,0.1562776960711926
-19.4064,-11.3905,14.5,Chickori,Medium,0.215286627411842,0.3719290130260769,0.15791013324617031
-17.2645,-11.5968,6.6,Lemon,Low,0.35701385140419,0.5489462802104497,0.27116273147978953
-17.6363,-10.9754,11.0333333333333,Chickori,Medium,0.237215027213097,0.46937014939758964,0.21572973003720472
-17.732,-8.16163,25.0,Fallow,High,0.195425495505333,0.27849751805162565,0.11039845612148735
-15.0632,-5.99729,27.0,Fallow,High,0.195283710956574,0.3066123883357556,0.12399637817837691
-16.0032,-9.19477,22.0,Fallow,High,0.304730474948883,0.4580906909584046,0.20852445749896212
-17.1376,-9.08405,23.5,Fallow,High,0.288918644189835,0.3694287002549953,0.1565470903326174
-17.2111,-7.78925,25.6333333333333,Fallow,High,0.322744607925415,0.2865564090499923,0.11423915971628447
-16.3826,-10.04,34.6,Fallow,High,0.355859100818634,0.49421178155943973,0.23213466547463593
-17.4798,-8.45274,35.2,Fallow,High,0.259898066520691,0.3088651999480025,0.12511056921382968
-15.0283,-7.51548,24.2,Fallow,High,0.197329372167587,0.4064430121463243,0.1773037822158596
-15.006,-8.06298,28.6,Fallow,High,0.15764331817627,0.44793574921410795,0.20216128991960358
-15.45,-8.62576,28.8,Fallow,High,0.203654363751411,0.45689105535343044,0.207766727819485
-17.8115,-10.3047,4.4,Fallow,Low,0.242268040776253,0.4068682919403962,0.1775497233745227
-20.4792,-12.6469,3.7,Fallow,Low,0.214920073747635,0.3842879470190641,0.16472897647597845
-16.696,-9.38246,50.0,Fallow,Very High,0.247246488928795,0.4206719211034907,0.18562907475916726
-16.5445,-8.285,26.5,Jowar,High,0.544153392314911,0.35595844668147325,0.14929662837804009
-17.9222,-11.9044,6.23333333333333,Fallow,Low,0.227799221873283,0.5202269583613701,0.25016122793103357
-19.0415,-10.1429,4.3,Fallow,Low,0.286111980676651,0.3164039300564843,0.12886649012259022
-18.816,-9.29471,5.2,Fallow,Low,0.160401001572609,0.2811406029147837,0.11165315512716663
-18.5045,-9.93196,4.7,Fallow,Low,0.171232879161835,0.3361580822145941,0.13891399458997247
-18.2382,-8.65533,5.2,Fallow,Low,0.194764718413353,0.2778275172979256,0.1100811606662049
-19.0097,-9.80521,4.26666666666667,Fallow,Low,0.205165833234787,0.2986788790187658,0.12010221029689296
-15.2933,-7.45183,50.0,Fallow,Very High,0.21094161272049,0.3836641582875604,0.16438152304459525
-14.4365,-6.0505,50.0,Fallow,Very High,0.210322573781014,0.3478588422818974,0.14501068364219724
-16.4495,-8.30743,11.2,Fallow,Medium,0.180700093507767,0.36359608830811163,0.1533885704748611
-15.8672,-8.79241,10.3,Fallow,Low,0.266906768083572,0.4381217444691228,0.1961196005417729
-15.2468,-7.26449,50.0,Fallow,Very High,0.205186873674393,0.3741695211115578,0.15913620609463344
-17.0051,-9.8747,7.3,Fallow,Low,0.168914586305618,0.4340187422374869,0.19362436211058084
-18.0847,-10.7996,4.7,Fallow,Low,0.17086835205555,0.42272774120671325,0.1868486653265379
-18.1624,-10.8497,25.4,Fallow,High,0.196326062083244,0.420732552181391,0.18566498207779172
-17.573,-10.8116,3.6,Fallow,Low,0.20914888381958,0.4616697578126344,0.2107948518078629
-18.6141,-11.1055,10.0666666666667,Fallow,Low,0.183306574821472,0.40674110190266194,0.17747615041995943
-15.8591,-8.40373,9.3,Fallow,Low,0.176470592617989,0.41051317250698116,0.17966480070610238
-16.5311,-7.93512,44.0,Fallow,Very High,0.368483752012253,0.33470834071588784,0.1381662593944063
-17.6762,-9.27483,10.4,Fallow,Low,0.169288858771324,0.3468837905302467,0.14449838726717343
-15.6404,-7.30721,9.5,Fallow,Low,0.216503620147705,0.35122401697226036,0.14678477112570307
-15.5907,-8.42519,50.0,Fallow,Very High,0.308315813541412,0.431440241939051,0.19206534026457844
-15.4728,-10.4611,4.5,Fallow,Low,0.276955604553223,0.6043136994799839,0.3153769871731257
-14.4573,-7.85315,8.8,Fallow,Low,0.360659122467041,0.4737493309373613,0.21856720569447985
-14.5349,-6.55894,50.0,Fallow,Very High,0.306761860847473,0.3745941155542882,0.15936905593936698
-16.9912,-7.87452,48.9,Fallow,Very High,0.175205573439598,0.3036873252413081,0.12255527251445904
-16.1229,-9.27205,9.83333333333333,Fallow,Low,0.26568815112114,0.45487597227485893,0.20649759597139533
-15.2787,-6.23449,27.9,Fallow,High,0.233176842331886,0.30786916415522336,0.12461749011308638
-15.3161,-5.77221,36.2,Fallow,Very High,0.211482390761375,0.2799210789724528,0.11107363887781432
-15.2949,-7.38184,35.7,Fallow,High,0.199747160077095,0.37881775053166716,0.16169403545014516
-13.2534,-5.82253,36.4,Fallow,Very High,0.246425002813339,0.41225680910151324,0.1806812140287855
-14.9113,-7.08595,38.8,Fallow,Very High,0.223695546388626,0.3847611748022438,0.16499280274732667
-16.7976,-7.99757,50.0,Fallow,Very High,0.210623845458031,0.3222820150944237,0.1318247632392914
-16.0165,-10.1738,50.0,Fallow,Very High,0.274418592453003,0.5345082584095915,0.2604533813159766
-15.6158,-9.76191,50.0,Fallow,Very High,0.242146596312523,0.5335905296114447,0.25978316284083375
-16.2832,-9.73747,50.0,Fallow,Very High,0.463938623666763,0.4782803471226929,0.22152717028493743
-17.3368,-8.95437,50.0,Fallow,Very High,0.218332275748253,0.3480855996331774,0.14512993474858818
-17.7726,-11.4881,13.2,Fallow,Medium,0.252941191196442,0.49881768635245277,0.23526103320719316
-16.9006,-9.54825,6.4,Fallow,Low,0.222001984715462,0.4178765677991199,0.18397762153769193
-14.6347,-7.98846,31.7,Tobacco,High,0.309837579727173,0.4704992835263424,0.21645917556367117
-17.6535,-10.6398,19.6,Fallow,Medium,0.280230313539505,0.442655671724645,0.19889780941676447
-17.1763,-10.087,10.6666666666667,Fallow,Low,0.239841431379318,0.43704893765719255,0.19546544834657703
-17.0656,-9.1373,22.6,Fallow,High,0.189873412251472,0.377791442166052,0.16112762288568866
-18.2968,-11.0735,7.3,Fallow,Low,0.297985166311264,0.42721644000867726,0.18952652507919998
-16.2719,-8.39612,45.5,Fallow,Very High,0.178826898336411,0.3813362804704894,0.16308799742092897
-16.9744,-9.35911,12.6,Fallow,Medium,0.403249621391296,0.399248084216524,0.17316933931189216
-15.9793,-8.42725,50.0,Fallow,Very High,0.19683338701725,0.40367864235279965,0.17570940171861904
-17.8974,-10.3033,19.3,Fallow,Medium,0.194670617580414,0.4007291013804532,0.174016327933726
-17.1114,-9.83072,17.2,Fallow,Medium,0.223152026534081,0.4230478052807128,0.18703892597683144
-18.3536,-10.5927,11.2,Fallow,Medium,0.231768235564232,0.3891682258024173,0.1674595809124662
-17.1371,-10.0808,14.5,Fallow,Medium,0.186484724283218,0.43949109227669636,0.19695635575701032
-18.7177,-10.2786,18.5666666666667,Fallow,Medium,0.185950413346291,0.3444985938099174,0.14324847261342422
-18.652,-9.83681,4.9,Fallow,Low,0.22765363752842,0.3213726852250721,0.13136540224996654
-18.8733,-10.9229,6.0,Fallow,Low,0.4112808406353,0.3763065290563427,0.16030977331325472
-18.7997,-12.1376,6.7,Fallow,Low,0.228024646639824,0.46927778942400933,0.215670129944381
-18.8403,-11.6632,2.4,Fallow,Low,0.387445896863937,0.4305911104155316,0.1915534595665096
-18.7492,-11.5476,16.2,Fallow,Medium,0.206671878695488,0.42879949124749683,0.1904758849589004
-19.0639,-11.116,7.5,Tobacco&Chickori,Low,0.252048194408417,0.37647430548193733,0.16040208160274017
-19.9945,-10.38,5.4,Tobacco&Chickori,Low,0.291498929262161,0.2761378631997009,0.1092823435894278
-18.3989,-9.15782,13.5,Fallow,Medium,0.203389823436737,0.2966107990188314,0.11909458077606203
-17.6031,-10.8315,12.2,Fallow,Medium,0.325410693883896,0.460892188086014,0.2103003521900487
-18.7735,-9.84912,14.0,Fallow,Medium,0.322780460119247,0.3148799689335156,0.1281037962815643
-16.9069,-9.6179,2.5,Fallow,Low,0.293975174427032,0.4224454564805538,0.18668094901206406
-16.2843,-10.762,2.3,Fallow,Low,0.305446892976761,0.5610586929241571,0.2803948288877782
-16.8986,-11.0205,6.4,Fallow,Low,0.453768283128738,0.5316073098519679,0.2583390153817056
-18.203,-9.75805,38.8,Chickori,Very High,0.235965743660927,0.34412983346572373,0.14305564506150475
-16.1352,-9.50586,2.13333333333333,Fallow,Low,0.224796876311302,0.47180278356137456,0.21730313906911905
-16.4145,-10.4041,1.2,Fallow,Low,0.404370099306107,0.520827012825487,0.2505878442469198
-18.7571,-11.3143,8.8,Chickori,Low,0.293529838323593,0.4114071773832865,0.1801855667011868
-17.3258,-9.84674,8.9,Chickori,Low,0.316754579544067,0.4088316607054572,0.17868742894292874
-15.6855,-6.48458,24.1,Fallow,High,0.200000002980232,0.29888125205275107,0.12020097765042972
-18.3175,-11.9857,9.26666666666667,Fallow,Low,0.381209790706635,0.4950663348323316,0.23271265445183828
-17.1626,-10.2336,2.1,Fallow,Low,0.267928868532181,0.44898745076628416,0.2028149664478572
-18.4282,-11.3989,1.4,Fallow,Low,0.36392742395401,0.4414952498200406,0.1981846435967193
-17.711,-9.0514,21.9,Fallow,High,0.490454256534576,0.3307966430434702,0.13615700819299514
-17.3953,-10.0578,2.3,Fallow,Low,0.202328965067863,0.41894478674718827,0.18460778011783932
-19.3425,-10.6037,20.3666666666667,Fallow,Medium,0.210589647293091,0.32597427507261684,0.13369648825633046
-18.0606,-10.8244,11.5,Tobacco,Medium,0.365774005651474,0.4262770649465233,0.1889644031104364
-15.735,-9.41137,34.3,Fallow,High,0.259305983781815,0.49571328242737345,0.23315084833339592
-16.1248,-11.5078,11.2,Tobacco,Medium,0.284482747316361,0.6383433919167298,0.34538223854982314
-18.6015,-10.6884,11.4,Tobacco,Medium,0.207385420799255,0.3788150543288363,0.16169254619990073
-16.4909,-7.90242,37.0,Fallow,Very High,0.111555777490139,0.33517170920527134,0.1384050702178234
-17.6493,-9.58536,12.6,Tobacco,Medium,0.205693945288658,0.36874075761004144,0.15617301692159735
-18.8173,-10.1263,10.2,Tobacco,Low,0.21875,0.3288784711378411,0.1351761272821416
-17.8344,-10.6524,9.8,Tobacco,Low,0.21259842813015,0.4302324221543891,0.19133745805423025
-16.0971,-9.4985,36.6,Tobacco,Very High,0.278629392385483,0.47417878834638494,0.2188466988657128
-15.5129,-7.924,30.9,Tobacco,High,0.288804084062576,0.4010930873184117,0.17422481017069413
-15.4618,-7.27052,27.1,Tobacco,High,0.259259253740311,0.3603815839083414,0.15166033117352762
-14.9698,-10.3769,22.7,Mustard,High,0.432423532009125,0.6404332473677813,0.34730417174780953
-15.1865,-7.83,31.5666666666667,Tobacco,High,0.264038234949112,0.41757834752497835,0.18380190149426037
-17.9792,-11.3312,11.1,Tobacco,Medium,0.224899604916573,0.4703636474712081,0.2163714721779109
-17.2915,-11.5914,10.7,Tobacco,Low,0.260413140058517,0.5462613055367407,0.2691472829761255
-19.3034,-10.8855,10.5,Tobacco,Low,0.255871444940567,0.3458373454210354,0.14394944672815785
-19.5439,-12.3344,9.0,Tobacco,Low,0.189285710453987,0.42822275796532777,0.1901297162248336
-19.9869,-12.3493,9.3,Tobacco,Low,0.246066704392433,0.39769265583768415,0.1722820377693678
-17.417,-9.84166,11.3,Tobacco,Medium,0.229885056614876,0.4020432617987441,0.17476964335905948
-17.1933,-9.6678,21.5,Tobacco,High,0.307322919368744,0.40554817605430077,0.17678686726149484
-16.7803,-10.021,25.1,Tobacco,High,0.204052105545998,0.46182993695378605,0.21089680480272333
-17.0459,-8.92339,17.4,Tobacco,Medium,0.176036104559898,0.3648793446669368,0.15408096863664322
-15.7954,-7.54797,32.0666666666667,Fallow,High,0.168741956353188,0.3567382141596637,0.14971213370745637
-16.7894,-8.45576,36.8,Fallow,Very High,0.193203270435333,0.3511952439632451,0.14676956261447738
-15.0577,-8.77033,39.0,Fallow,Very High,0.23608335852623,0.4985896646525259,0.23510561421325937
-14.5567,-8.74441,50.0,Fallow,Very High,0.30459126830101,0.5370056794947651,0.26228351787268284
-18.0965,-9.92425,9.4,Fallow,Low,0.174231335520744,0.36162229171423493,0.15232633745372395
-16.554,-8.64839,35.6666666666667,Fallow,High,0.295751184225082,0.3793201458161457,0.16197164762899
-17.72,-11.1005,25.1,Fallow,High,0.316636860370636,0.47256264844431,0.2177960504889142
-15.9304,-10.1496,15.0,Fallow,Medium,0.244399860501289,0.5395969757203645,0.2641922052469359
-17.1687,-10.4173,13.3,Fallow,Medium,0.300509333610535,0.4624327943536514,0.21128078412687548
-15.6121,-8.78998,14.2,Fallow,Medium,0.187480822205544,0.45705181367535763,0.2078681734986282
-16.9227,-11.2461,14.3333333333333,Fallow,Medium,0.172156617045403,0.5482082167634109,0.2706076064987617
-12.6159,-7.67033,43.5,Fallow,Very High,0.226247429847717,0.6099852949805327,0.3202159792059885
-13.3332,-7.23442,44.2,Fallow,Very High,0.240475222468376,0.51368121906601,0.24553985780400187
-17.5579,-10.1138,14.5,Tobacco,Medium,0.309207022190094,0.4113146612238994,0.18013163873490043
-16.1261,-9.60262,26.4,Tobacco,High,0.242620587348938,0.48001210453955007,0.22266502202759803
-14.8682,-8.34889,16.0,Tobacco,Medium,0.313564658164978,0.4803370327220479,0.22287892275445725
-15.2388,-6.75165,46.4,Fallow,Very High,0.226890757679939,0.34147816858285873,0.14167231807881767
-17.2182,-7.34528,2.5,Fallow,Low,0.151813149452209,0.2626386231926249,0.10296935681856194
-16.8375,-6.74168,37.2,Tobacco,Very High,0.333143681287766,0.25142781349043497,0.09781782455784711
-18.1201,-7.80174,38.3,Tobacco,Very High,0.24172742664814,0.24062916712972907,0.09293172529847796
-17.4292,-6.83499,36.5666666666667,Tobacco,Very High,0.281241178512573,0.2277805384174331,0.08721255301753596
-14.0462,-7.44653,9.2,Mustard,Low,0.810953319072723,0.474095975699783,0.2187927868006502
-16.2277,-9.33352,7.1,Chickori,Low,0.344478219747543,0.4516056406686828,0.2044475921103801
-15.1951,-9.28399,27.1,Chickori,High,0.722086787223816,0.528908382682273,0.2563828671631418
-17.4183,-9.70444,7.4,Lemon,Low,0.455592602491379,0.3924059606373975,0.16928325456927543
-15.2722,-8.33607,27.5333333333333,Chickori,High,0.68513548374176,0.44845241903400007,0.20248226953782025
-17.6808,-10.1541,11.6,Wheat,Medium,0.347506135702133,0.40546355704096204,0.17673802599285296
-18.7365,-12.2959,11.8,Wheat,Medium,0.403773576021194,0.4864918468234944,0.2269551280126827
-15.721,-7.93595,36.8,Wheat,Very High,0.540178596973419,0.38751292830933065,0.16653096550887217
-19.2282,-8.11671,47.3,Wheat,Very High,0.458767026662827,0.20524281508718265,0.07741961370128478
-19.1796,-11.2415,6.63333333333333,Wheat,Low,0.45644599199295,0.37713248158693585,0.1607644429423552
-16.6537,-10.0728,3.9,Wheat,Low,0.468240201473236,0.47554981117418255,0.21974044516313623
-18.1092,-11.7679,11.0,Wheat,Medium,0.355426669120789,0.4943146050340497,0.23220416215218542
-18.5392,-11.5032,8.8,Wheat,Low,0.273457467556,0.4409974169066027,0.19787913352337366
-18.3652,-9.88802,7.9,Wheat,Low,0.358336716890335,0.3421033003222255,0.1419979256107291
-18.9546,-11.6986,8.96666666666667,Wheat,Low,0.252958565950394,0.42483770765179973,0.18810485289187054
-18.8663,-11.5938,12.1,Fallow,Medium,0.228998854756355,0.4236405370358445,0.187391548506407
-19.3104,-12.9189,8.7,Fallow,Low,0.154787003993988,0.4903519157827342,0.22953557234062233
-18.8113,-11.0742,17.5,Fallow,Medium,0.286224126815796,0.39080413793129093,0.16837980413581627
-19.0093,-11.8076,7.5,Fallow,Low,0.287745416164398,0.428792187859316,0.1904714991400614
-18.1151,-11.9449,7.36666666666667,Fallow,Low,0.21130844950676,0.5079404546129991,0.24153496009240036
-20.5352,-12.0889,11.7,Wheat,Medium,0.257540613412857,0.3440447754314842,0.14301118326988296
-19.5427,-13.2522,13.3,Wheat,Medium,0.190184041857719,0.49834104500647336,0.23493623249442372
-20.3658,-11.2344,12.2,Wheat,Medium,0.173184350132942,0.3028432610105433,0.12214058619652757
-19.3716,-10.7658,10.9,Wheat,Medium,0.202137127518654,0.33410234735220556,0.13785419927595682
-20.8161,-11.4518,8.1,Wheat,Low,0.241496592760086,0.2897279982425458,0.11576306050640373
-18.9072,-11.4608,6.4,Wheat,Low,0.323655009269714,0.41115101122900805,0.1800362672532297
-18.0152,-11.9774,8.5,Wheat,Low,0.260245889425278,0.5186067708917816,0.2490118414938609
-17.9871,-11.4391,7.0,Wheat,Low,0.309890121221542,0.47810385610958067,0.22141141120912622
-17.9042,-10.8925,8.3,Wheat,Low,0.361940294504166,0.44280457397450107,0.19898942633691932
-19.7736,-12.5648,11.3333333333333,Wheat,Medium,0.206055507063866,0.42827384173748045,0.1901603639842069
-18.1225,-11.2484,1.4,Fallow,Low,0.134909600019455,0.4531194943764461,0.20539506280051548
-18.8839,-11.1409,3.0,Fallow,Low,0.15033657848835,0.3903981710449397,0.1681512112376716
-18.0313,-9.81391,6.3,Fallow,Low,0.172809168696404,0.3586841532518045,0.150751277105593
-16.8363,-11.6382,1.2,Fallow,Low,0.17720639705658,0.5884057550417943,0.3021273211655775
-17.8286,-11.3431,8.56666666666667,Fallow,Low,0.147540986537933,0.48297580923524036,0.22462081568339498
-17.7219,-11.5145,24.1,Wheat,High,0.263761460781097,0.5049625222561717,0.23947489968108354
-18.6294,-11.3281,22.2,Wheat,High,0.265900373458862,0.421555940636477,0.18615298302472263
-18.317,-9.98145,13.5,Wheat,Medium,0.176366835832596,0.3510731372594557,0.14670502846964104
-17.9526,-11.002,25.7,Wheat,High,0.299461126327515,0.4473677380919513,0.2018087535324712
-18.2019,-11.2054,28.1333333333333,Wheat,High,0.401408463716507,0.443937196462031,0.19968709545290433
-17.9351,-12.0211,16.1,Wheat,Medium,0.280032128095627,0.5286723797124657,0.25621231468290123
-16.9283,-12.0193,15.7,Wheat,Medium,0.469617128372192,0.6131274275530794,0.32292375955486863
-17.8288,-9.68352,17.8,Wheat,Medium,0.38757061958313,0.36338579417848355,0.15327523829792075
-17.0496,-11.1756,18.4,Wheat,Medium,0.246511623263359,0.5319429467482237,0.2585830180421055
-16.8663,-10.9578,11.3666666666667,Wheat,Medium,0.245141997933388,0.5291215600449505,0.2565369930904508
-20.8249,-14.0198,8.8,Wheat,Low,0.220226213335991,0.45834359296442595,0.20868440720006037
-19.3345,-12.7189,9.2,Wheat,Low,0.28571429848671,0.47286399807070145,0.21799172096888703
-19.9954,-12.7668,10.2,Wheat,Low,0.243412792682648,0.4268303414781645,0.18929537364880653
-20.3044,-12.8504,24.3,Wheat,High,0.230881288647652,0.41061054963377314,0.17972148565476595
-20.6879,-13.5636,10.8333333333333,Wheat,Medium,0.20488466322422,0.4344676775527811,0.1938965135022183
-17.6814,-9.70262,10.9,Wheat,Medium,0.218530654907227,0.37440551474885375,0.1592656065802137
-18.7006,-10.5411,13.2,Wheat,Medium,0.204728126525879,0.3624552341907388,0.15277419359039232
-17.5563,-10.3103,9.5,Tobacco,Low,0.408412486314774,0.4255642809067946,0.18853847936139448
-16.7137,-10.1517,11.3,Wheat,Medium,0.24564953148365,0.47701613354704636,0.22069881433585845
-18.0702,-10.4169,7.46666666666667,Wheat,Low,0.226643592119217,0.3966004520783962,0.17166035249918182
-17.4426,-7.21412,35.6,Wheat,High,0.216832265257835,0.24494354784646485,0.09487504611567191
-19.3064,-10.4628,21.9,Wheat,High,0.228751823306084,0.3196737648664821,0.13050886116981286
-17.7704,-8.05503,7.1,Wheat,Low,0.386640667915344,0.27080405545183545,0.10677338223886627
-17.4,-9.80606,12.9,Wheat,Medium,0.516453981399536,0.40074029774057024,0.17402273905026477
-19.4026,-9.64454,11.8,Wheat,Medium,0.201026514172554,0.2685716559429888,0.10572896966443149
-17.8418,-11.3459,24.3,Wheat,High,0.186409547924995,0.4821633072021892,0.22408356233390495
-18.2054,-11.228,21.8,Wheat,High,0.20122417807579,0.44536284033636125,0.20056724081730512
-17.8225,-11.7969,21.5,Wheat,High,0.225961536169052,0.5195948101464525,0.24971233749784413
-19.7691,-12.1151,21.8,Wheat,High,0.204994797706604,0.39655180098616627,0.1716326863490593
-20.5357,-13.5457,20.6666666666667,Wheat,Medium,0.183925807476044,0.44442206176733584,0.19998618696327447
-17.5013,-7.30797,39.8,Fallow,Very High,0.285906046628952,0.24664808584495554,0.09564604136744653
-16.8625,-8.75275,13.7,Fallow,Medium,0.354634612798691,0.3657181801232112,0.15453433940946412
-16.9906,-10.6285,15.0,Wheat,Medium,0.201856151223183,0.4926707277142609,0.23109470779850752
-17.8951,-11.0055,36.2,Fallow,Very High,0.331632643938065,0.4519506752966695,0.20466331299215398
-17.7079,-7.64157,12.4666666666667,Paddy,Medium,0.158485278487206,0.2528882155392523,0.09848429945392786
-16.1288,-9.74851,8.8,Tobacco&Chickori,Low,0.508379876613617,0.4912354034453824,0.23012881438363267
-16.4222,-9.4981,10.0,Tobacco&Chickori,Low,0.646741569042206,0.44935535920992703,0.2030439249587058
-19.8934,-13.0458,20.3,Wheat,Medium,0.382703274488449,0.4551218112562222,0.20665218424951157
-16.9565,-11.4428,13.4,Wheat,Medium,0.32197979092598,0.5617782433888403,0.28095062334440124
-17.7065,-10.6512,16.5666666666667,Wheat,Medium,0.256190001964569,0.4395652237115248,0.19700171185549742
-17.3825,-11.0191,15.3,Wheat,Medium,0.388482332229614,0.4925680775200883,0.23102554317095547
-17.0733,-11.9141,8.6,Wheat,Low,0.32333767414093,0.5917154343756825,0.30484564843474204
-14.7919,-10.0595,12.2,Chickori,Medium,0.606854856014252,0.6283531858992949,0.33632565758396504
-16.4965,-10.0229,27.2,Chickori,High,0.657571971416473,0.48390637962745875,0.2252371378473519
-16.8158,-10.8271,8.36666666666667,Wheat,Low,0.23937676846981,0.5225884434453002,0.25184306720618216
-16.2507,-10.9905,13.3,Wheat,Medium,0.314840495586395,0.5831340289281239,0.29783792668369086
-15.6522,-10.7192,20.9,Chickori,Medium,0.592068016529083,0.6110648740765532,0.32114413871412695
-16.1047,-10.7707,17.9,Chickori,Medium,0.645581841468811,0.5768888364722121,0.2928195035574269
-18.5024,-10.8628,10.5,Wheat,Low,0.31420573592186,0.3975534121171668,0.17220271722460823
-16.4258,-11.0807,19.5333333333333,Chickori,Medium,0.660648167133331,0.5759514384286983,0.29207205073578657
-17.2366,-10.4927,10.8,Wheat,Low,0.38231098651886,0.46300553435248826,0.21164596834949778
-19.0517,-12.6192,14.0,Wheat,Medium,0.294743835926056,0.48712755609626185,0.22737881562904114
-18.0175,-11.8905,12.0,Wheat,Medium,0.441944181919098,0.5114092318238288,0.24394953801837807
-19.2848,-11.469,19.0,Wheat,Medium,0.293577969074249,0.3854120762009118,0.16535601596772578
-18.4864,-12.8438,9.33333333333333,Wheat,Low,0.284671545028687,0.5510299039540955,0.2727344508828554
-12.4401,-5.04447,31.3,Mustard,High,0.602157771587372,0.41477303169017105,0.18215328171638673
-15.1081,-10.3569,25.9,Tobacco,High,0.548872172832489,0.6267285156991125,0.3348728975722841
-16.0484,-9.69839,18.7,Tobacco,Medium,0.381016045808792,0.4936258941101835,0.23173893139762455
-17.1639,-11.06,14.1,Wheat,Medium,0.311094999313355,0.5132686568810818,0.2452505556449225
-15.0229,-8.96957,19.8333333333333,Tobacco,Medium,0.474500209093094,0.5173502957566634,0.2481229865837921
-16.0769,-7.03168,9.9,Tobacco,Low,0.683513224124908,0.3078105819569694,0.1245885123028915
-18.3551,-11.3751,14.9,Tobacco,Medium,0.436272621154785,0.44516861581205386,0.2004472027365161
-17.0875,-10.1373,15.5,Wheat,Medium,0.602362215518951,0.44739770179379584,0.2018273416615739
-16.3354,-6.76892,7.6,Wheat,Low,0.674244225025177,0.2787062835600214,0.11049738493592885
-16.6764,-7.94757,13.5,Tobacco,Medium,0.630130112171173,0.3265784481923539,0.13400376482352938
-14.7636,-6.13444,28.2,Tobacco,High,0.678855299949646,0.3326640369732948,0.1371146943850181
-14.4149,-7.35491,25.2,Tobacco,High,0.71262937784195,0.4392176116997892,0.19678908209376972
-14.0245,-8.37229,27.2,Tobacco,High,0.64088648557663,0.5502317818447082,0.27213161559706145
-15.5433,-10.4386,5.8,Wheat,Low,0.306610405445099,0.5963616334787182,0.3086952877469362
-14.8611,-8.51106,27.7333333333333,Tobacco,High,0.689395546913147,0.49362352281043237,0.23173733060732685
-16.5409,-9.46654,17.1,Tobacco,Medium,0.388459801673889,0.43815356080976814,0.19613901953205737
-15.2402,-9.78587,13.4,Tobacco,Medium,0.410852700471878,0.5667548449604181,0.28481771636905806
-17.36,-9.22433,13.6,Tobacco,Medium,0.44144144654274,0.36401562017683736,0.15361477886134173
-18.12,-10.5993,12.0,Tobacco,Medium,0.491502821445465,0.4058867658963287,0.17698236734542538
-18.0781,-9.8641,15.3666666666667,Tobacco,Medium,0.429300278425217,0.3589042209269884,0.15086899592499597
-16.5962,-9.85829,14.3,Fallow,Medium,0.59626168012619,0.4634632470448977,0.21193808213010906
-16.5217,-10.0054,14.9,Fallow,Medium,0.673802256584168,0.4805716455394131,0.2230334488007901
-15.532,-8.20815,26.4,Paddy,High,0.467650026082993,0.4199281905398901,0.185188920452075
-15.728,-7.9874,43.2,Paddy,Very High,0.465166598558426,0.39056327628044485,0.16824416071156242
-16.9013,-11.5999,15.1666666666667,Paddy,Medium,0.381305128335953,0.5796448436724493,0.29502580225385866
-18.244,-12.3101,9.8,Tobacco,Low,0.486238539218903,0.5270485668084088,0.2550409984959368
-17.0564,-8.11227,37.9,Tobacco,Very High,0.47596675157547,0.31371622098921054,0.12752255337894547
-16.4524,-10.4309,7.5,Tobacco,Low,0.252672076225281,0.5199270494124122,0.2499481922122169
-17.5753,-11.0292,26.4,Tobacco,High,0.367025673389435,0.47825157749692443,0.22150829793795015
-18.3824,-12.4277,7.1,Wheat,Low,0.623428404331207,0.5253536793596014,0.2538224314232145
-16.9925,-8.88583,38.5,Wheat,Very High,0.492982447147369,0.36592085876050146,0.15464397344850567
-17.0497,-8.33876,41.1,Bhaji,Very High,0.399860441684723,0.32766464967595216,0.13455690835278994
-19.7611,-12.3533,10.7,Wheat,Low,0.430544883012772,0.41390296779876584,0.1816435579200172
-19.2444,-12.0485,7.3,Wheat,Low,0.352406889200211,0.4292159100455604,0.19072604363827983
-18.9984,-11.8662,6.26666666666667,Wheat,Low,0.383285313844681,0.4338863230328683,0.19354412815625438
-16.5716,-9.33579,13.7,Wheat,Medium,0.315031796693802,0.42630544603028786,0.18898137303047202
-16.2567,-9.36997,17.3,Wheat,Medium,0.298759132623673,0.45216696432853754,0.20479860778852393
-12.7493,-5.22254,27.9,Tobacco,High,0.765389084815979,0.4054593263890514,0.17673558428365574
-16.774,-8.15243,38.2,Tobacco,Very High,0.389416545629501,0.33313086463179487,0.13735453405607523
-12.1359,-6.58256,34.3333333333333,Tobacco,High,0.651413857936859,0.5584644723501423,0.2783979288478744
-17.7192,-10.3633,20.3,Tobacco,Medium,0.475935816764832,0.41762145544892837,0.18382729641954598
-17.6484,-9.4967,21.5,Tobacco,High,0.290090084075928,0.3629654611548689,0.15304882509089468
-15.0873,-6.90885,17.3,Tobacco,Medium,0.611204504966736,0.3612177385488357,0.1521090311047895
-15.4924,-7.87511,24.7,Tobacco,High,0.728215336799622,0.3991084844257382,0.17308961024374495
-15.0525,-7.59737,29.4666666666667,Tobacco,High,0.742279469966888,0.4105302302099565,0.17967472962425016
-11.5396,-7.63622,8.7,Mustard,Low,0.594014942646027,0.7005109168743899,0.4070633477681358
-14.323,-8.98674,50.0,Chickori,Very High,0.669867396354675,0.5766979374749839,0.2926671645460889
-17.1612,-9.16799,15.8,Chickori,Medium,0.684813737869263,0.37344145968252307,0.15873730401484937
-16.5228,-9.98216,4.7,Lemon,Low,0.371179044246674,0.478676217429625,0.2217869558380238
-15.4173,-9.85488,5.53333333333333,Chickori,Low,0.647625327110291,0.5577064485512931,0.277816477185751
-16.7824,-10.4499,17.6,Wheat,Medium,0.70875495672226,0.4950109245724144,0.23267514862629546
-15.5509,-9.08793,31.7,Wheat,High,0.688806295394898,0.4847384295573023,0.22578911431339618
-16.0693,-10.7839,27.8,Wheat,High,0.656640470027924,0.5809990626551573,0.29611472210962386
-14.8419,-9.50716,28.0,Wheat,High,0.663817644119263,0.5768263273965338,0.29276961391296497
-14.8283,-10.8044,36.6333333333333,Wheat,Very High,0.727931797504425,0.6899938790192894,0.39592233307183095
-15.4123,-9.70914,43.5,Wheat,Very High,0.591331243515015,0.5460079976463376,0.2689577110057141
-15.4243,-11.7283,41.8,Wheat,Very High,0.682041227817535,0.7185870176658135,0.4269725940480336
-15.6351,-9.57326,37.2,Wheat,Very High,0.710267245769501,0.516662379455676,0.2476372656533624
-14.9015,-9.20196,40.5,Wheat,Very High,0.650196075439453,0.5463076676631167,0.26918199034695384
-14.9442,-9.5903,35.6333333333333,Wheat,High,0.681624948978424,0.5752086400900879,0.2914808316641568
-16.7619,-9.96437,13.5,Wheat,Medium,0.55343508720398,0.45891880213624947,0.2090484732008691
-15.7393,-10.3056,28.1,Wheat,High,0.671809256076813,0.5684878213852605,0.2861738854070429
-13.9825,-9.44994,50.0,Wheat,Very High,0.602851331233978,0.6456704606590197,0.3521632230865608
-13.7952,-9.43116,31.5,Wheat,High,0.57835179567337,0.6603278648011556,0.366096856654356
-14.3261,-9.63315,27.2666666666667,Wheat,High,0.545454561710358,0.6317650900660673,0.3393946561773162
-18.2454,-12.529,16.8,Wheat,Medium,0.681092321872711,0.5449125329535578,0.26813900902332044
-18.1042,-13.0443,19.2,Wheat,Medium,0.713016450405121,0.6001886806350809,0.31189614000073757
-19.2608,-13.241,24.0,Wheat,High,0.722548604011536,0.5200648356127773,0.2500460509506931
-16.2866,-11.6541,15.5,Wheat,Medium,0.738902270793915,0.6369999021857969,0.34415176405143794
-18.8024,-12.013,19.4333333333333,Wheat,Medium,0.717636466026306,0.45953701703471633,0.2094401788164235
-17.7822,-11.0555,16.8,Wheat,Medium,0.60644805431366,0.46432051191998824,0.21248584289569514
-16.5881,-10.8434,16.7,Wheat,Medium,0.649729728698731,0.5425740199718543,0.2663974111223581
-15.1856,-8.64886,40.5,Wheat,Very High,0.679358720779419,0.4789796544744914,0.22198621179332292
-14.7551,-9.49351,44.4,Wheat,Very High,0.610710620880127,0.5830162014716455,0.2977426161303747
-16.9981,-10.8364,12.8,Wheat,Medium,0.670552432537079,0.5086220785454074,0.24200815458761288
-18.4114,-9.73007,50.0,Fallow,Very High,0.301886796951294,0.32946831654789305,0.13547744575140602
-20.8136,-12.2341,50.0,Fallow,Very High,0.306646525859833,0.3357271338534149,0.13869154942277476
-18.2702,-11.0335,50.0,Fallow,Very High,0.347457617521286,0.42624068064170506,0.1889426490318405
-20.0097,-14.2294,50.0,Fallow,Very High,0.26587301492691,0.5396381625973481,0.2642226232495778
-19.8683,-12.3218,50.0,Fallow,Very High,0.257065951824188,0.40406898756047793,0.175934090403025
-14.4919,-10.0254,46.5,Wheat,Very High,0.675471723079681,0.6514112665503274,0.357560882093275
-14.6334,-9.05756,42.3,Wheat,Very High,0.566978216171265,0.5565868228221659,0.27695933005180995
-15.221,-8.834,39.5,Wheat,Very High,0.60280841588974,0.49070647419422236,0.22977353193606362
-14.4385,-9.02234,48.0,Wheat,Very High,0.594855308532715,0.569962701156823,0.28733200277030774
-14.1065,-8.98184,50.0,Wheat,Very High,0.540598273277283,0.5946587882796927,0.30727979187262805
-12.9828,-8.40287,50.0,Wheat,Very High,0.479017704725266,0.6415584164254613,0.34834292961542246
-13.9989,-9.22932,50.0,Wheat,Very High,0.565726459026337,0.6251409687660399,0.3334586595153593
-13.4555,-9.22315,37.1,Wheat,Very High,0.579898357391357,0.6718053173120458,0.3773679390483975
-13.9509,-8.36585,50.0,Wheat,Very High,0.42841100692749,0.5558189310345235,0.27637261004146024
-12.9206,-8.38278,50.0,Wheat,Very High,0.436166912317276,0.6452136600474994,0.35173695535345895
-14.8409,-9.48501,40.0,Wheat,Very High,0.658582985401154,0.5750407112250925,0.2913473015350508
-14.3227,-7.98424,37.1,Wheat,Very High,0.651762247085571,0.4945392723304663,0.23235605804694429
-13.942,-7.92383,41.7,Wheat,Very High,0.549842596054077,0.5201969639146599,0.2501399161908519
-14.9027,-9.84828,39.7,Wheat,Very High,0.662559270858765,0.6006572788549416,0.31228994413937816
-14.1597,-9.32371,42.6,Wheat,Very High,0.600000023841858,0.6194120213640821,0.3283983754148131
-18.8855,-12.1839,17.0,Wheat,Medium,0.672167241573334,0.46624318229542044,0.21371745802338393
-18.5168,-12.2374,22.7,Wheat,High,0.638580322265625,0.49922300942344267,0.23553746684547228
-16.2903,-8.96052,10.3,Tobacco,Low,0.558217525482178,0.4195007912232671,0.18493622995146505
-16.1573,-11.6706,28.6,Wheat,High,0.612034857273102,0.6496550920097074,0.35590164881461733
-18.1201,-12.2229,18.0,Wheat,Medium,0.684316694736481,0.5300449459446744,0.2572053512503869
-16.5822,-11.0462,22.5,Wheat,High,0.767558515071869,0.5599131388623395,0.27951170539918446
-15.8812,-10.5153,36.2,Wheat,Very High,0.705621659755707,0.574196255732998,0.2906765520277826
-15.0137,-10.1711,39.3,Wheat,Very High,0.69655841588974,0.6188424345040634,0.3278989303913667
-15.817,-9.24263,40.3,Wheat,Very High,0.681274890899658,0.47605615566788134,0.2200710927906606
-16.6993,-11.7079,19.5666666666667,Wheat,Medium,0.627647697925568,0.6060532575947086,0.3168545879881259
-16.1574,-10.7433,30.3,Wheat,High,0.637398838996887,0.5701360077026815,0.28746832601460814
-16.5286,-10.8412,25.7,Wheat,High,0.629832744598389,0.5473131212908717,0.26993549773840303
-18.1929,-11.7019,26.2,Wheat,High,0.643135070800781,0.4825460311032972,0.2243365310355553
-17.8629,-11.268,22.7,Wheat,High,0.6744664311409,0.47446521000161046,0.21903322617519597
-18.3826,-12.7516,25.0333333333333,Wheat,High,0.693004548549652,0.551993902832957,0.27346389799122744
-15.4043,-6.99299,39.8,Wheat,Very High,0.436179995536804,0.3462542579531731,0.14416804194006202
-15.4917,-9.12098,44.5,Wheat,Very High,0.402622640132904,0.49199028087306507,0.23063647937371523
-14.7563,-9.58836,26.3,Wheat,High,0.412257730960846,0.5909713334253512,0.3042327758501888
-18.0314,-11.075,50.0,Fallow,Very High,0.379729092121124,0.44693339598359394,0.20153941796128172
-15.5752,-7.88299,42.1,Wheat,Very High,0.494665920734406,0.3939020989734124,0.1701292549122127
-14.8783,-8.50801,14.7,Tobacco&Chickori,Medium,0.554770290851593,0.4920242129449705,0.23065931608937174
-15.3148,-7.97062,18.0,Tobacco&Chickori,Medium,0.691813826560974,0.4184640566683656,0.18432404819975398
-14.718,-8.16072,26.7,Chickori,High,0.65181440114975,0.47738270356844736,0.2209388046469579
-16.4789,-9.75548,31.5,Chickori,High,0.581673324108124,0.464571510833609,0.21264638300071179
-15.6628,-9.21482,29.1666666666667,Chickori,High,0.64673912525177,0.48591301984080537,0.22656978889132565
-14.7798,-10.7378,21.9,Wheat,High,0.57965749502182,0.688414173668673,0.3942756895955907
-16.0701,-9.75722,21.1,Wheat,Medium,0.576713800430298,0.4965651755629516,0.23372867657428986
-14.0855,-9.15274,14.1,Chickori,Medium,0.640785753726959,0.6110854911719436,0.3211618862854621
-14.2032,-8.23296,17.4,Chickori,Medium,0.683937847614288,0.5240889913738582,0.252915822613548
-14.9238,-10.6211,25.3,Wheat,High,0.596249282360077,0.6656719692647681,0.3713043181834226
-15.1833,-9.39411,36.3,Wheat,Very High,0.544575750827789,0.53890605572231,0.26368231322469027
-14.2857,-8.87994,38.9,Wheat,Very High,0.657167136669159,0.5708378349287826,0.28802089792752605
-15.0224,-9.32048,36.3,Chickori,Very High,0.641598641872406,0.5461106395785946,0.2690345149237258
-14.6564,-9.59774,39.2,Wheat,Very High,0.626804113388062,0.6002947049896825,0.3119852054730574
-14.6934,-8.92558,38.2333333333333,Chickori,Very High,0.63667231798172,0.5406666109615093,0.26498299228628647
-15.2741,-11.7519,50.0,Wheat,Very High,0.63047331571579,0.7336952840072333,0.44440608821606914
-15.2789,-9.39742,26.1,Wheat,High,0.586679697036743,0.5313306831231511,0.2581380351234552
-14.2067,-8.68391,50.0,Weed&Chickori,Very High,0.620004773139954,0.5610177055577867,0.2803631946576999
-14.8864,-10.3688,50.0,Wheat,Very High,0.591545581817627,0.6469699077094276,0.3533783999635247
-16.0106,-11.0616,27.5,Wheat,High,0.69797420501709,0.6096907908430275,0.31996317673183494
-11.8141,-4.889,11.1,Mustard,Medium,0.484579205513001,0.4492802616500479,0.20299717774940043
-13.8549,-6.58466,34.2,Tobacco,High,0.627118647098541,0.4238043897002741,0.18748908949046933
-12.5702,-6.88008,22.1,Tobacco,High,0.570833325386047,0.5470877821334824,0.2697664892179514
-15.5821,-9.41477,34.0,Wheat,High,0.633102715015411,0.5081705539545824,0.24169462927181595
-13.1134,-6.69729,26.2666666666667,Tobacco,High,0.646457612514496,0.4884151995608967,0.2282385502186216
-12.0053,-4.55588,34.6,Tobacco,High,0.709821403026581,0.41093619463365366,0.17991111702659568
-12.5588,-7.75929,47.3,Wheat,Very High,0.66228711605072,0.6225576084112798,0.33116848401191984
-11.5177,-5.1475,37.8,Tobacco,Very High,0.705967962741852,0.492031315157235,0.23066409615322586
-12.3139,-4.62778,38.4,Tobacco,Very High,0.665121912956238,0.3943236308209832,0.17036799014475762
-8.51928,-4.38762,38.6,Tobacco,Very High,0.692458391189575,0.680589408435078,0.386219324562671
-14.4875,-6.65084,20.4,Tobacco,Medium,0.649717509746552,0.3839912731792682,0.16456368357714216
-11.9224,-4.38034,18.6,Tobacco,Medium,0.716314733028412,0.4043814393695213,0.17611404820405682
-10.5732,-6.83968,21.6,Tobacco,High,0.688764274120331,0.7153197035181875,0.42329973832268625
-13.9667,-8.96324,24.4,Wheat,High,0.623723864555359,0.6050196472493037,0.3159759294449098
-11.9098,-5.06235,19.8,Tobacco,Medium,0.704441070556641,0.4551331595023093,0.20665932188635677
-15.2095,-8.1386,24.9,Tobacco,High,0.462284475564957,0.43840962159023517,0.19629534466222504
-15.2798,-8.52858,21.1,Tobacco,Medium,0.511204838752747,0.4624465354729086,0.21128954116406012
-14.9254,-6.82117,24.9,Tobacco,High,0.645995914936066,0.36608147786255774,0.15473088160160464
-13.8776,-6.75098,23.0,Tobacco,High,0.615865468978882,0.4342969019491754,0.19379296169594984
-14.103,-6.63893,23.8333333333333,Tobacco,High,0.665312767028809,0.40989513596319216,0.17930524762562094
-13.7533,-6.4855,23.1,Tobacco,High,0.661460518836975,0.42398133658366277,0.1875944562249787
-9.05371,-5.75431,41.2,Tobacco,Very High,0.69483745098114,0.7529747012114073,0.46779976574902293
-13.4286,-6.93428,26.7,Tobacco,High,0.57317990064621,0.482286698689299,0.22416510065746492
-15.3144,-8.94126,19.1,Fallow,Medium,0.369682431221008,0.4917993365441788,0.23050799862454835
-13.7703,-7.83323,38.9333333333333,Wheat,Very High,0.651330530643463,0.5267901029005346,0.2548549070284993
-16.0378,-8.98771,21.9,Wheat,High,0.748148143291473,0.43995156885454634,0.19723818614976793
-16.4705,-11.4268,27.8,Bhaji,High,0.745662391185761,0.6015742427872762,0.3130617438018552
-16.4688,-11.9319,27.8,Wheat,High,0.694899618625641,0.6452935532910967,0.3518114744390056
-15.2937,-8.63301,21.3,Wheat,Medium,0.756709098815918,0.4693863134168189,0.2157401617466821
-17.2874,-10.9716,20.4666666666667,Wheat,Medium,0.721354722976685,0.49633370507151026,0.23357158078365234
-15.49,-10.5958,39.3,Wheat,Very High,0.680080473423004,0.6144001741898111,0.3240261047520148
-14.8411,-9.18359,22.0,Wheat,High,0.656140327453613,0.5497918055588308,0.27179971687114823
-15.9913,-10.7964,29.0,Wheat,High,0.631510734558106,0.5886778042380285,0.30235001883744517
-16.8731,-12.7584,26.5,Wheat,High,0.667007148265839,0.6820694090105858,0.38773053106156324
-15.2175,-10.0722,20.0333333333333,Wheat,Medium,0.680654525756836,0.5928994174679879,0.3058228984239793
-15.3651,-10.5871,8.6,Wheat,Low,0.614385604858398,0.6244139816247661,0.33281278395965247
-16.02,-11.404,9.0,Wheat,Low,0.664352416992188,0.6384300852295859,0.3454617749058202
-11.4553,-5.50537,29.4,Tobacco,High,0.714075148105621,0.5257421481552129,0.25410136615204854
-13.3615,-8.21749,26.3,Tobacco,High,0.54844605922699,0.5930093333771352,0.30591375155538597
-12.6595,-6.21008,28.0666666666667,Tobacco,High,0.65500408411026,0.48580011971934944,0.22649467708905555
-15.6868,-9.37278,28.9,Wheat,High,0.68337470293045,0.49647480051403436,0.23366733208696425
-14.3984,-7.84593,16.8,Tobacco,Medium,0.705426335334778,0.47775641807732344,0.22118363952602066
-14.3983,-6.44354,46.0,Tobacco,Very High,0.576837420463562,0.37601404921891807,0.1601489147459911
-13.4604,-5.85583,38.9,Tobacco,Very High,0.675977647304535,0.39999688242664977,0.17359731350747715
-13.4343,-5.61265,36.7666666666667,Tobacco,Very High,0.638225257396698,0.3850132687758068,0.1651334293308668
-12.186,-8.23944,11.5,Mustard,Medium,0.449377208948135,0.696743364360388,0.40303614853478226
-14.2387,-8.5873,30.3,Chickori,High,0.814735949039459,0.5502990357408841,0.27218237543282137
-15.5438,-9.51593,21.9,Chickori,High,0.835598111152649,0.5194109048122766,0.24958185025616544
-16.0669,-9.92072,9.4,Lemon,Low,0.34891876578331,0.5098677710004688,0.24287454499808991
-14.9784,-8.8465,13.3,Chickori,Medium,0.782430589199066,0.5110152180352727,0.2436744530929944
-17.6583,-9.95834,17.3,Wheat,Medium,0.890243887901306,0.39336609722231936,0.1698259293935849
-16.3201,-10.9422,24.3,Wheat,High,0.887972712516785,0.5731844784209565,0.28987449163076545
-16.9359,-12.4538,21.3,Wheat,Medium,0.830790579319,0.6500549579630961,0.356278815687205
-17.0737,-11.5407,16.8,Wheat,Medium,0.803529441356659,0.5601639156177906,0.2797048519478096
-17.3451,-11.4806,18.3333333333333,Wheat,Medium,0.898464560508728,0.5327209940721748,0.25914927608105165
-16.2627,-11.1686,37.7,Wheat,Very High,0.727534532546997,0.5972665170091679,0.30944965297512617
-15.7022,-11.468,27.5,Wheat,High,0.848588764667511,0.6716439792995809,0.37720722275031093
-16.2336,-10.1653,24.3,Wheat,High,0.871017873287201,0.5161404603849551,0.24726918647845814
-15.956,-11.3401,30.6,Wheat,High,0.821536600589752,0.6384387546702531,0.345469729548732
-16.9755,-12.5233,26.8,Wheat,High,0.844686627388001,0.6526548687542404,0.3587401620638666
-15.6671,-10.1801,14.4,Wheat,Medium,0.784753382205963,0.5640143568627606,0.28268320070020053
-16.0585,-10.2699,23.9,Wheat,High,0.872047245502472,0.5389546303730586,0.263718137564908
-15.4619,-10.7014,26.8,Wheat,High,0.759356617927551,0.6259251376381509,0.3341565666149985
-15.5571,-10.7794,20.0,Wheat,Medium,0.753880262374878,0.6244398807375224,0.3328357746463667
-14.9434,-10.2317,20.0333333333333,Wheat,Medium,0.757134854793549,0.6301430165241814,0.337932530183677
-17.1166,-10.9082,44.6,Wheat,Very High,0.850467264652252,0.5048825871610109,0.23941976489553896
-16.932,-11.0939,49.7,Wheat,Very High,0.868714392185211,0.534885715303223,0.2607293968601953
-16.5729,-11.9191,56.4,Wheat,Very High,0.898467421531677,0.6351544898254774,0.3424680019603341
-16.2743,-10.7624,42.8,Wheat,Very High,0.89513111114502,0.5619288900788534,0.28106709176788724
-16.9523,-11.6317,49.5,Wheat,Very High,0.867582142353058,0.5780211477893525,0.2937243828697631
-15.6288,-10.6945,46.7,Wheat,Very High,0.785040855407715,0.6109532011316343,0.32104802307843683
-14.2659,-8.39123,41.8,Wheat,Very High,0.839825510978699,0.5318880924965623,0.2585431286891366
-15.9383,-10.9094,31.3,Wheat,High,0.808561265468597,0.6028408255404776,0.31413042363565213
-15.9894,-11.2299,49.6,Wheat,Very High,0.741496622562408,0.6260115122471301,0.3342335178669002
-15.6686,-11.0403,47.8333333333333,Wheat,Very High,0.832112669944763,0.6373638966265203,0.34448474930121464
-19.0665,-12.2615,50.0,Fallow,Very High,0.274984478950501,0.4583511888411582,0.20868921239143348
-19.5801,-12.3222,50.0,Fallow,Very High,0.31489360332489,0.42469974530476984,0.18802257667900504
-19.2929,-9.30659,50.0,Fallow,Very High,0.150124683976173,0.2568859111811757,0.10031572125221865
-21.2272,-14.123,50.0,Fallow,Very High,0.148007586598396,0.4359489352036798,0.19479598443591686
-19.8921,-12.155,50.0,Fallow,Very High,0.20985221862793,0.39080413793129093,0.16837980413581627
-16.8547,-11.9814,30.4,Wheat,High,0.866528689861298,0.6161985659182452,0.3255892070223907
-16.6034,-10.905,21.5,Wheat,High,0.817967593669891,0.5464020526036949,0.269252658467515
-15.4321,-8.83472,50.0,Wheat,Very High,0.853711783885956,0.4742732197686212,0.21890818490536373
-15.5413,-10.3801,24.8,Wheat,High,0.784306704998016,0.5915451349079621,0.30470529414584197
-16.3067,-10.8623,31.8,Wheat,High,0.624666452407837,0.5675887572432061,0.28546968774927817
-16.5009,-9.06509,28.3,Wheat,High,0.60801500082016,0.4119048566039226,0.18047581014025207
-15.6414,-10.0537,27.7,Wheat,High,0.7233065366745,0.5555980599686726,0.27620402304654457
-15.8904,-8.92933,35.4,Wheat,High,0.769411742687225,0.4465838547047445,0.20132281764313545
-15.1796,-9.47953,29.7,Wheat,High,0.545120239257813,0.5462637891818902,0.2691491421861117
-15.2609,-8.24861,33.7666666666667,Wheat,High,0.52439022064209,0.4427606447362883,0.1989623949579833
-17.3715,-12.6838,18.2,Wheat,Medium,0.830234408378601,0.6322194124739771,0.3398051839269072
-14.1088,-9.86262,20.5,Wheat,Medium,0.842696607112885,0.6705992650344892,0.37616813160384893
-14.8262,-9.11705,27.1,Wheat,High,0.65033620595932,0.54551228061393,0.26858700719922135
-17.2411,-11.5787,19.3,Wheat,Medium,0.82693874835968,0.5493859886040445,0.2714938523732524
-16.3782,-11.2489,20.9333333333333,Wheat,Medium,0.785230934619904,0.594263138186463,0.3069516696158461
-15.205,-11.7508,50.0,Wheat,Very High,0.843904972076416,0.7395916447482019,0.4514191721671368
-17.3032,-10.4226,50.0,Wheat,Very High,0.834412097930908,0.45262913307278646,0.2050878819872382
-14.5867,-5.55237,50.0,Tobacco,Very High,0.694898724555969,0.3084426742151327,0.12490131189800101
-15.4608,-9.6714,50.0,Wheat,Very High,0.777075111865997,0.5388887668819384,0.26366956336270986
-16.582,-10.9173,50.0,Wheat,Very High,0.873000264167786,0.5491951545996292,0.2713501087691459
-15.9931,-10.4864,45.2,Wheat,Very High,0.896029472351074,0.5623641752021993,0.28140382738761716
-15.2281,-10.7843,37.1,Wheat,Very High,0.863792240619659,0.653385514651274,0.3594346985131574
-14.7895,-10.6469,39.2,Wheat,Very High,0.859829068183899,0.6796347874366261,0.38524765158410385
-14.7874,-10.9792,37.1,Wheat,Very High,0.854584336280823,0.708811871750027,0.41608302674474545
-14.8197,-11.2465,49.7666666666667,Wheat,Very High,0.78123265504837,0.7292670706497114,0.43921786849438704
-14.4206,-8.29293,31.5,Wheat,High,0.78649514913559,0.51135534798354,0.2439119060450863
-16.1968,-9.89683,40.0,Wheat,Very High,0.773874878883362,0.4975892074612453,0.23442450087348263
-15.307,-11.7033,41.2,Wheat,Very High,0.842553198337555,0.7266166286387266,0.43614409811947424
-14.6731,-10.6978,35.0,Wheat,High,0.830065369606018,0.6942353636451272,0.4003778102559576
-14.2847,-11.1177,31.4666666666667,Wheat,High,0.842614352703095,0.764368546793975,0.4822808303816474
-15.6839,-9.70795,26.4,Wheat,High,0.638456344604492,0.5236246389759934,0.25258351344162044
-16.3498,-10.7903,29.7,Wheat,High,0.508827388286591,0.5579501759432202,0.27800333124988497
-14.6972,-10.2006,31.7,Wheat,High,0.447727262973785,0.6487946233382654,0.3550912739215032
-16.8298,-11.5686,50.0,Fallow,Very High,0.348492324352264,0.583049260207144,0.29776935486160544
-16.1381,-10.3474,22.4666666666667,Wheat,High,0.769944369792938,0.538781745894539,0.2635906493654119
-14.697,-8.0968,11.9,Tobacco&Chickori,Medium,0.612788617610931,0.47405495924354146,0.21876608761233285
-14.8821,-7.42032,13.2,Tobacco&Chickori,Medium,0.787974655628204,0.41005775693616775,0.17939981877690864
-13.8753,-9.33721,24.2,Chickori,High,0.746531009674072,0.6451902133952174,0.3517150886179
-14.7001,-8.42968,22.6,Chickori,High,0.647772312164307,0.4999370925484533,0.23602499657347975
-14.2055,-7.73729,23.8,Chickori,High,0.601521611213684,0.48432818179826254,0.22551685170431585
-14.0663,-9.24351,28.5,Wheat,High,0.711003303527832,0.6205498221694332,0.329398031898367
-13.9646,-9.53856,25.8,Wheat,High,0.705205500125885,0.6549306352436822,0.36090757711507904
-13.1507,-8.51202,29.8,Chickori,High,0.768064200878143,0.6364643759142244,0.34366238519651354
-13.8451,-8.02083,25.1,Chickori,High,0.752380967140198,0.5360212316781026,0.2615610065716073
-13.693,-9.18496,23.2,Wheat,High,0.727371871471405,0.6478004986757575,0.35415713850364944
-16.5834,-9.94014,18.4,Wheat,Medium,0.725971341133118,0.4707289887063073,0.21660775440296576
-15.7677,-10.2866,27.4,Wheat,High,0.803787291049957,0.5645089168109496,0.2830674939302596
-14.9713,-10.4383,25.8,Chickori,High,0.796348869800568,0.6456322473777257,0.35212754591922274
-15.27,-10.4266,30.4,Wheat,High,0.809819757938385,0.618773506130374,0.32783853473905256
-15.1571,-10.6741,27.5666666666667,Chickori,High,0.770569264888763,0.6499767207378947,0.3562049907308446
-15.4661,-10.3945,26.9,Wheat,High,0.799779355525971,0.5991885447713948,0.3110570149590293
-16.0858,-10.1902,16.8,Wheat,Medium,0.779213786125183,0.5301757477367363,0.25730012666081126
-15.5935,-10.3974,24.1,Weed&Chickori,High,0.801999986171722,0.5885757812869249,0.3022664879806419
-16.8782,-11.3452,25.4,Wheat,High,0.727472543716431,0.5601639156177906,0.2797048519478096
-15.6528,-11.0237,22.4666666666667,Wheat,High,0.874460935592651,0.6372945615868526,0.34442129870952914
-12.1096,-4.35332,37.6,Mustard,Very High,0.552460014820099,0.3894854279573404,0.16763781824941615
-12.6734,-6.90669,31.6,Tobacco,High,0.729428172111511,0.5407581229267201,0.26505072713555017
-12.5303,-6.38405,28.4,Tobacco,High,0.670103073120117,0.5098621492801393,0.24287063035449089
-14.1099,-8.30811,28.3,Wheat,High,0.831724166870117,0.537869136903892,0.2629184116836678
-12.6323,-6.14565,23.6333333333333,Tobacco,High,0.767839670181274,0.4828859299240406,0.22456134457533314
-11.5008,-4.55879,23.6,Tobacco,High,0.833741724491119,0.448011465777008,0.20220831023776753
-12.2565,-9.20599,26.5,Wheat,High,0.800594449043274,0.7743454954191776,0.4953920125934371
-13.6459,-5.13572,21.6,Tobacco,High,0.815498173236847,0.3400373281720609,0.1409230389499486
-12.2502,-3.92874,19.5,Tobacco,Medium,0.796348869800568,0.35197462712867406,0.14718176273965186
-12.9911,-4.2588,24.4666666666667,Tobacco,High,0.811769366264343,0.32636807500044385,0.1338967389761533
-13.6907,-6.34436,30.1,Tobacco,High,0.727526962757111,0.41830868495436896,0.18423239588364337
-11.3752,-3.2291,29.3,Tobacco,High,0.79952871799469,0.3633320878243096,0.15324630082901305
-12.7811,-4.84493,35.1,Tobacco,High,0.762237787246704,0.3772621944574069,0.16083590236471623
-16.2037,-8.27562,18.8,Wheat,Medium,0.746930062770844,0.3778062441580144,0.16113578531380396
-12.3364,-3.99248,27.7333333333333,Tobacco,High,0.781461954116821,0.35053839904044726,0.14642256147194432
-14.5675,-7.02278,29.7,Tobacco,High,0.606896579265595,0.40419423102747415,0.17600621355429433
-14.8695,-6.81099,35.2,Tobacco,High,0.683189630508423,0.36910017801733863,0.15636840274370836
-13.516,-4.30387,24.7,Tobacco,High,0.72246390581131,0.29824614511988407,0.11989111522079805
-12.8364,-4.96629,28.2,Tobacco,High,0.722963631153107,0.38172032076297174,0.16330105857663715
-15.0041,-4.56167,27.4333333333333,Tobacco,High,0.716140985488892,0.23477733570165651,0.09031439978062795
-12.1865,-5.48042,34.9,Tobacco,High,0.730777323246002,0.465899689577988,0.21349710971440256
-12.0578,-3.93838,23.2,Tobacco,High,0.79323673248291,0.36508235638722253,0.15419063606946243
-11.4954,-5.00131,29.0,Tobacco,High,0.683842778205872,0.4823046621259821,0.2241769726338691
-16.354,-6.90903,17.8,Fallow,Medium,0.278787881135941,0.28528995774550764,0.11363261471031408
-14.5777,-9.93028,18.1,Wheat,Medium,0.824570119380951,0.6357071481130983,0.3429714740573499
-13.4346,-8.82331,21.7,Wheat,High,0.88586562871933,0.6388384374086542,0.3458366375093085
-15.5961,-11.2159,39.3,Bhaji,Very High,0.85927802324295,0.6589206463161987,0.36473714977236343
-15.6754,-12.2058,25.6,Wheat,High,0.860271096229553,0.7382571393831541,0.44982128305665636
-14.0467,-9.33508,22.1,Wheat,High,0.899585247039795,0.6301499356711547,0.33793875518826283
-14.5869,-11.4771,20.1333333333333,Wheat,Medium,0.85120952129364,0.7692735240267652,0.4886748631337641
-15.6336,-10.8891,19.8,Wheat,Medium,0.829741358757019,0.6273074234145855,0.3353899154188712
-16.152,-9.84884,25.9,Wheat,High,0.794171690940857,0.497336075979529,0.2342523735239067
-14.949,-9.38173,34.7,Wheat,High,0.730140209197998,0.5573017163682125,0.2775063977608666
-14.2766,-10.6539,39.6,Wheat,Very High,0.825458586215973,0.7249647626035688,0.43424017399856113
-14.2282,-9.77077,43.0333333333333,Wheat,Very High,0.820398449897766,0.6522000060442557,0.35830840852712564
-14.7608,-9.63492,50.0,Wheat,Very High,0.723227083683014,0.5945547521763515,0.3071934843758337
-14.1151,-9.43904,29.1,Wheat,High,0.783531844615936,0.6332269276887139,0.34071715444539663
-7.98165,-2.47196,19.1,Tobacco,Medium,0.796986520290375,0.5621138710957293,0.2812101551431589
-13.6156,-5.82751,39.7,Tobacco,Very High,0.673553705215454,0.3873048935301297,0.16641443697530797
-11.9856,-7.16127,17.0333333333333,Tobacco,Medium,0.740826725959778,0.6204170548435745,0.32928124868746506
-14.9478,-9.25458,40.6,Wheat,Very High,0.808300971984863,0.5468310071702648,0.26957399823432376
-14.4127,-6.28017,34.7,Tobacco,High,0.839636921882629,0.36422157661649945,0.15372588430713052
-12.4329,-5.99228,22.7,Tobacco,High,0.633802831172943,0.4864902777034217,0.22695408284810017
-14.2756,-7.07289,25.9,Tobacco,High,0.739130437374115,0.4287184279016903,0.19042720803016483
-13.338,-4.8338,25.5666666666667,Tobacco,High,0.670983195304871,0.34041103333357664,0.1411172160035863
-15.7491,-7.55793,31.7,Fallow,High,0.449377208948135,0.3603887470239893,0.15166417254117062
-15.1052,-10.042,15.0,Chickori,Medium,0.814735949039459,0.5999065442414391,0.31165923477588436
-16.2079,-8.83637,30.4,Chickori,High,0.835598111152649,0.41649940575296357,0.18316690199032679
-16.8035,-10.1382,1.9,Lemon,Low,0.34891876578331,0.4690315448631516,0.21551127685082194
-15.1126,-8.26865,32.7,Chickori,High,0.782430589199066,0.4553979977701076,0.20682593675106345
-16.4743,-11.4755,25.5,Wheat,High,0.890243887901306,0.6054189808494904,0.3163151550503257
-15.1228,-11.4411,29.1,Wheat,High,0.887972712516785,0.7198318278430735,0.428380802421401
-17.507,-11.8249,21.8,Wheat,High,0.830790579319,0.5477523080393439,0.2702651200382694
-17.0632,-11.7332,14.7,Wheat,Medium,0.803529441356659,0.5772267624949856,0.2930893245250322
-16.7978,-12.5305,21.2,Wheat,Medium,0.898464560508728,0.6687577589135476,0.37434324438067096
-14.4156,-10.3629,33.6,Wheat,High,0.727534532546997,0.6874803143898683,0.3933054822102037
-15.6359,-12.5786,31.3,Wheat,High,0.848588764667511,0.7737653004553732,0.49461809448741867
-15.5467,-12.6783,30.7,Wheat,High,0.871017873287201,0.789837732165265,0.5166066591439947
-15.7564,-12.4753,35.1,Wheat,High,0.821536600589752,0.7545526553502326,0.46977510684782015
-16.4941,-14.4765,33.7666666666667,Wheat,High,0.844686627388001,0.8598658122072003,0.6284055326076352
-16.4377,-10.5224,24.4,Wheat,High,0.784753382205963,0.5285662342969356,0.25613563257499783
-17.6211,-11.8147,26.4,Wheat,High,0.872047245502472,0.5374899659807761,0.2626394740357552
-16.2021,-10.2135,39.4,Wheat,Very High,0.759356617927551,0.5225965668684563,0.2518488661738681
-15.084,-10.2963,29.8,Wheat,High,0.753880262374878,0.6235766990268008,0.33207027360710906
-15.6963,-10.1023,35.0,Wheat,High,0.757134854793549,0.5550731052338415,0.2758036440597236
-18.468,-14.5624,24.4,Wheat,High,0.850467264652252,0.7003172370572677,0.40685532078642894
-19.2072,-13.9204,21.1,Wheat,Medium,0.868714392185211,0.5808805274670862,0.2960192813853852
-18.4306,-13.4764,26.1,Wheat,High,0.898467421531677,0.6092443803533801,0.319580299925902
-18.2222,-12.0832,20.5,Wheat,Medium,0.89513111114502,0.5104445555107915,0.24327641092246943
-19.2194,-13.793,24.1,Wheat,High,0.867582142353058,0.569101490476305,0.28665531590630894
-16.9186,-11.3492,36.1,Wheat,Very High,0.785040855407715,0.5571240031804477,0.2773703279451872
-15.3345,-9.51731,23.6,Wheat,High,0.839825510978699,0.5366029331149547,0.26198775899349225
-15.3917,-12.0598,42.8,Wheat,Very High,0.808561265468597,0.7501700293765009,0.4643120983398786
-16.3063,-12.5773,36.5,Wheat,Very High,0.741496622562408,0.7157134023109527,0.42374052467879997
-17.1663,-12.4968,24.1333333333333,Wheat,High,0.832112669944763,0.6337948675554111,0.34123219516883474
-19.0664,-10.012,50.0,Fallow,Very High,0.274984478950501,0.3072785119156287,0.1243254385921223
-20.3766,-10.2549,50.0,Fallow,Very High,0.31489360332489,0.2501518833220709,0.0972366526638126
-18.3143,-9.68626,50.0,Fallow,Very High,0.150124683976173,0.33273289299145686,0.13715005938910227
-20.1205,-11.5837,50.0,Fallow,Very High,0.148007586598396,0.3383773990302502,0.14006189566436772
-20.8537,-10.708,50.0,Fallow,Very High,0.20985221862793,0.24897339161741464,0.09670078508378996
-16.1803,-11.364,26.6,Wheat,High,0.866528689861298,0.6211094104434569,0.3298906449633331
-16.1281,-11.3174,33.7,Wheat,High,0.817967593669891,0.6215923490498331,0.3303162960493431
-16.6327,-11.7589,24.4,Wheat,High,0.853711783885956,0.6161555277880116,0.3255517243373825
-16.0887,-11.5934,33.9,Wheat,High,0.784306704998016,0.6489076053373789,0.3551975814551667
-16.5498,-11.6801,47.9666666666667,Wheat,Very High,0.624666452407837,0.6165084611155888,0.3258592097813397
-14.8039,-10.2797,49.1,Wheat,Very High,0.60801500082016,0.6463965756968932,0.3528417764900803
-15.5351,-10.0788,48.9,Wheat,Very High,0.7233065366745,0.5665894582206178,0.2846885497123663
-15.6903,-10.0819,53.8,Wheat,Very High,0.769411742687225,0.5538739250671697,0.27489067012274504
-14.7325,-9.9132,48.0,Wheat,Very High,0.545120239257813,0.6208507271786212,0.3296628432678863
-14.9716,-10.1914,51.9666666666667,Wheat,Very High,0.52439022064209,0.6242240616965358,0.33264423410817534
-16.0458,-13.2941,28.1,Wheat,High,0.830234408378601,0.7996888108959271,0.530676675774772
-16.5984,-12.242,30.2,Wheat,High,0.842696607112885,0.6609932635734111,0.3667414519079008
-17.4355,-12.5944,16.8,Wheat,Medium,0.65033620595932,0.618971679874793,0.32801220222996336
-16.2953,-12.8667,29.7,Wheat,High,0.82693874835968,0.7418088828325118,0.4540879737268516
-16.1075,-12.892,28.5666666666667,Wheat,High,0.785230934619904,0.7602010828666073,0.4769249029497404
-16.0629,-11.17,41.8,Wheat,Very High,0.843904972076416,0.6145119996445652,0.3241231119683802
-16.749,-11.3867,46.6,Wheat,Very High,0.834412097930908,0.5744999075096983,0.29091760261949934
-13.5618,-6.57326,29.9,Tobacco,High,0.694898724555969,0.4445310127777085,0.20005342910637067
-15.0753,-12.4199,28.6,Wheat,High,0.777075111865997,0.8077674610269148,0.5425752759979071
-15.5535,-12.6043,42.1,Wheat,Very High,0.873000264167786,0.7829809591152636,0.5070841080166473
-16.9501,-11.9964,27.7,Wheat,High,0.896029472351074,0.6092873008639104,0.3196170950856921
-17.8469,-13.5827,37.0,Wheat,Very High,0.863792240619659,0.6690280339377533,0.37461054649362363
-16.4281,-11.4382,39.2,Wheat,Very High,0.859829068183899,0.606181848333948,0.316964044587165
-16.8341,-11.0909,21.0,Wheat,Medium,0.854584336280823,0.5426978661583053,0.2664894374199713
-18.0379,-12.4407,23.07,Wheat,High,0.78123265504837,0.5548065344792299,0.27560049927520913
-16.7416,-11.0354,42.6,Wheat,Very High,0.78649514913559,0.5457563923098493,0.2687695102854547
-16.5068,-11.0835,37.6,Wheat,Very High,0.773874878883362,0.5693621602635404,0.2868600039106505
-17.3975,-11.7555,36.6,Wheat,Very High,0.842553198337555,0.551079749766512,0.27277213314265064
-15.2671,-11.3885,45.14,Wheat,Very High,0.830065369606018,0.7026726258505913,0.4093926110461017
-16.2803,-12.9453,38.6,Wheat,Very High,0.842614352703095,0.7499023573268615,0.46398078998212544
-16.7959,-8.96075,27.5,Wheat,High,0.638456344604492,0.38409400285419576,0.16462091072981266
-17.3603,-11.6946,32.6,Wheat,High,0.508827388286591,0.5491121914949855,0.2712876352904037
-16.5714,-10.2256,15.4,Wheat,Medium,0.447727262973785,0.49395872364473375,0.23196368533129177
-16.2213,-11.6649,50.0,Fallow,Very High,0.348492324352264,0.6436004809280669,0.3502353675587824
-17.1606,-10.3937,33.2666666666667,Wheat,High,0.769944369792938,0.4612503886455817,0.2105280655795684
-14.5588,-10.0122,10.6,Tobacco&Chickori,Low,0.612788617610931,0.6444512746777404,0.35102657772077683
-15.5967,-7.0393,9.0,Tobacco&Chickori,Low,0.787974655628204,0.33709691594920155,0.13939910967971536
-15.1353,-8.95424,20.8,Chickori,Medium,0.746531009674072,0.5070702179918897,0.24093173051568956
-13.771,-9.05676,34.6,Chickori,High,0.647772312164307,0.6299233412582687,0.3377349458933132
-13.9581,-9.17124,31.2333333333333,Chickori,High,0.601521611213684,0.6236491965735518,0.33213450790411
-14.6997,-10.7492,50.0,Wheat,Very High,0.711003303527832,0.6963995543399373,0.40267067248231586
-16.4437,-11.8627,50.0,Wheat,Very High,0.705205500125885,0.6414655801459336,0.34825711663865433
-13.5356,-8.24036,50.0,Chickori,Very High,0.768064200878143,0.5801660960834979,0.29544456152696125
-13.9604,-8.43152,50.0,Chickori,Very High,0.752380967140198,0.5605083838567232,0.27997032406964656
-15.1217,-11.2737,50.0,Wheat,Very High,0.727371871471405,0.7053415411993809,0.4122873407228866
-16.1329,-10.7805,21.5,Wheat,High,0.725971341133118,0.5753352305882903,0.29158152296461004
-15.2355,-9.72718,32.6,Chickori,High,0.796348869800568,0.5622285538418419,0.28129887804906667
-15.5838,-12.1967,28.9,Wheat,High,0.809819757938385,0.7454000071167161,0.45844791297448967
-15.5949,-9.98222,34.6666666666667,Chickori,High,0.770569264888763,0.5535176950337746,0.274619897048812
-16.6021,-10.1763,26.8,Wheat,High,0.799779355525971,0.4876537143853329,0.2277298709293306
-16.1309,-11.4482,13.3,Wheat,Medium,0.779213786125183,0.6326521573706934,0.3401966243904303
-16.1358,-10.6999,38.8,Weed&Chickori,Very High,0.801999986171722,0.568302925886844,0.2860289553796921
-16.6825,-11.1733,27.9,Wheat,High,0.727472543716431,0.5621548880231139,0.28124188493835905
-17.3046,-11.0105,22.6333333333333,Wheat,High,0.874460935592651,0.49805516897762114,0.2347415673474936
-12.7777,-7.38957,16.5,Mustard,Medium,0.552460014820099,0.5723224210487877,0.2891924829180841
-12.7871,-6.13017,36.2,Tobacco,Very High,0.729428172111511,0.46967577792834125,0.21592702441547235
-13.2865,-6.61458,33.5,Tobacco,High,0.670103073120117,0.4685223514681409,0.21518302081519547
-15.0006,-9.27358,22.7,Wheat,High,0.831724166870117,0.5440344897038325,0.26748411758363466
-13.2657,-6.34877,32.6333333333333,Tobacco,High,0.767839670181274,0.44989402191127303,0.20337941790506694
-9.29664,-2.39394,14.4,Tobacco,Medium,0.833741724491119,0.45096419015306727,0.20404689948162755
-13.6349,-10.0861,49.6,Wheat,Very High,0.800594449043274,0.7313862631399963,0.441692474634778
-13.1988,-7.29851,39.3,Tobacco,Very High,0.815498173236847,0.5297923748820696,0.2570224150403938
-11.1272,-2.69095,36.6,Tobacco,Very High,0.796348869800568,0.34467834960779503,0.14334250837723722
-11.8073,-6.06631,36.5333333333333,Tobacco,Very High,0.811769366264343,0.5428803540131181,0.26662508075748087
-14.1498,-6.68199,22.5,Tobacco,High,0.727526962757111,0.40962963393050444,0.17915090236290532
-12.6271,-4.47602,25.1,Tobacco,High,0.79952871799469,0.363006039216106,0.1530706759430499
-13.4989,-3.77011,22.7,Tobacco,High,0.762237787246704,0.27010068297078726,0.10644395433921706
-15.9557,-12.0358,21.4,Wheat,Medium,0.746930062770844,0.6990696035214903,0.405517872734971
-13.9548,-5.44059,24.0,Tobacco,High,0.781461954116821,0.33978565170425773,0.14079233122654275
-14.1771,-6.10917,32.3,Tobacco,High,0.606896579265595,0.3684768076832779,0.1560296017490839
-14.1747,-7.65636,30.5,Tobacco,High,0.683189630508423,0.48041263222600145,0.2229287084895435
-13.6783,-1.95955,52.3,Tobacco,Very High,0.72246390581131,0.18125783245617555,0.06731703824144983
-12.3941,-4.35872,32.9,Tobacco,High,0.722963631153107,0.3706339050033951,0.15720342362263384
-12.0652,-4.60556,34.7,Tobacco,High,0.716140985488892,0.4102097630938021,0.17948824039669586
-13.5964,-4.3463,35.3,Tobacco,High,0.730777323246002,0.2961026929184191,0.1188474861476963
-13.1855,-6.11653,43.3,Tobacco,Very High,0.79323673248291,0.43855249198902047,0.1963825974880676
-12.8693,-5.3484,32.2,Tobacco,High,0.683842778205872,0.4058726543520366,0.17697421719387554
-15.7576,-9.88194,40.0,Fallow,Very High,0.278787881135941,0.5318070436823639,0.2584841989682337
-14.2261,-8.64934,39.6,Wheat,Very High,0.824570119380951,0.5565100988543578,0.2769006658026065
-16.5653,-10.6457,17.2,Wheat,Medium,0.88586562871933,0.5282152047057996,0.2558821552227161
-16.5034,-12.2592,13.6,Bhaji,Medium,0.85927802324295,0.6707719235505516,0.37633967021231335
-16.4598,-12.9666,20.0,Wheat,Medium,0.860271096229553,0.736211073821574,0.4473835383278681
-15.4804,-10.624,9.8,Wheat,Low,0.899585247039795,0.6176536643148032,0.32685866306544864
-16.4297,-12.6553,12.8333333333333,Wheat,Medium,0.85120952129364,0.7117579847611436,0.41933392580570417
-17.5549,-12.3335,22.3,Wheat,High,0.829741358757019,0.5864260624897509,0.3005107414295373
-16.1217,-11.725,43.6,Wheat,Very High,0.794171690940857,0.6574841437580923,0.36335404559150725
-16.0894,-11.8105,43.9,Wheat,Very High,0.730140209197998,0.667746477012633,0.3733447081967066
-16.9901,-11.8096,39.5,Wheat,Very High,0.825458586215973,0.5899024992355193,0.30335419146695003
-16.1811,-11.6881,44.2333333333333,Wheat,Very High,0.820398449897766,0.6491075031400949,0.3553857419860757
-16.2317,-11.885,15.8,Wheat,Medium,0.723227083683014,0.6618381699453203,0.3675614871425833
-16.6162,-10.893,10.0,Wheat,Low,0.783531844615936,0.5443502543584144,0.2677194967745094
-11.394,-5.11634,17.3,Tobacco,Medium,0.796986520290375,0.4993613334784242,0.23563185379270574
-12.8372,-5.62824,26.6,Tobacco,High,0.673553705215454,0.42826216511784504,0.19015335834654604
-12.1822,-6.52894,22.1,Tobacco,High,0.740826725959778,0.5501446056939372,0.2720658298987856
-14.6779,-9.02415,50.0,Wheat,Very High,0.808300971984863,0.5501039253555305,0.2720351353489125
-14.7466,-8.90438,38.7,Tobacco,Very High,0.839636921882629,0.5345476398954874,0.2604821692783443
-14.341,-6.59922,32.1,Tobacco,High,0.633802831172943,0.39048209373993975,0.16819845413461765
-14.7369,-6.97648,21.2,Tobacco,Medium,0.739130437374115,0.3892011738537674,0.16747809025217625
-13.9063,-6.07886,24.6,Tobacco,High,0.670983195304871,0.38461882482929954,0.1649134206664623
-16.6105,-8.24737,10.4,Fallow,Low,0.270430892705917,0.3493133233517106,0.145776325829186
-17.42,-9.34937,19.7,Chickori,Medium,0.861000776290894,0.3682982692498226,0.15593262860874543
-16.9565,-10.3548,32.6,Chickori,High,0.800520360469818,0.4739388853207469,0.21869054152960185
-16.6423,-10.6463,3.9,Lemon,Low,0.384861409664154,0.5219955876945123,0.2514201030159022
-16.3737,-10.0251,23.9333333333333,Chickori,High,0.81138414144516,0.49373735169914484,0.23181418101625875
-17.3071,-12.2447,14.0,Wheat,Medium,0.471729964017868,0.5999749375758915,0.31171664981648994
-17.2182,-12.2952,11.7,Wheat,Medium,0.451469272375107,0.6119240648524947,0.321884452411185
-18.6923,-12.9807,11.3,Wheat,Medium,0.5168417096138,0.5453095773664337,0.26843553104207196
-17.9139,-13.7103,15.6,Wheat,Medium,0.45630344748497,0.6743128852549806,0.37987437626635223
-18.3684,-12.2842,9.16666666666667,Wheat,Low,0.475535154342651,0.5148569048041916,0.24636556185752873
-16.3651,-9.80148,10.8,Wheat,Low,0.556660771369934,0.4768903539762365,0.22061650488470955
-16.2817,-12.0364,15.1,Wheat,Medium,0.487786829471588,0.6706760017986733,0.3762443613303487
-16.2783,-11.9357,17.9,Wheat,Medium,0.483639627695084,0.6621953261748441,0.3679086510449883
-17.1377,-12.2888,12.1,Wheat,Medium,0.483698070049286,0.6182996706041874,0.32742361565814265
-17.4448,-12.3909,15.5,Wheat,Medium,0.484757393598557,0.6007017496057907,0.3123273382348571
-12.8715,-9.25674,42.9,Wheat,Very High,0.599142551422119,0.7256551383986299,0.43503480087797286
-14.5133,-11.0847,35.4,Wheat,High,0.658062100410461,0.7418088828325119,0.45408797372685183
-15.5729,-10.9391,21.1,Wheat,Medium,0.507537662982941,0.6368872445270007,0.344048762434444
-16.3855,-10.433,19.5,Fodder,Medium,0.534624218940735,0.5255328314569049,0.2539510424999483
-14.2083,-9.78607,34.3333333333333,Wheat,High,0.600569605827332,0.6552621617181906,0.36122433481321187
-15.9872,-12.6533,23.7,Wheat,High,0.558320343494415,0.7499973406627906,0.4640983239438037
-16.6462,-12.0565,26.5,Wheat,High,0.561139047145844,0.6407108230708837,0.34756016921993393
-16.4501,-12.7393,29.9,Wheat,High,0.63104522228241,0.7172984082964726,0.4255200222290993
-16.003,-9.77907,29.8,Wheat,High,0.617086172103882,0.5036419847861003,0.2385651491779961
-15.8325,-12.2752,32.2,Wheat,High,0.617624521255493,0.7306481409951732,0.4408288407298374
-16.0076,-11.5455,16.2,Wheat,Medium,0.53972601890564,0.651793881338165,0.35792332398105225
-14.8155,-9.03344,20.3,Wheat,Medium,0.529945552349091,0.5394931906057212,0.264115567410558
-17.9016,-11.0257,8.5,Wheat,Low,0.411807835102081,0.4529836714739611,0.2053099513098541
-18.3952,-13.0445,17.0,Wheat,Medium,0.421122997999191,0.5754787111875985,0.29169568182188244
-17.0559,-11.9057,9.93333333333333,Wheat,Low,0.526175677776337,0.5924819621901376,0.30547804321385275
-16.3783,-10.434,50.0,Paddy,Very High,0.786290347576141,0.5262008198436974,0.2544309854377864
-17.5256,-10.5302,50.0,Paddy,Very High,0.838407516479492,0.4440192287047988,0.19973767947692275
-17.1383,-8.78881,50.0,Paddy,Very High,0.687813758850098,0.35018286856115144,0.14623488906946233
-17.9127,-9.86497,50.0,Paddy,Very High,0.810803115367889,0.3698144418934773,0.156757020429329
-17.9407,-8.81019,50.0,Paddy,Very High,0.796654641628265,0.3028942435586951,0.12216561904071055
-17.447,-12.1793,10.1,Wheat,Low,0.551510155200958,0.582498359492157,0.29732402267421865
-16.7146,-12.7791,17.5,Wheat,Medium,0.615003526210785,0.6977084467228247,0.40406385226536357
-14.9904,-12.7406,33.9,Wheat,High,0.609211444854736,0.8412118373367704,0.5956895754160914
-17.6639,-12.1437,15.6,Wheat,Medium,0.480840533971787,0.5612343656293549,0.28053044459330095
-17.5062,-14.1722,23.2666666666667,Wheat,High,0.416610836982727,0.7499887059471712,0.4640876378080089
-17.5427,-12.5039,12.3,Wheat,Medium,0.388888895511627,0.6019935044612101,0.3134151602775715
-17.0112,-11.8528,12.6,Wheat,Medium,0.479541748762131,0.5917835582489341,0.3049018082507536
-15.5752,-11.6772,11.1,Wheat,Medium,0.501457750797272,0.7009802747787294,0.40756792655948926
-16.0703,-12.6702,7.6,Wheat,Low,0.372549027204514,0.7442755188175343,0.4570776648915299
-17.2573,-12.3123,21.4666666666667,Wheat,High,0.364754110574722,0.6100342393500522,0.3202580094629028
-18.9129,-12.9722,8.7,Wheat,Low,0.397303730249405,0.526494202206,0.2546419785129519
-15.9252,-12.1334,10.6,Wheat,Low,0.376475721597672,0.7102414773717849,0.4176572263341722
-17.2232,-13.0049,19.4,Wheat,Medium,0.403992116451263,0.6730306891733038,0.37859075107748297
-18.7375,-13.1885,9.0,Wheat,Low,0.446130514144897,0.55882692464985,0.2786762770601107
-17.8612,-12.9842,8.73333333333333,Wheat,Low,0.423385679721832,0.6158801003712412,0.32531193731384866
-16.1713,-12.4847,15.6,Wheat,Medium,0.580414295196533,0.7194053145397261,0.4278977471878183
-16.5226,-12.3652,28.1,Wheat,High,0.675297439098358,0.6783434151042778,0.3839370290996573
-12.1042,-5.30975,26.2,Tobacco,High,0.663131952285767,0.45915295373463805,0.20919678216934856
-15.4239,-11.2271,50.0,Wheat,Very High,0.480519473552704,0.6749060534182851,0.3804696334507309
-14.4156,-11.6202,38.6,Wheat,Very High,0.692746996879578,0.7960074781282257,0.5253636251036092
-17.2478,-13.9372,31.5,Wheat,High,0.678470253944397,0.7520084950963821,0.46659491339165127
-15.4331,-12.1299,18.2,Wheat,Medium,0.645624101161957,0.7526469203409821,0.4673906282376677
-15.9007,-11.9878,29.3,Wheat,High,0.447314471006393,0.6996803451112356,0.40617201735772396
-15.65,-11.4399,27.0,Wheat,High,0.628593027591705,0.6737459115480721,0.37930625102393606
-16.1545,-13.4087,39.1,Wheat,Very High,0.639867126941681,0.8001851173463761,0.5313981033422588
-15.4791,-10.3972,32.3,Wheat,High,0.499825596809387,0.5983084678393709,0.3103201667789783
-17.444,-12.3715,18.4,Wheat,Medium,0.469090908765793,0.5991116304364326,0.3109925604656836
-15.3519,-12.0284,21.3,Wheat,Medium,0.596986830234528,0.7508952049278884,0.46521102661790714
-17.312,-12.9357,31.4,Wheat,High,0.440752357244492,0.65926023156411,0.36506483382815635
-17.7503,-12.8909,21.3,Wheat,Medium,0.486048012971878,0.6173953050482938,0.32663295506567797
-16.4958,-11.6347,26.4,Wheat,High,0.553299486637116,0.6172489124842139,0.32650512305711027
-17.3336,-12.5616,24.3,Wheat,High,0.464681833982468,0.6249320066300466,0.33327289957613776
-18.0618,-13.2636,6.1,Wheat,Low,0.381697177886963,0.622670631336501,0.3312683922927683
-18.0524,-12.6235,50.0,Fallow,Very High,0.415811091661453,0.5688913035274551,0.2864903513271787
-16.7866,-12.0461,24.0666666666667,Wheat,High,0.644994854927063,0.6276530914017919,0.33569896324664183
-14.7559,-9.30287,10.0,Tobacco&Chickori,Low,0.721040189266205,0.566863992872637,0.2849029853440922
-15.1132,-9.16508,12.8,Tobacco&Chickori,Medium,0.819438457489014,0.5258895880287141,0.2542072895164682
-15.8728,-10.1428,25.0,Tobacco&Chickori,High,0.765351951122284,0.5437882120725472,0.2673006408663311
-15.6287,-9.33065,24.9,Tobacco&Chickori,High,0.660083770751953,0.49774159343677177,0.23452816199923593
-14.9659,-9.3583,28.0333333333333,Tobacco&Chickori,High,0.59422904253006,0.5539405199511972,0.27494131151958523
-16.3219,-11.7705,20.5,Wheat,Medium,0.552702724933624,0.644034538062254,0.35063882313010436
-15.9613,-11.3877,21.5,Wheat,High,0.684401452541351,0.6421076690977947,0.34885102229426024
-16.4354,-11.081,26.9,Chickori,High,0.74719250202179,0.5751664453487102,0.2914472756249406
-16.9237,-11.0487,23.8,Chickori,High,0.774274587631226,0.5318610756309459,0.25852348395621905
-16.4029,-10.9246,18.5333333333333,Wheat,Medium,0.619445502758026,0.5647436782691772,0.2832500531317832
-15.6554,-11.5393,18.2,Wheat,Medium,0.627371251583099,0.6819472359855453,0.387605561649606
-14.4477,-9.6995,25.2,Chickori,High,0.768598794937134,0.6269877147230036,0.33510429948907267
-14.7729,-9.66142,13.3,Chickori,Medium,0.75954020023346,0.5957830549727068,0.3082137432471862
-17.0983,-12.1376,11.9,Wheat,Medium,0.344055950641632,0.6086864832014205,0.31910234814312755
-14.8425,-10.0662,22.7,Chickori,High,0.668053865432739,0.6245607462440919,0.33294308551894275
-17.0015,-11.2018,9.9,Wheat,Low,0.494186043739319,0.538041075755076,0.26304496906470237
-15.8597,-11.9994,6.3,Wheat,Low,0.694560647010803,0.7042688152697613,0.41112132086887876
-15.17,-12.0915,14.6,Chickori,Medium,0.755942165851593,0.7719526883512706,0.4922095094681978
-18.0121,-12.3552,9.5,Wheat,Low,0.453046590089798,0.5498424372585862,0.27183789591291263
-16.7538,-12.0534,8.86666666666667,Wheat,Low,0.575650930404663,0.631120490855835,0.33881294887626134
-15.8141,-10.4552,14.3,Tobacco,Medium,0.539503395557404,0.5747867397969265,0.2911454450563117
-16.1347,-10.0176,18.4,Wheat,Medium,0.549140870571137,0.5122057386796148,0.24450626975276749
-15.3249,-8.07728,14.9,Tobacco,Medium,0.629361569881439,0.42544652408334965,0.1884681640821605
-12.6285,-5.54819,11.5,Tobacco,Medium,0.740181267261505,0.43771343406610186,0.19587048558932632
-16.4507,-11.7825,10.6,Wheat,Low,0.406039088964462,0.6339074276850971,0.3413343535594769
-13.842,-7.95256,29.8,Tobacco,High,0.700759291648865,0.5306794660497299,0.2576653381548112
-13.2748,-6.30401,22.5,Tobacco,High,0.71640008687973,0.44585684247328744,0.20087273833805955
-13.1435,-6.80192,24.8333333333333,Tobacco,High,0.710138559341431,0.4942924575270922,0.23218919187919082
-15.6703,-7.74143,20.1,Tobacco,Medium,0.608212172985077,0.3777530933884964,0.16110647669984549
-13.0004,-6.50483,9.9,Tobacco,Low,0.633561670780182,0.4821890774696117,0.2241005900393415
-14.4055,-7.46838,13.1,Tobacco,Medium,0.610472559928894,0.44837815923435653,0.2024361177654172
-17.0059,-10.6621,8.6,Wheat,Low,0.403225809335709,0.4941168771691715,0.23207053315681647
-15.19,-7.74739,15.5666666666667,Tobacco,Medium,0.601024091243744,0.41142070008484183,0.180193449833023
-16.4876,-8.13205,40.6,Pearl Millet,Very High,0.214116051793098,0.3497963546592779,0.14603098009139065
-16.1771,-10.613,38.1,Pearl Millet,Very High,0.246179968118668,0.5575662400735503,0.27770902902814243
-13.1007,-7.44708,13.8,Tobacco,Medium,0.659926474094391,0.5501147179826623,0.2720432784634047
-14.8844,-7.19265,15.8,Tobacco,Medium,0.658503115177155,0.3939339284276644,0.17014727577253808
-13.97,-7.0041,16.1,Tobacco,Medium,0.624293088912964,0.44622250583957446,0.20109904121274957
-18.7186,-12.7144,9.2,Tobacco,Low,0.289623141288757,0.5213300034981225,0.25094583962119266
-14.3749,-6.55638,20.5,Tobacco,Medium,0.68281102180481,0.38522661329403457,0.16525248539897652
-14.4165,-6.78356,14.9,Tobacco,Medium,0.571949005126953,0.39801721764251363,0.1724669964105759
-18.033,-10.5767,22.2,Fallow,High,0.198584347963333,0.4104470781762974,0.17962633133043213
-16.1953,-10.0226,8.86666666666667,Wheat,Low,0.439974665641785,0.5077400603848661,0.241395961403641
-18.2417,-12.1704,5.0,Wheat,Low,0.495792418718338,0.5158981663208584,0.24709843795687517
-17.8181,-12.9422,12.5,Bhaji,Medium,0.562874257564545,0.6159747753007397,0.3253943441755102
-17.8626,-12.4164,12.9,Wheat,Medium,0.647977292537689,0.5674375624671565,0.28535139498054407
-17.0784,-11.1385,9.7,Wheat,Low,0.518910765647888,0.5265594081452097,0.2546888896193939
-18.4907,-12.4082,9.1,Wheat,Low,0.596485495567322,0.5149940692511498,0.24646201793858283
-17.7424,-14.073,14.9,Wheat,Medium,0.514527380466461,0.7209023217334289,0.4295957735147112
-17.665,-12.9636,11.2,Wheat,Medium,0.632191121578217,0.6310339769934592,0.33873494329279097
-19.025,-13.2409,7.5,Wheat,Low,0.48394986987114,0.5393251752264998,0.26399153423578364
-18.2412,-13.8937,7.3,Wheat,Low,0.514655768871307,0.6617684830426702,0.3674937860501916
-18.539,-13.5575,7.86666666666667,Wheat,Low,0.526496887207031,0.6069020873754607,0.31757770066853
-15.3511,-11.0892,17.9,Wheat,Medium,0.521872580051422,0.6692285655298269,0.37480899074829344
-15.4795,-12.5479,18.1,Wheat,Medium,0.574852645397186,0.7844769025216467,0.5091432611909563
-15.2343,-8.29466,14.7,Tobacco,Medium,0.609732389450073,0.4481891665696755,0.20231868798857414
-14.7162,-8.60989,11.1,Tobacco,Medium,0.651025712490082,0.5130745164384076,0.24511449822320297
-14.8094,-9.46771,17.8,Tobacco,Medium,0.552322328090668,0.5762393594893512,0.29230147036781273
-16.2047,-8.15785,39.6,Fodder,Very High,0.363057315349579,0.3698727913196984,0.15678878692890819
-15.4805,-8.92197,34.3,Chickori,High,0.785831987857819,0.47728560998802894,0.22087522249784822
-16.0453,-9.4344,35.1,Chickori,High,0.730941712856293,0.4732273013534251,0.2182277625786707
-16.8575,-10.406,5.8,Lemon,Low,0.357885867357254,0.48563706584399347,0.2263862262221745
-15.7507,-8.55455,39.7666666666667,Chickori,Very High,0.742130219936371,0.4291976408852117,0.19071506488065368
-17.5013,-10.4036,9.4,Wheat,Low,0.238701462745667,0.4364285975575141,0.19508775003582624
-18.125,-12.3652,6.2,Wheat,Low,0.210132405161858,0.5413279498096077,0.26547278138943675
-18.9649,-10.8365,7.4,Wheat,Low,0.288319766521454,0.3644925922452403,0.1538721421812913
-20.0177,-12.7441,7.7,Wheat,Low,0.253987729549408,0.4235607999254003,0.18734409116828551
-19.1654,-12.8755,6.7,Wheat,Low,0.279713124036789,0.49838869894722804,0.234968692376626
-16.2517,-11.852,8.1,Wheat,Low,0.310975611209869,0.6572229977542918,0.36310313617986784
-18.2734,-12.848,8.2,Wheat,Low,0.283311784267426,0.5691855729144166,0.28672132833170216
-18.5325,-12.0067,3.3,Wheat,Low,0.230800569057465,0.4798313795790293,0.2225461061956046
-19.1223,-11.2553,8.9,Wheat,Low,0.22537562251091,0.3819310782460943,0.16341804099278326
-20.0966,-12.8149,8.96666666666667,Wheat,Low,0.232711970806122,0.4229739310114947,0.18699500248468798
-17.1008,-12.0098,13.5,Wheat,Medium,0.327510923147202,0.597531226401194,0.3096706174170774
-18.6375,-13.7609,8.1,Wheat,Low,0.24162258207798,0.6159145272245956,0.325341901030405
-19.5445,-12.9904,11.8,Wheat,Medium,0.266261100769043,0.4776297572049932,0.22110064015607014
-20.6462,-13.4372,6.5,Fallow,Low,0.271638542413712,0.4282592459933852,0.19015160697745817
-19.4288,-13.374,11.5,Wheat,Medium,0.265895962715149,0.517231436268328,0.24803901612510462
-20.4393,-14.4652,9.9,Wheat,Low,0.354401797056198,0.5237750656573077,0.252691131442522
-19.2448,-15.1282,7.4,Wheat,Low,0.260034918785095,0.6819036028918594,0.3875609394789029
-20.5439,-15.0913,13.1,Wheat,Medium,0.255952388048172,0.5669000972968947,0.2849311953154012
-18.7917,-11.3634,16.1,Wheat,Medium,0.276488691568375,0.4124399854084281,0.18078816637555012
-21.1622,-14.6008,12.4666666666667,Wheat,Medium,0.285215377807617,0.4770627230770058,0.22072930711017202
-18.8226,-12.0859,11.6,Wheat,Medium,0.245707511901855,0.46355573716321197,0.21199713901842396
-17.8609,-12.3302,8.4,Wheat,Low,0.256965935230255,0.560356206130971,0.2798530213503846
-19.2538,-12.2654,14.6,Wheat,Medium,0.256092697381973,0.44454146095950864,0.20005987817092807
-17.8046,-13.2369,7.1,Wheat,Low,0.242300555109978,0.64261967748716,0.3493252672647247
-19.9341,-14.9047,8.93333333333333,Wheat,Low,0.246816247701645,0.6027980238369267,0.31409426011589564
-15.4954,-11.9714,50.0,Paddy,Very High,0.795032799243927,0.7335390768892448,0.4442219354710551
-17.9667,-12.2668,50.0,Paddy,Very High,0.815573751926422,0.5462778632570211,0.2691596779519601
-18.1656,-12.0498,50.0,Paddy,Very High,0.75301206111908,0.5123103739543334,0.24457947025193918
-17.7197,-13.2334,50.0,Paddy,Very High,0.811623275279999,0.6496898616563723,0.35593443007747233
-17.0457,-11.6065,50.0,Paddy,Very High,0.786943435668945,0.5680256225757456,0.2858116979490981
-18.5071,-13.0667,5.7,Wheat,Low,0.218646869063377,0.5679247969056885,0.2857327361679615
-18.4877,-13.4561,10.6,Wheat,Low,0.342605739831924,0.6026097060640153,0.3139351900817987
-19.582,-12.6759,10.9,Wheat,Medium,0.242656454443932,0.45070835919830793,0.20388721797676004
-18.3967,-12.3502,5.2,Wheat,Low,0.243550300598145,0.5179027129798444,0.24851350807332667
-20.2387,-13.6042,8.66666666666667,Wheat,Low,0.247148290276527,0.47140458349454956,0.21704510715986436
-18.644,-12.0079,8.9,Wheat,Low,0.230219036340714,0.47128114777588087,0.21696515951514853
-16.9925,-11.9639,8.3,Wheat,Low,0.290671467781067,0.6028665069550917,0.31415212374606044
-16.7941,-12.0122,10.0,Wheat,Low,0.311413794755936,0.6240773137189443,0.33251404950822905
-20.8084,-14.8714,7.8,Wheat,Low,0.238539904356003,0.5267958096989919,0.25485901483737283
-17.8611,-13.4854,16.8333333333333,Wheat,Medium,0.256081372499466,0.6593124770545185,0.3651152728829436
-20.604,-14.0517,5.8,Wheat,Low,0.252843379974365,0.4777696291393018,0.22119229769604726
-18.81,-14.0509,6.9,Wheat,Low,0.211599081754684,0.6260460627764363,0.33426430332923424
-18.6911,-13.88,8.5,Wheat,Low,0.225210756063461,0.621557850715298,0.3302858741951727
-21.0778,-13.9358,5.7,Wheat,Low,0.260008096694946,0.4331658021908762,0.19310788175580837
-20.4974,-13.8849,4.7,Wheat,Low,0.239676281809807,0.47310360667217105,0.21814737930784708
-15.6645,-11.5707,50.0,Wheat,Very High,0.54369580745697,0.6838933349462374,0.38960094355150837
-16.811,-12.206,50.0,Wheat,Very High,0.437076330184937,0.639383842146412,0.3463378846082794
-16.6138,-10.9758,50.0,Tobacco,Very High,0.323460102081299,0.5514121003942308,0.27302348129400694
-16.9683,-10.9307,50.0,Wheat,Very High,0.586089313030243,0.5186229613019632,0.24902330917699617
-19.059,-14.1339,6.7,Wheat,Low,0.264913409948349,0.6117436101837033,0.3217288451038433
-18.9368,-14.2109,11.5,Wheat,Medium,0.340588986873627,0.6289151023083449,0.3368294064550418
-13.9336,-8.28949,16.5,Tobacco,Medium,0.517956912517548,0.5509044664960953,0.27263964022976184
-18.1226,-12.1872,10.1666666666667,Wheat,Low,0.31264916062355,0.5269262582754458,0.2549529256662655
-17.6735,-13.5008,11.2,Wheat,Medium,0.31016731262207,0.6770085124599747,0.3825868159162361
-18.141,-13.7831,10.6,Wheat,Low,0.284041911363602,0.660862617258193,0.3666148057701512
-20.5879,-13.1658,6.5,Wheat,Low,0.212909936904907,0.4128821019688092,0.1810464443757468
-17.4321,-12.3064,8.4,Fallow,Low,0.365397453308105,0.594570101433006,0.3072062167441685
-18.8149,-13.3934,8.2,Wheat,Low,0.281733751296997,0.5695135361773466,0.2869789220750558
-17.2985,-12.1225,4.6,Wheat,Low,0.272070199251175,0.5902853744774857,0.30366867884657844
-18.0297,-13.6176,5.9,Wheat,Low,0.264160931110382,0.6561437161621411,0.36206788073964175
-18.057,-12.9098,6.0,Wheat,Low,0.293349176645279,0.592737536753767,0.30568913286980576
-17.0454,-12.1121,19.0,Wheat,Medium,0.254016071557999,0.6110391029490557,0.3211219556291171
-19.1508,-12.7931,10.6,Wheat,Low,0.25,0.49301823969506425,0.23132895714272955
-17.5138,-11.7633,4.5,Wheat,Low,0.277365773916245,0.5420952573741806,0.26604187501387866
-19.5062,-12.8134,10.8,Wheat,Low,0.269166201353073,0.4669183076120802,0.21415094737636206
-18.4643,-12.9114,4.5,Wheat,Low,0.217105269432068,0.558501214637812,0.2784261358132458
-19.31,-13.3896,7.9,Fallow,Low,0.346418052911758,0.5281499081997857,0.2558350243288709
-18.0638,-13.3432,8.43333333333333,Wheat,Low,0.267570912837982,0.6293733535735501,0.33724071391385546
-16.6308,-10.2359,3.8,Tobacco&Chickori,Low,0.662431955337524,0.49008411418671666,0.2293559440997372
-15.0192,-8.11331,6.1,Tobacco&Chickori,Low,0.766923725605011,0.4507241580912956,0.20389707703616616
-13.3026,-9.60324,8.5,Tobacco&Chickori,Low,0.738398671150208,0.7182944925711325,0.42664238651476516
-14.8231,-7.85094,10.6,Tobacco&Chickori,Low,0.626535654067993,0.4457544283787956,0.20080938219107955
-14.0353,-8.38732,13.0666666666667,Tobacco&Chickori,Medium,0.664707362651825,0.550583032351319,0.27239679914281634
-18.0044,-11.7957,5.0,Wheat,Low,0.401229619979858,0.5048586078302315,0.23940322693529778
-17.3552,-12.4313,8.7,Wheat,Low,0.370558381080627,0.6118467255404297,0.32181775435167087
-15.8806,-12.0434,19.9,Chickori,Medium,0.38451611995697,0.7062833591755776,0.41331388941991415
-17.2999,-11.4166,11.2,Fallow,Medium,0.263885051012039,0.5311817561506041,0.2580298797553264
-17.1613,-12.394,5.26666666666667,Wheat,Low,0.34355828166008,0.6253378554727196,0.33363376773830283
-16.1395,-12.224,50.0,Wheat,Very High,0.438274919986725,0.6994535008266547,0.40592892626650084
-16.5415,-9.87348,50.0,Chickori,Very High,0.667138159275055,0.46882229271255793,0.215376343719217
-17.1174,-11.3148,50.0,Fallow,Very High,0.199271395802498,0.5378025065300768,0.2628693795030423
-16.9678,-9.62197,50.0,Chickori,Very High,0.591437876224518,0.4183453666827181,0.18425403190318607
-18.0531,-13.8743,50.0,Wheat,Very High,0.275893688201904,0.6764763267057868,0.38204982052372954
-18.0434,-12.372,50.0,Wheat,Very High,0.492215573787689,0.5486393968509902,0.27093181101343755
-17.569,-10.8421,50.0,Chickori,Very High,0.68060839176178,0.4643052095479532,0.21247605778632084
-19.0635,-13.1552,50.0,Fallow,Very High,0.292156875133514,0.5291378970294103,0.25654880732760327
-19.4983,-14.4682,50.0,Wheat,Very High,0.297051072120667,0.6027381028262662,0.3140436381823714
-17.3451,-12.3752,50.0,Tobacco,Very High,0.370907127857208,0.6078970659060525,0.31842708414277127
-17.3261,-13.8859,50.0,Wheat,Very High,0.275793224573135,0.7408043794449237,0.45287672367953385
-17.3187,-13.187,50.0,Tobacco,Very High,0.303205460309982,0.6805859179728433,0.38621576736761504
-14.7003,-9.39232,50.0,Tobacco,Very High,0.231302618980408,0.579088220765355,0.2945791468179265
-18.3253,-12.1053,50.0,Wheat,Very High,0.219780221581459,0.5039557894689365,0.2387811282913178
-15.6775,-7.72164,50.0,Tobacco,Very High,0.518696069717407,0.37594028298630294,0.1601083566671586
-15.2732,-6.4906,50.0,Tobacco,Very High,0.56068742275238,0.32332987881439607,0.13235489261148065
-15.8735,-7.39342,50.0,Tobacco,Very High,0.532289206981659,0.34192138111092496,0.14190313819242845
-17.3018,-9.93376,50.0,Tobacco,Very High,0.180542558431625,0.4167497820919243,0.18331415447355234
-19.505,-12.7297,50.0,Fallow,Very High,0.190311416983604,0.46061031037320516,0.2101212617407944
-18.8382,-12.5182,50.0,Fallow,Very High,0.215834125876427,0.4960008629104903,0.23334580622810028
-17.0319,-8.33885,50.0,Fallow,Very High,0.136482939124107,0.3287535267718438,0.13511233515942234
-17.5705,-11.2791,50.0,Tobacco,Very High,0.192141830921173,0.4982695683456267,0.23488755107878045
-18.2857,-11.6041,50.0,Fallow,Very High,0.177006259560585,0.46777833770428007,0.21470393298845175
-17.6789,-12.108,50.0,Fallow,Very High,0.226041987538338,0.5569988659490329,0.2772745441700567
-18.7326,-12.5861,50.0,Fallow,Very High,0.207310110330582,0.509842071948438,0.2428566499995571
-19.5755,-12.5977,50.0,Fallow,Very High,0.18954248726368,0.44533295640637727,0.2005487687424347
-18.5687,-12.559,50.0,Fallow,Very High,0.190961703658104,0.520883791040829,0.2506282374905686
-18.661,-11.9671,50.0,Tobacco,Very High,0.183493807911873,0.46683388743982257,0.21409671315929268
-17.0863,-9.65075,50.0,Tobacco,Very High,0.500918924808502,0.4119233756576038,0.18048661504734065
-16.9113,-10.6736,50.0,Tobacco,Very High,0.289604544639587,0.5025432236192905,0.23780993817132642
-18.1426,-11.7774,50.0,Fodder,Very High,0.189139440655708,0.4924259644167395,0.23092981093624615
-17.1808,-12.3532,50.0,Wheat,Very High,0.222884386777878,0.6201351606728962,0.32903341122625857
-18.7792,-14.0572,50.0,Fallow,Very High,0.225806444883347,0.6292522997028631,0.33713201787284347
-18.5383,-10.949,50.0,Fallow,Very High,0.219478741288185,0.4010650807650114,0.17420876421162004
-17.906,-11.3469,50.0,Fallow,Very High,0.206798866391182,0.4772413388196569,0.2208462351124487
-19.4054,-12.4806,50.0,Fallow,Very High,0.177358493208885,0.449302790153367,0.2030112007819954
-19.8226,-12.1576,50.0,Fallow,Very High,0.333597451448441,0.3957877987050205,0.1711985176702859
-16.6096,-7.36097,50.0,Fallow,Very High,0.26423904299736,0.2961854535210747,0.11888772045470816
-17.6825,-9.94847,50.0,Fallow,Very High,0.30690535902977,0.39101548923715257,0.16849887282518478
-18.719,-11.8069,50.0,Fallow,Very High,0.326823174953461,0.4502570975268894,0.20360573186399128
-19.0284,-13.7604,50.0,Fallow,Very High,0.296844810247421,0.5824729373286337,0.29730348496770204
-18.0218,-12.691,50.0,Fallow,Very High,0.321890234947205,0.577159172011954,0.2930353404485367
-16.7871,-11.1701,50.0,Wheat,Very High,0.29980656504631,0.5531582257629765,0.27434686385240187
-17.2167,-12.1574,50.0,Wheat,Very High,0.278931736946106,0.6002399820971024,0.31193923302158116
-17.7785,-10.3782,50.0,Tobacco,Very High,0.182954549789429,0.4144390250849006,0.18195751624693013
-16.6607,-10.6289,50.0,Tobacco,Very High,0.195198982954025,0.5190925841139652,0.249356101818233
-17.4057,-10.6208,50.0,Strobe,Very High,0.219083487987518,0.45987940425711404,0.20965730551148026
