VH-pol,VV-pol,cross_pol_ratio,month_sin,month_cos,crop_encoded,SM1 (%),Crop Name,label
-19.3557,-13.5461,-5.8096,1.2246467991473532e-16,-1.0,2,4.6,Fallow,Low
-17.1605,-10.4691,-6.6914,1.2246467991473532e-16,-1.0,13,7.2,Pearl Millet,Low
-17.8729,-9.98927,-7.883630000000002,1.2246467991473532e-16,-1.0,2,6.4,Fallow,Low
-17.7906,-11.9346,-5.856000000000002,1.2246467991473532e-16,-1.0,7,9.6,Lemon,Low
-17.3646,-10.7327,-6.6319,1.2246467991473532e-16,-1.0,2,3.9,Fallow,Low
-20.179,-12.6369,-7.542099999999998,1.2246467991473532e-16,-1.0,2,9.9,Fallow,Low
-18.3151,-11.1065,-7.208600000000001,1.2246467991473532e-16,-1.0,2,4.6,Fallow,Low
-17.4439,-10.222,-7.2219,1.2246467991473532e-16,-1.0,13,9.4,Pearl Millet,Low
-18.5871,-11.8398,-6.747299999999999,1.2246467991473532e-16,-1.0,13,5.6,Pearl Millet,Low
-18.369,-12.5258,-5.8431999999999995,1.2246467991473532e-16,-1.0,2,3.6333333333333333,Fallow,Low
-18.3568,-9.85463,-8.50217,1.2246467991473532e-16,-1.0,2,4.8,Fallow,Low
-19.1375,-12.3611,-6.776399999999999,1.2246467991473532e-16,-1.0,2,6.0,Fallow,Low
-17.2726,-11.5579,-5.714700000000001,1.2246467991473532e-16,-1.0,2,7.0,Fallow,Low
-18.5586,-10.7904,-7.768199999999998,1.2246467991473532e-16,-1.0,2,6.1,Fallow,Low
-18.7528,-11.6258,-7.127000000000001,1.2246467991473532e-16,-1.0,2,4.666666666666666,Fallow,Low
-19.9924,-12.1953,-7.7971,1.2246467991473532e-16,-1.0,2,5.6,Fallow,Low
-20.8285,-13.2891,-7.539399999999999,1.2246467991473532e-16,-1.0,2,6.0,Fallow,Low
-19.5959,-10.4823,-9.1136,1.2246467991473532e-16,-1.0,2,7.5,Fallow,Low
-17.1316,-10.9405,-6.191099999999999,1.2246467991473532e-16,-1.0,2,6.0,Fallow,Low
-20.7021,-12.418,-8.284100000000002,1.2246467991473532e-16,-1.0,2,4.233333333333333,Fallow,Low
-19.215,-11.586,-7.629,1.2246467991473532e-16,-1.0,2,4.5,Fallow,Low
-19.4059,-11.3702,-8.035699999999999,1.2246467991473532e-16,-1.0,2,4.4,Fallow,Low
-19.3264,-11.8751,-7.4513,1.2246467991473532e-16,-1.0,2,4.9,Fallow,Low
-18.7644,-11.1875,-7.576899999999998,1.2246467991473532e-16,-1.0,2,5.1,Fallow,Low
-19.1452,-10.9786,-8.166599999999999,1.2246467991473532e-16,-1.0,2,5.233333333333333,Fallow,Low
-18.0508,-10.5011,-7.5497,1.2246467991473532e-16,-1.0,2,3.1,Fallow,Low
-17.7971,-10.7217,-7.0754,1.2246467991473532e-16,-1.0,2,3.4,Fallow,Low
-18.7731,-10.2765,-8.496599999999999,1.2246467991473532e-16,-1.0,2,5.3,Fallow,Low
-18.4068,-12.4165,-5.990300000000001,1.2246467991473532e-16,-1.0,2,5.9,Fallow,Low
-18.4484,-11.2283,-7.220099999999999,1.2246467991473532e-16,-1.0,2,5.1,Fallow,Low
-19.2643,-10.5667,-8.697599999999998,1.2246467991473532e-16,-1.0,2,5.3,Fallow,Low
-17.672,-9.7187,-7.9533000000000005,1.2246467991473532e-16,-1.0,2,2.0,Fallow,Low
-18.426,-10.9651,-7.460899999999999,1.2246467991473532e-16,-1.0,2,5.6,Fallow,Low
-18.806,-11.1999,-7.606100000000001,1.2246467991473532e-16,-1.0,2,4.5,Fallow,Low
-18.3314,-12.2879,-6.043499999999998,1.2246467991473532e-16,-1.0,2,2.9,Fallow,Low
-18.2699,-11.5343,-6.7356,1.2246467991473532e-16,-1.0,2,4.4,Fallow,Low
-19.5135,-11.5082,-8.0053,1.2246467991473532e-16,-1.0,2,5.2,Fallow,Low
-18.4931,-9.81751,-8.675589999999998,1.2246467991473532e-16,-1.0,2,4.4,Fallow,Low
-18.8967,-10.9847,-7.911999999999999,1.2246467991473532e-16,-1.0,2,6.333333333333333,Fallow,Low
-18.7502,-11.5313,-7.2189,1.2246467991473532e-16,-1.0,2,5.9,Fallow,Low
-18.2951,-12.0155,-6.279600000000002,1.2246467991473532e-16,-1.0,2,9.6,Fallow,Low
-19.4342,-10.4312,-9.003,1.2246467991473532e-16,-1.0,2,10.6,Fallow,Low
-17.8061,-11.2779,-6.5282,1.2246467991473532e-16,-1.0,2,8.4,Fallow,Low
-19.1728,-11.2253,-7.947499999999998,1.2246467991473532e-16,-1.0,5,3.0,Jowar,Low
-22.5424,-12.1545,-10.3879,1.2246467991473532e-16,-1.0,2,5.2,Fallow,Low
-20.7219,-12.3306,-8.391300000000001,1.2246467991473532e-16,-1.0,2,3.6,Fallow,Low
-20.0113,-12.1021,-7.9091999999999985,1.2246467991473532e-16,-1.0,2,4.0,Fallow,Low
-21.8338,-12.6317,-9.2021,1.2246467991473532e-16,-1.0,2,14.3,Fallow,Medium
-21.9811,-12.0595,-9.921600000000002,1.2246467991473532e-16,-1.0,2,4.733333333333333,Fallow,Low
-18.1402,-12.5663,-5.5739,1.2246467991473532e-16,-1.0,2,8.8,Fallow,Low
-19.1513,-11.4172,-7.7341,1.2246467991473532e-16,-1.0,2,7.5,Fallow,Low
-19.576,-11.0103,-8.5657,1.2246467991473532e-16,-1.0,2,16.5,Fallow,Medium
-18.5322,-10.5402,-7.991999999999999,1.2246467991473532e-16,-1.0,2,5.1,Fallow,Low
-19.2907,-11.8609,-7.4298,1.2246467991473532e-16,-1.0,2,5.033333333333333,Fallow,Low
-19.7057,-11.8149,-7.8908000000000005,1.2246467991473532e-16,-1.0,2,10.1,Fallow,Low
-20.1477,-12.5277,-7.620000000000001,1.2246467991473532e-16,-1.0,2,4.0,Fallow,Low
-19.3053,-11.3072,-7.998099999999999,1.2246467991473532e-16,-1.0,2,10.9,Fallow,Low
-17.4265,-10.7271,-6.699400000000001,1.2246467991473532e-16,-1.0,2,12.1,Fallow,Medium
-19.9231,-10.9545,-8.968600000000002,1.2246467991473532e-16,-1.0,5,7.6,Jowar,Low
-21.3386,-13.1527,-8.1859,1.2246467991473532e-16,-1.0,2,4.5,Fallow,Low
-19.2902,-11.0875,-8.202699999999998,1.2246467991473532e-16,-1.0,2,9.2,Fallow,Low
-18.6875,-12.2219,-6.4656,1.2246467991473532e-16,-1.0,2,8.6,Fallow,Low
-17.7212,-10.433,-7.2882,1.2246467991473532e-16,-1.0,2,5.3,Fallow,Low
-19.0286,-11.6004,-7.4282,1.2246467991473532e-16,-1.0,2,8.8,Fallow,Low
-17.2037,-11.6349,-5.568800000000001,1.2246467991473532e-16,-1.0,2,7.9,Fallow,Low
-20.3589,-11.9589,-8.399999999999999,1.2246467991473532e-16,-1.0,2,8.0,Fallow,Low
-19.5296,-13.0626,-6.466999999999999,1.2246467991473532e-16,-1.0,2,7.5,Fallow,Low
-19.5386,-12.8276,-6.7109999999999985,1.2246467991473532e-16,-1.0,2,7.7,Fallow,Low
-20.6152,-12.8842,-7.731000000000002,1.2246467991473532e-16,-1.0,2,6.533333333333333,Fallow,Low
-20.3636,-11.917,-8.446600000000002,1.2246467991473532e-16,-1.0,2,10.1,Fallow,Low
-18.7258,-12.2486,-6.4772,1.2246467991473532e-16,-1.0,2,7.3,Fallow,Low
-19.7596,-10.9705,-8.7891,1.2246467991473532e-16,-1.0,2,5.7,Fallow,Low
-20.4533,-11.8024,-8.650899999999998,1.2246467991473532e-16,-1.0,2,10.9,Fallow,Low
-19.3009,-10.99,-8.310899999999998,1.2246467991473532e-16,-1.0,2,11.166666666666666,Fallow,Low
-19.5784,-11.815,-7.763399999999999,1.2246467991473532e-16,-1.0,2,7.2,Fallow,Low
-19.0005,-10.1774,-8.823099999999998,1.2246467991473532e-16,-1.0,2,12.2,Fallow,Medium
-20.2981,-13.0725,-7.225600000000002,1.2246467991473532e-16,-1.0,2,3.6,Fallow,Low
-18.6986,-12.9887,-5.709899999999999,1.2246467991473532e-16,-1.0,2,3.5,Fallow,Low
-18.6986,-12.9887,-5.709899999999999,1.2246467991473532e-16,-1.0,2,5.0,Fallow,Low
-18.8858,-12.7639,-6.1219,1.2246467991473532e-16,-1.0,2,4.1,Fallow,Low
-18.6744,-14.7882,-3.8861999999999988,1.2246467991473532e-16,-1.0,2,2.0,Fallow,Low
-18.1245,-11.8757,-6.248800000000001,1.2246467991473532e-16,-1.0,2,3.3,Fallow,Low
-18.1373,-9.52469,-8.61261,1.2246467991473532e-16,-1.0,2,26.5,Fallow,High
-18.6367,-12.9881,-5.648600000000002,1.2246467991473532e-16,-1.0,2,3.566666666666667,Fallow,Low
-17.8404,-11.0006,-6.8397999999999985,1.2246467991473532e-16,-1.0,2,3.5,Fallow,Low
-15.8711,-10.3787,-5.4924,1.2246467991473532e-16,-1.0,13,9.7,Pearl Millet,Low
-15.8287,-10.267,-5.5617,1.2246467991473532e-16,-1.0,13,8.1,Pearl Millet,Low
-17.1435,-12.7799,-4.3636,1.2246467991473532e-16,-1.0,2,4.2,Fallow,Low
-16.2,-9.95451,-6.245489999999998,1.2246467991473532e-16,-1.0,13,9.8,Pearl Millet,Low
-17.9406,-11.2444,-6.696199999999999,1.2246467991473532e-16,-1.0,2,2.3,Fallow,Low
-19.0359,-13.158,-5.877900000000002,1.2246467991473532e-16,-1.0,2,3.8,Fallow,Low
-19.1968,-13.1986,-5.998199999999999,1.2246467991473532e-16,-1.0,2,5.8,Fallow,Low
-19.8453,-12.2207,-7.624600000000001,1.2246467991473532e-16,-1.0,2,3.4,Fallow,Low
-18.9673,-13.193,-5.774300000000002,1.2246467991473532e-16,-1.0,2,3.7333333333333334,Fallow,Low
-12.4202,-4.08332,-8.33688,1.2246467991473532e-16,-1.0,2,5.8,Fallow,Low
-18.721,-12.5351,-6.1859,1.2246467991473532e-16,-1.0,2,5.9,Fallow,Low
-17.8501,-12.9101,-4.940000000000001,1.2246467991473532e-16,-1.0,2,4.9,Fallow,Low
-17.855,-11.9229,-5.9321,1.2246467991473532e-16,-1.0,2,8.9,Fallow,Low
-18.7179,-13.9241,-4.793800000000001,1.2246467991473532e-16,-1.0,8,4.1,Maize,Low
-19.5663,-12.6875,-6.878799999999998,1.2246467991473532e-16,-1.0,2,5.0,Fallow,Low
-18.2036,-10.7414,-7.462200000000001,1.2246467991473532e-16,-1.0,2,21.7,Fallow,Medium
-18.3039,-10.6748,-7.629099999999999,1.2246467991473532e-16,-1.0,2,6.0,Fallow,Low
-21.3491,-11.5331,-9.816,1.2246467991473532e-16,-1.0,2,5.7,Fallow,Low
-20.7451,-11.5035,-9.2416,1.2246467991473532e-16,-1.0,2,4.933333333333334,Fallow,Low
-20.8577,-11.333,-9.524700000000001,1.2246467991473532e-16,-1.0,2,6.6,Fallow,Low
-21.0438,-12.3345,-8.7093,1.2246467991473532e-16,-1.0,2,4.5,Fallow,Low
-18.9432,-11.5601,-7.383100000000001,1.2246467991473532e-16,-1.0,2,4.9,Fallow,Low
-18.3864,-10.0126,-8.373799999999997,1.2246467991473532e-16,-1.0,2,6.5,Fallow,Low
-20.6445,-12.8325,-7.812000000000001,1.2246467991473532e-16,-1.0,2,6.7,Fallow,Low
-18.6002,-11.1986,-7.4016,1.2246467991473532e-16,-1.0,2,1.3,Fallow,Low
-19.1392,-11.5026,-7.6366,1.2246467991473532e-16,-1.0,2,1.5,Fallow,Low
-20.6624,-12.4355,-8.226900000000002,1.2246467991473532e-16,-1.0,2,5.5,Fallow,Low
-19.0949,-12.3996,-6.6953,1.2246467991473532e-16,-1.0,2,6.6,Fallow,Low
-20.4645,-12.0929,-8.3716,1.2246467991473532e-16,-1.0,2,4.733333333333333,Fallow,Low
-20.6736,-14.1688,-6.504800000000001,1.2246467991473532e-16,-1.0,2,6.7,Fallow,Low
-19.1429,-10.9734,-8.169500000000001,1.2246467991473532e-16,-1.0,2,5.1,Fallow,Low
-19.784,-12.0015,-7.782499999999999,1.2246467991473532e-16,-1.0,2,4.5,Fallow,Low
-20.3815,-12.5045,-7.876999999999999,1.2246467991473532e-16,-1.0,2,12.3,Fallow,Medium
-19.2682,-11.2334,-8.0348,1.2246467991473532e-16,-1.0,2,5.466666666666667,Fallow,Low
-18.6729,-12.1888,-6.484099999999998,1.2246467991473532e-16,-1.0,2,5.8,Fallow,Low
-19.1204,-11.7374,-7.383000000000001,1.2246467991473532e-16,-1.0,2,24.8,Fallow,High
-17.6467,-12.4244,-5.222299999999999,1.2246467991473532e-16,-1.0,2,10.7,Fallow,Low
-19.7242,-11.6339,-8.0903,1.2246467991473532e-16,-1.0,2,5.0,Fallow,Low
-20.4652,-12.5777,-7.887499999999999,1.2246467991473532e-16,-1.0,2,5.8999999999999995,Fallow,Low
-18.1103,-12.7424,-5.367899999999999,1.2246467991473532e-16,-1.0,2,31.9,Fallow,High
-19.7501,-14.2123,-5.537799999999999,1.2246467991473532e-16,-1.0,2,5.4,Fallow,Low
-18.4144,-11.5915,-6.822900000000001,1.2246467991473532e-16,-1.0,2,4.7,Fallow,Low
-18.519,-12.6514,-5.867599999999998,1.2246467991473532e-16,-1.0,2,1.9,Fallow,Low
-19.0525,-12.857,-6.195499999999999,1.2246467991473532e-16,-1.0,2,2.1333333333333333,Fallow,Low
-17.0171,-9.97736,-7.03974,1.2246467991473532e-16,-1.0,2,23.3,Fallow,Medium
-18.1488,-11.3335,-6.815300000000001,1.2246467991473532e-16,-1.0,2,7.1,Fallow,Low
-18.4554,-11.4813,-6.974100000000002,1.2246467991473532e-16,-1.0,2,5.2,Fallow,Low
-17.4858,-9.97749,-7.508310000000002,1.2246467991473532e-16,-1.0,2,5.7,Fallow,Low
-18.2665,-11.7643,-6.5022,1.2246467991473532e-16,-1.0,2,5.166666666666666,Fallow,Low
-19.6852,-11.6614,-8.023799999999998,1.2246467991473532e-16,-1.0,2,5.5,Fallow,Low
-19.8313,-12.2824,-7.548899999999998,1.2246467991473532e-16,-1.0,2,3.6,Fallow,Low
-20.0535,-10.3556,-9.697899999999999,1.2246467991473532e-16,-1.0,2,6.2,Fallow,Low
-20.7023,-13.6124,-7.089900000000002,1.2246467991473532e-16,-1.0,2,7.3,Fallow,Low
-20.0557,-12.9406,-7.115100000000002,1.2246467991473532e-16,-1.0,2,7.333333333333334,Fallow,Low
-16.7031,-8.90457,-7.7985299999999995,1.2246467991473532e-16,-1.0,2,10.9,Fallow,Low
-17.6459,-9.19917,-8.44673,1.2246467991473532e-16,-1.0,2,20.3,Fallow,Medium
-17.7947,-7.14103,-10.653669999999998,1.2246467991473532e-16,-1.0,2,36.0,Fallow,High
-17.0656,-9.73584,-7.32976,1.2246467991473532e-16,-1.0,7,23.5,Lemon,Medium
-17.5226,-7.12236,-10.40024,1.2246467991473532e-16,-1.0,2,36.6,Fallow,High
-17.4581,-9.41454,-8.043560000000001,1.2246467991473532e-16,-1.0,2,11.4,Fallow,Low
-19.0145,-8.02511,-10.989390000000002,1.2246467991473532e-16,-1.0,2,15.0,Fallow,Medium
-17.5656,-8.45697,-9.10863,1.2246467991473532e-16,-1.0,2,14.0,Fallow,Medium
-18.8254,-10.3265,-8.498899999999999,1.2246467991473532e-16,-1.0,2,14.8,Fallow,Medium
-18.8262,-8.8883,-9.9379,1.2246467991473532e-16,-1.0,2,15.4,Fallow,Medium
-15.7074,-9.74809,-5.95931,1.2246467991473532e-16,-1.0,2,19.6,Fallow,Medium
-17.9888,-10.5017,-7.487100000000002,1.2246467991473532e-16,-1.0,2,11.4,Fallow,Low
-16.1815,-9.37847,-6.80303,1.2246467991473532e-16,-1.0,2,14.3,Fallow,Medium
-17.3963,-9.70156,-7.6947399999999995,1.2246467991473532e-16,-1.0,2,16.6,Fallow,Medium
-17.5039,-9.70822,-7.795680000000001,1.2246467991473532e-16,-1.0,2,12.533333333333333,Fallow,Medium
-19.2008,-10.3729,-8.827900000000001,1.2246467991473532e-16,-1.0,2,18.9,Fallow,Medium
-20.3727,-10.9433,-9.429399999999998,1.2246467991473532e-16,-1.0,2,13.0,Fallow,Medium
-17.9643,-10.5367,-7.427600000000002,1.2246467991473532e-16,-1.0,2,16.1,Fallow,Medium
-17.5357,-10.458,-7.077699999999998,1.2246467991473532e-16,-1.0,2,9.5,Fallow,Low
-18.7133,-10.4917,-8.2216,1.2246467991473532e-16,-1.0,2,11.533333333333333,Fallow,Low
-19.2004,-11.362,-7.838399999999998,1.2246467991473532e-16,-1.0,2,11.0,Fallow,Low
-19.3545,-10.3853,-8.9692,1.2246467991473532e-16,-1.0,2,11.7,Fallow,Low
-18.0262,-9.28736,-8.73884,1.2246467991473532e-16,-1.0,2,12.6,Fallow,Medium
-17.6701,-10.0759,-7.594200000000001,1.2246467991473532e-16,-1.0,2,9.0,Fallow,Low
-17.6741,-9.78372,-7.890379999999999,1.2246467991473532e-16,-1.0,2,9.433333333333334,Fallow,Low
-17.0522,-10.5809,-6.471299999999999,1.2246467991473532e-16,-1.0,2,11.3,Fallow,Low
-17.3994,-8.69301,-8.70639,1.2246467991473532e-16,-1.0,2,11.4,Fallow,Low
-18.8472,-10.0669,-8.7803,1.2246467991473532e-16,-1.0,2,13.0,Fallow,Medium
-17.0854,-11.3063,-5.7791,1.2246467991473532e-16,-1.0,2,13.1,Fallow,Medium
-18.8801,-10.494,-8.386099999999999,1.2246467991473532e-16,-1.0,2,11.233333333333333,Fallow,Low
-17.9791,-10.2571,-7.7219999999999995,1.2246467991473532e-16,-1.0,2,8.1,Fallow,Low
-19.4073,-10.8857,-8.5216,1.2246467991473532e-16,-1.0,2,8.7,Fallow,Low
-18.6614,-9.75258,-8.90882,1.2246467991473532e-16,-1.0,2,13.9,Fallow,Medium
-17.8863,-10.2799,-7.606399999999999,1.2246467991473532e-16,-1.0,2,10.4,Fallow,Low
-18.8169,-10.4305,-8.3864,1.2246467991473532e-16,-1.0,2,11.9,Fallow,Medium
-18.6682,-12.405,-6.263199999999999,1.2246467991473532e-16,-1.0,2,10.1,Fallow,Low
-19.2397,-12.6364,-6.603299999999999,1.2246467991473532e-16,-1.0,2,11.6,Fallow,Low
-19.3978,-10.1275,-9.2703,1.2246467991473532e-16,-1.0,2,15.2,Fallow,Medium
-17.1492,-10.9413,-6.2079,1.2246467991473532e-16,-1.0,2,7.2,Fallow,Low
-18.0649,-11.2671,-6.797800000000002,1.2246467991473532e-16,-1.0,2,13.233333333333334,Fallow,Medium
-19.5577,-10.9837,-8.574,1.2246467991473532e-16,-1.0,2,10.3,Fallow,Low
-18.5045,-11.2387,-7.2658000000000005,1.2246467991473532e-16,-1.0,2,11.4,Fallow,Low
-17.6222,-11.2284,-6.393799999999999,1.2246467991473532e-16,-1.0,2,17.6,Fallow,Medium
-17.0767,-9.85492,-7.221779999999999,1.2246467991473532e-16,-1.0,5,26.0,Jowar,High
-18.6473,-9.86775,-8.779550000000002,1.2246467991473532e-16,-1.0,2,7.333333333333334,Fallow,Low
-20.9566,-11.1439,-9.812700000000001,1.2246467991473532e-16,-1.0,2,10.2,Fallow,Low
-18.2791,-10.2719,-8.0072,1.2246467991473532e-16,-1.0,2,8.5,Fallow,Low
-19.2943,-9.95678,-9.33752,1.2246467991473532e-16,-1.0,2,8.0,Fallow,Low
-20.0475,-11.714,-8.333499999999999,1.2246467991473532e-16,-1.0,2,8.1,Fallow,Low
-20.9262,-12.143,-8.7832,1.2246467991473532e-16,-1.0,2,9.233333333333334,Fallow,Low
-17.9532,-9.68481,-8.268389999999998,1.2246467991473532e-16,-1.0,2,6.6,Fallow,Low
-18.7665,-10.8294,-7.937100000000001,1.2246467991473532e-16,-1.0,2,17.2,Fallow,Medium
-17.7435,-10.0962,-7.647300000000001,1.2246467991473532e-16,-1.0,2,3.9,Fallow,Low
-16.7058,-9.20135,-7.50445,1.2246467991473532e-16,-1.0,2,5.7,Fallow,Low
-18.4119,-11.1084,-7.3035,1.2246467991473532e-16,-1.0,2,8.766666666666667,Fallow,Low
-18.6308,-11.0765,-7.554300000000001,1.2246467991473532e-16,-1.0,2,7.2,Fallow,Low
-19.1417,-11.8857,-7.256,1.2246467991473532e-16,-1.0,2,13.3,Fallow,Medium
-17.2233,-10.5804,-6.642899999999999,1.2246467991473532e-16,-1.0,2,8.2,Fallow,Low
-17.1753,-10.3998,-6.775499999999999,1.2246467991473532e-16,-1.0,2,8.9,Fallow,Low
-18.8407,-11.2846,-7.556099999999999,1.2246467991473532e-16,-1.0,2,8.933333333333334,Fallow,Low
-17.3488,-9.51952,-7.829280000000001,1.2246467991473532e-16,-1.0,2,9.7,Fallow,Low
-17.6706,-9.78728,-7.883319999999999,1.2246467991473532e-16,-1.0,2,17.9,Fallow,Medium
-17.7034,-9.39977,-8.303629999999998,1.2246467991473532e-16,-1.0,2,12.6,Fallow,Medium
-16.0339,-10.5933,-5.4406,1.2246467991473532e-16,-1.0,2,18.7,Fallow,Medium
-16.9512,-8.96177,-7.9894300000000005,1.2246467991473532e-16,-1.0,2,9.1,Fallow,Low
-17.1563,-10.8594,-6.296900000000001,1.2246467991473532e-16,-1.0,2,11.9,Fallow,Medium
-18.5095,-12.2991,-6.2104,1.2246467991473532e-16,-1.0,2,12.5,Fallow,Medium
-18.4798,-10.8249,-7.654900000000001,1.2246467991473532e-16,-1.0,2,12.1,Fallow,Medium
-19.4062,-11.0028,-8.403399999999998,1.2246467991473532e-16,-1.0,2,8.9,Fallow,Low
-19.7324,-12.7838,-6.948599999999999,1.2246467991473532e-16,-1.0,2,15.833333333333332,Fallow,Medium
-17.8514,-9.53301,-8.31839,1.2246467991473532e-16,-1.0,2,11.7,Fallow,Low
-18.0516,-10.3351,-7.7165,1.2246467991473532e-16,-1.0,2,17.4,Fallow,Medium
-17.7253,-10.8849,-6.840400000000001,1.2246467991473532e-16,-1.0,2,9.4,Fallow,Low
-19.2972,-11.8369,-7.4603,1.2246467991473532e-16,-1.0,2,10.1,Fallow,Low
-18.5062,-9.65209,-8.85411,1.2246467991473532e-16,-1.0,2,19.9,Fallow,Medium
-14.899,-9.89168,-5.00732,1.2246467991473532e-16,-1.0,6,13.2,Kshan,Medium
-16.0534,-9.39267,-6.660729999999999,1.2246467991473532e-16,-1.0,2,15.9,Fallow,Medium
-18.6605,-12.3514,-6.309099999999999,1.2246467991473532e-16,-1.0,2,15.0,Fallow,Medium
-18.3215,-11.6278,-6.6937,1.2246467991473532e-16,-1.0,2,13.9,Fallow,Medium
-16.5305,-10.2434,-6.287100000000001,1.2246467991473532e-16,-1.0,2,13.6,Fallow,Medium
-16.7013,-10.1378,-6.5634999999999994,1.2246467991473532e-16,-1.0,2,12.9,Fallow,Medium
-17.0844,-11.3743,-5.710099999999999,1.2246467991473532e-16,-1.0,2,9.9,Fallow,Low
-16.5994,-10.1198,-6.4796,1.2246467991473532e-16,-1.0,2,14.1,Fallow,Medium
-15.251,-10.4677,-4.783299999999999,1.2246467991473532e-16,-1.0,5,27.4,Jowar,High
-16.6831,-10.2819,-6.401199999999999,1.2246467991473532e-16,-1.0,2,10.966666666666667,Fallow,Low
-16.0747,-11.2853,-4.7894000000000005,1.2246467991473532e-16,-1.0,2,14.8,Fallow,Medium
-17.487,-9.3182,-8.1688,1.2246467991473532e-16,-1.0,2,21.4,Fallow,Medium
-16.8187,-9.24223,-7.5764700000000005,1.2246467991473532e-16,-1.0,2,12.7,Fallow,Medium
-17.4671,-10.1068,-7.360299999999999,1.2246467991473532e-16,-1.0,2,12.4,Fallow,Medium
-15.7395,-10.477,-5.262499999999999,1.2246467991473532e-16,-1.0,2,21.1,Fallow,Medium
-19.1895,-11.367,-7.822499999999998,1.2246467991473532e-16,-1.0,2,14.8,Fallow,Medium
-18.713,-13.2955,-5.4175,1.2246467991473532e-16,-1.0,2,15.8,Fallow,Medium
-19.2663,-12.5666,-6.699700000000002,1.2246467991473532e-16,-1.0,2,11.1,Fallow,Low
-19.899,-11.8056,-8.0934,1.2246467991473532e-16,-1.0,2,14.2,Fallow,Medium
-19.4608,-12.0293,-7.4315,1.2246467991473532e-16,-1.0,2,7.8,Fallow,Low
-11.2685,-1.48456,-9.78394,1.2246467991473532e-16,-1.0,2,7.5,Fallow,Low
-18.2565,-10.5027,-7.753799999999998,1.2246467991473532e-16,-1.0,2,14.0,Fallow,Medium
-18.0934,-10.1649,-7.9285,1.2246467991473532e-16,-1.0,2,13.5,Fallow,Medium
-16.6025,-11.1404,-5.4620999999999995,1.2246467991473532e-16,-1.0,5,24.3,Jowar,Medium
-16.7281,-10.2646,-6.463500000000002,1.2246467991473532e-16,-1.0,2,14.233333333333333,Fallow,Medium
-20.4826,-11.6595,-8.823100000000002,1.2246467991473532e-16,-1.0,2,10.1,Fallow,Low
-18.9009,-9.77062,-9.13028,1.2246467991473532e-16,-1.0,2,20.4,Fallow,Medium
-19.8562,-11.3501,-8.506100000000002,1.2246467991473532e-16,-1.0,2,18.1,Fallow,Medium
-19.4171,-11.3875,-8.029600000000002,1.2246467991473532e-16,-1.0,2,17.5,Fallow,Medium
-19.8455,-11.5504,-8.295100000000001,1.2246467991473532e-16,-1.0,2,17.466666666666665,Fallow,Medium
-18.2091,-11.8073,-6.4018,1.2246467991473532e-16,-1.0,11,50.0,Paddy,Very High
-19.2384,-8.37377,-10.864629999999998,1.2246467991473532e-16,-1.0,11,50.0,Paddy,Very High
-18.4955,-8.82779,-9.66771,1.2246467991473532e-16,-1.0,11,50.0,Paddy,Very High
-18.841,-10.618,-8.223,1.2246467991473532e-16,-1.0,2,12.3,Fallow,Medium
-18.8167,-10.0774,-8.7393,1.2246467991473532e-16,-1.0,2,13.9,Fallow,Medium
-19.8318,-11.511,-8.320800000000002,1.2246467991473532e-16,-1.0,2,14.7,Fallow,Medium
-20.4582,-10.0108,-10.447400000000002,1.2246467991473532e-16,-1.0,2,17.8,Fallow,Medium
-19.9907,-11.1097,-8.881,1.2246467991473532e-16,-1.0,2,17.1,Fallow,Medium
-19.3193,-12.2043,-7.114999999999998,1.2246467991473532e-16,-1.0,2,12.8,Fallow,Medium
-19.011,-10.4794,-8.5316,1.2246467991473532e-16,-1.0,2,20.9,Fallow,Medium
-17.7328,-8.84038,-8.892420000000001,1.2246467991473532e-16,-1.0,2,10.2,Fallow,Low
-18.0194,-10.5218,-7.4976,1.2246467991473532e-16,-1.0,2,14.1,Fallow,Medium
-17.543,-10.8355,-6.7075,1.2246467991473532e-16,-1.0,2,15.033333333333333,Fallow,Medium
-19.3344,-9.45259,-9.881809999999998,1.2246467991473532e-16,-1.0,2,14.8,Fallow,Medium
-18.6981,-9.67612,-9.021980000000001,1.2246467991473532e-16,-1.0,2,10.0,Fallow,Low
-16.6612,-9.4944,-7.1668,1.2246467991473532e-16,-1.0,2,6.7,Fallow,Low
-17.6278,-10.69,-6.937800000000001,1.2246467991473532e-16,-1.0,2,10.0,Fallow,Low
-17.8727,-10.0221,-7.850599999999998,1.2246467991473532e-16,-1.0,2,16.7,Fallow,Medium
-17.2614,-10.4076,-6.853799999999998,1.2246467991473532e-16,-1.0,12,39.8,Paddy&Dharu,Very High
-17.7807,-10.0919,-7.688799999999999,1.2246467991473532e-16,-1.0,2,13.7,Fallow,Medium
-18.6389,-8.69698,-9.94192,1.2246467991473532e-16,-1.0,2,13.8,Fallow,Medium
-16.7895,-10.2888,-6.5007,1.2246467991473532e-16,-1.0,2,14.0,Fallow,Medium
-17.3223,-9.6936,-7.6286999999999985,1.2246467991473532e-16,-1.0,2,12.166666666666666,Fallow,Medium
-16.0042,-9.49041,-6.51379,1.2246467991473532e-16,-1.0,2,14.7,Fallow,Medium
-16.8308,-9.67217,-7.1586300000000005,1.2246467991473532e-16,-1.0,2,22.7,Fallow,Medium
-18.9629,-11.1832,-7.779700000000002,1.2246467991473532e-16,-1.0,2,10.6,Fallow,Low
-16.2654,-8.59556,-7.669839999999999,1.2246467991473532e-16,-1.0,2,9.5,Fallow,Low
-17.3359,-9.14075,-8.195149999999998,1.2246467991473532e-16,-1.0,2,10.766666666666666,Fallow,Low
-17.0662,-9.65824,-7.407959999999999,1.2246467991473532e-16,-1.0,2,17.3,Fallow,Medium
-20.0138,-11.7319,-8.2819,1.2246467991473532e-16,-1.0,2,11.3,Fallow,Low
-19.9058,-11.9251,-7.980699999999999,1.2246467991473532e-16,-1.0,2,14.4,Fallow,Medium
-18.9276,-12.3338,-6.593800000000002,1.2246467991473532e-16,-1.0,2,14.2,Fallow,Medium
-19.7375,-12.5161,-7.221400000000001,1.2246467991473532e-16,-1.0,2,14.666666666666666,Fallow,Medium
-16.8123,-10.8008,-6.0115,-0.4999999999999997,-0.8660254037844388,11,45.5,Paddy,Very High
-18.7505,-11.2861,-7.4643999999999995,-0.4999999999999997,-0.8660254037844388,11,50.0,Paddy,Very High
-18.4592,-11.5063,-6.9529,-0.4999999999999997,-0.8660254037844388,11,50.0,Paddy,Very High
-17.2443,-8.38866,-8.85564,-0.4999999999999997,-0.8660254037844388,7,30.7,Lemon,High
-19.2454,-10.4366,-8.8088,-0.4999999999999997,-0.8660254037844388,11,50.0,Paddy,Very High
-18.613,-11.7373,-6.8757,-0.4999999999999997,-0.8660254037844388,11,50.0,Paddy,Very High
-18.2166,-13.3057,-4.9109,-0.4999999999999997,-0.8660254037844388,11,50.0,Paddy,Very High
-19.6047,-10.6024,-9.002300000000002,-0.4999999999999997,-0.8660254037844388,11,50.0,Paddy,Very High
-19.5927,-10.6068,-8.9859,-0.4999999999999997,-0.8660254037844388,11,50.0,Paddy,Very High
-18.5669,-13.4135,-5.1533999999999995,-0.4999999999999997,-0.8660254037844388,11,50.0,Paddy,Very High
-16.6916,-11.0964,-5.595200000000002,-0.4999999999999997,-0.8660254037844388,11,50.0,Paddy,Very High
-18.1938,-9.94558,-8.24822,-0.4999999999999997,-0.8660254037844388,11,50.0,Paddy,Very High
-16.0028,-10.6174,-5.385400000000001,-0.4999999999999997,-0.8660254037844388,11,50.0,Paddy,Very High
-18.1056,-12.9511,-5.154499999999999,-0.4999999999999997,-0.8660254037844388,11,50.0,Paddy,Very High
-19.9937,-13.5196,-6.4741,-0.4999999999999997,-0.8660254037844388,11,50.0,Paddy,Very High
-18.8781,-9.89016,-8.98794,-0.4999999999999997,-0.8660254037844388,2,50.0,Fallow,Very High
-20.9232,-12.9783,-7.9449000000000005,-0.4999999999999997,-0.8660254037844388,2,50.0,Fallow,Very High
-20.2618,-13.3706,-6.891200000000001,-0.4999999999999997,-0.8660254037844388,11,50.0,Paddy,Very High
-16.5413,-10.2027,-6.3386,-0.4999999999999997,-0.8660254037844388,2,41.8,Fallow,Very High
-19.1364,-11.8469,-7.2894999999999985,-0.4999999999999997,-0.8660254037844388,11,50.0,Paddy,Very High
-19.6163,-15.4647,-4.151599999999998,-0.4999999999999997,-0.8660254037844388,11,50.0,Paddy,Very High
-20.6366,-16.1361,-4.500500000000002,-0.4999999999999997,-0.8660254037844388,11,50.0,Paddy,Very High
-22.1662,-17.2024,-4.963799999999999,-0.4999999999999997,-0.8660254037844388,11,50.0,Paddy,Very High
-18.4534,-14.1075,-4.3458999999999985,-0.4999999999999997,-0.8660254037844388,11,50.0,Paddy,Very High
-21.7068,-17.2914,-4.415400000000002,-0.4999999999999997,-0.8660254037844388,11,50.0,Paddy,Very High
-18.5477,-12.8476,-5.700099999999999,-0.4999999999999997,-0.8660254037844388,11,50.0,Paddy,Very High
-17.3157,-14.5742,-2.7415000000000003,-0.4999999999999997,-0.8660254037844388,11,50.0,Paddy,Very High
-21.4144,-12.9489,-8.4655,-0.4999999999999997,-0.8660254037844388,11,50.0,Paddy,Very High
-18.9277,-12.8004,-6.127300000000002,-0.4999999999999997,-0.8660254037844388,11,50.0,Paddy,Very High
-20.3129,-15.0513,-5.2616,-0.4999999999999997,-0.8660254037844388,11,50.0,Paddy,Very High
-20.5413,-15.9974,-4.543899999999999,-0.4999999999999997,-0.8660254037844388,11,50.0,Paddy,Very High
-18.758,-15.0906,-3.667399999999999,-0.4999999999999997,-0.8660254037844388,2,50.0,Fallow,Very High
-17.1305,-12.6433,-4.487200000000001,-0.4999999999999997,-0.8660254037844388,11,50.0,Paddy,Very High
-22.6658,-16.6765,-5.9893,-0.4999999999999997,-0.8660254037844388,11,50.0,Paddy,Very High
-18.4856,-13.2109,-5.274700000000001,-0.4999999999999997,-0.8660254037844388,11,50.0,Paddy,Very High
-17.2914,-11.7738,-5.5176,-0.4999999999999997,-0.8660254037844388,11,38.9,Paddy,High
-17.2264,-11.8226,-5.403800000000002,-0.4999999999999997,-0.8660254037844388,11,50.0,Paddy,Very High
-16.4454,-11.1538,-5.291599999999999,-0.4999999999999997,-0.8660254037844388,5,43.4,Jowar,Very High
-16.928,-12.0504,-4.877600000000001,-0.4999999999999997,-0.8660254037844388,11,50.0,Paddy,Very High
-21.9206,-13.0321,-8.8885,-0.4999999999999997,-0.8660254037844388,11,50.0,Paddy,Very High
-18.8491,-14.5295,-4.319599999999999,-0.4999999999999997,-0.8660254037844388,11,50.0,Paddy,Very High
-21.9643,-16.5343,-5.43,-0.4999999999999997,-0.8660254037844388,2,50.0,Fallow,Very High
-23.4831,-17.5585,-5.924600000000002,-0.4999999999999997,-0.8660254037844388,2,50.0,Fallow,Very High
-23.0085,-17.5499,-5.458600000000001,-0.4999999999999997,-0.8660254037844388,2,50.0,Fallow,Very High
-23.1995,-18.2326,-4.966899999999999,-0.4999999999999997,-0.8660254037844388,11,50.0,Paddy,Very High
-20.1016,-8.33622,-11.76538,-0.4999999999999997,-0.8660254037844388,11,50.0,Paddy,Very High
-17.8025,-12.4814,-5.321099999999998,-0.4999999999999997,-0.8660254037844388,11,50.0,Paddy,Very High
-18.8612,-13.1189,-5.7423,-0.4999999999999997,-0.8660254037844388,11,50.0,Paddy,Very High
-20.5371,-12.5381,-7.998999999999999,-0.4999999999999997,-0.8660254037844388,2,50.0,Fallow,Very High
-17.7452,-11.2684,-6.476800000000001,-0.4999999999999997,-0.8660254037844388,11,50.0,Paddy,Very High
-16.4233,-10.1601,-6.263200000000001,-0.4999999999999997,-0.8660254037844388,2,43.7,Fallow,Very High
-19.5016,-12.1787,-7.322900000000001,-0.4999999999999997,-0.8660254037844388,2,50.0,Fallow,Very High
-16.1824,-9.4446,-6.737800000000002,-0.4999999999999997,-0.8660254037844388,6,19.3,Kshan,Medium
-17.3756,-10.5756,-6.799999999999999,-0.4999999999999997,-0.8660254037844388,6,23.1,Kshan,Medium
-19.1032,-12.5991,-6.504100000000001,-0.4999999999999997,-0.8660254037844388,2,23.8,Fallow,Medium
-17.3998,-12.966,-4.4338,-0.4999999999999997,-0.8660254037844388,2,25.2,Fallow,High
-18.3807,-12.1193,-6.2614,-0.4999999999999997,-0.8660254037844388,2,24.333333333333332,Fallow,High
-15.0812,-10.3548,-4.726400000000002,-0.4999999999999997,-0.8660254037844388,2,26.7,Fallow,High
-14.8415,-10.2401,-4.6014,-0.4999999999999997,-0.8660254037844388,2,36.7,Fallow,High
-13.3331,-8.76673,-4.566369999999999,-0.4999999999999997,-0.8660254037844388,2,29.0,Fallow,High
-14.755,-9.20721,-5.547790000000001,-0.4999999999999997,-0.8660254037844388,5,37.0,Jowar,High
-13.6236,-9.89965,-3.7239500000000003,-0.4999999999999997,-0.8660254037844388,2,31.6,Fallow,High
-14.4024,-9.19687,-5.2055299999999995,-0.4999999999999997,-0.8660254037844388,2,33.5,Fallow,High
-13.8858,-9.90544,-3.9803599999999992,-0.4999999999999997,-0.8660254037844388,2,32.3,Fallow,High
-15.8003,-9.20369,-6.59661,-0.4999999999999997,-0.8660254037844388,2,31.2,Fallow,High
-16.5785,-9.14288,-7.435619999999998,-0.4999999999999997,-0.8660254037844388,2,41.9,Fallow,Very High
-14.2688,-8.5486,-5.7202,-0.4999999999999997,-0.8660254037844388,2,31.566666666666666,Fallow,High
-16.0906,-10.1411,-5.949499999999999,-0.4999999999999997,-0.8660254037844388,2,27.6,Fallow,High
-17.0205,-11.3139,-5.706599999999998,-0.4999999999999997,-0.8660254037844388,2,28.3,Fallow,High
-17.9242,-10.3256,-7.598599999999999,-0.4999999999999997,-0.8660254037844388,11,50.0,Paddy,Very High
-17.2983,-10.8842,-6.414100000000001,-0.4999999999999997,-0.8660254037844388,2,34.9,Fallow,High
-17.0825,-11.5819,-5.5006,-0.4999999999999997,-0.8660254037844388,11,27.633333333333333,Paddy,High
-8.7791,-6.75152,-2.0275799999999995,-0.4999999999999997,-0.8660254037844388,2,37.8,Fallow,High
-16.4751,-10.3543,-6.120800000000001,-0.4999999999999997,-0.8660254037844388,13,32.6,Pearl Millet,High
-18.793,-11.3358,-7.4571999999999985,-0.4999999999999997,-0.8660254037844388,11,50.0,Paddy,Very High
-15.6244,-10.2674,-5.356999999999999,-0.4999999999999997,-0.8660254037844388,5,29.2,Jowar,High
-16.6265,-10.6129,-6.0136,-0.4999999999999997,-0.8660254037844388,13,31.733333333333334,Pearl Millet,High
-14.6097,-9.57017,-5.039530000000001,-0.4999999999999997,-0.8660254037844388,2,37.7,Fallow,High
-18.122,-12.0623,-6.059699999999999,-0.4999999999999997,-0.8660254037844388,11,50.0,Paddy,Very High
-15.9379,-9.49841,-6.439490000000001,-0.4999999999999997,-0.8660254037844388,2,39.1,Fallow,Very High
-14.8408,-10.0328,-4.808,-0.4999999999999997,-0.8660254037844388,2,36.6,Fallow,High
-15.0056,-9.62244,-5.38316,-0.4999999999999997,-0.8660254037844388,2,37.5,Fallow,High
-17.9983,-10.148,-7.850300000000001,-0.4999999999999997,-0.8660254037844388,11,50.0,Paddy,Very High
-18.644,-12.845,-5.798999999999998,-0.4999999999999997,-0.8660254037844388,11,50.0,Paddy,Very High
-18.4504,-10.2294,-8.220999999999998,-0.4999999999999997,-0.8660254037844388,11,50.0,Paddy,Very High
-18.0939,-12.1814,-5.912500000000001,-0.4999999999999997,-0.8660254037844388,11,50.0,Paddy,Very High
-19.647,-11.642,-8.004999999999999,-0.4999999999999997,-0.8660254037844388,11,50.0,Paddy,Very High
-18.5166,-12.3627,-6.1539,-0.4999999999999997,-0.8660254037844388,11,50.0,Paddy,Very High
-18.64,-12.5525,-6.0875,-0.4999999999999997,-0.8660254037844388,2,50.0,Fallow,Very High
-19.0266,-11.7399,-7.286699999999998,-0.4999999999999997,-0.8660254037844388,11,31.1,Paddy,High
-19.0489,-11.5372,-7.511699999999999,-0.4999999999999997,-0.8660254037844388,11,50.0,Paddy,Very High
-17.1712,-11.0701,-6.101099999999999,-0.4999999999999997,-0.8660254037844388,11,39.7,Paddy,Very High
-17.257,-10.3801,-6.876900000000001,-0.4999999999999997,-0.8660254037844388,2,27.7,Fallow,High
-18.233,-11.0806,-7.1524,-0.4999999999999997,-0.8660254037844388,2,31.0,Fallow,High
-19.7968,-11.0816,-8.715200000000001,-0.4999999999999997,-0.8660254037844388,11,50.0,Paddy,Very High
-17.1566,-11.0795,-6.0771000000000015,-0.4999999999999997,-0.8660254037844388,11,50.0,Paddy,Very High
-17.658,-12.2769,-5.381100000000002,-0.4999999999999997,-0.8660254037844388,11,50.0,Paddy,Very High
-15.4622,-9.08543,-6.376769999999999,-0.4999999999999997,-0.8660254037844388,2,36.3,Fallow,High
-17.6845,-10.7461,-6.9384,-0.4999999999999997,-0.8660254037844388,2,50.0,Fallow,Very High
-15.8229,-9.74802,-6.07488,-0.4999999999999997,-0.8660254037844388,2,35.166666666666664,Fallow,High
-17.6456,-12.0167,-5.628900000000002,-0.4999999999999997,-0.8660254037844388,11,50.0,Paddy,Very High
-19.5096,-12.1841,-7.325499999999998,-0.4999999999999997,-0.8660254037844388,2,36.1,Fallow,High
-18.8874,-11.462,-7.4254,-0.4999999999999997,-0.8660254037844388,2,35.2,Fallow,High
-17.9178,-10.2822,-7.6356,-0.4999999999999997,-0.8660254037844388,2,40.9,Fallow,Very High
-18.1066,-11.2158,-6.8908000000000005,-0.4999999999999997,-0.8660254037844388,2,40.86666666666667,Fallow,Very High
-16.3756,-10.5905,-5.785099999999998,-0.8660254037844384,-0.5000000000000004,2,30.5,Fallow,High
-16.2443,-10.6348,-5.609499999999999,-0.8660254037844384,-0.5000000000000004,11,46.9,Paddy,Very High
-17.373,-10.7693,-6.603700000000002,-0.8660254037844384,-0.5000000000000004,11,50.0,Paddy,Very High
-16.8214,-9.81682,-7.004580000000001,-0.8660254037844384,-0.5000000000000004,7,18.1,Lemon,Medium
-17.5966,-10.7898,-6.806799999999999,-0.8660254037844384,-0.5000000000000004,11,50.0,Paddy,Very High
-16.0037,-10.8095,-5.194199999999999,-0.8660254037844384,-0.5000000000000004,11,34.4,Paddy,High
-16.6374,-10.6263,-6.011099999999999,-0.8660254037844384,-0.5000000000000004,11,41.1,Paddy,Very High
-16.3289,-11.6188,-4.710100000000001,-0.8660254037844384,-0.5000000000000004,11,43.0,Paddy,Very High
-16.3675,-11.2353,-5.132199999999999,-0.8660254037844384,-0.5000000000000004,11,46.7,Paddy,Very High
-15.6786,-11.3992,-4.279399999999999,-0.8660254037844384,-0.5000000000000004,11,41.13333333333333,Paddy,Very High
-14.1615,-9.40932,-4.752180000000001,-0.8660254037844384,-0.5000000000000004,11,50.0,Paddy,Very High
-15.9626,-10.0939,-5.8687000000000005,-0.8660254037844384,-0.5000000000000004,11,50.0,Paddy,Very High
-16.1883,-9.50853,-6.679770000000001,-0.8660254037844384,-0.5000000000000004,11,36.4,Paddy,High
-14.8537,-9.87184,-4.981859999999999,-0.8660254037844384,-0.5000000000000004,11,24.6,Paddy,High
-15.6304,-9.83812,-5.79228,-0.8660254037844384,-0.5000000000000004,11,43.96666666666667,Paddy,Very High
-14.5977,-10.4779,-4.1198,-0.8660254037844384,-0.5000000000000004,11,47.9,Paddy,Very High
-17.505,-10.6884,-6.816599999999999,-0.8660254037844384,-0.5000000000000004,11,44.3,Paddy,Very High
-15.255,-10.8405,-4.4145,-0.8660254037844384,-0.5000000000000004,11,52.5,Paddy,Very High
-14.6196,-10.198,-4.4216,-0.8660254037844384,-0.5000000000000004,2,41.1,Fallow,Very High
-14.6196,-10.198,-4.4216,-0.8660254037844384,-0.5000000000000004,11,37.36666666666667,Paddy,High
-17.4633,-11.6991,-5.764200000000001,-0.8660254037844384,-0.5000000000000004,11,38.5,Paddy,High
-17.8892,-12.3168,-5.572399999999998,-0.8660254037844384,-0.5000000000000004,11,33.8,Paddy,High
-17.3874,-13.0761,-4.311299999999999,-0.8660254037844384,-0.5000000000000004,11,40.7,Paddy,Very High
-15.7107,-12.0375,-3.6731999999999996,-0.8660254037844384,-0.5000000000000004,11,37.9,Paddy,High
-17.2749,-13.2415,-4.0333999999999985,-0.8660254037844384,-0.5000000000000004,11,43.8,Paddy,Very High
-14.6653,-10.0432,-4.6221,-0.8660254037844384,-0.5000000000000004,11,48.1,Paddy,Very High
-15.2218,-10.5088,-4.712999999999999,-0.8660254037844384,-0.5000000000000004,11,50.4,Paddy,Very High
-15.8596,-11.1873,-4.6723,-0.8660254037844384,-0.5000000000000004,11,34.0,Paddy,High
-16.2524,-10.449,-5.803400000000002,-0.8660254037844384,-0.5000000000000004,11,45.7,Paddy,Very High
-15.3576,-9.60692,-5.750679999999999,-0.8660254037844384,-0.5000000000000004,11,48.1,Paddy,Very High
-16.3931,-10.3933,-5.9998000000000005,-0.8660254037844384,-0.5000000000000004,11,32.0,Paddy,High
-16.0576,-9.07233,-6.985270000000002,-0.8660254037844384,-0.5000000000000004,11,32.0,Paddy,High
-15.2436,-7.61043,-7.633170000000001,-0.8660254037844384,-0.5000000000000004,11,50.0,Paddy,Very High
-14.3584,-11.0572,-3.3011999999999997,-0.8660254037844384,-0.5000000000000004,11,40.4,Paddy,Very High
-14.9969,-9.01018,-5.98672,-0.8660254037844384,-0.5000000000000004,11,46.1,Paddy,Very High
-15.1652,-9.25759,-5.90761,-0.8660254037844384,-0.5000000000000004,14,41.4,Sorgham,Very High
-14.4301,-7.86018,-6.56992,-0.8660254037844384,-0.5000000000000004,11,50.0,Paddy,Very High
-16.1435,-12.2434,-3.9001,-0.8660254037844384,-0.5000000000000004,11,46.1,Paddy,Very High
-15.2411,-11.6572,-3.5839,-0.8660254037844384,-0.5000000000000004,11,46.6,Paddy,Very High
-16.386,-10.514,-5.872,-0.8660254037844384,-0.5000000000000004,11,41.6,Paddy,Very High
-17.1793,-12.2567,-4.922600000000001,-0.8660254037844384,-0.5000000000000004,11,50.0,Paddy,Very High
-16.3459,-11.1588,-5.187100000000001,-0.8660254037844384,-0.5000000000000004,11,38.766666666666666,Paddy,High
-15.3336,-8.50044,-6.833160000000001,-0.8660254037844384,-0.5000000000000004,11,32.0,Paddy,High
-15.8605,-9.09321,-6.767290000000001,-0.8660254037844384,-0.5000000000000004,11,33.0,Paddy,High
-16.1616,-6.6553,-9.5063,-0.8660254037844384,-0.5000000000000004,11,35.0,Paddy,High
-16.5365,-7.01906,-9.51744,-0.8660254037844384,-0.5000000000000004,11,36.0,Paddy,High
-17.7324,-8.21438,-9.518019999999998,-0.8660254037844384,-0.5000000000000004,11,12.666666666666666,Paddy,Medium
-15.6761,-8.25313,-7.422969999999999,-0.8660254037844384,-0.5000000000000004,11,32.0,Paddy,High
-15.9854,-9.51028,-6.47512,-0.8660254037844384,-0.5000000000000004,11,33.0,Paddy,High
-17.0385,-9.22175,-7.816749999999999,-0.8660254037844384,-0.5000000000000004,11,35.0,Paddy,High
-14.8569,-7.53073,-7.326169999999999,-0.8660254037844384,-0.5000000000000004,11,36.0,Paddy,High
-16.1214,-9.21078,-6.9106200000000015,-0.8660254037844384,-0.5000000000000004,11,12.666666666666666,Paddy,Medium
-17.3,-7.41308,-9.88692,-0.8660254037844384,-0.5000000000000004,11,32.0,Paddy,High
-17.7667,-8.10995,-9.65675,-0.8660254037844384,-0.5000000000000004,11,33.0,Paddy,High
-17.3761,-8.7125,-8.6636,-0.8660254037844384,-0.5000000000000004,11,35.0,Paddy,High
-14.4092,-9.06285,-5.346350000000001,-0.8660254037844384,-0.5000000000000004,11,36.0,Paddy,High
-17.015,-8.51181,-8.50319,-0.8660254037844384,-0.5000000000000004,11,12.666666666666666,Paddy,Medium
-16.6492,-9.17507,-7.474130000000001,-0.8660254037844384,-0.5000000000000004,11,32.0,Paddy,High
-17.2146,-9.49501,-7.71959,-0.8660254037844384,-0.5000000000000004,11,33.0,Paddy,High
-16.0935,-8.76688,-7.326619999999998,-0.8660254037844384,-0.5000000000000004,11,35.0,Paddy,High
-16.4544,-9.49429,-6.96011,-0.8660254037844384,-0.5000000000000004,11,36.0,Paddy,High
-17.0443,-9.77852,-7.2657799999999995,-0.8660254037844384,-0.5000000000000004,11,12.666666666666666,Paddy,Medium
-14.8987,-7.93917,-6.95953,-0.8660254037844384,-0.5000000000000004,11,50.0,Paddy,Very High
-16.9577,-7.5138,-9.4439,-0.8660254037844384,-0.5000000000000004,11,50.0,Paddy,Very High
-15.2061,-8.96781,-6.238289999999999,-0.8660254037844384,-0.5000000000000004,11,50.0,Paddy,Very High
-15.0125,-10.042,-4.9704999999999995,-0.8660254037844384,-0.5000000000000004,2,44.1,Fallow,Very High
-14.5215,-7.77633,-6.74517,-0.8660254037844384,-0.5000000000000004,11,50.0,Paddy,Very High
-17.5798,-12.756,-4.8237999999999985,-0.8660254037844384,-0.5000000000000004,2,22.7,Fallow,Medium
-17.0614,-11.4174,-5.643999999999998,-0.8660254037844384,-0.5000000000000004,2,15.6,Fallow,Medium
-15.5431,-10.9321,-4.611000000000001,-0.8660254037844384,-0.5000000000000004,13,22.9,Pearl Millet,Medium
-14.1713,-9.03169,-5.139610000000001,-0.8660254037844384,-0.5000000000000004,13,16.5,Pearl Millet,Medium
-14.7304,-9.73012,-5.00028,-0.8660254037844384,-0.5000000000000004,13,20.833333333333332,Pearl Millet,Medium
-15.9158,-10.5103,-5.4055,-0.8660254037844384,-0.5000000000000004,3,19.0,Fodder,Medium
-14.9194,-9.7855,-5.133899999999999,-0.8660254037844384,-0.5000000000000004,3,21.2,Fodder,Medium
-15.642,-8.64197,-7.000029999999999,-0.8660254037844384,-0.5000000000000004,3,25.4,Fodder,High
-16.337,-10.5992,-5.7378,-0.8660254037844384,-0.5000000000000004,2,32.7,Fallow,High
-15.2677,-9.51084,-5.75686,-0.8660254037844384,-0.5000000000000004,3,23.7,Fodder,Medium
-15.0869,-9.12775,-5.959149999999999,-0.8660254037844384,-0.5000000000000004,2,26.1,Fallow,High
-15.3283,-9.63441,-5.69389,-0.8660254037844384,-0.5000000000000004,2,19.9,Fallow,Medium
-15.3999,-9.72314,-5.67676,-0.8660254037844384,-0.5000000000000004,2,25.2,Fallow,High
-14.5096,-10.8401,-3.669500000000001,-0.8660254037844384,-0.5000000000000004,11,44.1,Paddy,Very High
-15.7,-11.2771,-4.4228999999999985,-0.8660254037844384,-0.5000000000000004,2,25.333333333333332,Fallow,High
-14.0636,-10.1611,-3.9025,-0.8660254037844384,-0.5000000000000004,13,32.7,Pearl Millet,High
-15.8521,-11.4005,-4.451600000000001,-0.8660254037844384,-0.5000000000000004,13,15.6,Pearl Millet,Medium
-15.1359,-10.0858,-5.050099999999999,-0.8660254037844384,-0.5000000000000004,11,48.6,Paddy,Very High
-16.6724,-9.91768,-6.754719999999999,-0.8660254037844384,-0.5000000000000004,13,32.8,Pearl Millet,High
-14.9139,-10.6667,-4.247199999999999,-0.8660254037844384,-0.5000000000000004,13,37.333333333333336,Pearl Millet,High
-12.4713,-6.3941,-6.0771999999999995,-0.8660254037844384,-0.5000000000000004,2,32.2,Fallow,High
-15.4057,-10.3943,-5.0114,-0.8660254037844384,-0.5000000000000004,13,35.3,Pearl Millet,High
-15.1933,-9.03858,-6.154720000000001,-0.8660254037844384,-0.5000000000000004,11,40.5,Paddy,Very High
-14.0371,-9.22418,-4.81292,-0.8660254037844384,-0.5000000000000004,2,26.2,Fallow,High
-14.386,-8.65347,-5.732529999999999,-0.8660254037844384,-0.5000000000000004,13,37.233333333333334,Pearl Millet,High
-16.8534,-10.4345,-6.418900000000001,-0.8660254037844384,-0.5000000000000004,2,29.8,Fallow,High
-15.8534,-11.4635,-4.389900000000001,-0.8660254037844384,-0.5000000000000004,11,50.0,Paddy,Very High
-15.2936,-9.69726,-5.59634,-0.8660254037844384,-0.5000000000000004,2,27.7,Fallow,High
-14.0475,-9.49762,-4.54988,-0.8660254037844384,-0.5000000000000004,2,25.4,Fallow,High
-14.6626,-10.171,-4.4916,-0.8660254037844384,-0.5000000000000004,2,29.266666666666666,Fallow,High
-16.235,-11.4795,-4.7555,-0.8660254037844384,-0.5000000000000004,11,39.0,Paddy,High
-17.25,-11.7957,-5.4543,-0.8660254037844384,-0.5000000000000004,11,39.6,Paddy,Very High
-16.4538,-11.9454,-4.508400000000002,-0.8660254037844384,-0.5000000000000004,11,45.3,Paddy,Very High
-16.363,-10.7067,-5.6563,-0.8660254037844384,-0.5000000000000004,11,42.1,Paddy,Very High
-16.9441,-11.4868,-5.457299999999998,-0.8660254037844384,-0.5000000000000004,11,38.5,Paddy,High
-15.7931,-10.4162,-5.376900000000001,-0.8660254037844384,-0.5000000000000004,11,50.0,Paddy,Very High
-16.0888,-10.6784,-5.410399999999999,-0.8660254037844384,-0.5000000000000004,11,50.0,Paddy,Very High
-16.9952,-10.4988,-6.496400000000001,-0.8660254037844384,-0.5000000000000004,11,50.0,Paddy,Very High
-16.389,-9.28118,-7.1078199999999985,-0.8660254037844384,-0.5000000000000004,11,50.0,Paddy,Very High
-15.7262,-9.73222,-5.9939800000000005,-0.8660254037844384,-0.5000000000000004,11,50.0,Paddy,Very High
-16.859,-11.9669,-4.892100000000001,-0.8660254037844384,-0.5000000000000004,11,33.2,Paddy,High
-13.4027,-9.39668,-4.0060199999999995,-0.8660254037844384,-0.5000000000000004,2,50.0,Fallow,Very High
-14.704,-9.68199,-5.02201,-0.8660254037844384,-0.5000000000000004,11,21.1,Paddy,Medium
-15.2011,-10.2475,-4.9536,-0.8660254037844384,-0.5000000000000004,11,41.2,Paddy,Very High
-14.3484,-8.90737,-5.44103,-0.8660254037844384,-0.5000000000000004,11,40.733333333333334,Paddy,Very High
-15.0207,-8.33575,-6.684949999999999,-0.8660254037844384,-0.5000000000000004,2,28.3,Fallow,High
-16.2798,-10.7405,-5.539300000000001,-0.8660254037844384,-0.5000000000000004,11,50.0,Paddy,Very High
-15.7819,-11.5004,-4.281499999999999,-0.8660254037844384,-0.5000000000000004,11,50.0,Paddy,Very High
-13.8496,-8.79278,-5.05682,-0.8660254037844384,-0.5000000000000004,2,21.3,Fallow,Medium
-13.9584,-9.17869,-4.77971,-0.8660254037844384,-0.5000000000000004,2,21.1,Fallow,Medium
-16.5095,-9.96126,-6.54824,-0.8660254037844384,-0.5000000000000004,11,44.3,Paddy,Very High
-16.7911,-10.5778,-6.2133,-0.8660254037844384,-0.5000000000000004,11,24.3,Paddy,Medium
-16.1755,-11.5277,-4.6478,-0.8660254037844384,-0.5000000000000004,11,27.6,Paddy,High
-16.2493,-10.6729,-5.576400000000001,-0.8660254037844384,-0.5000000000000004,11,33.9,Paddy,High
-17.4825,-11.1132,-6.369300000000001,-0.8660254037844384,-0.5000000000000004,11,33.03333333333333,Paddy,High
-15.4352,-9.66487,-5.7703299999999995,-0.8660254037844384,-0.5000000000000004,11,25.3,Paddy,High
-16.1825,-10.0222,-6.160300000000001,-0.8660254037844384,-0.5000000000000004,11,36.1,Paddy,High
-13.6399,-8.41941,-5.220490000000002,-0.8660254037844384,-0.5000000000000004,2,28.8,Fallow,High
-14.19,-8.72712,-5.46288,-0.8660254037844384,-0.5000000000000004,11,44.2,Paddy,Very High
-14.8214,-9.03759,-5.783810000000001,-0.8660254037844384,-0.5000000000000004,2,36.666666666666664,Fallow,High
-15.241,-10.6084,-4.6326,-0.8660254037844384,-0.5000000000000004,2,50.0,Fallow,Very High
-14.9472,-10.3794,-4.5678,-1.0,-1.8369701987210297e-16,2,20.6,Fallow,Medium
-16.3612,-11.2994,-5.0618,-1.0,-1.8369701987210297e-16,11,25.8,Paddy,High
-16.1688,-10.992,-5.1768,-1.0,-1.8369701987210297e-16,11,28.9,Paddy,High
-15.6307,-8.82909,-6.801609999999998,-1.0,-1.8369701987210297e-16,7,4.1,Lemon,Low
-15.1309,-10.333,-4.7979,-1.0,-1.8369701987210297e-16,11,36.666666666666664,Paddy,High
-15.952,-12.0034,-3.9486000000000008,-1.0,-1.8369701987210297e-16,11,40.0,Paddy,Very High
-17.1809,-13.2382,-3.9427000000000003,-1.0,-1.8369701987210297e-16,11,30.3,Paddy,High
-16.9626,-13.4392,-3.5233999999999988,-1.0,-1.8369701987210297e-16,11,5.6,Paddy,Low
-16.5716,-11.4672,-5.1044,-1.0,-1.8369701987210297e-16,11,39.6,Paddy,Very High
-16.9695,-12.5117,-4.457800000000001,-1.0,-1.8369701987210297e-16,11,32.333333333333336,Paddy,High
-15.5307,-10.9025,-4.6282,-1.0,-1.8369701987210297e-16,11,50.0,Paddy,Very High
-16.7325,-10.8443,-5.888200000000001,-1.0,-1.8369701987210297e-16,11,48.2,Paddy,Very High
-16.2985,-9.71214,-6.586360000000001,-1.0,-1.8369701987210297e-16,11,31.7,Paddy,High
-15.9551,-11.4084,-4.5466999999999995,-1.0,-1.8369701987210297e-16,11,30.6,Paddy,High
-16.7127,-11.3849,-5.327800000000002,-1.0,-1.8369701987210297e-16,11,37.7,Paddy,High
-16.0646,-11.6524,-4.412199999999999,-1.0,-1.8369701987210297e-16,11,36.7,Paddy,High
-16.736,-12.6436,-4.092400000000001,-1.0,-1.8369701987210297e-16,11,30.1,Paddy,High
-15.9252,-10.7431,-5.1821,-1.0,-1.8369701987210297e-16,11,32.7,Paddy,High
-16.5014,-10.2062,-6.2951999999999995,-1.0,-1.8369701987210297e-16,2,50.0,Fallow,Very High
-16.1256,-10.8009,-5.324699999999998,-1.0,-1.8369701987210297e-16,11,24.200000000000003,Paddy,Medium
-16.0064,-11.8065,-4.1998999999999995,-1.0,-1.8369701987210297e-16,11,50.0,Paddy,Very High
-16.8686,-12.6924,-4.1762000000000015,-1.0,-1.8369701987210297e-16,11,50.0,Paddy,Very High
-15.9527,-10.7657,-5.186999999999999,-1.0,-1.8369701987210297e-16,11,50.0,Paddy,Very High
-16.2625,-9.51866,-6.743839999999999,-1.0,-1.8369701987210297e-16,11,50.0,Paddy,Very High
-15.981,-10.5879,-5.3931000000000004,-1.0,-1.8369701987210297e-16,11,50.0,Paddy,Very High
-15.5414,-11.0484,-4.4929999999999986,-1.0,-1.8369701987210297e-16,11,32.7,Paddy,High
-15.9405,-11.6325,-4.308,-1.0,-1.8369701987210297e-16,11,28.5,Paddy,High
-15.1456,-11.3157,-3.8299000000000003,-1.0,-1.8369701987210297e-16,11,42.8,Paddy,Very High
-16.7355,-12.1398,-4.595699999999999,-1.0,-1.8369701987210297e-16,11,45.9,Paddy,Very High
-16.504,-12.4867,-4.0173000000000005,-1.0,-1.8369701987210297e-16,11,22.733333333333334,Paddy,Medium
-16.7659,-9.81383,-6.952069999999999,-1.0,-1.8369701987210297e-16,11,50.0,Paddy,Very High
-17.8128,-11.856,-5.956799999999999,-1.0,-1.8369701987210297e-16,11,50.0,Paddy,Very High
-17.84,-10.8665,-6.9735,-1.0,-1.8369701987210297e-16,11,50.0,Paddy,Very High
-16.2248,-11.2224,-5.002399999999998,-1.0,-1.8369701987210297e-16,11,50.0,Paddy,Very High
-17.244,-11.0995,-6.144499999999999,-1.0,-1.8369701987210297e-16,11,50.0,Paddy,Very High
-17.1227,-13.2895,-3.833199999999998,-1.0,-1.8369701987210297e-16,11,46.8,Paddy,Very High
-17.0072,-12.7521,-4.2551000000000005,-1.0,-1.8369701987210297e-16,11,28.7,Paddy,High
-16.5502,-12.4274,-4.1228,-1.0,-1.8369701987210297e-16,11,34.0,Paddy,High
-16.0617,-11.5104,-4.551299999999998,-1.0,-1.8369701987210297e-16,11,47.5,Paddy,Very High
-16.3776,-12.1246,-4.253000000000002,-1.0,-1.8369701987210297e-16,11,48.1,Paddy,Very High
-15.9505,-8.437,-7.5135000000000005,-1.0,-1.8369701987210297e-16,11,50.0,Paddy,Very High
-16.2971,-10.7129,-5.584200000000001,-1.0,-1.8369701987210297e-16,11,21.2,Paddy,Medium
-14.9278,-10.6912,-4.236599999999999,-1.0,-1.8369701987210297e-16,11,41.8,Paddy,Very High
-16.5709,-9.39141,-7.179490000000001,-1.0,-1.8369701987210297e-16,2,5.2,Fallow,Low
-15.6177,-8.26266,-7.355039999999999,-1.0,-1.8369701987210297e-16,11,50.0,Paddy,Very High
-17.2738,-13.5249,-3.748900000000001,-1.0,-1.8369701987210297e-16,11,35.3,Paddy,High
-16.4653,-9.84929,-6.616009999999999,-1.0,-1.8369701987210297e-16,11,8.8,Paddy,Low
-15.0107,-8.89665,-6.114050000000001,-1.0,-1.8369701987210297e-16,11,38.9,Paddy,High
-18.9485,-14.8997,-4.0488,-1.0,-1.8369701987210297e-16,11,19.5,Paddy,Medium
-19.4709,-13.984,-5.4869,-1.0,-1.8369701987210297e-16,11,15.799999999999999,Paddy,Medium
-15.251,-10.2705,-4.980499999999999,-1.0,-1.8369701987210297e-16,11,50.0,Paddy,Very High
-16.0289,-9.85489,-6.174010000000001,-1.0,-1.8369701987210297e-16,11,50.0,Paddy,Very High
-14.2439,-8.75436,-5.48954,-1.0,-1.8369701987210297e-16,11,50.0,Paddy,Very High
-15.7696,-8.55854,-7.21106,-1.0,-1.8369701987210297e-16,11,50.0,Paddy,Very High
-15.859,-10.0176,-5.8414,-1.0,-1.8369701987210297e-16,11,50.0,Paddy,Very High
-16.564,-10.3042,-6.2598,-1.0,-1.8369701987210297e-16,11,50.0,Paddy,Very High
-15.5981,-11.894,-3.7041000000000004,-1.0,-1.8369701987210297e-16,11,50.0,Paddy,Very High
-14.7579,-11.1411,-3.6167999999999996,-1.0,-1.8369701987210297e-16,11,50.0,Paddy,Very High
-13.5129,-9.45273,-4.060169999999999,-1.0,-1.8369701987210297e-16,11,50.0,Paddy,Very High
-15.1237,-11.7383,-3.385399999999999,-1.0,-1.8369701987210297e-16,11,50.0,Paddy,Very High
-16.5845,-10.7586,-5.825899999999999,-1.0,-1.8369701987210297e-16,11,50.0,Paddy,Very High
-16.3697,-12.8522,-3.517500000000002,-1.0,-1.8369701987210297e-16,11,50.0,Paddy,Very High
-16.5367,-12.933,-3.6037,-1.0,-1.8369701987210297e-16,11,50.0,Paddy,Very High
-15.3391,-9.52251,-5.81659,-1.0,-1.8369701987210297e-16,11,50.0,Paddy,Very High
-17.0484,-13.09,-3.958400000000001,-1.0,-1.8369701987210297e-16,11,50.0,Paddy,Very High
-16.3075,-11.4096,-4.897900000000002,-1.0,-1.8369701987210297e-16,11,50.0,Paddy,Very High
-16.9199,-12.2625,-4.657399999999999,-1.0,-1.8369701987210297e-16,11,50.0,Paddy,Very High
-15.0295,-11.9198,-3.1097,-1.0,-1.8369701987210297e-16,11,50.0,Paddy,Very High
-16.7762,-12.24,-4.536199999999999,-1.0,-1.8369701987210297e-16,11,50.0,Paddy,Very High
-17.8696,-12.3732,-5.496399999999998,-1.0,-1.8369701987210297e-16,11,50.0,Paddy,Very High
-16.6975,-10.132,-6.565500000000002,-1.0,-1.8369701987210297e-16,11,50.0,Paddy,Very High
-15.4476,-9.32243,-6.125169999999999,-1.0,-1.8369701987210297e-16,11,50.0,Paddy,Very High
-14.614,-8.2553,-6.358700000000001,-1.0,-1.8369701987210297e-16,11,50.0,Paddy,Very High
-16.1613,-10.7937,-5.367600000000001,-1.0,-1.8369701987210297e-16,2,8.1,Fallow,Low
-14.3331,-9.23066,-5.10244,-1.0,-1.8369701987210297e-16,11,50.0,Paddy,Very High
-16.1573,-9.74386,-6.41344,-1.0,-1.8369701987210297e-16,2,3.4,Fallow,Low
-17.8504,-10.1294,-7.721,-1.0,-1.8369701987210297e-16,2,5.5,Fallow,Low
-14.403,-9.27909,-5.12391,-1.0,-1.8369701987210297e-16,13,6.2,Pearl Millet,Low
-14.8398,-9.9953,-4.8445,-1.0,-1.8369701987210297e-16,13,3.3,Pearl Millet,Low
-15.0003,-8.97852,-6.02178,-1.0,-1.8369701987210297e-16,13,5.966666666666667,Pearl Millet,Low
-13.9688,-8.1608,-5.808,-1.0,-1.8369701987210297e-16,13,9.4,Pearl Millet,Low
-14.9768,-9.90198,-5.074820000000001,-1.0,-1.8369701987210297e-16,13,6.3,Pearl Millet,Low
-14.1692,-7.83924,-6.32996,-1.0,-1.8369701987210297e-16,13,11.6,Pearl Millet,Low
-15.9026,-9.39866,-6.50394,-1.0,-1.8369701987210297e-16,2,32.8,Fallow,High
-13.9688,-8.1608,-5.808,-1.0,-1.8369701987210297e-16,13,5.166666666666667,Pearl Millet,Low
-13.6107,-8.88746,-4.723239999999999,-1.0,-1.8369701987210297e-16,13,5.9,Pearl Millet,Low
-16.1133,-11.2933,-4.8199999999999985,-1.0,-1.8369701987210297e-16,2,4.0,Fallow,Low
-15.2489,-11.3098,-3.9391000000000016,-1.0,-1.8369701987210297e-16,2,6.2,Fallow,Low
-13.7343,-10.9272,-2.8071,-1.0,-1.8369701987210297e-16,11,41.0,Paddy,Very High
-15.2489,-11.3098,-3.9391000000000016,-1.0,-1.8369701987210297e-16,2,8.466666666666667,Fallow,Low
-13.5725,-9.54604,-4.02646,-1.0,-1.8369701987210297e-16,13,28.6,Pearl Millet,High
-14.4623,-10.5727,-3.8896000000000015,-1.0,-1.8369701987210297e-16,13,9.9,Pearl Millet,Low
-16.6355,-11.3253,-5.3102,-1.0,-1.8369701987210297e-16,11,50.0,Paddy,Very High
-15.8915,-9.632,-6.259500000000001,-1.0,-1.8369701987210297e-16,13,32.4,Pearl Millet,High
-14.2686,-9.35692,-4.911679999999999,-1.0,-1.8369701987210297e-16,13,29.166666666666668,Pearl Millet,High
-12.2967,-6.59161,-5.705089999999999,-1.0,-1.8369701987210297e-16,2,17.4,Fallow,Medium
-14.6265,-7.69253,-6.93397,-1.0,-1.8369701987210297e-16,13,30.4,Pearl Millet,High
-15.824,-9.26413,-6.55987,-1.0,-1.8369701987210297e-16,11,50.0,Paddy,Very High
-14.7053,-9.07267,-5.632629999999999,-1.0,-1.8369701987210297e-16,13,7.6,Pearl Millet,Low
-14.3234,-8.03869,-6.284709999999999,-1.0,-1.8369701987210297e-16,13,34.93333333333334,Pearl Millet,High
-17.3714,-10.5986,-6.772800000000002,-1.0,-1.8369701987210297e-16,2,9.5,Fallow,Low
-16.2412,-11.3203,-4.9209,-1.0,-1.8369701987210297e-16,2,10.2,Fallow,Low
-14.6254,-10.0614,-4.564,-1.0,-1.8369701987210297e-16,2,11.2,Fallow,Low
-17.7578,-10.4205,-7.337299999999999,-1.0,-1.8369701987210297e-16,11,50.0,Paddy,Very High
-18.2673,-10.7241,-7.543199999999999,-1.0,-1.8369701987210297e-16,2,8.033333333333333,Fallow,Low
-15.4765,-11.2944,-4.1821,-1.0,-1.8369701987210297e-16,11,11.7,Paddy,Low
-15.5371,-10.6467,-4.890400000000001,-1.0,-1.8369701987210297e-16,11,9.5,Paddy,Low
-13.7972,-10.3083,-3.488900000000001,-1.0,-1.8369701987210297e-16,11,40.3,Paddy,Very High
-14.5269,-11.0137,-3.5131999999999994,-1.0,-1.8369701987210297e-16,11,50.0,Paddy,Very High
-13.8432,-10.5165,-3.326699999999999,-1.0,-1.8369701987210297e-16,11,17.666666666666668,Paddy,Medium
-16.6215,-11.9717,-4.649800000000001,-1.0,-1.8369701987210297e-16,11,11.4,Paddy,Low
-16.2729,-11.3154,-4.9575,-1.0,-1.8369701987210297e-16,11,17.3,Paddy,Medium
-16.7707,-11.0914,-5.679300000000001,-1.0,-1.8369701987210297e-16,13,15.1,Pearl Millet,Medium
-14.9377,-9.85989,-5.0778099999999995,-1.0,-1.8369701987210297e-16,13,6.4,Pearl Millet,Low
-16.924,-10.4272,-6.4968,-1.0,-1.8369701987210297e-16,13,9.733333333333333,Pearl Millet,Low
-17.3361,-15.308,-2.0280999999999985,-1.0,-1.8369701987210297e-16,11,22.8,Paddy,Medium
-16.5288,-10.1081,-6.4207,-1.0,-1.8369701987210297e-16,2,6.3,Fallow,Low
-17.0758,-11.104,-5.971800000000002,-1.0,-1.8369701987210297e-16,11,15.0,Paddy,Medium
-18.104,-12.4902,-5.6137999999999995,-1.0,-1.8369701987210297e-16,11,27.9,Paddy,High
-18.4524,-14.0366,-4.415800000000001,-1.0,-1.8369701987210297e-16,11,14.166666666666666,Paddy,Medium
-16.4456,-10.1001,-6.3454999999999995,-1.0,-1.8369701987210297e-16,2,4.0,Fallow,Low
-17.2235,-12.5492,-4.674300000000001,-1.0,-1.8369701987210297e-16,11,40.7,Paddy,Very High
-17.1218,-13.2523,-3.8695000000000004,-1.0,-1.8369701987210297e-16,11,30.4,Paddy,High
-17.5117,-10.4446,-7.067100000000002,-1.0,-1.8369701987210297e-16,2,5.0,Fallow,Low
-17.2468,-11.8017,-5.4451,-1.0,-1.8369701987210297e-16,2,5.2,Fallow,Low
-16.8753,-12.7543,-4.120999999999999,-1.0,-1.8369701987210297e-16,11,36.3,Paddy,High
-17.6664,-12.7181,-4.9483,-1.0,-1.8369701987210297e-16,11,6.0,Paddy,Low
-16.1193,-11.023,-5.096299999999999,-1.0,-1.8369701987210297e-16,11,9.1,Paddy,Low
-15.7447,-10.8257,-4.9190000000000005,-1.0,-1.8369701987210297e-16,11,13.4,Paddy,Medium
-16.7749,-11.926,-4.848899999999999,-1.0,-1.8369701987210297e-16,11,11.833333333333334,Paddy,Medium
-16.2273,-9.74957,-6.477729999999999,-1.0,-1.8369701987210297e-16,11,50.0,Paddy,Very High
-15.1867,-10.5111,-4.675599999999999,-1.0,-1.8369701987210297e-16,11,50.0,Paddy,Very High
-17.5678,-11.2589,-6.308899999999998,-1.0,-1.8369701987210297e-16,2,7.8,Fallow,Low
-15.4285,-9.02644,-6.4020600000000005,-1.0,-1.8369701987210297e-16,11,6.2,Paddy,Low
-16.8048,-10.6686,-6.1362000000000005,-1.0,-1.8369701987210297e-16,2,21.3,Fallow,Medium
-15.768,-9.96848,-5.799520000000001,-1.0,-1.8369701987210297e-16,2,50.0,Fallow,Very High
-16.3823,-10.0207,-6.361600000000001,-1.0,-1.8369701987210297e-16,2,22.3,Fallow,Medium
-17.0169,-11.4846,-5.532299999999999,-1.0,-1.8369701987210297e-16,11,30.5,Paddy,High
-15.2878,-11.5343,-3.7535000000000007,-1.0,-1.8369701987210297e-16,11,54.7,Paddy,Very High
-18.0399,-11.0806,-6.959299999999999,-1.0,-1.8369701987210297e-16,10,21.0,Orchad,Medium
-16.5741,-11.6287,-4.945400000000001,-1.0,-1.8369701987210297e-16,11,51.93333333333333,Paddy,Very High
-15.7256,-11.9075,-3.8180999999999994,-1.0,-1.8369701987210297e-16,11,35.0,Paddy,High
-17.0775,-12.3035,-4.774000000000001,-1.0,-1.8369701987210297e-16,11,44.5,Paddy,Very High
-16.2427,-11.4123,-4.830399999999999,-1.0,-1.8369701987210297e-16,11,27.4,Paddy,High
-16.7603,-12.3064,-4.453900000000001,-1.0,-1.8369701987210297e-16,11,28.8,Paddy,High
-16.4803,-11.9773,-4.503,-1.0,-1.8369701987210297e-16,11,29.333333333333332,Paddy,High
-15.0181,-12.1525,-2.8656000000000006,-1.0,-1.8369701987210297e-16,11,48.0,Paddy,Very High
-17.1169,-11.6305,-5.4864000000000015,-1.0,-1.8369701987210297e-16,11,50.3,Paddy,Very High
-15.8683,-9.67889,-6.189409999999999,-1.0,-1.8369701987210297e-16,11,46.5,Paddy,Very High
-16.5154,-10.4936,-6.021799999999999,-1.0,-1.8369701987210297e-16,11,50.0,Paddy,Very High
-16.7722,-10.847,-5.925200000000002,-1.0,-1.8369701987210297e-16,11,47.93333333333333,Paddy,Very High
-17.3094,-11.6359,-5.673500000000001,-1.0,-1.8369701987210297e-16,11,32.3,Paddy,High
-17.8534,-14.0367,-3.816700000000001,-1.0,-1.8369701987210297e-16,11,35.9,Paddy,High
-17.1011,-12.0817,-5.019399999999999,-1.0,-1.8369701987210297e-16,11,39.2,Paddy,Very High
-15.8381,-11.1165,-4.7216000000000005,-1.0,-1.8369701987210297e-16,2,32.6,Fallow,High
-16.4507,-11.6264,-4.824300000000001,-1.0,-1.8369701987210297e-16,11,32.56666666666667,Paddy,High
-18.2642,-13.1322,-5.132,-1.0,-1.8369701987210297e-16,11,33.9,Paddy,High
-17.07,-12.4531,-4.616900000000001,-1.0,-1.8369701987210297e-16,11,37.5,Paddy,High
-18.5177,-14.0548,-4.462900000000001,-1.0,-1.8369701987210297e-16,11,32.8,Paddy,High
-17.327,-12.6271,-4.699900000000001,-1.0,-1.8369701987210297e-16,11,29.6,Paddy,High
-18.4824,-13.3082,-5.174199999999999,-1.0,-1.8369701987210297e-16,11,37.53333333333333,Paddy,High
-16.9866,-10.9278,-6.0588,-1.0,-1.8369701987210297e-16,11,50.0,Paddy,Very High
-16.4826,-9.30566,-7.176940000000002,-1.0,-1.8369701987210297e-16,11,50.0,Paddy,Very High
-15.9937,-11.8925,-4.1012,-1.0,-1.8369701987210297e-16,11,50.0,Paddy,Very High
-16.5633,-10.673,-5.890300000000002,-1.0,-1.8369701987210297e-16,11,50.0,Paddy,Very High
-16.0184,-10.4119,-5.6065000000000005,-1.0,-1.8369701987210297e-16,11,50.0,Paddy,Very High
-17.3667,-12.4326,-4.934100000000001,-1.0,-1.8369701987210297e-16,11,50.0,Paddy,Very High
-17.9381,-12.6027,-5.335399999999998,-1.0,-1.8369701987210297e-16,11,50.0,Paddy,Very High
-15.8397,-9.4114,-6.4283,-1.0,-1.8369701987210297e-16,11,50.0,Paddy,Very High
-16.418,-12.8212,-3.5968,-1.0,-1.8369701987210297e-16,11,50.0,Paddy,Very High
-16.334,-11.4744,-4.8596,-1.0,-1.8369701987210297e-16,11,50.0,Paddy,Very High
-16.1961,-11.2946,-4.9015,-1.0,-1.8369701987210297e-16,11,50.0,Paddy,Very High
-15.8855,-10.5399,-5.345600000000001,-1.0,-1.8369701987210297e-16,11,50.0,Paddy,Very High
-16.1304,-9.56162,-6.568780000000002,-1.0,-1.8369701987210297e-16,11,50.0,Paddy,Very High
-15.1103,-10.9344,-4.1759,-1.0,-1.8369701987210297e-16,11,50.0,Paddy,Very High
-15.3738,-10.4504,-4.923399999999999,-1.0,-1.8369701987210297e-16,11,50.0,Paddy,Very High
-15.7985,-9.61604,-6.182460000000001,-1.0,-1.8369701987210297e-16,11,50.0,Paddy,Very High
-15.8696,-9.4666,-6.4030000000000005,-1.0,-1.8369701987210297e-16,11,50.0,Paddy,Very High
-16.3936,-9.31247,-7.08113,-1.0,-1.8369701987210297e-16,11,50.0,Paddy,Very High
-17.7431,-9.6563,-8.086799999999998,-1.0,-1.8369701987210297e-16,2,33.5,Fallow,High
-17.5061,-9.30904,-8.19706,-1.0,-1.8369701987210297e-16,11,50.0,Paddy,Very High
-16.1925,-12.3009,-3.8915999999999986,-1.0,-1.8369701987210297e-16,11,32.2,Paddy,High
-15.4148,-9.61581,-5.79899,-1.0,-1.8369701987210297e-16,11,48.6,Paddy,Very High
-14.5499,-9.03711,-5.512789999999999,-1.0,-1.8369701987210297e-16,11,50.0,Paddy,Very High
-16.8129,-11.1426,-5.670299999999999,-1.0,-1.8369701987210297e-16,11,46.0,Paddy,Very High
-15.9208,-10.9516,-4.969200000000001,-1.0,-1.8369701987210297e-16,11,44.36666666666667,Paddy,Very High
-16.5619,-8.44314,-8.118760000000002,-1.0,-1.8369701987210297e-16,11,50.0,Paddy,Very High
-15.5038,-8.59973,-6.904070000000001,-1.0,-1.8369701987210297e-16,11,50.0,Paddy,Very High
-14.462,-9.81837,-4.64363,-1.0,-1.8369701987210297e-16,11,47.0,Paddy,Very High
-16.111,-9.04835,-7.062650000000001,-1.0,-1.8369701987210297e-16,2,49.3,Fallow,Very High
-15.3306,-8.84394,-6.4866600000000005,-1.0,-1.8369701987210297e-16,11,50.0,Paddy,Very High
-16.6327,-10.2086,-6.424099999999999,-1.0,-1.8369701987210297e-16,2,23.2,Fallow,Medium
-18.0113,-13.0319,-4.979399999999998,-1.0,-1.8369701987210297e-16,2,23.3,Fallow,Medium
-13.9087,-9.27954,-4.629159999999999,-1.0,-1.8369701987210297e-16,13,21.8,Pearl Millet,Medium
-14.4839,-10.0536,-4.430300000000001,-1.0,-1.8369701987210297e-16,13,23.8,Pearl Millet,Medium
-14.7704,-9.64277,-5.12763,-1.0,-1.8369701987210297e-16,13,24.033333333333335,Pearl Millet,Medium
-14.8998,-9.53861,-5.361190000000001,-1.0,-1.8369701987210297e-16,5,25.9,Jowar,High
-14.3546,-9.46853,-4.88607,-1.0,-1.8369701987210297e-16,5,24.5,Jowar,High
-14.3881,-9.4756,-4.9125,-1.0,-1.8369701987210297e-16,13,24.6,Pearl Millet,High
-15.8944,-10.6805,-5.213899999999999,-1.0,-1.8369701987210297e-16,2,26.3,Fallow,High
-14.6202,-9.6195,-5.0007,-1.0,-1.8369701987210297e-16,5,20.2,Jowar,Medium
-14.7972,-9.67094,-5.12626,-1.0,-1.8369701987210297e-16,5,27.3,Jowar,High
-15.4936,-10.3495,-5.1441,-1.0,-1.8369701987210297e-16,2,26.1,Fallow,High
-14.9605,-9.66796,-5.292539999999999,-1.0,-1.8369701987210297e-16,2,24.6,Fallow,High
-15.211,-10.475,-4.736000000000001,-1.0,-1.8369701987210297e-16,11,50.0,Paddy,Very High
-15.5291,-9.78461,-5.744489999999999,-1.0,-1.8369701987210297e-16,2,25.46666666666667,Fallow,High
-15.0057,-9.87567,-5.13003,-1.0,-1.8369701987210297e-16,13,34.6,Pearl Millet,High
-15.2211,-9.33023,-5.89087,-1.0,-1.8369701987210297e-16,13,22.8,Pearl Millet,Medium
-16.0694,-10.8137,-5.255700000000001,-1.0,-1.8369701987210297e-16,11,50.0,Paddy,Very High
-15.6038,-12.0656,-3.5382,-1.0,-1.8369701987210297e-16,13,37.4,Pearl Millet,High
-14.7458,-9.49029,-5.255509999999999,-1.0,-1.8369701987210297e-16,13,37.8,Pearl Millet,High
-12.1954,-6.70816,-5.487239999999999,-1.0,-1.8369701987210297e-16,2,32.9,Fallow,High
-14.9936,-9.43867,-5.554930000000001,-1.0,-1.8369701987210297e-16,13,38.7,Pearl Millet,High
-15.8576,-11.0496,-4.808,-1.0,-1.8369701987210297e-16,11,44.6,Paddy,Very High
-14.6428,-9.32011,-5.32269,-1.0,-1.8369701987210297e-16,5,40.8,Jowar,Very High
-14.9769,-10.1051,-4.8718,-1.0,-1.8369701987210297e-16,13,39.8,Pearl Millet,Very High
-17.5094,-11.6949,-5.814499999999999,-1.0,-1.8369701987210297e-16,2,29.9,Fallow,High
-15.7121,-9.88405,-5.828049999999999,-1.0,-1.8369701987210297e-16,11,50.0,Paddy,Very High
-16.9397,-9.75306,-7.186639999999999,-1.0,-1.8369701987210297e-16,2,28.1,Fallow,High
-16.1449,-11.1786,-4.9663,-1.0,-1.8369701987210297e-16,2,30.5,Fallow,High
-17.6861,-10.8978,-6.7883,-1.0,-1.8369701987210297e-16,2,30.833333333333332,Fallow,High
-15.2854,-11.1007,-4.184699999999999,-1.0,-1.8369701987210297e-16,11,42.6,Paddy,Very High
-16.2526,-10.0419,-6.210700000000001,-1.0,-1.8369701987210297e-16,11,35.8,Paddy,High
-14.847,-8.81878,-6.028219999999999,-1.0,-1.8369701987210297e-16,11,40.3,Paddy,Very High
-16.5768,-10.5464,-6.030399999999998,-1.0,-1.8369701987210297e-16,11,45.0,Paddy,Very High
-16.7535,-10.2753,-6.478199999999999,-1.0,-1.8369701987210297e-16,11,39.03333333333333,Paddy,Very High
-15.3712,-10.0103,-5.360899999999999,-1.0,-1.8369701987210297e-16,11,50.0,Paddy,Very High
-15.2898,-9.67439,-5.615409999999999,-1.0,-1.8369701987210297e-16,11,50.0,Paddy,Very High
-15.6675,-9.30203,-6.36547,-1.0,-1.8369701987210297e-16,13,50.0,Pearl Millet,Very High
-14.8658,-9.77212,-5.093680000000001,-1.0,-1.8369701987210297e-16,13,50.0,Pearl Millet,Very High
-14.7341,-10.1246,-4.609500000000001,-1.0,-1.8369701987210297e-16,13,50.0,Pearl Millet,Very High
-15.7316,-10.4896,-5.242000000000001,-1.0,-1.8369701987210297e-16,11,27.8,Paddy,High
-16.7591,-10.1844,-6.5747,-1.0,-1.8369701987210297e-16,2,30.0,Fallow,High
-15.2523,-10.1406,-5.111700000000001,-1.0,-1.8369701987210297e-16,11,31.2,Paddy,High
-14.7279,-11.196,-3.5319000000000003,-1.0,-1.8369701987210297e-16,11,40.0,Paddy,Very High
-14.6474,-9.72462,-4.9227799999999995,-1.0,-1.8369701987210297e-16,11,35.233333333333334,Paddy,High
-18.795,-11.3741,-7.420900000000001,-1.0,-1.8369701987210297e-16,2,18.0,Fallow,Medium
-15.5501,-11.6525,-3.8976000000000006,-1.0,-1.8369701987210297e-16,11,36.1,Paddy,High
-14.5775,-10.0469,-4.5306,-1.0,-1.8369701987210297e-16,11,50.0,Paddy,Very High
-17.4799,-12.6802,-4.799700000000001,-1.0,-1.8369701987210297e-16,2,17.7,Fallow,Medium
-16.4628,-13.286,-3.176800000000002,-1.0,-1.8369701987210297e-16,2,18.400000000000002,Fallow,Medium
-16.0174,-13.1048,-2.9125999999999994,-1.0,-1.8369701987210297e-16,11,31.6,Paddy,High
-15.678,-10.3817,-5.2963000000000005,-1.0,-1.8369701987210297e-16,11,21.1,Paddy,Medium
-16.2942,-11.8968,-4.397399999999999,-1.0,-1.8369701987210297e-16,11,50.0,Paddy,Very High
-16.1986,-11.2381,-4.9605,-1.0,-1.8369701987210297e-16,11,50.0,Paddy,Very High
-17.0577,-12.1506,-4.9071,-1.0,-1.8369701987210297e-16,11,50.0,Paddy,Very High
-17.0155,-10.9956,-6.0199,-1.0,-1.8369701987210297e-16,11,16.4,Paddy,Medium
-16.258,-10.4575,-5.8004999999999995,-1.0,-1.8369701987210297e-16,11,31.0,Paddy,High
-18.3171,-11.5043,-6.812799999999999,-1.0,-1.8369701987210297e-16,2,29.5,Fallow,High
-14.7511,-9.83986,-4.911239999999999,-1.0,-1.8369701987210297e-16,11,29.0,Paddy,High
-17.2379,-10.9005,-6.337400000000001,-1.0,-1.8369701987210297e-16,2,29.7,Fallow,High
-15.4994,-9.90918,-5.59022,-0.8660254037844386,0.5000000000000001,11,18.0,Paddy,Medium
-16.6961,-11.3488,-5.347300000000001,-0.8660254037844386,0.5000000000000001,2,26.2,Fallow,High
-17.2037,-10.5619,-6.641800000000002,-0.8660254037844386,0.5000000000000001,7,17.2,Lemon,Medium
-16.2506,-10.8125,-5.438099999999999,-0.8660254037844386,0.5000000000000001,2,17.933333333333334,Fallow,Medium
-16.3406,-10.48,-5.860599999999998,-0.8660254037844386,0.5000000000000001,11,29.0,Paddy,High
-15.7372,-10.2955,-5.441699999999999,-0.8660254037844386,0.5000000000000001,11,25.0,Paddy,High
-15.283,-12.257,-3.026,-0.8660254037844386,0.5000000000000001,11,27.2,Paddy,High
-15.8406,-11.2872,-4.5534,-0.8660254037844386,0.5000000000000001,11,22.1,Paddy,Medium
-16.0575,-10.9295,-5.128,-0.8660254037844386,0.5000000000000001,11,39.233333333333334,Paddy,Very High
-16.6045,-9.28977,-7.314730000000001,-0.8660254037844386,0.5000000000000001,11,16.2,Paddy,Medium
-17.5208,-11.757,-5.763800000000002,-0.8660254037844386,0.5000000000000001,11,16.7,Paddy,Medium
-15.521,-9.52936,-5.99164,-0.8660254037844386,0.5000000000000001,11,20.1,Paddy,Medium
-15.0464,-9.60588,-5.440519999999999,-0.8660254037844386,0.5000000000000001,11,13.2,Paddy,Medium
-15.777,-10.8237,-4.953299999999999,-0.8660254037844386,0.5000000000000001,11,18.433333333333334,Paddy,Medium
-16.2845,-11.3168,-4.967700000000001,-0.8660254037844386,0.5000000000000001,3,19.7,Fodder,Medium
-15.2181,-10.8056,-4.4125,-0.8660254037844386,0.5000000000000001,11,20.0,Paddy,Medium
-16.266,-11.5031,-4.762899999999998,-0.8660254037844386,0.5000000000000001,11,22.9,Paddy,Medium
-15.6985,-10.3288,-5.3697,-0.8660254037844386,0.5000000000000001,11,16.1,Paddy,Medium
-16.5969,-10.9966,-5.600300000000001,-0.8660254037844386,0.5000000000000001,11,15.266666666666666,Paddy,Medium
-16.7265,-10.9131,-5.8134000000000015,-0.8660254037844386,0.5000000000000001,11,26.6,Paddy,High
-15.6617,-11.2298,-4.431900000000001,-0.8660254037844386,0.5000000000000001,11,29.1,Paddy,High
-16.1061,-11.6509,-4.455200000000001,-0.8660254037844386,0.5000000000000001,11,34.0,Paddy,High
-15.5727,-10.3191,-5.253599999999999,-0.8660254037844386,0.5000000000000001,11,35.9,Paddy,High
-16.1365,-10.7204,-5.416100000000002,-0.8660254037844386,0.5000000000000001,11,27.266666666666666,Paddy,High
-16.2749,-10.4284,-5.846499999999999,-0.8660254037844386,0.5000000000000001,11,34.6,Paddy,High
-15.7128,-10.3854,-5.327399999999999,-0.8660254037844386,0.5000000000000001,11,38.2,Paddy,High
-14.7574,-9.29557,-5.461830000000001,-0.8660254037844386,0.5000000000000001,11,29.4,Paddy,High
-15.4959,-9.99128,-5.504620000000001,-0.8660254037844386,0.5000000000000001,11,27.2,Paddy,High
-16.461,-10.1643,-6.296699999999998,-0.8660254037844386,0.5000000000000001,11,34.8,Paddy,High
-16.3319,-10.8561,-5.475800000000001,-0.8660254037844386,0.5000000000000001,11,50.0,Paddy,Very High
-15.7559,-10.6825,-5.073400000000001,-0.8660254037844386,0.5000000000000001,11,50.0,Paddy,Very High
-14.8442,-9.58698,-5.25722,-0.8660254037844386,0.5000000000000001,11,50.0,Paddy,Very High
-16.1413,-9.38401,-6.757290000000001,-0.8660254037844386,0.5000000000000001,11,50.0,Paddy,Very High
-15.6192,-10.5328,-5.086399999999999,-0.8660254037844386,0.5000000000000001,11,50.0,Paddy,Very High
-16.1221,-10.8092,-5.312899999999999,-0.8660254037844386,0.5000000000000001,11,40.6,Paddy,Very High
-14.9344,-9.63353,-5.30087,-0.8660254037844386,0.5000000000000001,11,32.2,Paddy,High
-15.4834,-10.2362,-5.247199999999999,-0.8660254037844386,0.5000000000000001,11,36.7,Paddy,High
-15.7868,-10.8161,-4.970699999999999,-0.8660254037844386,0.5000000000000001,2,22.0,Fallow,Medium
-15.5138,-11.2864,-4.227399999999999,-0.8660254037844386,0.5000000000000001,11,42.96666666666667,Paddy,Very High
-14.5743,-11.4995,-3.0747999999999998,-0.8660254037844386,0.5000000000000001,11,20.9,Paddy,Medium
-13.4674,-10.166,-3.3013999999999992,-0.8660254037844386,0.5000000000000001,11,28.1,Paddy,High
-14.7304,-9.56038,-5.170019999999999,-0.8660254037844386,0.5000000000000001,11,26.4,Paddy,High
-15.8753,-11.7524,-4.1229,-0.8660254037844386,0.5000000000000001,11,27.7,Paddy,High
-15.2054,-11.5983,-3.607099999999999,-0.8660254037844386,0.5000000000000001,11,30.8,Paddy,High
-15.0408,-9.56049,-5.480310000000001,-0.8660254037844386,0.5000000000000001,11,30.8,Paddy,High
-15.185,-10.161,-5.024000000000001,-0.8660254037844386,0.5000000000000001,11,43.7,Paddy,Very High
-17.0193,-11.5872,-5.432100000000002,-0.8660254037844386,0.5000000000000001,2,27.0,Fallow,High
-15.6987,-11.0433,-4.6554,-0.8660254037844386,0.5000000000000001,2,26.2,Fallow,High
-15.3008,-10.3861,-4.9147,-0.8660254037844386,0.5000000000000001,11,39.833333333333336,Paddy,Very High
-18.066,-10.3254,-7.740599999999999,-0.8660254037844386,0.5000000000000001,2,23.1,Fallow,Medium
-18.3269,-8.99425,-9.33265,-0.8660254037844386,0.5000000000000001,2,22.7,Fallow,Medium
-15.9447,-11.4235,-4.5211999999999986,-0.8660254037844386,0.5000000000000001,2,20.6,Fallow,Medium
-15.4504,-10.4959,-4.9544999999999995,-0.8660254037844386,0.5000000000000001,2,17.7,Fallow,Medium
-16.4455,-9.97551,-6.469989999999999,-0.8660254037844386,0.5000000000000001,2,17.733333333333334,Fallow,Medium
-15.4016,-10.6864,-4.715199999999999,-0.8660254037844386,0.5000000000000001,13,10.8,Pearl Millet,Low
-16.6606,-10.1922,-6.468399999999999,-0.8660254037844386,0.5000000000000001,13,10.0,Pearl Millet,Low
-16.4494,-10.0587,-6.390700000000001,-0.8660254037844386,0.5000000000000001,2,18.8,Fallow,Medium
-17.374,-9.29068,-8.083319999999999,-0.8660254037844386,0.5000000000000001,2,35.9,Fallow,High
-16.3404,-10.7914,-5.5489999999999995,-0.8660254037844386,0.5000000000000001,13,11.6,Pearl Millet,Low
-14.3238,-9.22312,-5.1006800000000005,-0.8660254037844386,0.5000000000000001,5,13.9,Jowar,Medium
-16.3365,-10.158,-6.178500000000001,-0.8660254037844386,0.5000000000000001,2,13.4,Fallow,Medium
-16.2314,-9.07401,-7.157390000000001,-0.8660254037844386,0.5000000000000001,2,16.1,Fallow,Medium
-15.1714,-9.69923,-5.47217,-0.8660254037844386,0.5000000000000001,11,32.9,Paddy,High
-16.6495,-9.549,-7.1005,-0.8660254037844386,0.5000000000000001,2,10.933333333333334,Fallow,Low
-14.631,-10.5705,-4.060500000000001,-0.8660254037844386,0.5000000000000001,2,17.4,Fallow,Medium
-16.1006,-11.9657,-4.1349,-0.8660254037844386,0.5000000000000001,2,18.0,Fallow,Medium
-14.8586,-10.0388,-4.819799999999999,-0.8660254037844386,0.5000000000000001,11,25.1,Paddy,High
-16.3873,-11.0428,-5.3445,-0.8660254037844386,0.5000000000000001,2,21.5,Fallow,Medium
-16.2108,-10.8921,-5.3187,-0.8660254037844386,0.5000000000000001,2,22.766666666666666,Fallow,Medium
-13.3794,-7.74898,-5.63042,-0.8660254037844386,0.5000000000000001,2,20.6,Fallow,Medium
-15.3375,-11.7414,-3.5961,-0.8660254037844386,0.5000000000000001,2,23.2,Fallow,Medium
-14.9294,-10.6627,-4.2667,-0.8660254037844386,0.5000000000000001,11,31.5,Paddy,High
-15.9217,-10.2918,-5.629899999999999,-0.8660254037844386,0.5000000000000001,2,14.8,Fallow,Medium
-15.6397,-10.689,-4.950699999999999,-0.8660254037844386,0.5000000000000001,2,28.933333333333334,Fallow,High
-19.5506,-12.4734,-7.0771999999999995,-0.8660254037844386,0.5000000000000001,2,7.5,Fallow,Low
-18.1195,-12.3623,-5.757199999999999,-0.8660254037844386,0.5000000000000001,2,7.5,Fallow,Low
-17.1902,-10.8471,-6.3431000000000015,-0.8660254037844386,0.5000000000000001,2,9.3,Fallow,Low
-19.3836,-12.1842,-7.199400000000001,-0.8660254037844386,0.5000000000000001,2,28.5,Fallow,High
-17.9612,-12.1012,-5.860000000000001,-0.8660254037844386,0.5000000000000001,2,9.366666666666667,Fallow,Low
-15.8605,-11.5155,-4.345000000000001,-0.8660254037844386,0.5000000000000001,2,23.2,Fallow,Medium
-16.5498,-12.141,-4.408800000000001,-0.8660254037844386,0.5000000000000001,2,22.5,Fallow,Medium
-14.4018,-10.0963,-4.3055,-0.8660254037844386,0.5000000000000001,2,24.2,Fallow,Medium
-17.5035,-9.21357,-8.289929999999998,-0.8660254037844386,0.5000000000000001,2,21.8,Fallow,Medium
-17.0451,-10.8806,-6.164500000000002,-0.8660254037844386,0.5000000000000001,2,27.533333333333335,Fallow,High
-14.9477,-10.8543,-4.093399999999999,-0.8660254037844386,0.5000000000000001,11,19.7,Paddy,Medium
-14.2449,-8.8256,-5.4193,-0.8660254037844386,0.5000000000000001,11,18.3,Paddy,Medium
-14.6813,-9.77579,-4.90551,-0.8660254037844386,0.5000000000000001,2,10.8,Fallow,Low
-16.9864,-10.2269,-6.759499999999999,-0.8660254037844386,0.5000000000000001,2,8.0,Fallow,Low
-15.4225,-9.80948,-5.613019999999999,-0.8660254037844386,0.5000000000000001,2,11.433333333333334,Fallow,Low
-18.005,-10.0337,-7.971299999999999,-0.8660254037844386,0.5000000000000001,2,16.5,Fallow,Medium
-18.3754,-9.89376,-8.481639999999999,-0.8660254037844386,0.5000000000000001,2,12.2,Fallow,Medium
-14.6945,-9.31965,-5.37485,-0.8660254037844386,0.5000000000000001,11,16.3,Paddy,Medium
-17.2409,-10.631,-6.6099,-0.8660254037844386,0.5000000000000001,11,19.9,Paddy,Medium
-16.6363,-8.59486,-8.041439999999998,-0.8660254037844386,0.5000000000000001,11,27.7,Paddy,High
-18.2038,-10.8892,-7.3146,-0.8660254037844386,0.5000000000000001,2,10.0,Fallow,Low
-16.5835,-11.3824,-5.2011,-0.8660254037844386,0.5000000000000001,2,18.5,Fallow,Medium
-15.7599,-9.55806,-6.201840000000001,-0.8660254037844386,0.5000000000000001,11,51.9,Paddy,Very High
-18.8387,-10.1739,-8.6648,-0.8660254037844386,0.5000000000000001,2,15.7,Fallow,Medium
-19.0851,-9.6299,-9.455200000000001,-0.8660254037844386,0.5000000000000001,2,10.4,Fallow,Low
-15.9026,-10.0268,-5.8758,-0.8660254037844386,0.5000000000000001,11,18.8,Paddy,Medium
-15.427,-10.7201,-4.706899999999999,-0.8660254037844386,0.5000000000000001,2,23.5,Fallow,Medium
-17.0611,-11.3209,-5.7402,-0.8660254037844386,0.5000000000000001,11,18.4,Paddy,Medium
-16.5584,-10.4012,-6.1572,-0.8660254037844386,0.5000000000000001,11,25.8,Paddy,High
-15.6574,-10.1838,-5.473600000000001,-0.8660254037844386,0.5000000000000001,11,24.533333333333335,Paddy,High
-16.1104,-10.2657,-5.844699999999998,-0.8660254037844386,0.5000000000000001,11,17.0,Paddy,Medium
-15.0352,-10.8682,-4.167,-0.8660254037844386,0.5000000000000001,11,25.2,Paddy,High
-18.2154,-11.8066,-6.408799999999999,-0.8660254037844386,0.5000000000000001,2,12.8,Fallow,Medium
-15.8745,-9.01885,-6.855649999999999,-0.8660254037844386,0.5000000000000001,2,18.9,Fallow,Medium
-16.2567,-11.5808,-4.675899999999999,-0.8660254037844386,0.5000000000000001,2,18.2,Fallow,Medium
-15.7048,-10.3441,-5.360700000000001,-0.8660254037844386,0.5000000000000001,11,26.0,Paddy,High
-18.2614,-11.5015,-6.759899999999998,-0.8660254037844386,0.5000000000000001,2,16.7,Fallow,Medium
-17.851,-10.1538,-7.697199999999999,-0.8660254037844386,0.5000000000000001,2,13.7,Fallow,Medium
-19.5258,-12.0423,-7.483500000000001,-0.8660254037844386,0.5000000000000001,2,13.2,Fallow,Medium
-18.7444,-11.8569,-6.887499999999999,-0.8660254037844386,0.5000000000000001,2,15.366666666666667,Fallow,Medium
-16.9867,-9.18694,-7.799759999999999,-0.5000000000000004,0.8660254037844384,9,6.0,Mustard,Low
-17.3929,-9.33187,-8.06103,-0.5000000000000004,0.8660254037844384,2,16.6,Fallow,Medium
-19.4064,-11.3905,-8.015900000000002,-0.5000000000000004,0.8660254037844384,1,14.5,Chickori,Medium
-17.2645,-11.5968,-5.667700000000002,-0.5000000000000004,0.8660254037844384,7,6.6,Lemon,Low
-17.6363,-10.9754,-6.660899999999998,-0.5000000000000004,0.8660254037844384,1,11.033333333333333,Chickori,Low
-17.732,-8.16163,-9.570369999999999,-0.5000000000000004,0.8660254037844384,2,25.0,Fallow,High
-15.0632,-5.99729,-9.06591,-0.5000000000000004,0.8660254037844384,2,27.0,Fallow,High
-16.0032,-9.19477,-6.8084299999999995,-0.5000000000000004,0.8660254037844384,2,22.0,Fallow,Medium
-17.1376,-9.08405,-8.05355,-0.5000000000000004,0.8660254037844384,2,23.5,Fallow,Medium
-17.2111,-7.78925,-9.42185,-0.5000000000000004,0.8660254037844384,2,25.633333333333333,Fallow,High
-16.3826,-10.04,-6.342600000000001,-0.5000000000000004,0.8660254037844384,2,34.6,Fallow,High
-17.4798,-8.45274,-9.02706,-0.5000000000000004,0.8660254037844384,2,35.2,Fallow,High
-15.0283,-7.51548,-7.51282,-0.5000000000000004,0.8660254037844384,2,24.2,Fallow,Medium
-15.006,-8.06298,-6.943020000000001,-0.5000000000000004,0.8660254037844384,2,28.6,Fallow,High
-15.45,-8.62576,-6.82424,-0.5000000000000004,0.8660254037844384,2,28.8,Fallow,High
-17.8115,-10.3047,-7.506799999999998,-0.5000000000000004,0.8660254037844384,2,4.4,Fallow,Low
-20.4792,-12.6469,-7.832299999999998,-0.5000000000000004,0.8660254037844384,2,3.7,Fallow,Low
-16.696,-9.38246,-7.3135400000000015,-0.5000000000000004,0.8660254037844384,2,50.0,Fallow,Very High
-16.5445,-8.285,-8.2595,-0.5000000000000004,0.8660254037844384,5,26.5,Jowar,High
-17.9222,-11.9044,-6.017799999999999,-0.5000000000000004,0.8660254037844384,2,6.233333333333333,Fallow,Low
-19.0415,-10.1429,-8.8986,-0.5000000000000004,0.8660254037844384,2,4.3,Fallow,Low
-18.816,-9.29471,-9.521289999999999,-0.5000000000000004,0.8660254037844384,2,5.2,Fallow,Low
-18.5045,-9.93196,-8.57254,-0.5000000000000004,0.8660254037844384,2,4.7,Fallow,Low
-18.2382,-8.65533,-9.58287,-0.5000000000000004,0.8660254037844384,2,5.2,Fallow,Low
-19.0097,-9.80521,-9.204489999999998,-0.5000000000000004,0.8660254037844384,2,4.266666666666667,Fallow,Low
-15.2933,-7.45183,-7.84147,-0.5000000000000004,0.8660254037844384,2,50.0,Fallow,Very High
-14.4365,-6.0505,-8.386,-0.5000000000000004,0.8660254037844384,2,50.0,Fallow,Very High
-16.4495,-8.30743,-8.14207,-0.5000000000000004,0.8660254037844384,2,11.2,Fallow,Low
-15.8672,-8.79241,-7.07479,-0.5000000000000004,0.8660254037844384,2,10.3,Fallow,Low
-15.2468,-7.26449,-7.98231,-0.5000000000000004,0.8660254037844384,2,50.0,Fallow,Very High
-17.0051,-9.8747,-7.130399999999998,-0.5000000000000004,0.8660254037844384,2,7.3,Fallow,Low
-18.0847,-10.7996,-7.285100000000002,-0.5000000000000004,0.8660254037844384,2,4.7,Fallow,Low
-18.1624,-10.8497,-7.312700000000001,-0.5000000000000004,0.8660254037844384,2,25.4,Fallow,High
-17.573,-10.8116,-6.7614,-0.5000000000000004,0.8660254037844384,2,3.6,Fallow,Low
-18.6141,-11.1055,-7.508600000000001,-0.5000000000000004,0.8660254037844384,2,10.066666666666666,Fallow,Low
-15.8591,-8.40373,-7.45537,-0.5000000000000004,0.8660254037844384,2,9.3,Fallow,Low
-16.5311,-7.93512,-8.595979999999997,-0.5000000000000004,0.8660254037844384,2,44.0,Fallow,Very High
-17.6762,-9.27483,-8.401370000000002,-0.5000000000000004,0.8660254037844384,2,10.4,Fallow,Low
-15.6404,-7.30721,-8.333189999999998,-0.5000000000000004,0.8660254037844384,2,9.5,Fallow,Low
-15.5907,-8.42519,-7.165509999999999,-0.5000000000000004,0.8660254037844384,2,50.0,Fallow,Very High
-15.4728,-10.4611,-5.011699999999999,-0.5000000000000004,0.8660254037844384,2,4.5,Fallow,Low
-14.4573,-7.85315,-6.60415,-0.5000000000000004,0.8660254037844384,2,8.8,Fallow,Low
-14.5349,-6.55894,-7.975960000000001,-0.5000000000000004,0.8660254037844384,2,50.0,Fallow,Very High
-16.9912,-7.87452,-9.116679999999999,-0.5000000000000004,0.8660254037844384,2,48.9,Fallow,Very High
-16.1229,-9.27205,-6.850850000000001,-0.5000000000000004,0.8660254037844384,2,9.833333333333334,Fallow,Low
-15.2787,-6.23449,-9.04421,-0.5000000000000004,0.8660254037844384,2,27.9,Fallow,High
-15.3161,-5.77221,-9.543890000000001,-0.5000000000000004,0.8660254037844384,2,36.2,Fallow,High
-15.2949,-7.38184,-7.91306,-0.5000000000000004,0.8660254037844384,2,35.7,Fallow,High
-13.2534,-5.82253,-7.430869999999999,-0.5000000000000004,0.8660254037844384,2,36.4,Fallow,High
-14.9113,-7.08595,-7.82535,-0.5000000000000004,0.8660254037844384,2,38.8,Fallow,High
-16.7976,-7.99757,-8.80003,-0.5000000000000004,0.8660254037844384,2,50.0,Fallow,Very High
-16.0165,-10.1738,-5.842700000000001,-0.5000000000000004,0.8660254037844384,2,50.0,Fallow,Very High
-15.6158,-9.76191,-5.85389,-0.5000000000000004,0.8660254037844384,2,50.0,Fallow,Very High
-16.2832,-9.73747,-6.545730000000001,-0.5000000000000004,0.8660254037844384,2,50.0,Fallow,Very High
-17.3368,-8.95437,-8.38243,-0.5000000000000004,0.8660254037844384,2,50.0,Fallow,Very High
-17.7726,-11.4881,-6.284500000000001,-0.5000000000000004,0.8660254037844384,2,13.2,Fallow,Medium
-16.9006,-9.54825,-7.352350000000001,-0.5000000000000004,0.8660254037844384,2,6.4,Fallow,Low
-14.6347,-7.98846,-6.646240000000001,-0.5000000000000004,0.8660254037844384,16,31.7,Tobacco,High
-17.6535,-10.6398,-7.013700000000002,-0.5000000000000004,0.8660254037844384,2,19.6,Fallow,Medium
-17.1763,-10.087,-7.0893000000000015,-0.5000000000000004,0.8660254037844384,2,10.666666666666666,Fallow,Low
-17.0656,-9.1373,-7.9283,-0.5000000000000004,0.8660254037844384,2,22.6,Fallow,Medium
-18.2968,-11.0735,-7.223300000000002,-0.5000000000000004,0.8660254037844384,2,7.3,Fallow,Low
-16.2719,-8.39612,-7.875779999999999,-0.5000000000000004,0.8660254037844384,2,45.5,Fallow,Very High
-16.9744,-9.35911,-7.61529,-0.5000000000000004,0.8660254037844384,2,12.6,Fallow,Medium
-15.9793,-8.42725,-7.5520499999999995,-0.5000000000000004,0.8660254037844384,2,50.0,Fallow,Very High
-17.8974,-10.3033,-7.594100000000001,-0.5000000000000004,0.8660254037844384,2,19.3,Fallow,Medium
-17.1114,-9.83072,-7.28068,-0.5000000000000004,0.8660254037844384,2,17.2,Fallow,Medium
-18.3536,-10.5927,-7.7608999999999995,-0.5000000000000004,0.8660254037844384,2,11.2,Fallow,Low
-17.1371,-10.0808,-7.0563,-0.5000000000000004,0.8660254037844384,2,14.5,Fallow,Medium
-18.7177,-10.2786,-8.4391,-0.5000000000000004,0.8660254037844384,2,18.566666666666666,Fallow,Medium
-18.652,-9.83681,-8.815190000000001,-0.5000000000000004,0.8660254037844384,2,4.9,Fallow,Low
-18.8733,-10.9229,-7.9504,-0.5000000000000004,0.8660254037844384,2,6.0,Fallow,Low
-18.7997,-12.1376,-6.662100000000001,-0.5000000000000004,0.8660254037844384,2,6.7,Fallow,Low
-18.8403,-11.6632,-7.177099999999999,-0.5000000000000004,0.8660254037844384,2,2.4,Fallow,Low
-18.7492,-11.5476,-7.201599999999999,-0.5000000000000004,0.8660254037844384,2,16.2,Fallow,Medium
-19.0639,-11.116,-7.947900000000001,-0.5000000000000004,0.8660254037844384,17,7.5,Tobacco&Chickori,Low
-19.9945,-10.38,-9.614499999999998,-0.5000000000000004,0.8660254037844384,17,5.4,Tobacco&Chickori,Low
-18.3989,-9.15782,-9.241080000000002,-0.5000000000000004,0.8660254037844384,2,13.5,Fallow,Medium
-17.6031,-10.8315,-6.771600000000001,-0.5000000000000004,0.8660254037844384,2,12.2,Fallow,Medium
-18.7735,-9.84912,-8.92438,-0.5000000000000004,0.8660254037844384,2,14.0,Fallow,Medium
-16.9069,-9.6179,-7.289,-0.5000000000000004,0.8660254037844384,2,2.5,Fallow,Low
-16.2843,-10.762,-5.522300000000001,-0.5000000000000004,0.8660254037844384,2,2.3,Fallow,Low
-16.8986,-11.0205,-5.878099999999998,-0.5000000000000004,0.8660254037844384,2,6.4,Fallow,Low
-18.203,-9.75805,-8.444949999999999,-0.5000000000000004,0.8660254037844384,1,38.8,Chickori,High
-16.1352,-9.50586,-6.629340000000001,-0.5000000000000004,0.8660254037844384,2,2.1333333333333333,Fallow,Low
-16.4145,-10.4041,-6.010400000000001,-0.5000000000000004,0.8660254037844384,2,1.2,Fallow,Low
-18.7571,-11.3143,-7.442800000000002,-0.5000000000000004,0.8660254037844384,1,8.8,Chickori,Low
-17.3258,-9.84674,-7.4790600000000005,-0.5000000000000004,0.8660254037844384,1,8.9,Chickori,Low
-15.6855,-6.48458,-9.20092,-0.5000000000000004,0.8660254037844384,2,24.1,Fallow,Medium
-18.3175,-11.9857,-6.331799999999999,-0.5000000000000004,0.8660254037844384,2,9.266666666666667,Fallow,Low
-17.1626,-10.2336,-6.929000000000002,-0.5000000000000004,0.8660254037844384,2,2.1,Fallow,Low
-18.4282,-11.3989,-7.029300000000001,-0.5000000000000004,0.8660254037844384,2,1.4,Fallow,Low
-17.711,-9.0514,-8.6596,-0.5000000000000004,0.8660254037844384,2,21.9,Fallow,Medium
-17.3953,-10.0578,-7.337499999999999,-0.5000000000000004,0.8660254037844384,2,2.3,Fallow,Low
-19.3425,-10.6037,-8.738800000000001,-0.5000000000000004,0.8660254037844384,2,20.366666666666667,Fallow,Medium
-11.2509,-5.76335,-5.48755,-0.5000000000000004,0.8660254037844384,4,24.0,Fodder&Jowar,Medium
-15.0187,-10.6544,-4.3643,-0.5000000000000004,0.8660254037844384,16,11.0,Tobacco,Low
-18.0606,-10.8244,-7.2362,-0.5000000000000004,0.8660254037844384,16,11.5,Tobacco,Low
-15.735,-9.41137,-6.32363,-0.5000000000000004,0.8660254037844384,2,34.3,Fallow,High
-16.1248,-11.5078,-4.617000000000001,-0.5000000000000004,0.8660254037844384,16,11.2,Tobacco,Low
-18.6015,-10.6884,-7.913100000000002,-0.5000000000000004,0.8660254037844384,16,11.4,Tobacco,Low
-16.4909,-7.90242,-8.58848,-0.5000000000000004,0.8660254037844384,2,37.0,Fallow,High
-17.6493,-9.58536,-8.06394,-0.5000000000000004,0.8660254037844384,16,12.6,Tobacco,Medium
-18.8173,-10.1263,-8.690999999999999,-0.5000000000000004,0.8660254037844384,16,10.2,Tobacco,Low
-17.8344,-10.6524,-7.181999999999999,-0.5000000000000004,0.8660254037844384,16,9.799999999999999,Tobacco,Low
-16.0971,-9.4985,-6.598600000000001,-0.5000000000000004,0.8660254037844384,16,36.6,Tobacco,High
-15.5129,-7.924,-7.5889,-0.5000000000000004,0.8660254037844384,16,30.9,Tobacco,High
-15.4618,-7.27052,-8.191279999999999,-0.5000000000000004,0.8660254037844384,16,27.1,Tobacco,High
-14.9698,-10.3769,-4.5929,-0.5000000000000004,0.8660254037844384,9,22.7,Mustard,Medium
-15.1865,-7.83,-7.3565000000000005,-0.5000000000000004,0.8660254037844384,16,31.566666666666666,Tobacco,High
-17.9792,-11.3312,-6.647999999999998,-0.5000000000000004,0.8660254037844384,16,11.1,Tobacco,Low
-17.2915,-11.5914,-5.700099999999999,-0.5000000000000004,0.8660254037844384,16,10.7,Tobacco,Low
-19.3034,-10.8855,-8.4179,-0.5000000000000004,0.8660254037844384,16,10.5,Tobacco,Low
-19.5439,-12.3344,-7.2095,-0.5000000000000004,0.8660254037844384,16,9.0,Tobacco,Low
-19.9869,-12.3493,-7.637599999999999,-0.5000000000000004,0.8660254037844384,16,9.3,Tobacco,Low
-17.417,-9.84166,-7.575340000000002,-0.5000000000000004,0.8660254037844384,16,11.3,Tobacco,Low
-17.1933,-9.6678,-7.525500000000001,-0.5000000000000004,0.8660254037844384,16,21.5,Tobacco,Medium
-16.7803,-10.021,-6.7593,-0.5000000000000004,0.8660254037844384,16,25.1,Tobacco,High
-17.0459,-8.92339,-8.12251,-0.5000000000000004,0.8660254037844384,16,17.4,Tobacco,Medium
-15.7954,-7.54797,-8.247430000000001,-0.5000000000000004,0.8660254037844384,2,32.06666666666666,Fallow,High
-16.7894,-8.45576,-8.33364,-0.5000000000000004,0.8660254037844384,2,36.8,Fallow,High
-15.0577,-8.77033,-6.287370000000001,-0.5000000000000004,0.8660254037844384,2,39.0,Fallow,High
-14.5567,-8.74441,-5.812289999999999,-0.5000000000000004,0.8660254037844384,2,50.0,Fallow,Very High
-18.0965,-9.92425,-8.172249999999998,-0.5000000000000004,0.8660254037844384,2,9.4,Fallow,Low
-16.554,-8.64839,-7.905609999999999,-0.5000000000000004,0.8660254037844384,2,35.666666666666664,Fallow,High
-17.72,-11.1005,-6.619499999999999,-0.5000000000000004,0.8660254037844384,2,25.1,Fallow,High
-15.9304,-10.1496,-5.780800000000001,-0.5000000000000004,0.8660254037844384,2,15.0,Fallow,Medium
-17.1687,-10.4173,-6.751400000000002,-0.5000000000000004,0.8660254037844384,2,13.3,Fallow,Medium
-15.6121,-8.78998,-6.82212,-0.5000000000000004,0.8660254037844384,2,14.2,Fallow,Medium
-16.9227,-11.2461,-5.676599999999999,-0.5000000000000004,0.8660254037844384,2,14.333333333333332,Fallow,Medium
-12.6159,-7.67033,-4.94557,-0.5000000000000004,0.8660254037844384,2,43.5,Fallow,Very High
-13.3332,-7.23442,-6.09878,-0.5000000000000004,0.8660254037844384,2,44.2,Fallow,Very High
-17.5579,-10.1138,-7.444100000000001,-0.5000000000000004,0.8660254037844384,16,14.5,Tobacco,Medium
-16.1261,-9.60262,-6.523480000000001,-0.5000000000000004,0.8660254037844384,16,26.4,Tobacco,High
-14.8682,-8.34889,-6.519309999999999,-0.5000000000000004,0.8660254037844384,16,16.0,Tobacco,Medium
-15.2388,-6.75165,-8.48715,-0.5000000000000004,0.8660254037844384,2,46.4,Fallow,Very High
-17.2182,-7.34528,-9.87292,-0.5000000000000004,0.8660254037844384,2,2.5,Fallow,Low
-16.8375,-6.74168,-10.09582,-0.5000000000000004,0.8660254037844384,16,37.2,Tobacco,High
-18.1201,-7.80174,-10.318360000000002,-0.5000000000000004,0.8660254037844384,16,38.3,Tobacco,High
-17.4292,-6.83499,-10.59421,-0.5000000000000004,0.8660254037844384,16,36.56666666666667,Tobacco,High
-14.0462,-7.44653,-6.599670000000001,-2.4492935982947064e-16,1.0,9,9.2,Mustard,Low
-16.2277,-9.33352,-6.894179999999999,-2.4492935982947064e-16,1.0,1,7.1,Chickori,Low
-15.1951,-9.28399,-5.911110000000001,-2.4492935982947064e-16,1.0,1,27.1,Chickori,High
-17.4183,-9.70444,-7.713859999999999,-2.4492935982947064e-16,1.0,7,7.4,Lemon,Low
-15.2722,-8.33607,-6.93613,-2.4492935982947064e-16,1.0,1,27.53333333333333,Chickori,High
-17.6808,-10.1541,-7.526700000000002,-2.4492935982947064e-16,1.0,19,11.6,Wheat,Low
-18.7365,-12.2959,-6.4406,-2.4492935982947064e-16,1.0,19,11.8,Wheat,Low
-15.721,-7.93595,-7.78505,-2.4492935982947064e-16,1.0,19,36.8,Wheat,High
-19.2282,-8.11671,-11.111490000000002,-2.4492935982947064e-16,1.0,19,47.3,Wheat,Very High
-19.1796,-11.2415,-7.9381,-2.4492935982947064e-16,1.0,19,6.633333333333334,Wheat,Low
-16.6537,-10.0728,-6.5809,-2.4492935982947064e-16,1.0,19,3.9,Wheat,Low
-18.1092,-11.7679,-6.341300000000002,-2.4492935982947064e-16,1.0,19,11.0,Wheat,Low
-18.5392,-11.5032,-7.036000000000001,-2.4492935982947064e-16,1.0,19,8.8,Wheat,Low
-18.3652,-9.88802,-8.477180000000002,-2.4492935982947064e-16,1.0,19,7.9,Wheat,Low
-18.9546,-11.6986,-7.2559999999999985,-2.4492935982947064e-16,1.0,19,8.966666666666667,Wheat,Low
-18.8663,-11.5938,-7.272499999999999,-2.4492935982947064e-16,1.0,2,12.1,Fallow,Medium
-19.3104,-12.9189,-6.391500000000001,-2.4492935982947064e-16,1.0,2,8.7,Fallow,Low
-18.8113,-11.0742,-7.7371,-2.4492935982947064e-16,1.0,2,17.5,Fallow,Medium
-19.0093,-11.8076,-7.201699999999999,-2.4492935982947064e-16,1.0,2,7.5,Fallow,Low
-18.1151,-11.9449,-6.170200000000001,-2.4492935982947064e-16,1.0,2,7.366666666666666,Fallow,Low
-20.5352,-12.0889,-8.446299999999999,-2.4492935982947064e-16,1.0,19,11.7,Wheat,Low
-19.5427,-13.2522,-6.2905,-2.4492935982947064e-16,1.0,19,13.3,Wheat,Medium
-20.3658,-11.2344,-9.1314,-2.4492935982947064e-16,1.0,19,12.2,Wheat,Medium
-19.3716,-10.7658,-8.6058,-2.4492935982947064e-16,1.0,19,10.9,Wheat,Low
-20.8161,-11.4518,-9.364299999999998,-2.4492935982947064e-16,1.0,19,8.1,Wheat,Low
-18.9072,-11.4608,-7.446399999999999,-2.4492935982947064e-16,1.0,19,6.4,Wheat,Low
-18.0152,-11.9774,-6.037800000000001,-2.4492935982947064e-16,1.0,19,8.5,Wheat,Low
-17.9871,-11.4391,-6.548000000000002,-2.4492935982947064e-16,1.0,19,7.0,Wheat,Low
-17.9042,-10.8925,-7.011699999999999,-2.4492935982947064e-16,1.0,19,8.3,Wheat,Low
-19.7736,-12.5648,-7.208799999999998,-2.4492935982947064e-16,1.0,19,11.333333333333332,Wheat,Low
-18.1225,-11.2484,-6.8740999999999985,-2.4492935982947064e-16,1.0,2,1.4,Fallow,Low
-18.8839,-11.1409,-7.743,-2.4492935982947064e-16,1.0,2,3.0,Fallow,Low
-18.0313,-9.81391,-8.217390000000002,-2.4492935982947064e-16,1.0,2,6.3,Fallow,Low
-16.8363,-11.6382,-5.198100000000002,-2.4492935982947064e-16,1.0,2,1.2,Fallow,Low
-17.8286,-11.3431,-6.485500000000002,-2.4492935982947064e-16,1.0,2,8.566666666666666,Fallow,Low
-17.7219,-11.5145,-6.207400000000002,-2.4492935982947064e-16,1.0,19,24.1,Wheat,Medium
-18.6294,-11.3281,-7.301300000000001,-2.4492935982947064e-16,1.0,19,22.2,Wheat,Medium
-18.317,-9.98145,-8.33555,-2.4492935982947064e-16,1.0,19,13.5,Wheat,Medium
-17.9526,-11.002,-6.9506,-2.4492935982947064e-16,1.0,19,25.7,Wheat,High
-18.2019,-11.2054,-6.996499999999999,-2.4492935982947064e-16,1.0,19,28.133333333333333,Wheat,High
-17.9351,-12.0211,-5.913999999999998,-2.4492935982947064e-16,1.0,19,16.1,Wheat,Medium
-16.9283,-12.0193,-4.909000000000001,-2.4492935982947064e-16,1.0,19,15.7,Wheat,Medium
-17.8288,-9.68352,-8.145280000000001,-2.4492935982947064e-16,1.0,19,17.8,Wheat,Medium
-17.0496,-11.1756,-5.874000000000002,-2.4492935982947064e-16,1.0,19,18.4,Wheat,Medium
-16.8663,-10.9578,-5.908499999999998,-2.4492935982947064e-16,1.0,19,11.366666666666667,Wheat,Low
-20.8249,-14.0198,-6.8050999999999995,-2.4492935982947064e-16,1.0,19,8.8,Wheat,Low
-19.3345,-12.7189,-6.615599999999999,-2.4492935982947064e-16,1.0,19,9.2,Wheat,Low
-19.9954,-12.7668,-7.2286,-2.4492935982947064e-16,1.0,19,10.2,Wheat,Low
-20.3044,-12.8504,-7.454000000000001,-2.4492935982947064e-16,1.0,19,24.3,Wheat,Medium
-20.6879,-13.5636,-7.1243,-2.4492935982947064e-16,1.0,19,10.833333333333334,Wheat,Low
-17.6814,-9.70262,-7.97878,-2.4492935982947064e-16,1.0,19,10.9,Wheat,Low
-18.7006,-10.5411,-8.159500000000001,-2.4492935982947064e-16,1.0,19,13.2,Wheat,Medium
-17.5563,-10.3103,-7.246,-2.4492935982947064e-16,1.0,16,9.5,Tobacco,Low
-16.7137,-10.1517,-6.561999999999999,-2.4492935982947064e-16,1.0,19,11.3,Wheat,Low
-18.0702,-10.4169,-7.6533,-2.4492935982947064e-16,1.0,19,7.466666666666667,Wheat,Low
-17.4426,-7.21412,-10.228479999999998,-2.4492935982947064e-16,1.0,19,35.6,Wheat,High
-19.3064,-10.4628,-8.8436,-2.4492935982947064e-16,1.0,19,21.9,Wheat,Medium
-17.7704,-8.05503,-9.715369999999998,-2.4492935982947064e-16,1.0,19,7.1,Wheat,Low
-17.4,-9.80606,-7.593939999999998,-2.4492935982947064e-16,1.0,19,12.9,Wheat,Medium
-19.4026,-9.64454,-9.75806,-2.4492935982947064e-16,1.0,19,11.799999999999999,Wheat,Low
-17.8418,-11.3459,-6.495899999999999,-2.4492935982947064e-16,1.0,19,24.3,Wheat,Medium
-18.2054,-11.228,-6.977400000000001,-2.4492935982947064e-16,1.0,19,21.8,Wheat,Medium
-17.8225,-11.7969,-6.025600000000001,-2.4492935982947064e-16,1.0,19,21.5,Wheat,Medium
-19.7691,-12.1151,-7.654000000000002,-2.4492935982947064e-16,1.0,19,21.8,Wheat,Medium
-20.5357,-13.5457,-6.989999999999998,-2.4492935982947064e-16,1.0,19,20.666666666666664,Wheat,Medium
-17.5013,-7.30797,-10.19333,-2.4492935982947064e-16,1.0,2,39.8,Fallow,Very High
-16.8625,-8.75275,-8.10975,-2.4492935982947064e-16,1.0,2,13.7,Fallow,Medium
-16.9906,-10.6285,-6.3621,-2.4492935982947064e-16,1.0,19,15.0,Wheat,Medium
-17.8951,-11.0055,-6.8896,-2.4492935982947064e-16,1.0,2,36.2,Fallow,High
-17.7079,-7.64157,-10.066329999999999,-2.4492935982947064e-16,1.0,11,12.466666666666667,Paddy,Medium
-16.1288,-9.74851,-6.380289999999999,-2.4492935982947064e-16,1.0,17,8.8,Tobacco&Chickori,Low
-16.4222,-9.4981,-6.924099999999999,-2.4492935982947064e-16,1.0,17,10.0,Tobacco&Chickori,Low
-19.8934,-13.0458,-6.8476,-2.4492935982947064e-16,1.0,19,20.3,Wheat,Medium
-16.9565,-11.4428,-5.513699999999998,-2.4492935982947064e-16,1.0,19,13.4,Wheat,Medium
-17.7065,-10.6512,-7.055299999999999,-2.4492935982947064e-16,1.0,19,16.566666666666666,Wheat,Medium
-17.3825,-11.0191,-6.3634,-2.4492935982947064e-16,1.0,19,15.3,Wheat,Medium
-17.0733,-11.9141,-5.1592,-2.4492935982947064e-16,1.0,19,8.6,Wheat,Low
-14.7919,-10.0595,-4.7324,-2.4492935982947064e-16,1.0,1,12.2,Chickori,Medium
-16.4965,-10.0229,-6.473600000000001,-2.4492935982947064e-16,1.0,1,27.2,Chickori,High
-16.8158,-10.8271,-5.9887,-2.4492935982947064e-16,1.0,19,8.366666666666667,Wheat,Low
-16.2507,-10.9905,-5.2601999999999975,-2.4492935982947064e-16,1.0,19,13.3,Wheat,Medium
-15.6522,-10.7192,-4.933,-2.4492935982947064e-16,1.0,1,20.9,Chickori,Medium
-16.1047,-10.7707,-5.334000000000001,-2.4492935982947064e-16,1.0,1,17.9,Chickori,Medium
-18.5024,-10.8628,-7.6396000000000015,-2.4492935982947064e-16,1.0,19,10.5,Wheat,Low
-16.4258,-11.0807,-5.345099999999999,-2.4492935982947064e-16,1.0,1,19.53333333333333,Chickori,Medium
-17.2366,-10.4927,-6.7439,-2.4492935982947064e-16,1.0,19,10.8,Wheat,Low
-19.0517,-12.6192,-6.432500000000001,-2.4492935982947064e-16,1.0,19,14.0,Wheat,Medium
-18.0175,-11.8905,-6.126999999999999,-2.4492935982947064e-16,1.0,19,12.0,Wheat,Medium
-19.2848,-11.469,-7.815800000000001,-2.4492935982947064e-16,1.0,19,19.0,Wheat,Medium
-18.4864,-12.8438,-5.6426,-2.4492935982947064e-16,1.0,19,9.333333333333334,Wheat,Low
-12.4401,-5.04447,-7.39563,-2.4492935982947064e-16,1.0,9,31.3,Mustard,High
-15.1081,-10.3569,-4.751200000000001,-2.4492935982947064e-16,1.0,16,25.9,Tobacco,High
-16.0484,-9.69839,-6.350010000000001,-2.4492935982947064e-16,1.0,16,18.7,Tobacco,Medium
-17.1639,-11.06,-6.103900000000001,-2.4492935982947064e-16,1.0,19,14.1,Wheat,Medium
-15.0229,-8.96957,-6.053330000000001,-2.4492935982947064e-16,1.0,16,19.833333333333332,Tobacco,Medium
-16.0769,-7.03168,-9.045219999999999,-2.4492935982947064e-16,1.0,16,9.9,Tobacco,Low
-18.3551,-11.3751,-6.98,-2.4492935982947064e-16,1.0,16,14.9,Tobacco,Medium
-17.0875,-10.1373,-6.950199999999999,-2.4492935982947064e-16,1.0,19,15.5,Wheat,Medium
-16.3354,-6.76892,-9.56648,-2.4492935982947064e-16,1.0,19,7.6,Wheat,Low
-16.6764,-7.94757,-8.728830000000002,-2.4492935982947064e-16,1.0,16,13.5,Tobacco,Medium
-14.7636,-6.13444,-8.62916,-2.4492935982947064e-16,1.0,16,28.2,Tobacco,High
-14.4149,-7.35491,-7.059989999999999,-2.4492935982947064e-16,1.0,16,25.2,Tobacco,High
-14.0245,-8.37229,-5.65221,-2.4492935982947064e-16,1.0,16,27.2,Tobacco,High
-15.5433,-10.4386,-5.104700000000001,-2.4492935982947064e-16,1.0,19,5.8,Wheat,Low
-14.8611,-8.51106,-6.35004,-2.4492935982947064e-16,1.0,16,27.733333333333334,Tobacco,High
-16.5409,-9.46654,-7.07436,-2.4492935982947064e-16,1.0,16,17.1,Tobacco,Medium
-15.2402,-9.78587,-5.454330000000001,-2.4492935982947064e-16,1.0,16,13.4,Tobacco,Medium
-17.36,-9.22433,-8.13567,-2.4492935982947064e-16,1.0,16,13.6,Tobacco,Medium
-18.12,-10.5993,-7.5207000000000015,-2.4492935982947064e-16,1.0,16,12.0,Tobacco,Medium
-18.0781,-9.8641,-8.213999999999999,-2.4492935982947064e-16,1.0,16,15.366666666666667,Tobacco,Medium
-16.5962,-9.85829,-6.737909999999999,-2.4492935982947064e-16,1.0,2,14.3,Fallow,Medium
-16.5217,-10.0054,-6.516299999999999,-2.4492935982947064e-16,1.0,2,14.9,Fallow,Medium
-15.532,-8.20815,-7.32385,-2.4492935982947064e-16,1.0,11,26.4,Paddy,High
-15.728,-7.9874,-7.7406,-2.4492935982947064e-16,1.0,11,43.2,Paddy,Very High
-16.9013,-11.5999,-5.301399999999999,-2.4492935982947064e-16,1.0,11,15.166666666666666,Paddy,Medium
-18.244,-12.3101,-5.9338999999999995,-2.4492935982947064e-16,1.0,16,9.8,Tobacco,Low
-17.0564,-8.11227,-8.94413,-2.4492935982947064e-16,1.0,16,37.9,Tobacco,High
-16.4524,-10.4309,-6.021500000000001,-2.4492935982947064e-16,1.0,16,7.5,Tobacco,Low
-17.5753,-11.0292,-6.546099999999999,-2.4492935982947064e-16,1.0,16,26.4,Tobacco,High
-18.3824,-12.4277,-5.954700000000001,-2.4492935982947064e-16,1.0,19,7.1,Wheat,Low
-16.9925,-8.88583,-8.10667,-2.4492935982947064e-16,1.0,19,38.5,Wheat,High
-17.0497,-8.33876,-8.71094,-2.4492935982947064e-16,1.0,0,41.1,Bhaji,Very High
-19.7611,-12.3533,-7.407799999999998,-2.4492935982947064e-16,1.0,19,10.7,Wheat,Low
-19.2444,-12.0485,-7.195899999999998,-2.4492935982947064e-16,1.0,19,7.3,Wheat,Low
-18.9984,-11.8662,-7.132200000000001,-2.4492935982947064e-16,1.0,19,6.266666666666667,Wheat,Low
-16.5716,-9.33579,-7.235810000000001,-2.4492935982947064e-16,1.0,19,13.7,Wheat,Medium
-16.2567,-9.36997,-6.886729999999998,-2.4492935982947064e-16,1.0,19,17.3,Wheat,Medium
-12.7493,-5.22254,-7.5267599999999995,-2.4492935982947064e-16,1.0,16,27.9,Tobacco,High
-16.774,-8.15243,-8.62157,-2.4492935982947064e-16,1.0,16,38.2,Tobacco,High
-12.1359,-6.58256,-5.5533399999999995,-2.4492935982947064e-16,1.0,16,34.333333333333336,Tobacco,High
-17.7192,-10.3633,-7.3559,-2.4492935982947064e-16,1.0,16,20.3,Tobacco,Medium
-17.6484,-9.4967,-8.151699999999998,-2.4492935982947064e-16,1.0,16,21.5,Tobacco,Medium
-15.0873,-6.90885,-8.178450000000002,-2.4492935982947064e-16,1.0,16,17.3,Tobacco,Medium
-15.4924,-7.87511,-7.61729,-2.4492935982947064e-16,1.0,16,24.7,Tobacco,High
-15.0525,-7.59737,-7.4551300000000005,-2.4492935982947064e-16,1.0,16,29.46666666666667,Tobacco,High
-11.5396,-7.63622,-3.9033800000000003,0.49999999999999994,0.8660254037844387,9,8.7,Mustard,Low
-14.323,-8.98674,-5.336260000000001,0.49999999999999994,0.8660254037844387,1,50.0,Chickori,Very High
-17.1612,-9.16799,-7.993210000000001,0.49999999999999994,0.8660254037844387,1,15.8,Chickori,Medium
-16.5228,-9.98216,-6.54064,0.49999999999999994,0.8660254037844387,7,4.7,Lemon,Low
-15.4173,-9.85488,-5.5624199999999995,0.49999999999999994,0.8660254037844387,1,5.533333333333333,Chickori,Low
-16.7824,-10.4499,-6.3325,0.49999999999999994,0.8660254037844387,19,17.6,Wheat,Medium
-15.5509,-9.08793,-6.46297,0.49999999999999994,0.8660254037844387,19,31.7,Wheat,High
-16.0693,-10.7839,-5.285399999999999,0.49999999999999994,0.8660254037844387,19,27.8,Wheat,High
-14.8419,-9.50716,-5.33474,0.49999999999999994,0.8660254037844387,19,28.0,Wheat,High
-14.8283,-10.8044,-4.023900000000001,0.49999999999999994,0.8660254037844387,19,36.63333333333333,Wheat,High
-15.4123,-9.70914,-5.7031600000000005,0.49999999999999994,0.8660254037844387,19,43.5,Wheat,Very High
-15.4243,-11.7283,-3.6959999999999997,0.49999999999999994,0.8660254037844387,19,41.8,Wheat,Very High
-15.6351,-9.57326,-6.06184,0.49999999999999994,0.8660254037844387,19,37.2,Wheat,High
-14.9015,-9.20196,-5.699540000000001,0.49999999999999994,0.8660254037844387,19,40.5,Wheat,Very High
-14.9442,-9.5903,-5.353900000000001,0.49999999999999994,0.8660254037844387,19,35.63333333333333,Wheat,High
-16.7619,-9.96437,-6.79753,0.49999999999999994,0.8660254037844387,19,13.5,Wheat,Medium
-15.7393,-10.3056,-5.4337,0.49999999999999994,0.8660254037844387,19,28.1,Wheat,High
-13.9825,-9.44994,-4.53256,0.49999999999999994,0.8660254037844387,19,50.0,Wheat,Very High
-13.7952,-9.43116,-4.364039999999999,0.49999999999999994,0.8660254037844387,19,31.5,Wheat,High
-14.3261,-9.63315,-4.69295,0.49999999999999994,0.8660254037844387,19,27.266666666666666,Wheat,High
-18.2454,-12.529,-5.7164,0.49999999999999994,0.8660254037844387,19,16.8,Wheat,Medium
-18.1042,-13.0443,-5.059899999999999,0.49999999999999994,0.8660254037844387,19,19.2,Wheat,Medium
-19.2608,-13.241,-6.0198,0.49999999999999994,0.8660254037844387,19,24.0,Wheat,Medium
-16.2866,-11.6541,-4.6325,0.49999999999999994,0.8660254037844387,19,15.5,Wheat,Medium
-18.8024,-12.013,-6.789399999999999,0.49999999999999994,0.8660254037844387,19,19.433333333333334,Wheat,Medium
-17.7822,-11.0555,-6.726699999999999,0.49999999999999994,0.8660254037844387,19,16.8,Wheat,Medium
-16.5881,-10.8434,-5.7447,0.49999999999999994,0.8660254037844387,19,16.7,Wheat,Medium
-15.1856,-8.64886,-6.53674,0.49999999999999994,0.8660254037844387,19,40.5,Wheat,Very High
-14.7551,-9.49351,-5.26159,0.49999999999999994,0.8660254037844387,19,44.4,Wheat,Very High
-16.9981,-10.8364,-6.1617000000000015,0.49999999999999994,0.8660254037844387,19,12.8,Wheat,Medium
-18.4114,-9.73007,-8.68133,0.49999999999999994,0.8660254037844387,2,50.0,Fallow,Very High
-20.8136,-12.2341,-8.579500000000001,0.49999999999999994,0.8660254037844387,2,50.0,Fallow,Very High
-18.2702,-11.0335,-7.236699999999999,0.49999999999999994,0.8660254037844387,2,50.0,Fallow,Very High
-20.0097,-14.2294,-5.780299999999999,0.49999999999999994,0.8660254037844387,2,50.0,Fallow,Very High
-19.8683,-12.3218,-7.546500000000002,0.49999999999999994,0.8660254037844387,2,50.0,Fallow,Very High
-14.4919,-10.0254,-4.4665,0.49999999999999994,0.8660254037844387,19,46.5,Wheat,Very High
-14.6334,-9.05756,-5.5758399999999995,0.49999999999999994,0.8660254037844387,19,42.3,Wheat,Very High
-15.221,-8.834,-6.3870000000000005,0.49999999999999994,0.8660254037844387,19,39.5,Wheat,Very High
-14.4385,-9.02234,-5.41616,0.49999999999999994,0.8660254037844387,19,48.0,Wheat,Very High
-14.1065,-8.98184,-5.12466,0.49999999999999994,0.8660254037844387,19,50.0,Wheat,Very High
-12.9828,-8.40287,-4.579929999999999,0.49999999999999994,0.8660254037844387,19,50.0,Wheat,Very High
-13.9989,-9.22932,-4.769580000000001,0.49999999999999994,0.8660254037844387,19,50.0,Wheat,Very High
-13.4555,-9.22315,-4.23235,0.49999999999999994,0.8660254037844387,19,37.1,Wheat,High
-13.9509,-8.36585,-5.585050000000001,0.49999999999999994,0.8660254037844387,19,50.0,Wheat,Very High
-12.9206,-8.38278,-4.53782,0.49999999999999994,0.8660254037844387,19,50.0,Wheat,Very High
-14.8409,-9.48501,-5.355889999999999,0.49999999999999994,0.8660254037844387,19,40.0,Wheat,Very High
-14.3227,-7.98424,-6.3384599999999995,0.49999999999999994,0.8660254037844387,19,37.1,Wheat,High
-13.942,-7.92383,-6.0181700000000005,0.49999999999999994,0.8660254037844387,19,41.7,Wheat,Very High
-14.9027,-9.84828,-5.054419999999999,0.49999999999999994,0.8660254037844387,19,39.7,Wheat,Very High
-14.1597,-9.32371,-4.835990000000001,0.49999999999999994,0.8660254037844387,19,42.6,Wheat,Very High
-18.8855,-12.1839,-6.701600000000001,0.49999999999999994,0.8660254037844387,19,17.0,Wheat,Medium
-18.5168,-12.2374,-6.279400000000001,0.49999999999999994,0.8660254037844387,19,22.7,Wheat,Medium
-16.2903,-8.96052,-7.329779999999998,0.49999999999999994,0.8660254037844387,16,10.3,Tobacco,Low
-16.1573,-11.6706,-4.486699999999999,0.49999999999999994,0.8660254037844387,19,28.6,Wheat,High
-18.1201,-12.2229,-5.8972000000000016,0.49999999999999994,0.8660254037844387,19,18.0,Wheat,Medium
-16.5822,-11.0462,-5.536,0.49999999999999994,0.8660254037844387,19,22.5,Wheat,Medium
-15.8812,-10.5153,-5.3659,0.49999999999999994,0.8660254037844387,19,36.2,Wheat,High
-15.0137,-10.1711,-4.842600000000001,0.49999999999999994,0.8660254037844387,19,39.3,Wheat,Very High
-15.817,-9.24263,-6.57437,0.49999999999999994,0.8660254037844387,19,40.3,Wheat,Very High
-16.6993,-11.7079,-4.9914000000000005,0.49999999999999994,0.8660254037844387,19,19.566666666666666,Wheat,Medium
-16.1574,-10.7433,-5.4140999999999995,0.49999999999999994,0.8660254037844387,19,30.3,Wheat,High
-16.5286,-10.8412,-5.6874,0.49999999999999994,0.8660254037844387,19,25.7,Wheat,High
-18.1929,-11.7019,-6.491000000000001,0.49999999999999994,0.8660254037844387,19,26.2,Wheat,High
-17.8629,-11.268,-6.594899999999999,0.49999999999999994,0.8660254037844387,19,22.7,Wheat,Medium
-18.3826,-12.7516,-5.631,0.49999999999999994,0.8660254037844387,19,25.03333333333333,Wheat,High
-15.4043,-6.99299,-8.41131,0.49999999999999994,0.8660254037844387,19,39.8,Wheat,Very High
-15.4917,-9.12098,-6.37072,0.49999999999999994,0.8660254037844387,19,44.5,Wheat,Very High
-14.7563,-9.58836,-5.16794,0.49999999999999994,0.8660254037844387,19,26.3,Wheat,High
-18.0314,-11.075,-6.956400000000002,0.49999999999999994,0.8660254037844387,2,50.0,Fallow,Very High
-15.5752,-7.88299,-7.69221,0.49999999999999994,0.8660254037844387,19,42.1,Wheat,Very High
-14.8783,-8.50801,-6.370289999999999,0.49999999999999994,0.8660254037844387,17,14.7,Tobacco&Chickori,Medium
-15.3148,-7.97062,-7.34418,0.49999999999999994,0.8660254037844387,17,18.0,Tobacco&Chickori,Medium
-14.718,-8.16072,-6.55728,0.49999999999999994,0.8660254037844387,1,26.7,Chickori,High
-16.4789,-9.75548,-6.723419999999999,0.49999999999999994,0.8660254037844387,1,31.5,Chickori,High
-15.6628,-9.21482,-6.447980000000001,0.49999999999999994,0.8660254037844387,1,29.166666666666668,Chickori,High
-14.7798,-10.7378,-4.042,0.49999999999999994,0.8660254037844387,19,21.9,Wheat,Medium
-16.0701,-9.75722,-6.31288,0.49999999999999994,0.8660254037844387,19,21.1,Wheat,Medium
-14.0855,-9.15274,-4.93276,0.49999999999999994,0.8660254037844387,1,14.1,Chickori,Medium
-14.2032,-8.23296,-5.97024,0.49999999999999994,0.8660254037844387,1,17.4,Chickori,Medium
-14.9238,-10.6211,-4.3027,0.49999999999999994,0.8660254037844387,19,25.3,Wheat,High
-15.1833,-9.39411,-5.78919,0.49999999999999994,0.8660254037844387,19,36.3,Wheat,High
-14.2857,-8.87994,-5.405760000000001,0.49999999999999994,0.8660254037844387,19,38.9,Wheat,High
-15.0224,-9.32048,-5.701919999999999,0.49999999999999994,0.8660254037844387,1,36.3,Chickori,High
-14.6564,-9.59774,-5.05866,0.49999999999999994,0.8660254037844387,19,39.2,Wheat,Very High
-14.6934,-8.92558,-5.76782,0.49999999999999994,0.8660254037844387,1,38.233333333333334,Chickori,High
-15.2741,-11.7519,-3.5222000000000016,0.49999999999999994,0.8660254037844387,19,50.0,Wheat,Very High
-15.2789,-9.39742,-5.88148,0.49999999999999994,0.8660254037844387,19,26.1,Wheat,High
-14.2067,-8.68391,-5.5227900000000005,0.49999999999999994,0.8660254037844387,18,50.0,Weed&Chickori,Very High
-14.8864,-10.3688,-4.5176,0.49999999999999994,0.8660254037844387,19,50.0,Wheat,Very High
-16.0106,-11.0616,-4.949,0.49999999999999994,0.8660254037844387,19,27.5,Wheat,High
-11.8141,-4.889,-6.9251,0.49999999999999994,0.8660254037844387,9,11.1,Mustard,Low
-13.8549,-6.58466,-7.27024,0.49999999999999994,0.8660254037844387,16,34.2,Tobacco,High
-12.5702,-6.88008,-5.690119999999999,0.49999999999999994,0.8660254037844387,16,22.1,Tobacco,Medium
-15.5821,-9.41477,-6.16733,0.49999999999999994,0.8660254037844387,19,34.0,Wheat,High
-13.1134,-6.69729,-6.416110000000001,0.49999999999999994,0.8660254037844387,16,26.266666666666666,Tobacco,High
-12.0053,-4.55588,-7.44942,0.49999999999999994,0.8660254037844387,16,34.6,Tobacco,High
-12.5588,-7.75929,-4.79951,0.49999999999999994,0.8660254037844387,19,47.3,Wheat,Very High
-11.5177,-5.1475,-6.3702,0.49999999999999994,0.8660254037844387,16,37.8,Tobacco,High
-12.3139,-4.62778,-7.686120000000001,0.49999999999999994,0.8660254037844387,16,38.4,Tobacco,High
-8.51928,-4.38762,-4.13166,0.49999999999999994,0.8660254037844387,16,38.6,Tobacco,High
-14.4875,-6.65084,-7.836660000000001,0.49999999999999994,0.8660254037844387,16,20.4,Tobacco,Medium
-11.9224,-4.38034,-7.542059999999999,0.49999999999999994,0.8660254037844387,16,18.6,Tobacco,Medium
-10.5732,-6.83968,-3.7335199999999995,0.49999999999999994,0.8660254037844387,16,21.6,Tobacco,Medium
-13.9667,-8.96324,-5.003459999999999,0.49999999999999994,0.8660254037844387,19,24.4,Wheat,High
-11.9098,-5.06235,-6.84745,0.49999999999999994,0.8660254037844387,16,19.8,Tobacco,Medium
-15.2095,-8.1386,-7.0709,0.49999999999999994,0.8660254037844387,16,24.9,Tobacco,High
-15.2798,-8.52858,-6.75122,0.49999999999999994,0.8660254037844387,16,21.1,Tobacco,Medium
-14.9254,-6.82117,-8.10423,0.49999999999999994,0.8660254037844387,16,24.9,Tobacco,High
-13.8776,-6.75098,-7.126619999999999,0.49999999999999994,0.8660254037844387,16,23.0,Tobacco,Medium
-14.103,-6.63893,-7.4640699999999995,0.49999999999999994,0.8660254037844387,16,23.833333333333332,Tobacco,Medium
-13.7533,-6.4855,-7.267799999999999,0.49999999999999994,0.8660254037844387,16,23.1,Tobacco,Medium
-9.05371,-5.75431,-3.2994000000000003,0.49999999999999994,0.8660254037844387,16,41.2,Tobacco,Very High
-13.4286,-6.93428,-6.494319999999999,0.49999999999999994,0.8660254037844387,16,26.7,Tobacco,High
-15.3144,-8.94126,-6.373139999999999,0.49999999999999994,0.8660254037844387,2,19.1,Fallow,Medium
-13.7703,-7.83323,-5.93707,0.49999999999999994,0.8660254037844387,19,38.93333333333334,Wheat,High
-16.0378,-8.98771,-7.050090000000001,0.49999999999999994,0.8660254037844387,19,21.9,Wheat,Medium
-16.4705,-11.4268,-5.043700000000001,0.49999999999999994,0.8660254037844387,0,27.8,Bhaji,High
-16.4688,-11.9319,-4.536900000000001,0.49999999999999994,0.8660254037844387,19,27.8,Wheat,High
-15.2937,-8.63301,-6.660689999999999,0.49999999999999994,0.8660254037844387,19,21.3,Wheat,Medium
-17.2874,-10.9716,-6.315800000000001,0.49999999999999994,0.8660254037844387,19,20.46666666666667,Wheat,Medium
-15.49,-10.5958,-4.8942,0.49999999999999994,0.8660254037844387,19,39.3,Wheat,Very High
-14.8411,-9.18359,-5.65751,0.49999999999999994,0.8660254037844387,19,22.0,Wheat,Medium
-15.9913,-10.7964,-5.1949000000000005,0.49999999999999994,0.8660254037844387,19,29.0,Wheat,High
-16.8731,-12.7584,-4.114700000000001,0.49999999999999994,0.8660254037844387,19,26.5,Wheat,High
-15.2175,-10.0722,-5.145299999999999,0.49999999999999994,0.8660254037844387,19,20.03333333333333,Wheat,Medium
-15.3651,-10.5871,-4.7780000000000005,0.49999999999999994,0.8660254037844387,19,8.6,Wheat,Low
-16.02,-11.404,-4.616,0.49999999999999994,0.8660254037844387,19,9.0,Wheat,Low
-11.4553,-5.50537,-5.949929999999999,0.49999999999999994,0.8660254037844387,16,29.4,Tobacco,High
-13.3615,-8.21749,-5.14401,0.49999999999999994,0.8660254037844387,16,26.3,Tobacco,High
-12.6595,-6.21008,-6.44942,0.49999999999999994,0.8660254037844387,16,28.066666666666666,Tobacco,High
-15.6868,-9.37278,-6.314019999999999,0.49999999999999994,0.8660254037844387,19,28.9,Wheat,High
-14.3984,-7.84593,-6.5524700000000005,0.49999999999999994,0.8660254037844387,16,16.8,Tobacco,Medium
-14.3983,-6.44354,-7.954760000000001,0.49999999999999994,0.8660254037844387,16,46.0,Tobacco,Very High
-13.4604,-5.85583,-7.60457,0.49999999999999994,0.8660254037844387,16,38.9,Tobacco,High
-13.4343,-5.61265,-7.82165,0.49999999999999994,0.8660254037844387,16,36.766666666666666,Tobacco,High
-12.186,-8.23944,-3.94656,0.49999999999999994,0.8660254037844387,9,11.5,Mustard,Low
-14.2387,-8.5873,-5.651399999999999,0.49999999999999994,0.8660254037844387,1,30.3,Chickori,High
-15.5438,-9.51593,-6.027869999999998,0.49999999999999994,0.8660254037844387,1,21.9,Chickori,Medium
-16.0669,-9.92072,-6.146180000000001,0.49999999999999994,0.8660254037844387,7,9.4,Lemon,Low
-14.9784,-8.8465,-6.1319,0.49999999999999994,0.8660254037844387,1,13.3,Chickori,Medium
-17.6583,-9.95834,-7.699960000000001,0.49999999999999994,0.8660254037844387,19,17.3,Wheat,Medium
-16.3201,-10.9422,-5.3779,0.49999999999999994,0.8660254037844387,19,24.3,Wheat,Medium
-16.9359,-12.4538,-4.482100000000001,0.49999999999999994,0.8660254037844387,19,21.3,Wheat,Medium
-17.0737,-11.5407,-5.5329999999999995,0.49999999999999994,0.8660254037844387,19,16.8,Wheat,Medium
-17.3451,-11.4806,-5.864499999999998,0.49999999999999994,0.8660254037844387,19,18.333333333333332,Wheat,Medium
-16.2627,-11.1686,-5.094099999999999,0.49999999999999994,0.8660254037844387,19,37.7,Wheat,High
-15.7022,-11.468,-4.2341999999999995,0.49999999999999994,0.8660254037844387,19,27.5,Wheat,High
-16.2336,-10.1653,-6.068299999999999,0.49999999999999994,0.8660254037844387,19,24.3,Wheat,Medium
-15.956,-11.3401,-4.6159,0.49999999999999994,0.8660254037844387,19,30.6,Wheat,High
-16.9755,-12.5233,-4.4521999999999995,0.49999999999999994,0.8660254037844387,19,26.8,Wheat,High
-15.6671,-10.1801,-5.487,0.49999999999999994,0.8660254037844387,19,14.4,Wheat,Medium
-16.0585,-10.2699,-5.788599999999999,0.49999999999999994,0.8660254037844387,19,23.9,Wheat,Medium
-15.4619,-10.7014,-4.7605,0.49999999999999994,0.8660254037844387,19,26.8,Wheat,High
-15.5571,-10.7794,-4.777699999999999,0.49999999999999994,0.8660254037844387,19,20.0,Wheat,Medium
-14.9434,-10.2317,-4.7117,0.49999999999999994,0.8660254037844387,19,20.033333333333335,Wheat,Medium
-17.1166,-10.9082,-6.2083999999999975,0.49999999999999994,0.8660254037844387,19,44.6,Wheat,Very High
-16.932,-11.0939,-5.838099999999999,0.49999999999999994,0.8660254037844387,19,49.7,Wheat,Very High
-16.5729,-11.9191,-4.6538,0.49999999999999994,0.8660254037844387,19,56.4,Wheat,Very High
-16.2743,-10.7624,-5.511900000000001,0.49999999999999994,0.8660254037844387,19,42.8,Wheat,Very High
-16.9523,-11.6317,-5.320600000000001,0.49999999999999994,0.8660254037844387,19,49.5,Wheat,Very High
-15.6288,-10.6945,-4.9343,0.49999999999999994,0.8660254037844387,19,46.7,Wheat,Very High
-14.2659,-8.39123,-5.87467,0.49999999999999994,0.8660254037844387,19,41.8,Wheat,Very High
-15.9383,-10.9094,-5.0289,0.49999999999999994,0.8660254037844387,19,31.3,Wheat,High
-15.9894,-11.2299,-4.759499999999999,0.49999999999999994,0.8660254037844387,19,49.6,Wheat,Very High
-15.6686,-11.0403,-4.628299999999999,0.49999999999999994,0.8660254037844387,19,47.833333333333336,Wheat,Very High
-19.0665,-12.2615,-6.8050000000000015,0.49999999999999994,0.8660254037844387,2,50.0,Fallow,Very High
-19.5801,-12.3222,-7.257900000000001,0.49999999999999994,0.8660254037844387,2,50.0,Fallow,Very High
-19.2929,-9.30659,-9.98631,0.49999999999999994,0.8660254037844387,2,50.0,Fallow,Very High
-21.2272,-14.123,-7.1042000000000005,0.49999999999999994,0.8660254037844387,2,50.0,Fallow,Very High
-19.8921,-12.155,-7.7371,0.49999999999999994,0.8660254037844387,2,50.0,Fallow,Very High
-16.8547,-11.9814,-4.8733,0.49999999999999994,0.8660254037844387,19,30.4,Wheat,High
-16.6034,-10.905,-5.698400000000001,0.49999999999999994,0.8660254037844387,19,21.5,Wheat,Medium
-15.4321,-8.83472,-6.597379999999999,0.49999999999999994,0.8660254037844387,19,50.0,Wheat,Very High
-15.5413,-10.3801,-5.161199999999999,0.49999999999999994,0.8660254037844387,19,24.8,Wheat,High
-16.3067,-10.8623,-5.4444,0.49999999999999994,0.8660254037844387,19,31.8,Wheat,High
-16.5009,-9.06509,-7.435810000000002,0.49999999999999994,0.8660254037844387,19,28.3,Wheat,High
-15.6414,-10.0537,-5.587700000000002,0.49999999999999994,0.8660254037844387,19,27.7,Wheat,High
-15.8904,-8.92933,-6.961069999999999,0.49999999999999994,0.8660254037844387,19,35.4,Wheat,High
-15.1796,-9.47953,-5.70007,0.49999999999999994,0.8660254037844387,19,29.7,Wheat,High
-15.2609,-8.24861,-7.01229,0.49999999999999994,0.8660254037844387,19,33.766666666666666,Wheat,High
-17.3715,-12.6838,-4.687700000000001,0.49999999999999994,0.8660254037844387,19,18.2,Wheat,Medium
-14.1088,-9.86262,-4.246180000000001,0.49999999999999994,0.8660254037844387,19,20.5,Wheat,Medium
-14.8262,-9.11705,-5.709149999999999,0.49999999999999994,0.8660254037844387,19,27.1,Wheat,High
-17.2411,-11.5787,-5.6624,0.49999999999999994,0.8660254037844387,19,19.3,Wheat,Medium
-16.3782,-11.2489,-5.129299999999999,0.49999999999999994,0.8660254037844387,19,20.933333333333334,Wheat,Medium
-15.205,-11.7508,-3.4542,0.49999999999999994,0.8660254037844387,19,50.0,Wheat,Very High
-17.3032,-10.4226,-6.880600000000001,0.49999999999999994,0.8660254037844387,19,50.0,Wheat,Very High
-14.5867,-5.55237,-9.03433,0.49999999999999994,0.8660254037844387,16,50.0,Tobacco,Very High
-15.4608,-9.6714,-5.7894000000000005,0.49999999999999994,0.8660254037844387,19,50.0,Wheat,Very High
-16.582,-10.9173,-5.664700000000002,0.49999999999999994,0.8660254037844387,19,50.0,Wheat,Very High
-15.9931,-10.4864,-5.5067,0.49999999999999994,0.8660254037844387,19,45.2,Wheat,Very High
-15.2281,-10.7843,-4.4437999999999995,0.49999999999999994,0.8660254037844387,19,37.1,Wheat,High
-14.7895,-10.6469,-4.1426,0.49999999999999994,0.8660254037844387,19,39.2,Wheat,Very High
-14.7874,-10.9792,-3.8081999999999994,0.49999999999999994,0.8660254037844387,19,37.1,Wheat,High
-14.8197,-11.2465,-3.5732,0.49999999999999994,0.8660254037844387,19,49.766666666666666,Wheat,Very High
-14.4206,-8.29293,-6.12767,0.49999999999999994,0.8660254037844387,19,31.5,Wheat,High
-16.1968,-9.89683,-6.29997,0.49999999999999994,0.8660254037844387,19,40.0,Wheat,Very High
-15.307,-11.7033,-3.6037,0.49999999999999994,0.8660254037844387,19,41.2,Wheat,Very High
-14.6731,-10.6978,-3.975299999999999,0.49999999999999994,0.8660254037844387,19,35.0,Wheat,High
-14.2847,-11.1177,-3.1670000000000016,0.49999999999999994,0.8660254037844387,19,31.466666666666665,Wheat,High
-15.6839,-9.70795,-5.975949999999999,0.49999999999999994,0.8660254037844387,19,26.4,Wheat,High
-16.3498,-10.7903,-5.559499999999998,0.49999999999999994,0.8660254037844387,19,29.7,Wheat,High
-14.6972,-10.2006,-4.496600000000001,0.49999999999999994,0.8660254037844387,19,31.7,Wheat,High
-16.8298,-11.5686,-5.261199999999999,0.49999999999999994,0.8660254037844387,2,50.0,Fallow,Very High
-16.1381,-10.3474,-5.790700000000001,0.49999999999999994,0.8660254037844387,19,22.46666666666667,Wheat,Medium
-14.697,-8.0968,-6.600199999999999,0.49999999999999994,0.8660254037844387,17,11.9,Tobacco&Chickori,Medium
-14.8821,-7.42032,-7.461779999999999,0.49999999999999994,0.8660254037844387,17,13.2,Tobacco&Chickori,Medium
-13.8753,-9.33721,-4.538089999999999,0.49999999999999994,0.8660254037844387,1,24.2,Chickori,Medium
-14.7001,-8.42968,-6.270420000000001,0.49999999999999994,0.8660254037844387,1,22.6,Chickori,Medium
-14.2055,-7.73729,-6.468210000000001,0.49999999999999994,0.8660254037844387,1,23.8,Chickori,Medium
-14.0663,-9.24351,-4.8227899999999995,0.49999999999999994,0.8660254037844387,19,28.5,Wheat,High
-13.9646,-9.53856,-4.42604,0.49999999999999994,0.8660254037844387,19,25.8,Wheat,High
-13.1507,-8.51202,-4.638680000000001,0.49999999999999994,0.8660254037844387,1,29.8,Chickori,High
-13.8451,-8.02083,-5.82427,0.49999999999999994,0.8660254037844387,1,25.1,Chickori,High
-13.693,-9.18496,-4.508039999999999,0.49999999999999994,0.8660254037844387,19,23.2,Wheat,Medium
-16.5834,-9.94014,-6.6432600000000015,0.49999999999999994,0.8660254037844387,19,18.4,Wheat,Medium
-15.7677,-10.2866,-5.4811,0.49999999999999994,0.8660254037844387,19,27.4,Wheat,High
-14.9713,-10.4383,-4.5329999999999995,0.49999999999999994,0.8660254037844387,1,25.8,Chickori,High
-15.27,-10.4266,-4.843399999999999,0.49999999999999994,0.8660254037844387,19,30.4,Wheat,High
-15.1571,-10.6741,-4.4830000000000005,0.49999999999999994,0.8660254037844387,1,27.566666666666666,Chickori,High
-15.4661,-10.3945,-5.0716,0.49999999999999994,0.8660254037844387,19,26.9,Wheat,High
-16.0858,-10.1902,-5.895599999999998,0.49999999999999994,0.8660254037844387,19,16.8,Wheat,Medium
-15.5935,-10.3974,-5.196100000000001,0.49999999999999994,0.8660254037844387,18,24.1,Weed&Chickori,Medium
-16.8782,-11.3452,-5.5329999999999995,0.49999999999999994,0.8660254037844387,19,25.4,Wheat,High
-15.6528,-11.0237,-4.629099999999999,0.49999999999999994,0.8660254037844387,19,22.46666666666667,Wheat,Medium
-12.1096,-4.35332,-7.75628,0.49999999999999994,0.8660254037844387,9,37.6,Mustard,High
-12.6734,-6.90669,-5.766710000000001,0.49999999999999994,0.8660254037844387,16,31.6,Tobacco,High
-12.5303,-6.38405,-6.14625,0.49999999999999994,0.8660254037844387,16,28.4,Tobacco,High
-14.1099,-8.30811,-5.8017900000000004,0.49999999999999994,0.8660254037844387,19,28.3,Wheat,High
-12.6323,-6.14565,-6.486650000000001,0.49999999999999994,0.8660254037844387,16,23.633333333333333,Tobacco,Medium
-11.5008,-4.55879,-6.94201,0.49999999999999994,0.8660254037844387,16,23.6,Tobacco,Medium
-12.2565,-9.20599,-3.050510000000001,0.49999999999999994,0.8660254037844387,19,26.5,Wheat,High
-13.6459,-5.13572,-8.510179999999998,0.49999999999999994,0.8660254037844387,16,21.6,Tobacco,Medium
-12.2502,-3.92874,-8.32146,0.49999999999999994,0.8660254037844387,16,19.5,Tobacco,Medium
-12.9911,-4.2588,-8.732299999999999,0.49999999999999994,0.8660254037844387,16,24.466666666666665,Tobacco,High
-13.6907,-6.34436,-7.34634,0.49999999999999994,0.8660254037844387,16,30.1,Tobacco,High
-11.3752,-3.2291,-8.1461,0.49999999999999994,0.8660254037844387,16,29.3,Tobacco,High
-12.7811,-4.84493,-7.936170000000001,0.49999999999999994,0.8660254037844387,16,35.1,Tobacco,High
-16.2037,-8.27562,-7.928080000000001,0.49999999999999994,0.8660254037844387,19,18.8,Wheat,Medium
-12.3364,-3.99248,-8.343919999999999,0.49999999999999994,0.8660254037844387,16,27.733333333333334,Tobacco,High
-14.5675,-7.02278,-7.544720000000001,0.49999999999999994,0.8660254037844387,16,29.7,Tobacco,High
-14.8695,-6.81099,-8.05851,0.49999999999999994,0.8660254037844387,16,35.2,Tobacco,High
-13.516,-4.30387,-9.21213,0.49999999999999994,0.8660254037844387,16,24.7,Tobacco,High
-12.8364,-4.96629,-7.8701099999999995,0.49999999999999994,0.8660254037844387,16,28.2,Tobacco,High
-15.0041,-4.56167,-10.442429999999998,0.49999999999999994,0.8660254037844387,16,27.433333333333334,Tobacco,High
-12.1865,-5.48042,-6.706080000000001,0.49999999999999994,0.8660254037844387,16,34.9,Tobacco,High
-12.0578,-3.93838,-8.11942,0.49999999999999994,0.8660254037844387,16,23.2,Tobacco,Medium
-11.4954,-5.00131,-6.49409,0.49999999999999994,0.8660254037844387,16,29.0,Tobacco,High
-16.354,-6.90903,-9.44497,0.49999999999999994,0.8660254037844387,2,17.8,Fallow,Medium
-14.5777,-9.93028,-4.64742,0.49999999999999994,0.8660254037844387,19,18.1,Wheat,Medium
-13.4346,-8.82331,-4.61129,0.49999999999999994,0.8660254037844387,19,21.7,Wheat,Medium
-15.5961,-11.2159,-4.3802,0.49999999999999994,0.8660254037844387,0,39.3,Bhaji,Very High
-15.6754,-12.2058,-3.4696,0.49999999999999994,0.8660254037844387,19,25.6,Wheat,High
-14.0467,-9.33508,-4.71162,0.49999999999999994,0.8660254037844387,19,22.1,Wheat,Medium
-14.5869,-11.4771,-3.1098,0.49999999999999994,0.8660254037844387,19,20.133333333333333,Wheat,Medium
-15.6336,-10.8891,-4.7445,0.49999999999999994,0.8660254037844387,19,19.8,Wheat,Medium
-16.152,-9.84884,-6.303160000000002,0.49999999999999994,0.8660254037844387,19,25.9,Wheat,High
-14.949,-9.38173,-5.567270000000001,0.49999999999999994,0.8660254037844387,19,34.7,Wheat,High
-14.2766,-10.6539,-3.6227,0.49999999999999994,0.8660254037844387,19,39.6,Wheat,Very High
-14.2282,-9.77077,-4.457429999999999,0.49999999999999994,0.8660254037844387,19,43.03333333333333,Wheat,Very High
-14.7608,-9.63492,-5.12588,0.49999999999999994,0.8660254037844387,19,50.0,Wheat,Very High
-14.1151,-9.43904,-4.67606,0.49999999999999994,0.8660254037844387,19,29.1,Wheat,High
-7.98165,-2.47196,-5.50969,0.49999999999999994,0.8660254037844387,16,19.1,Tobacco,Medium
-13.6156,-5.82751,-7.78809,0.49999999999999994,0.8660254037844387,16,39.7,Tobacco,Very High
-11.9856,-7.16127,-4.82433,0.49999999999999994,0.8660254037844387,16,17.03333333333333,Tobacco,Medium
-14.9478,-9.25458,-5.69322,0.49999999999999994,0.8660254037844387,19,40.6,Wheat,Very High
-14.4127,-6.28017,-8.13253,0.49999999999999994,0.8660254037844387,16,34.7,Tobacco,High
-12.4329,-5.99228,-6.44062,0.49999999999999994,0.8660254037844387,16,22.7,Tobacco,Medium
-14.2756,-7.07289,-7.202710000000001,0.49999999999999994,0.8660254037844387,16,25.9,Tobacco,High
-13.338,-4.8338,-8.504199999999999,0.49999999999999994,0.8660254037844387,16,25.566666666666666,Tobacco,High
-15.7491,-7.55793,-8.19117,0.8660254037844386,0.5000000000000001,2,31.7,Fallow,High
-15.1052,-10.042,-5.0632,0.8660254037844386,0.5000000000000001,1,15.0,Chickori,Medium
-16.2079,-8.83637,-7.371529999999998,0.8660254037844386,0.5000000000000001,1,30.4,Chickori,High
-16.8035,-10.1382,-6.6653,0.8660254037844386,0.5000000000000001,7,1.9,Lemon,Low
-15.1126,-8.26865,-6.843950000000001,0.8660254037844386,0.5000000000000001,1,32.7,Chickori,High
-16.4743,-11.4755,-4.998799999999999,0.8660254037844386,0.5000000000000001,19,25.5,Wheat,High
-15.1228,-11.4411,-3.6816999999999993,0.8660254037844386,0.5000000000000001,19,29.1,Wheat,High
-17.507,-11.8249,-5.682100000000002,0.8660254037844386,0.5000000000000001,19,21.8,Wheat,Medium
-17.0632,-11.7332,-5.329999999999998,0.8660254037844386,0.5000000000000001,19,14.7,Wheat,Medium
-16.7978,-12.5305,-4.267299999999999,0.8660254037844386,0.5000000000000001,19,21.2,Wheat,Medium
-14.4156,-10.3629,-4.0527,0.8660254037844386,0.5000000000000001,19,33.6,Wheat,High
-15.6359,-12.5786,-3.0572999999999997,0.8660254037844386,0.5000000000000001,19,31.3,Wheat,High
-15.5467,-12.6783,-2.8683999999999994,0.8660254037844386,0.5000000000000001,19,30.7,Wheat,High
-15.7564,-12.4753,-3.2810999999999986,0.8660254037844386,0.5000000000000001,19,35.1,Wheat,High
-16.4941,-14.4765,-2.0176,0.8660254037844386,0.5000000000000001,19,33.766666666666666,Wheat,High
-16.4377,-10.5224,-5.9153,0.8660254037844386,0.5000000000000001,19,24.4,Wheat,High
-17.6211,-11.8147,-5.806399999999998,0.8660254037844386,0.5000000000000001,19,26.4,Wheat,High
-16.2021,-10.2135,-5.988600000000002,0.8660254037844386,0.5000000000000001,19,39.4,Wheat,Very High
-15.084,-10.2963,-4.787699999999999,0.8660254037844386,0.5000000000000001,19,29.8,Wheat,High
-15.6963,-10.1023,-5.594000000000001,0.8660254037844386,0.5000000000000001,19,35.0,Wheat,High
-18.468,-14.5624,-3.9055999999999997,0.8660254037844386,0.5000000000000001,19,24.4,Wheat,High
-19.2072,-13.9204,-5.2867999999999995,0.8660254037844386,0.5000000000000001,19,21.1,Wheat,Medium
-18.4306,-13.4764,-4.954199999999998,0.8660254037844386,0.5000000000000001,19,26.1,Wheat,High
-18.2222,-12.0832,-6.139000000000001,0.8660254037844386,0.5000000000000001,19,20.5,Wheat,Medium
-19.2194,-13.793,-5.426400000000001,0.8660254037844386,0.5000000000000001,19,24.099999999999998,Wheat,Medium
-16.9186,-11.3492,-5.569400000000002,0.8660254037844386,0.5000000000000001,19,36.1,Wheat,High
-15.3345,-9.51731,-5.81719,0.8660254037844386,0.5000000000000001,19,23.6,Wheat,Medium
-15.3917,-12.0598,-3.331900000000001,0.8660254037844386,0.5000000000000001,19,42.8,Wheat,Very High
-16.3063,-12.5773,-3.729000000000001,0.8660254037844386,0.5000000000000001,19,36.5,Wheat,High
-17.1663,-12.4968,-4.669499999999999,0.8660254037844386,0.5000000000000001,19,24.133333333333333,Wheat,Medium
-19.0664,-10.012,-9.054400000000001,0.8660254037844386,0.5000000000000001,2,50.0,Fallow,Very High
-20.3766,-10.2549,-10.1217,0.8660254037844386,0.5000000000000001,2,50.0,Fallow,Very High
-18.3143,-9.68626,-8.628039999999999,0.8660254037844386,0.5000000000000001,2,50.0,Fallow,Very High
-20.1205,-11.5837,-8.5368,0.8660254037844386,0.5000000000000001,2,50.0,Fallow,Very High
-20.8537,-10.708,-10.1457,0.8660254037844386,0.5000000000000001,2,50.0,Fallow,Very High
-16.1803,-11.364,-4.816299999999998,0.8660254037844386,0.5000000000000001,19,26.6,Wheat,High
-16.1281,-11.3174,-4.810700000000001,0.8660254037844386,0.5000000000000001,19,33.7,Wheat,High
-16.6327,-11.7589,-4.873799999999999,0.8660254037844386,0.5000000000000001,19,24.4,Wheat,High
-16.0887,-11.5934,-4.4952999999999985,0.8660254037844386,0.5000000000000001,19,33.9,Wheat,High
-16.5498,-11.6801,-4.869700000000002,0.8660254037844386,0.5000000000000001,19,47.96666666666667,Wheat,Very High
-14.8039,-10.2797,-4.5242,0.8660254037844386,0.5000000000000001,19,49.1,Wheat,Very High
-15.5351,-10.0788,-5.456300000000001,0.8660254037844386,0.5000000000000001,19,48.9,Wheat,Very High
-15.6903,-10.0819,-5.608400000000001,0.8660254037844386,0.5000000000000001,19,53.8,Wheat,Very High
-14.7325,-9.9132,-4.8193,0.8660254037844386,0.5000000000000001,19,48.0,Wheat,Very High
-14.9716,-10.1914,-4.780200000000001,0.8660254037844386,0.5000000000000001,19,51.96666666666667,Wheat,Very High
-16.0458,-13.2941,-2.7516999999999996,0.8660254037844386,0.5000000000000001,19,28.1,Wheat,High
-16.5984,-12.242,-4.356400000000001,0.8660254037844386,0.5000000000000001,19,30.2,Wheat,High
-17.4355,-12.5944,-4.841100000000001,0.8660254037844386,0.5000000000000001,19,16.8,Wheat,Medium
-16.2953,-12.8667,-3.428600000000001,0.8660254037844386,0.5000000000000001,19,29.7,Wheat,High
-16.1075,-12.892,-3.2155000000000022,0.8660254037844386,0.5000000000000001,19,28.566666666666666,Wheat,High
-16.0629,-11.17,-4.892899999999999,0.8660254037844386,0.5000000000000001,19,41.8,Wheat,Very High
-16.749,-11.3867,-5.362299999999999,0.8660254037844386,0.5000000000000001,19,46.6,Wheat,Very High
-13.5618,-6.57326,-6.9885399999999995,0.8660254037844386,0.5000000000000001,16,29.9,Tobacco,High
-15.0753,-12.4199,-2.6554,0.8660254037844386,0.5000000000000001,19,28.6,Wheat,High
-15.5535,-12.6043,-2.9491999999999994,0.8660254037844386,0.5000000000000001,19,42.1,Wheat,Very High
-16.9501,-11.9964,-4.9536999999999995,0.8660254037844386,0.5000000000000001,19,27.7,Wheat,High
-17.8469,-13.5827,-4.264200000000001,0.8660254037844386,0.5000000000000001,19,37.0,Wheat,High
-16.4281,-11.4382,-4.9899000000000004,0.8660254037844386,0.5000000000000001,19,39.2,Wheat,Very High
-16.8341,-11.0909,-5.7432,0.8660254037844386,0.5000000000000001,19,21.0,Wheat,Medium
-18.0379,-12.4407,-5.597200000000001,0.8660254037844386,0.5000000000000001,19,23.07,Wheat,Medium
-16.7416,-11.0354,-5.706199999999999,0.8660254037844386,0.5000000000000001,19,42.6,Wheat,Very High
-16.5068,-11.0835,-5.423299999999998,0.8660254037844386,0.5000000000000001,19,37.6,Wheat,High
-17.3975,-11.7555,-5.642000000000001,0.8660254037844386,0.5000000000000001,19,36.6,Wheat,High
-15.2671,-11.3885,-3.8785999999999987,0.8660254037844386,0.5000000000000001,19,45.14,Wheat,Very High
-16.2803,-12.9453,-3.335000000000001,0.8660254037844386,0.5000000000000001,19,38.6,Wheat,High
-16.7959,-8.96075,-7.835149999999999,0.8660254037844386,0.5000000000000001,19,27.5,Wheat,High
-17.3603,-11.6946,-5.665699999999999,0.8660254037844386,0.5000000000000001,19,32.6,Wheat,High
-16.5714,-10.2256,-6.3458000000000006,0.8660254037844386,0.5000000000000001,19,15.4,Wheat,Medium
-16.2213,-11.6649,-4.5564,0.8660254037844386,0.5000000000000001,2,50.0,Fallow,Very High
-17.1606,-10.3937,-6.766899999999998,0.8660254037844386,0.5000000000000001,19,33.266666666666666,Wheat,High
-14.5588,-10.0122,-4.5466,0.8660254037844386,0.5000000000000001,17,10.6,Tobacco&Chickori,Low
-15.5967,-7.0393,-8.557400000000001,0.8660254037844386,0.5000000000000001,17,9.0,Tobacco&Chickori,Low
-15.1353,-8.95424,-6.18106,0.8660254037844386,0.5000000000000001,1,20.8,Chickori,Medium
-13.771,-9.05676,-4.71424,0.8660254037844386,0.5000000000000001,1,34.6,Chickori,High
-13.9581,-9.17124,-4.786860000000001,0.8660254037844386,0.5000000000000001,1,31.23333333333333,Chickori,High
-14.6997,-10.7492,-3.9505,0.8660254037844386,0.5000000000000001,19,50.0,Wheat,Very High
-16.4437,-11.8627,-4.5809999999999995,0.8660254037844386,0.5000000000000001,19,50.0,Wheat,Very High
-13.5356,-8.24036,-5.29524,0.8660254037844386,0.5000000000000001,1,50.0,Chickori,Very High
-13.9604,-8.43152,-5.528879999999999,0.8660254037844386,0.5000000000000001,1,50.0,Chickori,Very High
-15.1217,-11.2737,-3.8480000000000008,0.8660254037844386,0.5000000000000001,19,50.0,Wheat,Very High
-16.1329,-10.7805,-5.352399999999999,0.8660254037844386,0.5000000000000001,19,21.5,Wheat,Medium
-15.2355,-9.72718,-5.508319999999999,0.8660254037844386,0.5000000000000001,1,32.6,Chickori,High
-15.5838,-12.1967,-3.3871,0.8660254037844386,0.5000000000000001,19,28.9,Wheat,High
-15.5949,-9.98222,-5.612680000000001,0.8660254037844386,0.5000000000000001,1,34.666666666666664,Chickori,High
-16.6021,-10.1763,-6.425800000000001,0.8660254037844386,0.5000000000000001,19,26.8,Wheat,High
-16.1309,-11.4482,-4.6827000000000005,0.8660254037844386,0.5000000000000001,19,13.3,Wheat,Medium
-16.1358,-10.6999,-5.4359,0.8660254037844386,0.5000000000000001,18,38.8,Weed&Chickori,High
-16.6825,-11.1733,-5.509200000000002,0.8660254037844386,0.5000000000000001,19,27.9,Wheat,High
-17.3046,-11.0105,-6.2941,0.8660254037844386,0.5000000000000001,19,22.633333333333333,Wheat,Medium
-12.7777,-7.38957,-5.388129999999999,0.8660254037844386,0.5000000000000001,9,16.5,Mustard,Medium
-12.7871,-6.13017,-6.656930000000001,0.8660254037844386,0.5000000000000001,16,36.2,Tobacco,High
-13.2865,-6.61458,-6.67192,0.8660254037844386,0.5000000000000001,16,33.5,Tobacco,High
-15.0006,-9.27358,-5.7270199999999996,0.8660254037844386,0.5000000000000001,19,22.7,Wheat,Medium
-13.2657,-6.34877,-6.916930000000001,0.8660254037844386,0.5000000000000001,16,32.63333333333333,Tobacco,High
-9.29664,-2.39394,-6.902699999999999,0.8660254037844386,0.5000000000000001,16,14.4,Tobacco,Medium
-13.6349,-10.0861,-3.5488,0.8660254037844386,0.5000000000000001,19,49.6,Wheat,Very High
-13.1988,-7.29851,-5.90029,0.8660254037844386,0.5000000000000001,16,39.3,Tobacco,Very High
-11.1272,-2.69095,-8.436250000000001,0.8660254037844386,0.5000000000000001,16,36.6,Tobacco,High
-11.8073,-6.06631,-5.74099,0.8660254037844386,0.5000000000000001,16,36.53333333333333,Tobacco,High
-14.1498,-6.68199,-7.467810000000001,0.8660254037844386,0.5000000000000001,16,22.5,Tobacco,Medium
-12.6271,-4.47602,-8.15108,0.8660254037844386,0.5000000000000001,16,25.1,Tobacco,High
-13.4989,-3.77011,-9.72879,0.8660254037844386,0.5000000000000001,16,22.7,Tobacco,Medium
-15.9557,-12.0358,-3.9199,0.8660254037844386,0.5000000000000001,19,21.4,Wheat,Medium
-13.9548,-5.44059,-8.51421,0.8660254037844386,0.5000000000000001,16,24.0,Tobacco,Medium
-14.1771,-6.10917,-8.06793,0.8660254037844386,0.5000000000000001,16,32.3,Tobacco,High
-14.1747,-7.65636,-6.518339999999999,0.8660254037844386,0.5000000000000001,16,30.5,Tobacco,High
-13.6783,-1.95955,-11.71875,0.8660254037844386,0.5000000000000001,16,52.3,Tobacco,Very High
-12.3941,-4.35872,-8.03538,0.8660254037844386,0.5000000000000001,16,32.9,Tobacco,High
-12.0652,-4.60556,-7.459640000000001,0.8660254037844386,0.5000000000000001,16,34.7,Tobacco,High
-13.5964,-4.3463,-9.2501,0.8660254037844386,0.5000000000000001,16,35.3,Tobacco,High
-13.1855,-6.11653,-7.068969999999999,0.8660254037844386,0.5000000000000001,16,43.3,Tobacco,Very High
-12.8693,-5.3484,-7.520900000000001,0.8660254037844386,0.5000000000000001,16,32.2,Tobacco,High
-15.7576,-9.88194,-5.87566,0.8660254037844386,0.5000000000000001,2,40.0,Fallow,Very High
-14.2261,-8.64934,-5.57676,0.8660254037844386,0.5000000000000001,19,39.6,Wheat,Very High
-16.5653,-10.6457,-5.919600000000001,0.8660254037844386,0.5000000000000001,19,17.2,Wheat,Medium
-16.5034,-12.2592,-4.244199999999999,0.8660254037844386,0.5000000000000001,0,13.6,Bhaji,Medium
-16.4598,-12.9666,-3.4932000000000016,0.8660254037844386,0.5000000000000001,19,20.0,Wheat,Medium
-15.4804,-10.624,-4.856399999999999,0.8660254037844386,0.5000000000000001,19,9.8,Wheat,Low
-16.4297,-12.6553,-3.7744,0.8660254037844386,0.5000000000000001,19,12.833333333333332,Wheat,Medium
-17.5549,-12.3335,-5.221399999999999,0.8660254037844386,0.5000000000000001,19,22.3,Wheat,Medium
-16.1217,-11.725,-4.396700000000001,0.8660254037844386,0.5000000000000001,19,43.6,Wheat,Very High
-16.0894,-11.8105,-4.278900000000002,0.8660254037844386,0.5000000000000001,19,43.9,Wheat,Very High
-16.9901,-11.8096,-5.180500000000002,0.8660254037844386,0.5000000000000001,19,39.5,Wheat,Very High
-16.1811,-11.6881,-4.493,0.8660254037844386,0.5000000000000001,19,44.233333333333334,Wheat,Very High
-16.2317,-11.885,-4.3467,0.8660254037844386,0.5000000000000001,19,15.8,Wheat,Medium
-16.6162,-10.893,-5.7231999999999985,0.8660254037844386,0.5000000000000001,19,10.0,Wheat,Low
-11.394,-5.11634,-6.27766,0.8660254037844386,0.5000000000000001,16,17.3,Tobacco,Medium
-12.8372,-5.62824,-7.208959999999999,0.8660254037844386,0.5000000000000001,16,26.6,Tobacco,High
-12.1822,-6.52894,-5.6532599999999995,0.8660254037844386,0.5000000000000001,16,22.1,Tobacco,Medium
-14.6779,-9.02415,-5.653749999999999,0.8660254037844386,0.5000000000000001,19,50.0,Wheat,Very High
-14.7466,-8.90438,-5.842220000000001,0.8660254037844386,0.5000000000000001,16,38.7,Tobacco,High
-14.341,-6.59922,-7.741779999999999,0.8660254037844386,0.5000000000000001,16,32.1,Tobacco,High
-14.7369,-6.97648,-7.760420000000001,0.8660254037844386,0.5000000000000001,16,21.2,Tobacco,Medium
-13.9063,-6.07886,-7.82744,0.8660254037844386,0.5000000000000001,16,24.599999999999998,Tobacco,High
-16.6105,-8.24737,-8.363129999999998,1.0,6.123233995736766e-17,2,10.4,Fallow,Low
-17.42,-9.34937,-8.070630000000001,1.0,6.123233995736766e-17,1,19.7,Chickori,Medium
-16.9565,-10.3548,-6.601699999999999,1.0,6.123233995736766e-17,1,32.6,Chickori,High
-16.6423,-10.6463,-5.995999999999999,1.0,6.123233995736766e-17,7,3.9,Lemon,Low
-16.3737,-10.0251,-6.348599999999999,1.0,6.123233995736766e-17,1,23.933333333333334,Chickori,Medium
-17.3071,-12.2447,-5.0623999999999985,1.0,6.123233995736766e-17,19,14.0,Wheat,Medium
-17.2182,-12.2952,-4.923,1.0,6.123233995736766e-17,19,11.7,Wheat,Low
-18.6923,-12.9807,-5.711599999999999,1.0,6.123233995736766e-17,19,11.3,Wheat,Low
-17.9139,-13.7103,-4.203600000000002,1.0,6.123233995736766e-17,19,15.6,Wheat,Medium
-18.3684,-12.2842,-6.084200000000001,1.0,6.123233995736766e-17,19,9.166666666666666,Wheat,Low
-16.3651,-9.80148,-6.563620000000002,1.0,6.123233995736766e-17,19,10.8,Wheat,Low
-16.2817,-12.0364,-4.2453,1.0,6.123233995736766e-17,19,15.1,Wheat,Medium
-16.2783,-11.9357,-4.342600000000001,1.0,6.123233995736766e-17,19,17.9,Wheat,Medium
-17.1377,-12.2888,-4.848899999999999,1.0,6.123233995736766e-17,19,12.1,Wheat,Medium
-17.4448,-12.3909,-5.0539000000000005,1.0,6.123233995736766e-17,19,15.5,Wheat,Medium
-12.8715,-9.25674,-3.6147599999999986,1.0,6.123233995736766e-17,19,42.9,Wheat,Very High
-14.5133,-11.0847,-3.4285999999999994,1.0,6.123233995736766e-17,19,35.4,Wheat,High
-15.5729,-10.9391,-4.633800000000001,1.0,6.123233995736766e-17,19,21.1,Wheat,Medium
-16.3855,-10.433,-5.952500000000001,1.0,6.123233995736766e-17,3,19.5,Fodder,Medium
-14.2083,-9.78607,-4.422229999999999,1.0,6.123233995736766e-17,19,34.333333333333336,Wheat,High
-15.9872,-12.6533,-3.3339,1.0,6.123233995736766e-17,19,23.7,Wheat,Medium
-16.6462,-12.0565,-4.589700000000001,1.0,6.123233995736766e-17,19,26.5,Wheat,High
-16.4501,-12.7393,-3.710799999999999,1.0,6.123233995736766e-17,19,29.9,Wheat,High
-16.003,-9.77907,-6.223929999999999,1.0,6.123233995736766e-17,19,29.8,Wheat,High
-15.8325,-12.2752,-3.5572999999999997,1.0,6.123233995736766e-17,19,32.2,Wheat,High
-16.0076,-11.5455,-4.4620999999999995,1.0,6.123233995736766e-17,19,16.2,Wheat,Medium
-14.8155,-9.03344,-5.7820599999999995,1.0,6.123233995736766e-17,19,20.3,Wheat,Medium
-17.9016,-11.0257,-6.875899999999998,1.0,6.123233995736766e-17,19,8.5,Wheat,Low
-18.3952,-13.0445,-5.3507,1.0,6.123233995736766e-17,19,17.0,Wheat,Medium
-17.0559,-11.9057,-5.150200000000002,1.0,6.123233995736766e-17,19,9.933333333333334,Wheat,Low
-16.3783,-10.434,-5.9443,1.0,6.123233995736766e-17,11,50.0,Paddy,Very High
-17.5256,-10.5302,-6.9954,1.0,6.123233995736766e-17,11,50.0,Paddy,Very High
-17.1383,-8.78881,-8.349490000000001,1.0,6.123233995736766e-17,11,50.0,Paddy,Very High
-17.9127,-9.86497,-8.047730000000001,1.0,6.123233995736766e-17,11,50.0,Paddy,Very High
-17.9407,-8.81019,-9.13051,1.0,6.123233995736766e-17,11,50.0,Paddy,Very High
-17.447,-12.1793,-5.2677,1.0,6.123233995736766e-17,19,10.1,Wheat,Low
-16.7146,-12.7791,-3.935500000000001,1.0,6.123233995736766e-17,19,17.5,Wheat,Medium
-14.9904,-12.7406,-2.2497999999999987,1.0,6.123233995736766e-17,19,33.9,Wheat,High
-17.6639,-12.1437,-5.520200000000001,1.0,6.123233995736766e-17,19,15.6,Wheat,Medium
-17.5062,-14.1722,-3.3339999999999996,1.0,6.123233995736766e-17,19,23.266666666666666,Wheat,Medium
-17.5427,-12.5039,-5.0388,1.0,6.123233995736766e-17,19,12.3,Wheat,Medium
-17.0112,-11.8528,-5.1583999999999985,1.0,6.123233995736766e-17,19,12.6,Wheat,Medium
-15.5752,-11.6772,-3.8980000000000015,1.0,6.123233995736766e-17,19,11.1,Wheat,Low
-16.0703,-12.6702,-3.4001,1.0,6.123233995736766e-17,19,7.6,Wheat,Low
-17.2573,-12.3123,-4.945,1.0,6.123233995736766e-17,19,21.466666666666665,Wheat,Medium
-18.9129,-12.9722,-5.9407,1.0,6.123233995736766e-17,19,8.7,Wheat,Low
-15.9252,-12.1334,-3.7918000000000003,1.0,6.123233995736766e-17,19,10.6,Wheat,Low
-17.2232,-13.0049,-4.218299999999999,1.0,6.123233995736766e-17,19,19.4,Wheat,Medium
-18.7375,-13.1885,-5.549000000000001,1.0,6.123233995736766e-17,19,9.0,Wheat,Low
-17.8612,-12.9842,-4.877000000000001,1.0,6.123233995736766e-17,19,8.733333333333333,Wheat,Low
-16.1713,-12.4847,-3.6865999999999985,1.0,6.123233995736766e-17,19,15.6,Wheat,Medium
-16.5226,-12.3652,-4.157400000000001,1.0,6.123233995736766e-17,19,28.1,Wheat,High
-12.1042,-5.30975,-6.79445,1.0,6.123233995736766e-17,16,26.2,Tobacco,High
-15.4239,-11.2271,-4.1968,1.0,6.123233995736766e-17,19,50.0,Wheat,Very High
-14.4156,-11.6202,-2.795399999999999,1.0,6.123233995736766e-17,19,38.599999999999994,Wheat,High
-17.2478,-13.9372,-3.310600000000001,1.0,6.123233995736766e-17,19,31.5,Wheat,High
-15.4331,-12.1299,-3.3032000000000004,1.0,6.123233995736766e-17,19,18.2,Wheat,Medium
-15.9007,-11.9878,-3.9129000000000005,1.0,6.123233995736766e-17,19,29.3,Wheat,High
-15.65,-11.4399,-4.210100000000001,1.0,6.123233995736766e-17,19,27.0,Wheat,High
-16.1545,-13.4087,-2.745799999999999,1.0,6.123233995736766e-17,19,39.1,Wheat,Very High
-15.4791,-10.3972,-5.081900000000001,1.0,6.123233995736766e-17,19,32.3,Wheat,High
-17.444,-12.3715,-5.0725,1.0,6.123233995736766e-17,19,18.4,Wheat,Medium
-15.3519,-12.0284,-3.323500000000001,1.0,6.123233995736766e-17,19,21.3,Wheat,Medium
-17.312,-12.9357,-4.3763000000000005,1.0,6.123233995736766e-17,19,31.4,Wheat,High
-17.7503,-12.8909,-4.859399999999999,1.0,6.123233995736766e-17,19,21.3,Wheat,Medium
-16.4958,-11.6347,-4.861099999999999,1.0,6.123233995736766e-17,19,26.4,Wheat,High
-17.3336,-12.5616,-4.772,1.0,6.123233995736766e-17,19,24.3,Wheat,Medium
-18.0618,-13.2636,-4.798200000000001,1.0,6.123233995736766e-17,19,6.1,Wheat,Low
-18.0524,-12.6235,-5.428899999999999,1.0,6.123233995736766e-17,2,50.0,Fallow,Very High
-16.7866,-12.0461,-4.740500000000001,1.0,6.123233995736766e-17,19,24.066666666666666,Wheat,Medium
-14.7559,-9.30287,-5.45303,1.0,6.123233995736766e-17,17,10.0,Tobacco&Chickori,Low
-15.1132,-9.16508,-5.948120000000001,1.0,6.123233995736766e-17,17,12.8,Tobacco&Chickori,Medium
-15.8728,-10.1428,-5.73,1.0,6.123233995736766e-17,17,25.0,Tobacco&Chickori,High
-15.6287,-9.33065,-6.29805,1.0,6.123233995736766e-17,17,24.9,Tobacco&Chickori,High
-14.9659,-9.3583,-5.6076,1.0,6.123233995736766e-17,17,28.033333333333335,Tobacco&Chickori,High
-16.3219,-11.7705,-4.551399999999999,1.0,6.123233995736766e-17,19,20.5,Wheat,Medium
-15.9613,-11.3877,-4.573599999999999,1.0,6.123233995736766e-17,19,21.5,Wheat,Medium
-16.4354,-11.081,-5.354400000000002,1.0,6.123233995736766e-17,1,26.9,Chickori,High
-16.9237,-11.0487,-5.875,1.0,6.123233995736766e-17,1,23.8,Chickori,Medium
-16.4029,-10.9246,-5.478299999999999,1.0,6.123233995736766e-17,19,18.53333333333333,Wheat,Medium
-15.6554,-11.5393,-4.116099999999999,1.0,6.123233995736766e-17,19,18.2,Wheat,Medium
-14.4477,-9.6995,-4.748199999999999,1.0,6.123233995736766e-17,1,25.2,Chickori,High
-14.7729,-9.66142,-5.11148,1.0,6.123233995736766e-17,1,13.3,Chickori,Medium
-17.0983,-12.1376,-4.9606999999999974,1.0,6.123233995736766e-17,19,11.9,Wheat,Medium
-14.8425,-10.0662,-4.776299999999999,1.0,6.123233995736766e-17,1,22.7,Chickori,Medium
-17.0015,-11.2018,-5.7997,1.0,6.123233995736766e-17,19,9.9,Wheat,Low
-15.8597,-11.9994,-3.8603000000000005,1.0,6.123233995736766e-17,19,6.3,Wheat,Low
-15.17,-12.0915,-3.0785,1.0,6.123233995736766e-17,1,14.6,Chickori,Medium
-18.0121,-12.3552,-5.6569,1.0,6.123233995736766e-17,19,9.5,Wheat,Low
-16.7538,-12.0534,-4.700399999999998,1.0,6.123233995736766e-17,19,8.866666666666667,Wheat,Low
-13.7115,-7.09889,-6.612609999999999,1.0,6.123233995736766e-17,13,26.7,Pearl Millet,High
-15.7834,-9.44112,-6.342280000000001,1.0,6.123233995736766e-17,16,19.4,Tobacco,Medium
-15.8141,-10.4552,-5.3589,1.0,6.123233995736766e-17,16,14.3,Tobacco,Medium
-16.1347,-10.0176,-6.117099999999999,1.0,6.123233995736766e-17,19,18.4,Wheat,Medium
-15.3249,-8.07728,-7.2476199999999995,1.0,6.123233995736766e-17,16,14.899999999999999,Tobacco,Medium
-12.6285,-5.54819,-7.080310000000001,1.0,6.123233995736766e-17,16,11.5,Tobacco,Low
-16.4507,-11.7825,-4.668200000000001,1.0,6.123233995736766e-17,19,10.6,Wheat,Low
-13.842,-7.95256,-5.8894400000000005,1.0,6.123233995736766e-17,16,29.8,Tobacco,High
-13.2748,-6.30401,-6.970790000000001,1.0,6.123233995736766e-17,16,22.5,Tobacco,Medium
-13.1435,-6.80192,-6.3415799999999996,1.0,6.123233995736766e-17,16,24.833333333333332,Tobacco,High
-15.6703,-7.74143,-7.928869999999999,1.0,6.123233995736766e-17,16,20.1,Tobacco,Medium
-13.0004,-6.50483,-6.495570000000001,1.0,6.123233995736766e-17,16,9.9,Tobacco,Low
-14.4055,-7.46838,-6.93712,1.0,6.123233995736766e-17,16,13.1,Tobacco,Medium
-17.0059,-10.6621,-6.3438,1.0,6.123233995736766e-17,19,8.6,Wheat,Low
-15.19,-7.74739,-7.442609999999999,1.0,6.123233995736766e-17,16,15.566666666666666,Tobacco,Medium
-16.4876,-8.13205,-8.355550000000001,1.0,6.123233995736766e-17,13,40.6,Pearl Millet,Very High
-16.1771,-10.613,-5.5641,1.0,6.123233995736766e-17,13,38.1,Pearl Millet,High
-13.1007,-7.44708,-5.65362,1.0,6.123233995736766e-17,16,13.8,Tobacco,Medium
-14.8844,-7.19265,-7.691749999999999,1.0,6.123233995736766e-17,16,15.8,Tobacco,Medium
-13.97,-7.0041,-6.9659,1.0,6.123233995736766e-17,16,16.1,Tobacco,Medium
-18.7186,-12.7144,-6.004199999999999,1.0,6.123233995736766e-17,16,9.2,Tobacco,Low
-14.3749,-6.55638,-7.81852,1.0,6.123233995736766e-17,16,20.5,Tobacco,Medium
-14.4165,-6.78356,-7.63294,1.0,6.123233995736766e-17,16,14.9,Tobacco,Medium
-18.033,-10.5767,-7.456300000000001,1.0,6.123233995736766e-17,2,22.2,Fallow,Medium
-16.1953,-10.0226,-6.172699999999999,1.0,6.123233995736766e-17,19,8.866666666666667,Wheat,Low
-18.2417,-12.1704,-6.071300000000001,1.0,6.123233995736766e-17,19,5.0,Wheat,Low
-17.8181,-12.9422,-4.8759000000000015,1.0,6.123233995736766e-17,0,12.5,Bhaji,Medium
-17.8626,-12.4164,-5.446200000000001,1.0,6.123233995736766e-17,19,12.9,Wheat,Medium
-17.0784,-11.1385,-5.939899999999998,1.0,6.123233995736766e-17,19,9.7,Wheat,Low
-18.4907,-12.4082,-6.0825,1.0,6.123233995736766e-17,19,9.1,Wheat,Low
-17.7424,-14.073,-3.6693999999999996,1.0,6.123233995736766e-17,19,14.9,Wheat,Medium
-17.665,-12.9636,-4.7014,1.0,6.123233995736766e-17,19,11.2,Wheat,Low
-19.025,-13.2409,-5.784099999999999,1.0,6.123233995736766e-17,19,7.5,Wheat,Low
-18.2412,-13.8937,-4.347499999999998,1.0,6.123233995736766e-17,19,7.3,Wheat,Low
-18.539,-13.5575,-4.981500000000002,1.0,6.123233995736766e-17,19,7.866666666666666,Wheat,Low
-15.3511,-11.0892,-4.261900000000001,1.0,6.123233995736766e-17,19,17.9,Wheat,Medium
-15.4795,-12.5479,-2.9315999999999995,1.0,6.123233995736766e-17,19,18.1,Wheat,Medium
-15.2343,-8.29466,-6.939639999999999,1.0,6.123233995736766e-17,16,14.7,Tobacco,Medium
-14.7162,-8.60989,-6.106310000000001,1.0,6.123233995736766e-17,16,11.1,Tobacco,Low
-14.8094,-9.46771,-5.34169,1.0,6.123233995736766e-17,16,17.8,Tobacco,Medium
-16.2047,-8.15785,-8.04685,1.0,6.123233995736766e-17,3,39.6,Fodder,Very High
-15.4805,-8.92197,-6.558529999999999,1.0,6.123233995736766e-17,1,34.3,Chickori,High
-16.0453,-9.4344,-6.610900000000001,1.0,6.123233995736766e-17,1,35.1,Chickori,High
-16.8575,-10.406,-6.451500000000001,1.0,6.123233995736766e-17,7,5.8,Lemon,Low
-15.7507,-8.55455,-7.196149999999999,1.0,6.123233995736766e-17,1,39.766666666666666,Chickori,Very High
-17.5013,-10.4036,-7.0977,1.0,6.123233995736766e-17,19,9.4,Wheat,Low
-18.125,-12.3652,-5.7598,1.0,6.123233995736766e-17,19,6.2,Wheat,Low
-18.9649,-10.8365,-8.128400000000001,1.0,6.123233995736766e-17,19,7.4,Wheat,Low
-20.0177,-12.7441,-7.273600000000002,1.0,6.123233995736766e-17,19,7.7,Wheat,Low
-19.1654,-12.8755,-6.289900000000001,1.0,6.123233995736766e-17,19,6.7,Wheat,Low
-16.2517,-11.852,-4.399699999999999,1.0,6.123233995736766e-17,19,8.1,Wheat,Low
-18.2734,-12.848,-5.425399999999998,1.0,6.123233995736766e-17,19,8.2,Wheat,Low
-18.5325,-12.0067,-6.5257999999999985,1.0,6.123233995736766e-17,19,3.3,Wheat,Low
-19.1223,-11.2553,-7.866999999999999,1.0,6.123233995736766e-17,19,8.9,Wheat,Low
-20.0966,-12.8149,-7.281699999999999,1.0,6.123233995736766e-17,19,8.966666666666667,Wheat,Low
-17.1008,-12.0098,-5.090999999999999,1.0,6.123233995736766e-17,19,13.5,Wheat,Medium
-18.6375,-13.7609,-4.8766,1.0,6.123233995736766e-17,19,8.1,Wheat,Low
-19.5445,-12.9904,-6.5541,1.0,6.123233995736766e-17,19,11.8,Wheat,Low
-20.6462,-13.4372,-7.209,1.0,6.123233995736766e-17,2,6.5,Fallow,Low
-19.4288,-13.374,-6.054799999999998,1.0,6.123233995736766e-17,19,11.5,Wheat,Low
-20.4393,-14.4652,-5.9741,1.0,6.123233995736766e-17,19,9.9,Wheat,Low
-19.2448,-15.1282,-4.116600000000002,1.0,6.123233995736766e-17,19,7.4,Wheat,Low
-20.5439,-15.0913,-5.4526,1.0,6.123233995736766e-17,19,13.1,Wheat,Medium
-18.7917,-11.3634,-7.428299999999998,1.0,6.123233995736766e-17,19,16.1,Wheat,Medium
-21.1622,-14.6008,-6.561399999999999,1.0,6.123233995736766e-17,19,12.466666666666667,Wheat,Medium
-18.8226,-12.0859,-6.736700000000001,1.0,6.123233995736766e-17,19,11.6,Wheat,Low
-17.8609,-12.3302,-5.530700000000001,1.0,6.123233995736766e-17,19,8.4,Wheat,Low
-19.2538,-12.2654,-6.988399999999999,1.0,6.123233995736766e-17,19,14.6,Wheat,Medium
-17.8046,-13.2369,-4.5677,1.0,6.123233995736766e-17,19,7.1,Wheat,Low
-19.9341,-14.9047,-5.029400000000001,1.0,6.123233995736766e-17,19,8.933333333333334,Wheat,Low
-15.4954,-11.9714,-3.524000000000001,1.0,6.123233995736766e-17,11,50.0,Paddy,Very High
-17.9667,-12.2668,-5.6998999999999995,1.0,6.123233995736766e-17,11,50.0,Paddy,Very High
-18.1656,-12.0498,-6.115800000000002,1.0,6.123233995736766e-17,11,50.0,Paddy,Very High
-17.7197,-13.2334,-4.4863,1.0,6.123233995736766e-17,11,50.0,Paddy,Very High
-17.0457,-11.6065,-5.4392,1.0,6.123233995736766e-17,11,50.0,Paddy,Very High
-18.5071,-13.0667,-5.4404,1.0,6.123233995736766e-17,19,5.7,Wheat,Low
-18.4877,-13.4561,-5.031600000000001,1.0,6.123233995736766e-17,19,10.6,Wheat,Low
-19.582,-12.6759,-6.9061,1.0,6.123233995736766e-17,19,10.9,Wheat,Low
-18.3967,-12.3502,-6.0465,1.0,6.123233995736766e-17,19,5.2,Wheat,Low
-20.2387,-13.6042,-6.634500000000001,1.0,6.123233995736766e-17,19,8.666666666666666,Wheat,Low
-18.644,-12.0079,-6.636099999999999,1.0,6.123233995736766e-17,19,8.9,Wheat,Low
-16.9925,-11.9639,-5.028599999999999,1.0,6.123233995736766e-17,19,8.3,Wheat,Low
-16.7941,-12.0122,-4.7819,1.0,6.123233995736766e-17,19,10.0,Wheat,Low
-20.8084,-14.8714,-5.936999999999999,1.0,6.123233995736766e-17,19,7.8,Wheat,Low
-17.8611,-13.4854,-4.3757,1.0,6.123233995736766e-17,19,16.833333333333332,Wheat,Medium
-20.604,-14.0517,-6.552299999999999,1.0,6.123233995736766e-17,19,5.8,Wheat,Low
-18.81,-14.0509,-4.759099999999998,1.0,6.123233995736766e-17,19,6.9,Wheat,Low
-18.6911,-13.88,-4.811099999999998,1.0,6.123233995736766e-17,19,8.5,Wheat,Low
-21.0778,-13.9358,-7.1419999999999995,1.0,6.123233995736766e-17,19,5.7,Wheat,Low
-20.4974,-13.8849,-6.612499999999999,1.0,6.123233995736766e-17,19,4.7,Wheat,Low
-15.6645,-11.5707,-4.0938,1.0,6.123233995736766e-17,19,50.0,Wheat,Very High
-16.811,-12.206,-4.605,1.0,6.123233995736766e-17,19,50.0,Wheat,Very High
-16.6138,-10.9758,-5.638000000000002,1.0,6.123233995736766e-17,16,50.0,Tobacco,Very High
-16.9683,-10.9307,-6.037599999999999,1.0,6.123233995736766e-17,19,50.0,Wheat,Very High
-19.059,-14.1339,-4.9251000000000005,1.0,6.123233995736766e-17,19,6.7,Wheat,Low
-18.9368,-14.2109,-4.725900000000001,1.0,6.123233995736766e-17,19,11.5,Wheat,Low
-13.9336,-8.28949,-5.6441099999999995,1.0,6.123233995736766e-17,16,16.5,Tobacco,Medium
-18.1226,-12.1872,-5.935399999999998,1.0,6.123233995736766e-17,19,10.166666666666666,Wheat,Low
-17.6735,-13.5008,-4.172700000000001,1.0,6.123233995736766e-17,19,11.2,Wheat,Low
-18.141,-13.7831,-4.357899999999999,1.0,6.123233995736766e-17,19,10.6,Wheat,Low
-20.5879,-13.1658,-7.4221,1.0,6.123233995736766e-17,19,6.5,Wheat,Low
-17.4321,-12.3064,-5.125699999999998,1.0,6.123233995736766e-17,2,8.4,Fallow,Low
-18.8149,-13.3934,-5.421500000000002,1.0,6.123233995736766e-17,19,8.2,Wheat,Low
-17.2985,-12.1225,-5.176,1.0,6.123233995736766e-17,19,4.6,Wheat,Low
-18.0297,-13.6176,-4.412099999999999,1.0,6.123233995736766e-17,19,5.9,Wheat,Low
-18.057,-12.9098,-5.147199999999998,1.0,6.123233995736766e-17,19,6.0,Wheat,Low
-17.0454,-12.1121,-4.933300000000001,1.0,6.123233995736766e-17,19,19.0,Wheat,Medium
-19.1508,-12.7931,-6.3576999999999995,1.0,6.123233995736766e-17,19,10.6,Wheat,Low
-17.5138,-11.7633,-5.750500000000001,1.0,6.123233995736766e-17,19,4.5,Wheat,Low
-19.5062,-12.8134,-6.6928,1.0,6.123233995736766e-17,19,10.8,Wheat,Low
-18.4643,-12.9114,-5.552900000000001,1.0,6.123233995736766e-17,19,4.5,Wheat,Low
-19.31,-13.3896,-5.920399999999999,1.0,6.123233995736766e-17,2,7.9,Fallow,Low
-18.0638,-13.3432,-4.720600000000001,1.0,6.123233995736766e-17,19,8.433333333333334,Wheat,Low
-16.6308,-10.2359,-6.3949,1.0,6.123233995736766e-17,17,3.8,Tobacco&Chickori,Low
-15.0192,-8.11331,-6.905889999999999,1.0,6.123233995736766e-17,17,6.1,Tobacco&Chickori,Low
-13.3026,-9.60324,-3.6993600000000004,1.0,6.123233995736766e-17,17,8.5,Tobacco&Chickori,Low
-14.8231,-7.85094,-6.972160000000001,1.0,6.123233995736766e-17,17,10.6,Tobacco&Chickori,Low
-14.0353,-8.38732,-5.647979999999999,1.0,6.123233995736766e-17,17,13.066666666666666,Tobacco&Chickori,Medium
-18.0044,-11.7957,-6.2087,1.0,6.123233995736766e-17,19,5.0,Wheat,Low
-17.3552,-12.4313,-4.9239,1.0,6.123233995736766e-17,19,8.7,Wheat,Low
-15.8806,-12.0434,-3.8371999999999993,1.0,6.123233995736766e-17,1,19.9,Chickori,Medium
-17.2999,-11.4166,-5.8833,1.0,6.123233995736766e-17,2,11.2,Fallow,Low
-17.1613,-12.394,-4.7673000000000005,1.0,6.123233995736766e-17,19,5.266666666666667,Wheat,Low
-16.1395,-12.224,-3.9155000000000015,1.0,6.123233995736766e-17,19,50.0,Wheat,Very High
-16.5415,-9.87348,-6.6680199999999985,1.0,6.123233995736766e-17,1,50.0,Chickori,Very High
-17.1174,-11.3148,-5.8026,1.0,6.123233995736766e-17,2,50.0,Fallow,Very High
-16.9678,-9.62197,-7.345830000000001,1.0,6.123233995736766e-17,1,50.0,Chickori,Very High
-18.0531,-13.8743,-4.178800000000001,1.0,6.123233995736766e-17,19,50.0,Wheat,Very High
-18.0434,-12.372,-5.671399999999998,1.0,6.123233995736766e-17,19,50.0,Wheat,Very High
-17.569,-10.8421,-6.726899999999999,1.0,6.123233995736766e-17,1,50.0,Chickori,Very High
-19.0635,-13.1552,-5.9083000000000006,1.0,6.123233995736766e-17,2,50.0,Fallow,Very High
-19.4983,-14.4682,-5.030100000000001,1.0,6.123233995736766e-17,19,50.0,Wheat,Very High
-13.1796,-7.13865,-6.0409500000000005,1.0,6.123233995736766e-17,2,50.0,Fallow,Very High
-18.0217,-11.1573,-6.8644,1.0,6.123233995736766e-17,16,50.0,Tobacco,Very High
-17.3451,-12.3752,-4.969899999999999,1.0,6.123233995736766e-17,16,50.0,Tobacco,Very High
-17.3261,-13.8859,-3.440200000000001,1.0,6.123233995736766e-17,19,50.0,Wheat,Very High
-17.3187,-13.187,-4.1317,1.0,6.123233995736766e-17,16,50.0,Tobacco,Very High
-14.7003,-9.39232,-5.307980000000001,1.0,6.123233995736766e-17,16,50.0,Tobacco,Very High
-18.3253,-12.1053,-6.219999999999999,1.0,6.123233995736766e-17,19,50.0,Wheat,Very High
-15.6775,-7.72164,-7.95586,1.0,6.123233995736766e-17,16,50.0,Tobacco,Very High
-15.2732,-6.4906,-8.782599999999999,1.0,6.123233995736766e-17,16,50.0,Tobacco,Very High
-15.8735,-7.39342,-8.480080000000001,1.0,6.123233995736766e-17,16,50.0,Tobacco,Very High
-17.3018,-9.93376,-7.368040000000001,1.0,6.123233995736766e-17,16,50.0,Tobacco,Very High
-19.505,-12.7297,-6.7753,1.0,6.123233995736766e-17,2,50.0,Fallow,Very High
-18.8382,-12.5182,-6.32,1.0,6.123233995736766e-17,2,50.0,Fallow,Very High
-17.0319,-8.33885,-8.69305,1.0,6.123233995736766e-17,2,50.0,Fallow,Very High
-17.5705,-11.2791,-6.291399999999999,1.0,6.123233995736766e-17,16,50.0,Tobacco,Very High
-18.2857,-11.6041,-6.681599999999998,1.0,6.123233995736766e-17,2,50.0,Fallow,Very High
-17.6789,-12.108,-5.570899999999998,1.0,6.123233995736766e-17,2,50.0,Fallow,Very High
-18.7326,-12.5861,-6.146500000000001,1.0,6.123233995736766e-17,2,50.0,Fallow,Very High
-19.5755,-12.5977,-6.977800000000002,1.0,6.123233995736766e-17,2,50.0,Fallow,Very High
-18.5687,-12.559,-6.0097000000000005,1.0,6.123233995736766e-17,2,50.0,Fallow,Very High
-18.661,-11.9671,-6.693900000000001,1.0,6.123233995736766e-17,16,50.0,Tobacco,Very High
-17.0863,-9.65075,-7.435550000000001,1.0,6.123233995736766e-17,16,50.0,Tobacco,Very High
-16.9113,-10.6736,-6.2377,1.0,6.123233995736766e-17,16,50.0,Tobacco,Very High
-18.1426,-11.7774,-6.3652000000000015,1.0,6.123233995736766e-17,3,50.0,Fodder,Very High
-17.1808,-12.3532,-4.827600000000002,1.0,6.123233995736766e-17,19,50.0,Wheat,Very High
-18.7792,-14.0572,-4.7219999999999995,1.0,6.123233995736766e-17,2,50.0,Fallow,Very High
-18.5383,-10.949,-7.5893,1.0,6.123233995736766e-17,2,50.0,Fallow,Very High
-17.906,-11.3469,-6.559099999999999,1.0,6.123233995736766e-17,2,50.0,Fallow,Very High
-19.4054,-12.4806,-6.924799999999999,1.0,6.123233995736766e-17,2,50.0,Fallow,Very High
-19.8226,-12.1576,-7.665000000000001,1.0,6.123233995736766e-17,2,50.0,Fallow,Very High
-16.6096,-7.36097,-9.24863,1.0,6.123233995736766e-17,2,50.0,Fallow,Very High
-17.6825,-9.94847,-7.734030000000001,1.0,6.123233995736766e-17,2,50.0,Fallow,Very High
-18.719,-11.8069,-6.912100000000001,1.0,6.123233995736766e-17,2,50.0,Fallow,Very High
-19.0284,-13.7604,-5.268000000000001,1.0,6.123233995736766e-17,2,50.0,Fallow,Very High
-18.0218,-12.691,-5.330799999999998,1.0,6.123233995736766e-17,2,50.0,Fallow,Very High
-16.7871,-11.1701,-5.616999999999999,1.0,6.123233995736766e-17,19,50.0,Wheat,Very High
-17.2167,-12.1574,-5.059299999999999,1.0,6.123233995736766e-17,19,50.0,Wheat,Very High
-17.7785,-10.3782,-7.400300000000001,1.0,6.123233995736766e-17,16,50.0,Tobacco,Very High
-16.6607,-10.6289,-6.031799999999999,1.0,6.123233995736766e-17,16,50.0,Tobacco,Very High
-17.4057,-10.6208,-6.7849,1.0,6.123233995736766e-17,15,50.0,Strobe,Very High
