lr,n_estimators,tau_lo,tau_hi,min_samples_leaf,max_depth,subsample,q_hat,base_w_te,val_PICP,val_MPIW,test_PICP,test_MPIW
0.02,400,0.15,0.85,15,4,0.8,4.947645,15.8902,0.901316,26.907738,0.895425,25.785535
0.02,400,0.15,0.85,15,4,0.9,5.54256,15.9926,0.921053,28.026842,0.928105,27.07775
0.02,400,0.15,0.85,15,4,1.0,5.223365,16.2205,0.907895,27.59038,0.908497,26.667232
0.02,400,0.15,0.85,15,5,0.8,6.135335,14.9047,0.914474,28.373474,0.908497,27.175374
0.02,400,0.15,0.85,15,5,0.9,5.787764,15.1079,0.914474,27.633431,0.921569,26.683473
0.02,400,0.15,0.85,15,5,1.0,5.240251,15.5751,0.901316,27.053507,0.888889,26.05556
0.02,400,0.15,0.85,18,4,0.8,5.775985,16.0779,0.921053,28.638426,0.928105,27.629833
0.02,400,0.15,0.85,18,4,0.9,4.926047,16.2253,0.907895,27.008265,0.915033,26.077379
0.02,400,0.15,0.85,18,4,1.0,5.092829,16.4939,0.921053,27.71325,0.908497,26.679535
0.02,400,0.15,0.85,18,5,0.8,5.40819,15.3088,0.914474,27.155525,0.901961,26.125171
0.02,400,0.15,0.85,18,5,0.9,5.683154,15.2111,0.901316,27.606645,0.908497,26.577396
0.02,400,0.15,0.85,18,5,1.0,5.80892,15.2635,0.914474,28.07802,0.901961,26.881297
0.02,400,0.15,0.85,20,4,0.8,5.615853,16.0066,0.921053,28.294022,0.921569,27.23831
0.02,400,0.15,0.85,20,4,0.9,5.017597,16.0929,0.894737,27.029052,0.908497,26.128124
0.02,400,0.15,0.85,20,4,1.0,5.321414,16.1673,0.914474,27.887677,0.915033,26.810136
0.02,400,0.15,0.85,20,5,0.8,5.636184,15.2493,0.914474,27.424069,0.888889,26.521654
0.02,400,0.15,0.85,20,5,0.9,5.171284,15.3272,0.894737,26.76059,0.895425,25.669814
0.02,400,0.15,0.85,20,5,1.0,5.267848,15.2414,0.894737,26.855146,0.901961,25.777065
0.02,400,0.15,0.85,22,4,0.8,5.567865,15.9458,0.914474,28.099727,0.921569,27.081531
0.02,400,0.15,0.85,22,4,0.9,5.780363,16.0902,0.921053,28.574446,0.928105,27.650884
0.02,400,0.15,0.85,22,4,1.0,5.519276,16.405,0.921053,28.496219,0.921569,27.443522
0.02,400,0.15,0.85,22,5,0.8,6.069737,15.3314,0.914474,28.483161,0.921569,27.470905
0.02,400,0.15,0.85,22,5,0.9,5.491894,15.36,0.907895,27.292518,0.915033,26.343822
0.02,400,0.15,0.85,22,5,1.0,5.494881,15.488,0.927632,27.641114,0.908497,26.47776
0.02,400,0.15,0.85,25,4,0.8,5.379153,16.1366,0.921053,27.844601,0.915033,26.89492
0.02,400,0.15,0.85,25,4,0.9,5.792775,16.1797,0.927632,28.659859,0.941176,27.765277
0.02,400,0.15,0.85,25,4,1.0,5.150929,16.5813,0.901316,27.444536,0.921569,26.88315
0.02,400,0.15,0.85,25,5,0.8,6.170769,15.4714,0.907895,28.68716,0.921569,27.812919
0.02,400,0.15,0.85,25,5,0.9,5.79887,15.5176,0.914474,28.018483,0.928105,27.115304
0.02,400,0.15,0.85,25,5,1.0,4.950217,15.7191,0.894737,26.403477,0.888889,25.61958
0.02,400,0.15,0.85,30,4,0.8,5.266184,16.2055,0.907895,27.703542,0.928105,26.73784
0.02,400,0.15,0.85,30,4,0.9,5.547527,16.3355,0.927632,28.232562,0.928105,27.430562
0.02,400,0.15,0.85,30,4,1.0,4.823956,16.4526,0.914474,26.989142,0.901961,26.100523
0.02,400,0.15,0.85,30,5,0.8,5.351976,15.4928,0.901316,27.25102,0.908497,26.196784
0.02,400,0.15,0.85,30,5,0.9,5.914274,15.6422,0.921053,28.333504,0.928105,27.470718
0.02,400,0.15,0.85,30,5,1.0,4.960903,15.9045,0.894737,26.735833,0.888889,25.826313
0.02,400,0.2,0.8,15,4,0.8,7.001304,12.9404,0.907895,27.791188,0.915033,26.942982
0.02,400,0.2,0.8,15,4,0.9,7.809953,12.9079,0.907895,29.293555,0.941176,28.527762
0.02,400,0.2,0.8,15,4,1.0,6.935232,13.6051,0.907895,28.122898,0.908497,27.475576
0.02,400,0.2,0.8,15,5,0.8,7.820006,12.4307,0.907895,28.854223,0.921569,28.070662
0.02,400,0.2,0.8,15,5,0.9,7.770326,12.3567,0.907895,28.805164,0.947712,27.897359
0.02,400,0.2,0.8,15,5,1.0,7.836614,12.4973,0.921053,29.017283,0.934641,28.170558
0.02,400,0.2,0.8,18,4,0.8,7.721831,12.9868,0.921053,29.287835,0.941176,28.430509
0.02,400,0.2,0.8,18,4,0.9,7.21108,13.058,0.914474,28.221606,0.928105,27.48016
0.02,400,0.2,0.8,18,4,1.0,7.258567,13.3649,0.907895,28.787757,0.921569,27.882051
0.02,400,0.2,0.8,18,5,0.8,7.6287,12.5517,0.907895,28.61883,0.915033,27.809114
0.02,400,0.2,0.8,18,5,0.9,8.250797,12.4347,0.907895,29.888044,0.941176,28.93633
0.02,400,0.2,0.8,18,5,1.0,7.12319,12.5846,0.901316,27.984046,0.915033,26.831026
0.02,400,0.2,0.8,20,4,0.8,7.184015,13.0987,0.914474,28.245458,0.921569,27.4667
0.02,400,0.2,0.8,20,4,0.9,7.435979,13.0974,0.914474,28.791862,0.921569,27.969344
0.02,400,0.2,0.8,20,4,1.0,7.185165,13.3654,0.901316,28.416373,0.908497,27.735697
0.02,400,0.2,0.8,20,5,0.8,8.341329,12.3815,0.927632,29.916319,0.954248,29.064109
0.02,400,0.2,0.8,20,5,0.9,7.474773,12.5562,0.907895,28.419704,0.915033,27.50571
0.02,400,0.2,0.8,20,5,1.0,7.725673,12.5182,0.901316,29.123198,0.934641,27.969536
0.02,400,0.2,0.8,22,4,0.8,7.090671,13.0497,0.914474,28.071229,0.908497,27.231021
0.02,400,0.2,0.8,22,4,0.9,7.277571,13.1513,0.914474,28.551889,0.928105,27.70642
0.02,400,0.2,0.8,22,4,1.0,7.524892,13.3363,0.914474,29.176614,0.941176,28.386053
0.02,400,0.2,0.8,22,5,0.8,7.781315,12.5929,0.907895,28.872638,0.921569,28.155514
0.02,400,0.2,0.8,22,5,0.9,7.350109,12.6276,0.907895,28.125506,0.921569,27.327776
0.02,400,0.2,0.8,22,5,1.0,7.094685,12.8506,0.907895,28.053595,0.908497,27.039977
0.02,400,0.2,0.8,25,4,0.8,7.605679,13.109,0.907895,29.041363,0.921569,28.320343
0.02,400,0.2,0.8,25,4,0.9,7.443861,13.195,0.914474,28.766456,0.921569,28.082735
0.02,400,0.2,0.8,25,4,1.0,7.21421,13.5054,0.921053,28.518382,0.934641,27.933791
0.02,400,0.2,0.8,25,5,0.8,8.130457,12.6649,0.914474,29.580133,0.954248,28.925771
0.02,400,0.2,0.8,25,5,0.9,7.651644,12.7337,0.914474,28.857024,0.941176,28.036952
0.02,400,0.2,0.8,25,5,1.0,7.570193,12.7498,0.921053,28.703787,0.934641,27.890141
0.02,400,0.2,0.8,30,4,0.8,7.959551,13.2613,0.921053,29.866632,0.941176,29.18041
0.02,400,0.2,0.8,30,4,0.9,7.230016,13.3764,0.901316,28.536988,0.921569,27.836382
0.02,400,0.2,0.8,30,4,1.0,7.435764,13.5486,0.907895,28.967709,0.915033,28.420093
0.02,400,0.2,0.8,30,5,0.8,8.037906,12.8889,0.914474,29.600457,0.947712,28.964696
0.02,400,0.2,0.8,30,5,0.9,7.704198,12.9902,0.901316,28.949644,0.941176,28.398619
0.02,400,0.2,0.8,30,5,1.0,7.685225,12.9366,0.914474,29.07169,0.934641,28.307038
0.02,450,0.15,0.85,15,4,0.8,4.813047,15.6793,0.894737,26.412657,0.875817,25.305374
0.02,450,0.15,0.85,15,4,0.9,5.577317,15.8031,0.921053,27.864249,0.928105,26.957775
0.02,450,0.15,0.85,15,4,1.0,5.346963,16.0669,0.907895,27.665524,0.908497,26.76079
0.02,450,0.15,0.85,15,5,0.8,6.374457,14.6741,0.921053,28.579656,0.915033,27.423019
0.02,450,0.15,0.85,15,5,0.9,5.718388,14.8556,0.907895,27.281259,0.915033,26.29237
0.02,450,0.15,0.85,15,5,1.0,5.323248,15.3735,0.907895,27.006238,0.888889,26.02004
0.02,450,0.15,0.85,18,4,0.8,5.578767,15.8341,0.921053,28.023885,0.921569,26.99167
0.02,450,0.15,0.85,18,4,0.9,4.924857,16.0856,0.901316,26.864973,0.908497,25.935309
0.02,450,0.15,0.85,18,4,1.0,4.890917,16.2962,0.914474,27.076789,0.901961,26.07807
0.02,450,0.15,0.85,18,5,0.8,5.758334,15.0908,0.914474,27.627824,0.908497,26.607511
0.02,450,0.15,0.85,18,5,0.9,5.80717,14.9904,0.907895,27.600203,0.908497,26.604743
0.02,450,0.15,0.85,18,5,1.0,5.93686,14.9833,0.927632,28.0912,0.901961,26.857064
0.02,450,0.15,0.85,20,4,0.8,5.81492,15.8051,0.921053,28.46954,0.921569,27.434986
0.02,450,0.15,0.85,20,4,0.9,5.107885,15.8984,0.894737,26.982127,0.908497,26.114212
0.02,450,0.15,0.85,20,4,1.0,5.467926,15.9952,0.921053,28.008676,0.915033,26.931007
0.02,450,0.15,0.85,20,5,0.8,6.101899,14.9822,0.914474,28.065632,0.915033,27.185959
0.02,450,0.15,0.85,20,5,0.9,5.318045,15.0168,0.894737,26.761755,0.895425,25.65285
0.02,450,0.15,0.85,20,5,1.0,5.237001,14.9799,0.888158,26.542307,0.901961,25.453874
0.02,450,0.15,0.85,22,4,0.8,5.512638,15.6821,0.914474,27.707631,0.915033,26.707349
0.02,450,0.15,0.85,22,4,0.9,5.850289,15.9114,0.914474,28.526995,0.928105,27.61198
0.02,450,0.15,0.85,22,4,1.0,5.5249,16.2328,0.921053,28.324302,0.921569,27.282606
0.02,450,0.15,0.85,22,5,0.8,6.433392,15.1266,0.921053,28.970407,0.928105,27.993369
0.02,450,0.15,0.85,22,5,0.9,5.653424,15.079,0.914474,27.307391,0.915033,26.385814
0.02,450,0.15,0.85,22,5,1.0,5.558608,15.3126,0.927632,27.547746,0.908497,26.429786
0.02,450,0.15,0.85,25,4,0.8,5.421211,15.9557,0.914474,27.672231,0.915033,26.798122
0.02,450,0.15,0.85,25,4,0.9,5.815808,16.0017,0.927632,28.480499,0.934641,27.633321
0.02,450,0.15,0.85,25,4,1.0,5.380389,16.363,0.921053,27.665271,0.928105,27.123771
0.02,450,0.15,0.85,25,5,0.8,6.080577,15.2137,0.907895,28.261159,0.915033,27.374844
0.02,450,0.15,0.85,25,5,0.9,5.929413,15.3203,0.914474,28.060544,0.928105,27.179108
0.02,450,0.15,0.85,25,5,1.0,5.016597,15.6069,0.894737,26.413735,0.895425,25.640107
0.02,450,0.15,0.85,30,4,0.8,5.42756,16.0115,0.914474,27.814499,0.934641,26.866645
0.02,450,0.15,0.85,30,4,0.9,5.649234,16.143,0.921053,28.219009,0.928105,27.441425
0.02,450,0.15,0.85,30,4,1.0,4.745872,16.272,0.907895,26.653888,0.901961,25.763762
0.02,450,0.15,0.85,30,5,0.8,5.641113,15.2787,0.907895,27.587026,0.915033,26.560915
0.02,450,0.15,0.85,30,5,0.9,6.032948,15.4273,0.921053,28.339897,0.934641,27.493233
0.02,450,0.15,0.85,30,5,1.0,5.200812,15.7422,0.894737,27.026656,0.915033,26.143813
0.02,450,0.2,0.8,15,4,0.8,7.154126,12.7669,0.907895,27.938293,0.908497,27.075111
0.02,450,0.2,0.8,15,4,0.9,7.902226,12.7684,0.914474,29.320341,0.941176,28.572843
0.02,450,0.2,0.8,15,4,1.0,6.952118,13.4664,0.907895,28.03735,0.908497,27.37061
0.02,450,0.2,0.8,15,5,0.8,7.897991,12.2285,0.901316,28.758319,0.921569,28.024517
0.02,450,0.2,0.8,15,5,0.9,7.890438,12.1812,0.901316,28.864463,0.947712,27.962099
0.02,450,0.2,0.8,15,5,1.0,7.819814,12.3734,0.914474,28.868491,0.928105,28.013062
0.02,450,0.2,0.8,18,4,0.8,7.935002,12.8105,0.927632,29.558457,0.941176,28.680525
0.02,450,0.2,0.8,18,4,0.9,7.283392,12.8869,0.907895,28.204518,0.928105,27.453718
0.02,450,0.2,0.8,18,4,1.0,7.388422,13.1844,0.907895,28.900141,0.915033,27.961243
0.02,450,0.2,0.8,18,5,0.8,7.595849,12.3429,0.901316,28.369487,0.908497,27.534599
0.02,450,0.2,0.8,18,5,0.9,8.213061,12.2987,0.907895,29.667611,0.941176,28.724825
0.02,450,0.2,0.8,18,5,1.0,7.135288,12.4569,0.901316,27.874875,0.908497,26.727516
0.02,450,0.2,0.8,20,4,0.8,7.302589,12.9085,0.914474,28.313935,0.915033,27.513672
0.02,450,0.2,0.8,20,4,0.9,7.546671,12.8938,0.907895,28.827586,0.921569,27.987149
0.02,450,0.2,0.8,20,4,1.0,7.295054,13.2086,0.901316,28.487859,0.908497,27.798728
0.02,450,0.2,0.8,20,5,0.8,8.38185,12.2308,0.927632,29.827396,0.954248,28.994467
0.02,450,0.2,0.8,20,5,0.9,7.763154,12.3707,0.907895,28.809702,0.915033,27.897028
0.02,450,0.2,0.8,20,5,1.0,7.88697,12.3417,0.901316,29.282554,0.934641,28.115659
0.02,450,0.2,0.8,22,4,0.8,7.476949,12.8594,0.921053,28.613846,0.928105,27.813295
0.02,450,0.2,0.8,22,4,0.9,7.44188,12.9776,0.914474,28.689287,0.928105,27.861363
0.02,450,0.2,0.8,22,4,1.0,7.527556,13.1937,0.914474,29.017941,0.941176,28.248796
0.02,450,0.2,0.8,22,5,0.8,7.864445,12.397,0.907895,28.816145,0.921569,28.125901
0.02,450,0.2,0.8,22,5,0.9,7.543337,12.4136,0.907895,28.313714,0.928105,27.500299
0.02,450,0.2,0.8,22,5,1.0,7.116456,12.6593,0.907895,27.892398,0.901961,26.892207
0.02,450,0.2,0.8,25,4,0.8,7.443496,12.9837,0.901316,28.575692,0.921569,27.870724
0.02,450,0.2,0.8,25,4,0.9,7.527915,13.0371,0.914474,28.802175,0.928105,28.092926
0.02,450,0.2,0.8,25,4,1.0,7.193192,13.3377,0.914474,28.333068,0.921569,27.724073
0.02,450,0.2,0.8,25,5,0.8,8.162804,12.4748,0.914474,29.468465,0.941176,28.800422
0.02,450,0.2,0.8,25,5,0.9,7.9688,12.533,0.914474,29.266,0.941176,28.470603
0.02,450,0.2,0.8,25,5,1.0,7.625566,12.6182,0.907895,28.667206,0.934641,27.869351
0.02,450,0.2,0.8,30,4,0.8,7.886676,13.0818,0.921053,29.531887,0.941176,28.85516
0.02,450,0.2,0.8,30,4,0.9,7.840699,13.2067,0.921053,29.589645,0.934641,28.888078
0.02,450,0.2,0.8,30,4,1.0,7.750897,13.4115,0.914474,29.441135,0.928105,28.913329
0.02,450,0.2,0.8,30,5,0.8,8.225712,12.6515,0.914474,29.736112,0.947712,29.102962
0.02,450,0.2,0.8,30,5,0.9,7.829727,12.7599,0.901316,28.987107,0.941176,28.419397
0.02,450,0.2,0.8,30,5,1.0,7.686686,12.8342,0.914474,28.946028,0.934641,28.207573
0.02,500,0.15,0.85,15,4,0.8,4.986033,15.5008,0.901316,26.530318,0.882353,25.472863
0.02,500,0.15,0.85,15,4,0.9,5.734841,15.6191,0.921053,27.996777,0.928105,27.088785
0.02,500,0.15,0.85,15,4,1.0,5.389565,15.924,0.907895,27.611576,0.908497,26.7031
0.02,500,0.15,0.85,15,5,0.8,6.455809,14.4223,0.921053,28.475448,0.908497,27.333926
0.02,500,0.15,0.85,15,5,0.9,5.882767,14.6387,0.907895,27.371873,0.915033,26.404223
0.02,500,0.15,0.85,15,5,1.0,5.501274,15.2484,0.907895,27.236344,0.901961,26.250929
0.02,500,0.15,0.85,18,4,0.8,5.480617,15.6407,0.914474,27.632673,0.915033,26.601931
0.02,500,0.15,0.85,18,4,0.9,4.875845,15.9252,0.901316,26.588226,0.895425,25.676925
0.02,500,0.15,0.85,18,4,1.0,4.904595,16.1591,0.914474,26.967077,0.908497,25.968254
0.02,500,0.15,0.85,18,5,0.8,6.016077,14.8723,0.914474,27.896191,0.908497,26.904424
0.02,500,0.15,0.85,18,5,0.9,5.892191,14.728,0.914474,27.518124,0.908497,26.512408
0.02,500,0.15,0.85,18,5,1.0,5.97885,14.7894,0.927632,27.978822,0.901961,26.747149
0.02,500,0.15,0.85,20,4,0.8,6.05571,15.6208,0.921053,28.753653,0.921569,27.732239
0.02,500,0.15,0.85,20,4,0.9,5.371723,15.7283,0.901316,27.33416,0.915033,26.471723
0.02,500,0.15,0.85,20,4,1.0,5.680947,15.8448,0.927632,28.27959,0.921569,27.206669
0.02,500,0.15,0.85,20,5,0.8,6.445448,14.766,0.927632,28.512692,0.934641,27.656878
0.02,500,0.15,0.85,20,5,0.9,5.738465,14.7572,0.907895,27.354696,0.895425,26.234102
0.02,500,0.15,0.85,20,5,1.0,5.353603,14.8174,0.888158,26.595805,0.901961,25.524603
0.02,500,0.15,0.85,22,4,0.8,5.692942,15.4866,0.914474,27.856781,0.921569,26.87249
0.02,500,0.15,0.85,22,4,0.9,5.957137,15.7109,0.914474,28.510127,0.928105,27.625204
0.02,500,0.15,0.85,22,4,1.0,5.576574,16.1198,0.914474,28.308485,0.915033,27.272922
0.02,500,0.15,0.85,22,5,0.8,6.628753,14.9141,0.921053,29.129913,0.934641,28.171558
0.02,500,0.15,0.85,22,5,0.9,5.709611,14.9074,0.914474,27.261188,0.915033,26.326573
0.02,500,0.15,0.85,22,5,1.0,5.732575,15.1529,0.927632,27.736259,0.915033,26.618051
0.02,500,0.15,0.85,25,4,0.8,5.535177,15.8153,0.921053,27.727852,0.921569,26.885698
0.02,500,0.15,0.85,25,4,0.9,5.671661,15.8656,0.914474,28.037548,0.934641,27.208877
0.02,500,0.15,0.85,25,4,1.0,5.478927,16.2718,0.914474,27.768422,0.928105,27.229691
0.02,500,0.15,0.85,25,5,0.8,6.273813,14.9933,0.907895,28.395489,0.915033,27.540909
0.02,500,0.15,0.85,25,5,0.9,6.048579,15.183,0.914474,28.139691,0.928105,27.280195
0.02,500,0.15,0.85,25,5,1.0,5.040839,15.3595,0.894737,26.181199,0.882353,25.441198
0.02,500,0.15,0.85,30,4,0.8,5.524892,15.8246,0.914474,27.793319,0.934641,26.874384
0.02,500,0.15,0.85,30,4,0.9,5.653069,16.0172,0.921053,28.054129,0.928105,27.323331
0.02,500,0.15,0.85,30,4,1.0,5.135514,16.1614,0.907895,27.320919,0.901961,26.432408
0.02,500,0.15,0.85,30,5,0.8,5.798575,15.0872,0.901316,27.691539,0.908497,26.684361
0.02,500,0.15,0.85,30,5,0.9,6.137121,15.1852,0.921053,28.299833,0.921569,27.459424
0.02,500,0.15,0.85,30,5,1.0,5.531748,15.5489,0.901316,27.492708,0.915033,26.612361
0.02,500,0.2,0.8,15,4,0.8,7.181537,12.602,0.901316,27.831129,0.901961,26.96503
0.02,500,0.2,0.8,15,4,0.9,7.846249,12.6078,0.901316,29.038018,0.934641,28.300312
0.02,500,0.2,0.8,15,4,1.0,7.149326,13.3815,0.907895,28.327589,0.908497,27.68016
0.02,500,0.2,0.8,15,5,0.8,7.936185,12.0455,0.894737,28.626154,0.921569,27.917886
0.02,500,0.2,0.8,15,5,0.9,7.679654,12.0212,0.894737,28.283646,0.934641,27.380497
0.02,500,0.2,0.8,15,5,1.0,7.763631,12.2152,0.914474,28.572211,0.915033,27.742464
0.02,500,0.2,0.8,18,4,0.8,8.061873,12.6914,0.921053,29.680721,0.941176,28.815177
0.02,500,0.2,0.8,18,4,0.9,7.511335,12.7536,0.901316,28.525822,0.928105,27.776231
0.02,500,0.2,0.8,18,4,1.0,7.357499,13.0633,0.901316,28.717297,0.921569,27.778311
0.02,500,0.2,0.8,18,5,0.8,7.996995,12.144,0.907895,28.966626,0.915033,28.138001
0.02,500,0.2,0.8,18,5,0.9,8.281867,12.1175,0.907895,29.601171,0.941176,28.681193
0.02,500,0.2,0.8,18,5,1.0,7.166808,12.3179,0.901316,27.786518,0.895425,26.65152
0.02,500,0.2,0.8,20,4,0.8,7.445194,12.7541,0.914474,28.438542,0.915033,27.644453
0.02,500,0.2,0.8,20,4,0.9,7.621501,12.7547,0.907895,28.861856,0.934641,27.997671
0.02,500,0.2,0.8,20,4,1.0,7.427464,13.057,0.901316,28.630711,0.915033,27.911952
0.02,500,0.2,0.8,20,5,0.8,8.363924,12.0649,0.927632,29.634768,0.947712,28.79271
0.02,500,0.2,0.8,20,5,0.9,7.828585,12.2009,0.907895,28.774372,0.921569,27.858105
0.02,500,0.2,0.8,20,5,1.0,7.998369,12.2275,0.901316,29.392246,0.934641,28.224223
0.02,500,0.2,0.8,22,4,0.8,7.96542,12.776,0.927632,29.497539,0.934641,28.706821
0.02,500,0.2,0.8,22,4,0.9,7.541249,12.8113,0.914474,28.691831,0.921569,27.893808
0.02,500,0.2,0.8,22,4,1.0,7.546162,13.0418,0.907895,28.929261,0.941176,28.134147
0.02,500,0.2,0.8,22,5,0.8,8.07687,12.2093,0.914474,29.066908,0.934641,28.363024
0.02,500,0.2,0.8,22,5,0.9,7.572231,12.2649,0.907895,28.223141,0.915033,27.409409
0.02,500,0.2,0.8,22,5,1.0,7.111943,12.4956,0.907895,27.696472,0.901961,26.719522
0.02,500,0.2,0.8,25,4,0.8,7.687725,12.8213,0.907895,28.914292,0.928105,28.196795
0.02,500,0.2,0.8,25,4,0.9,8.022248,12.8685,0.921053,29.60804,0.941176,28.913037
0.02,500,0.2,0.8,25,4,1.0,7.234302,13.219,0.914474,28.295006,0.928105,27.687637
0.02,500,0.2,0.8,25,5,0.8,8.221185,12.3517,0.914474,29.464442,0.941176,28.79404
0.02,500,0.2,0.8,25,5,0.9,8.053775,12.36,0.914474,29.249956,0.947712,28.467506
0.02,500,0.2,0.8,25,5,1.0,7.736582,12.4399,0.927632,28.725474,0.934641,27.913096
0.02,500,0.2,0.8,30,4,0.8,7.975602,12.9325,0.921053,29.567006,0.941176,28.883705
0.02,500,0.2,0.8,30,4,0.9,8.064714,13.067,0.914474,29.89559,0.934641,29.196466
0.02,500,0.2,0.8,30,4,1.0,7.859325,13.3375,0.914474,29.570861,0.928105,29.056165
0.02,500,0.2,0.8,30,5,0.8,8.125042,12.4539,0.914474,29.300282,0.947712,28.704023
0.02,500,0.2,0.8,30,5,0.9,7.956565,12.5422,0.901316,29.049377,0.941176,28.455328
0.02,500,0.2,0.8,30,5,1.0,7.758601,12.7283,0.901316,29.004614,0.934641,28.245522
0.02,550,0.15,0.85,15,4,0.8,5.126533,15.2805,0.901316,26.614822,0.875817,25.533588
0.02,550,0.15,0.85,15,4,0.9,5.789329,15.4761,0.927632,27.964442,0.921569,27.054784
0.02,550,0.15,0.85,15,4,1.0,5.414869,15.8102,0.914474,27.596723,0.908497,26.639898
0.02,550,0.15,0.85,15,5,0.8,6.538283,14.2083,0.921053,28.418148,0.915033,27.284817
0.02,550,0.15,0.85,15,5,0.9,6.000791,14.4555,0.907895,27.420567,0.908497,26.457111
0.02,550,0.15,0.85,15,5,1.0,5.688803,15.1211,0.907895,27.490793,0.915033,26.498657
0.02,550,0.15,0.85,18,4,0.8,5.363552,15.4774,0.914474,27.215545,0.908497,26.204524
0.02,550,0.15,0.85,18,4,0.9,4.911279,15.795,0.901316,26.528509,0.895425,25.617567
0.02,550,0.15,0.85,18,4,1.0,5.15892,15.9904,0.914474,27.292428,0.908497,26.308233
0.02,550,0.15,0.85,18,5,0.8,6.272955,14.67,0.914474,28.218081,0.921569,27.215931
0.02,550,0.15,0.85,18,5,0.9,5.936909,14.574,0.907895,27.41411,0.908497,26.447804
0.02,550,0.15,0.85,18,5,1.0,6.001708,14.5883,0.921053,27.798058,0.901961,26.591688
0.02,550,0.15,0.85,20,4,0.8,6.204183,15.4764,0.921053,28.878438,0.928105,27.88477
0.02,550,0.15,0.85,20,4,0.9,5.629991,15.5656,0.901316,27.692909,0.921569,26.825594
0.02,550,0.15,0.85,20,4,1.0,5.700865,15.6934,0.921053,28.186796,0.921569,27.095106
0.02,550,0.15,0.85,20,5,0.8,6.514864,14.5766,0.927632,28.429302,0.928105,27.606361
0.02,550,0.15,0.85,20,5,0.9,6.071514,14.5863,0.907895,27.847337,0.895425,26.729349
0.02,550,0.15,0.85,20,5,1.0,5.471009,14.5644,0.881579,26.510056,0.901961,25.506444
0.02,550,0.15,0.85,22,4,0.8,5.967258,15.3758,0.914474,28.272136,0.934641,27.310319
0.02,550,0.15,0.85,22,4,0.9,5.860738,15.5608,0.907895,28.159317,0.928105,27.282264
0.02,550,0.15,0.85,22,4,1.0,5.41716,16.0289,0.914474,27.895982,0.915033,26.863253
0.02,550,0.15,0.85,22,5,0.8,6.84662,14.6596,0.921053,29.28259,0.941176,28.352828
0.02,550,0.15,0.85,22,5,0.9,6.016627,14.7143,0.914474,27.688641,0.915033,26.74755
0.02,550,0.15,0.85,22,5,1.0,5.816273,15.0334,0.927632,27.794111,0.915033,26.665911
0.02,550,0.15,0.85,25,4,0.8,5.785367,15.6712,0.921053,28.064072,0.928105,27.24192
0.02,550,0.15,0.85,25,4,0.9,5.798849,15.7757,0.914474,28.17921,0.934641,27.373448
0.02,550,0.15,0.85,25,4,1.0,5.407324,16.0523,0.914474,27.390725,0.928105,26.866922
0.02,550,0.15,0.85,25,5,0.8,6.372386,14.8258,0.907895,28.407344,0.928105,27.570607
0.02,550,0.15,0.85,25,5,0.9,6.017574,15.0208,0.914474,27.893732,0.921569,27.055997
0.02,550,0.15,0.85,25,5,1.0,5.38445,15.1979,0.894737,26.702803,0.901961,25.966841
0.02,550,0.15,0.85,30,4,0.8,5.791983,15.6668,0.914474,28.140304,0.934641,27.250739
0.02,550,0.15,0.85,30,4,0.9,5.781628,15.8545,0.921053,28.139317,0.928105,27.417785
0.02,550,0.15,0.85,30,4,1.0,5.186423,16.0566,0.907895,27.315372,0.908497,26.429419
0.02,550,0.15,0.85,30,5,0.8,6.029627,14.9283,0.907895,27.996926,0.915033,26.987568
0.02,550,0.15,0.85,30,5,0.9,6.154508,15.0437,0.921053,28.171703,0.915033,27.352717
0.02,550,0.15,0.85,30,5,1.0,5.559831,15.3822,0.901316,27.346776,0.915033,26.501814
0.02,550,0.2,0.8,15,4,0.8,7.371966,12.4763,0.901316,28.093296,0.908497,27.220204
0.02,550,0.2,0.8,15,4,0.9,7.977288,12.4759,0.907895,29.172794,0.934641,28.430462
0.02,550,0.2,0.8,15,4,1.0,7.149505,13.2362,0.907895,28.217107,0.901961,27.535215
0.02,550,0.2,0.8,15,5,0.8,7.842734,11.9299,0.888158,28.295376,0.921569,27.615358
0.02,550,0.2,0.8,15,5,0.9,7.764029,11.8677,0.894737,28.282717,0.934641,27.395793
0.02,550,0.2,0.8,15,5,1.0,7.834094,12.0887,0.914474,28.601168,0.908497,27.756914
0.02,550,0.2,0.8,18,4,0.8,8.084506,12.5471,0.921053,29.564355,0.934641,28.71607
0.02,550,0.2,0.8,18,4,0.9,7.655073,12.6404,0.907895,28.700206,0.928105,27.950524
0.02,550,0.2,0.8,18,4,1.0,7.323579,12.9866,0.901316,28.584832,0.921569,27.633799
0.02,550,0.2,0.8,18,5,0.8,8.09699,12.0032,0.914474,29.004002,0.915033,28.197228
0.02,550,0.2,0.8,18,5,0.9,8.31812,11.9919,0.907895,29.539685,0.941176,28.628185
0.02,550,0.2,0.8,18,5,1.0,7.090031,12.1943,0.888158,27.526197,0.888889,26.374384
0.02,550,0.2,0.8,20,4,0.8,7.562841,12.6223,0.907895,28.558791,0.915033,27.747952
0.02,550,0.2,0.8,20,4,0.9,7.785311,12.64,0.907895,29.076585,0.934641,28.210622
0.02,550,0.2,0.8,20,4,1.0,7.381503,12.9158,0.901316,28.3867,0.915033,27.678787
0.02,550,0.2,0.8,20,5,0.8,8.521544,11.9151,0.927632,29.792429,0.954248,28.958147
0.02,550,0.2,0.8,20,5,0.9,7.850144,12.0531,0.907895,28.661403,0.921569,27.7534
0.02,550,0.2,0.8,20,5,1.0,8.069377,12.128,0.901316,29.463142,0.934641,28.266714
0.02,550,0.2,0.8,22,4,0.8,7.963859,12.6849,0.921053,29.394528,0.934641,28.61263
0.02,550,0.2,0.8,22,4,0.9,7.531942,12.7149,0.907895,28.576567,0.921569,27.778786
0.02,550,0.2,0.8,22,4,1.0,7.559331,12.9615,0.907895,28.87957,0.941176,28.080148
0.02,550,0.2,0.8,22,5,0.8,8.266795,12.0735,0.914474,29.285591,0.934641,28.607073
0.02,550,0.2,0.8,22,5,0.9,7.613061,12.0946,0.901316,28.139625,0.921569,27.320769
0.02,550,0.2,0.8,22,5,1.0,7.103842,12.3417,0.907895,27.502975,0.901961,26.549373
0.02,550,0.2,0.8,25,4,0.8,7.924541,12.6743,0.907895,29.21266,0.934641,28.523339
0.02,550,0.2,0.8,25,4,0.9,8.034914,12.7652,0.914474,29.51785,0.941176,28.835046
0.02,550,0.2,0.8,25,4,1.0,7.267054,13.1365,0.914474,28.264591,0.928105,27.670583
0.02,550,0.2,0.8,25,5,0.8,8.213421,12.1648,0.914474,29.255198,0.934641,28.591685
0.02,550,0.2,0.8,25,5,0.9,8.334893,12.2018,0.921053,29.658808,0.947712,28.871594
0.02,550,0.2,0.8,25,5,1.0,7.886406,12.3413,0.914474,28.922473,0.941176,28.114123
0.02,550,0.2,0.8,30,4,0.8,8.153022,12.82,0.921053,29.814592,0.941176,29.126085
0.02,550,0.2,0.8,30,4,0.9,8.028112,12.9207,0.914474,29.673331,0.934641,28.976912
0.02,550,0.2,0.8,30,4,1.0,7.862319,13.2367,0.907895,29.471833,0.934641,28.961334
0.02,550,0.2,0.8,30,5,0.8,8.151524,12.2934,0.907895,29.166356,0.947712,28.596479
0.02,550,0.2,0.8,30,5,0.9,8.124623,12.3945,0.901316,29.239931,0.941176,28.64379
0.02,550,0.2,0.8,30,5,1.0,7.784467,12.6306,0.894737,28.942556,0.934641,28.199511
0.02,600,0.15,0.85,15,4,0.8,5.520179,15.1421,0.907895,27.270214,0.882353,26.182497
0.02,600,0.15,0.85,15,4,0.9,5.774441,15.2962,0.921053,27.750579,0.921569,26.845089
0.02,600,0.15,0.85,15,4,1.0,5.42172,15.6399,0.914474,27.47666,0.908497,26.483316
0.02,600,0.15,0.85,15,5,0.8,6.65173,14.0302,0.921053,28.44695,0.915033,27.33367
0.02,600,0.15,0.85,15,5,0.9,6.040032,14.2844,0.907895,27.338596,0.908497,26.364442
0.02,600,0.15,0.85,15,5,1.0,5.697882,14.9869,0.907895,27.394082,0.908497,26.382687
0.02,600,0.15,0.85,18,4,0.8,5.687948,15.3378,0.921053,27.711308,0.921569,26.713678
0.02,600,0.15,0.85,18,4,0.9,4.972052,15.6691,0.901316,26.520437,0.895425,25.613221
0.02,600,0.15,0.85,18,4,1.0,5.190057,15.8395,0.914474,27.231216,0.915033,26.219591
0.02,600,0.15,0.85,18,5,0.8,6.448585,14.4878,0.921053,28.356068,0.921569,27.384994
0.02,600,0.15,0.85,18,5,0.9,6.086,14.4178,0.907895,27.556685,0.908497,26.589775
0.02,600,0.15,0.85,18,5,1.0,6.044887,14.4178,0.914474,27.705056,0.901961,26.50758
0.02,600,0.15,0.85,20,4,0.8,6.389043,15.328,0.921053,29.109202,0.928105,28.106093
0.02,600,0.15,0.85,20,4,0.9,5.852783,15.4088,0.907895,27.978476,0.928105,27.114334
0.02,600,0.15,0.85,20,4,1.0,5.680493,15.5696,0.907895,28.053378,0.921569,26.930632
0.02,600,0.15,0.85,20,5,0.8,6.610428,14.4177,0.927632,28.441663,0.928105,27.638561
0.02,600,0.15,0.85,20,5,0.9,6.211916,14.4182,0.907895,27.933625,0.901961,26.842075
0.02,600,0.15,0.85,20,5,1.0,5.666426,14.4259,0.881579,26.737471,0.901961,25.758776
0.02,600,0.15,0.85,22,4,0.8,6.192808,15.2942,0.914474,28.642244,0.934641,27.679844
0.02,600,0.15,0.85,22,4,0.9,5.955728,15.4199,0.914474,28.220943,0.928105,27.33131
0.02,600,0.15,0.85,22,4,1.0,5.362568,15.9098,0.914474,27.679138,0.915033,26.634968
0.02,600,0.15,0.85,22,5,0.8,6.867617,14.4788,0.921053,29.130603,0.941176,28.213987
0.02,600,0.15,0.85,22,5,0.9,6.345636,14.5656,0.914474,28.177499,0.921569,27.256874
0.02,600,0.15,0.85,22,5,1.0,5.870007,14.9318,0.921053,27.809738,0.915033,26.671844
0.02,600,0.15,0.85,25,4,0.8,5.71067,15.5453,0.921053,27.779388,0.915033,26.966643
0.02,600,0.15,0.85,25,4,0.9,5.81613,15.6608,0.914474,28.089739,0.934641,27.293023
0.02,600,0.15,0.85,25,4,1.0,5.381785,15.859,0.914474,27.170844,0.921569,26.622601
0.02,600,0.15,0.85,25,5,0.8,6.451415,14.6227,0.914474,28.363665,0.928105,27.525526
0.02,600,0.15,0.85,25,5,0.9,6.183565,14.8753,0.914474,28.057352,0.921569,27.242461
0.02,600,0.15,0.85,25,5,1.0,5.438158,15.0775,0.894737,26.664409,0.901961,25.95386
0.02,600,0.15,0.85,30,4,0.8,6.010161,15.5486,0.914474,28.455198,0.934641,27.568882
0.02,600,0.15,0.85,30,4,0.9,5.744032,15.7081,0.921053,27.921185,0.928105,27.19619
0.02,600,0.15,0.85,30,4,1.0,5.247811,15.9581,0.907895,27.33671,0.908497,26.45376
0.02,600,0.15,0.85,30,5,0.8,6.345524,14.7567,0.914474,28.426704,0.941176,27.447784
0.02,600,0.15,0.85,30,5,0.9,6.316774,14.9156,0.921053,28.35998,0.921569,27.549148
0.02,600,0.15,0.85,30,5,1.0,5.752221,15.2034,0.901316,27.547305,0.928105,26.707845
0.02,600,0.2,0.8,15,4,0.8,7.355549,12.3416,0.894737,27.918053,0.901961,27.052731
0.02,600,0.2,0.8,15,4,0.9,7.898781,12.3525,0.901316,28.895112,0.934641,28.150111
0.02,600,0.2,0.8,15,4,1.0,7.332932,13.1852,0.907895,28.499369,0.901961,27.851062
0.02,600,0.2,0.8,15,5,0.8,7.932539,11.795,0.888158,28.333509,0.921569,27.660061
0.02,600,0.2,0.8,15,5,0.9,7.920362,11.7813,0.894737,28.491842,0.934641,27.622017
0.02,600,0.2,0.8,15,5,1.0,7.628586,12.0218,0.914474,28.126508,0.908497,27.278944
0.02,600,0.2,0.8,18,4,0.8,8.159914,12.4259,0.921053,29.586424,0.928105,28.745678
0.02,600,0.2,0.8,18,4,0.9,7.729128,12.5335,0.894737,28.751642,0.934641,27.991756
0.02,600,0.2,0.8,18,4,1.0,7.304471,12.8771,0.901316,28.462965,0.921569,27.486066
0.02,600,0.2,0.8,18,5,0.8,8.078816,11.8909,0.901316,28.819187,0.908497,28.048564
0.02,600,0.2,0.8,18,5,0.9,8.282118,11.8419,0.907895,29.306467,0.934641,28.406135
0.02,600,0.2,0.8,18,5,1.0,7.199326,12.119,0.894737,27.685931,0.888889,26.517634
0.02,600,0.2,0.8,20,4,0.8,7.756121,12.4857,0.914474,28.788596,0.921569,27.997912
0.02,600,0.2,0.8,20,4,0.9,7.903785,12.5101,0.901316,29.166639,0.941176,28.317622
0.02,600,0.2,0.8,20,4,1.0,7.399337,12.7585,0.901316,28.255974,0.908497,27.557138
0.02,600,0.2,0.8,20,5,0.8,8.485163,11.7771,0.927632,29.566736,0.941176,28.747393
0.02,600,0.2,0.8,20,5,0.9,7.981525,11.9251,0.907895,28.790881,0.921569,27.888124
0.02,600,0.2,0.8,20,5,1.0,8.109813,12.0132,0.901316,29.439646,0.934641,28.232861
0.02,600,0.2,0.8,22,4,0.8,7.848474,12.5744,0.907895,29.04897,0.921569,28.271358
0.02,600,0.2,0.8,22,4,0.9,7.487533,12.6212,0.907895,28.407574,0.921569,27.596305
0.02,600,0.2,0.8,22,4,1.0,7.572659,12.8778,0.907895,28.832839,0.941176,28.023145
0.02,600,0.2,0.8,22,5,0.8,8.493366,11.9621,0.914474,29.599534,0.947712,28.948795
0.02,600,0.2,0.8,22,5,0.9,7.71579,11.9876,0.901316,28.231808,0.921569,27.419148
0.02,600,0.2,0.8,22,5,1.0,7.189654,12.2531,0.907895,27.590578,0.895425,26.632391
0.02,600,0.2,0.8,25,4,0.8,8.035766,12.5639,0.907895,29.319552,0.934641,28.635437
0.02,600,0.2,0.8,25,4,0.9,8.037167,12.6682,0.914474,29.421901,0.941176,28.742517
0.02,600,0.2,0.8,25,4,1.0,7.238611,13.0241,0.907895,28.129666,0.928105,27.501368
0.02,600,0.2,0.8,25,5,0.8,8.383611,12.0337,0.914474,29.441189,0.947712,28.800966
0.02,600,0.2,0.8,25,5,0.9,8.426774,12.0441,0.921053,29.692163,0.947712,28.897599
0.02,600,0.2,0.8,25,5,1.0,7.99679,12.2493,0.914474,29.053196,0.934641,28.242892
0.02,600,0.2,0.8,30,4,0.8,8.129205,12.7339,0.914474,29.64277,0.941176,28.992326
0.02,600,0.2,0.8,30,4,0.9,8.117598,12.8186,0.921053,29.72881,0.934641,29.053758
0.02,600,0.2,0.8,30,4,1.0,7.834286,13.1549,0.894737,29.295942,0.934641,28.823486
0.02,600,0.2,0.8,30,5,0.8,8.396343,12.1771,0.914474,29.537919,0.947712,28.969789
0.02,600,0.2,0.8,30,5,0.9,8.439316,12.2919,0.907895,29.758998,0.941176,29.170537
0.02,600,0.2,0.8,30,5,1.0,7.78781,12.5532,0.901316,28.859101,0.928105,28.128772
0.02,700,0.15,0.85,15,4,0.8,5.990357,14.9432,0.907895,27.986194,0.895425,26.923897
0.02,700,0.15,0.85,15,4,0.9,5.78843,14.9573,0.914474,27.475434,0.915033,26.534165
0.02,700,0.15,0.85,15,4,1.0,5.432525,15.3821,0.907895,27.249846,0.901961,26.247124
0.02,700,0.15,0.85,15,5,0.8,6.931244,13.694,0.914474,28.615638,0.915033,27.556531
0.02,700,0.15,0.85,15,5,0.9,6.376899,14.0358,0.914474,27.765371,0.921569,26.789634
0.02,700,0.15,0.85,15,5,1.0,5.760478,14.7854,0.907895,27.302868,0.901961,26.306322
0.02,700,0.15,0.85,18,4,0.8,6.144614,15.0884,0.921053,28.367021,0.928105,27.377623
0.02,700,0.15,0.85,18,4,0.9,5.260806,15.3959,0.901316,26.82365,0.895425,25.917469
0.02,700,0.15,0.85,18,4,1.0,5.4104,15.5807,0.907895,27.390343,0.915033,26.401499
0.02,700,0.15,0.85,18,5,0.8,6.591409,14.2115,0.921053,28.33577,0.908497,27.394325
0.02,700,0.15,0.85,18,5,0.9,6.820611,14.0988,0.914474,28.683395,0.908497,27.740051
0.02,700,0.15,0.85,18,5,1.0,6.074156,14.1276,0.907895,27.521822,0.901961,26.275888
0.02,700,0.15,0.85,20,4,0.8,6.476394,15.043,0.914474,28.969665,0.921569,27.995745
0.02,700,0.15,0.85,20,4,0.9,6.07211,15.1531,0.907895,28.179241,0.934641,27.29729
0.02,700,0.15,0.85,20,4,1.0,5.664743,15.3781,0.914474,27.859761,0.921569,26.707549
0.02,700,0.15,0.85,20,5,0.8,6.703894,14.1627,0.914474,28.357839,0.921569,27.570458
0.02,700,0.15,0.85,20,5,0.9,6.520069,14.1448,0.907895,28.247289,0.915033,27.184912
0.02,700,0.15,0.85,20,5,1.0,5.764141,14.2225,0.881579,26.756335,0.901961,25.750784
0.02,700,0.15,0.85,22,4,0.8,6.581976,15.0237,0.914474,29.13682,0.941176,28.187685
0.02,700,0.15,0.85,22,4,0.9,6.114684,15.1402,0.914474,28.235175,0.928105,27.369571
0.02,700,0.15,0.85,22,4,1.0,5.39865,15.7024,0.921053,27.545041,0.915033,26.499713
0.02,700,0.15,0.85,22,5,0.8,7.064528,14.227,0.921053,29.247043,0.941176,28.356107
0.02,700,0.15,0.85,22,5,0.9,6.548007,14.2813,0.914474,28.231444,0.921569,27.377325
0.02,700,0.15,0.85,22,5,1.0,6.076037,14.6412,0.927632,27.926769,0.915033,26.793293
0.02,700,0.15,0.85,25,4,0.8,5.860047,15.2816,0.921053,27.828264,0.915033,27.00172
0.02,700,0.15,0.85,25,4,0.9,6.003069,15.3736,0.914474,28.18726,0.934641,27.379694
0.02,700,0.15,0.85,25,4,1.0,5.435999,15.703,0.914474,27.121328,0.921569,26.575016
0.02,700,0.15,0.85,25,5,0.8,6.822988,14.3669,0.914474,28.797714,0.934641,28.012884
0.02,700,0.15,0.85,25,5,0.9,6.592146,14.5678,0.914474,28.556672,0.928105,27.752137
0.02,700,0.15,0.85,25,5,1.0,5.542824,14.8678,0.894737,26.65672,0.895425,25.953419
0.02,700,0.15,0.85,30,4,0.8,6.159543,15.305,0.914474,28.499286,0.934641,27.624053
0.02,700,0.15,0.85,30,4,0.9,5.899653,15.4586,0.921053,27.963616,0.928105,27.257907
0.02,700,0.15,0.85,30,4,1.0,5.334622,15.8623,0.907895,27.365383,0.908497,26.53156
0.02,700,0.15,0.85,30,5,0.8,6.416825,14.4709,0.921053,28.230619,0.934641,27.304585
0.02,700,0.15,0.85,30,5,0.9,6.59461,14.649,0.921053,28.634267,0.928105,27.838215
0.02,700,0.15,0.85,30,5,1.0,6.011964,14.9568,0.907895,27.806899,0.934641,26.980708
0.02,700,0.2,0.8,15,4,0.8,7.471439,12.1397,0.894737,27.923505,0.901961,27.082606
0.02,700,0.2,0.8,15,4,0.9,7.870039,12.1334,0.901316,28.609516,0.928105,27.873483
0.02,700,0.2,0.8,15,4,1.0,7.405975,13.0028,0.907895,28.440396,0.915033,27.814752
0.02,700,0.2,0.8,15,5,0.8,8.090483,11.5408,0.894737,28.37083,0.921569,27.721753
0.02,700,0.2,0.8,15,5,0.9,8.008117,11.5439,0.894737,28.387442,0.934641,27.560152
0.02,700,0.2,0.8,15,5,1.0,7.583372,11.8305,0.914474,27.817629,0.908497,26.997285
0.02,700,0.2,0.8,18,4,0.8,8.194182,12.1659,0.921053,29.381271,0.928105,28.554243
0.02,700,0.2,0.8,18,4,0.9,8.094185,12.3194,0.907895,29.274859,0.947712,28.507735
0.02,700,0.2,0.8,18,4,1.0,7.315014,12.7578,0.901316,28.360282,0.921569,27.387872
0.02,700,0.2,0.8,18,5,0.8,8.159843,11.6497,0.901316,28.753191,0.908497,27.969372
0.02,700,0.2,0.8,18,5,0.9,8.36235,11.6427,0.901316,29.218886,0.941176,28.367421
0.02,700,0.2,0.8,18,5,1.0,7.390529,11.9716,0.894737,27.914377,0.895425,26.752623
0.02,700,0.2,0.8,20,4,0.8,7.937741,12.2285,0.914474,28.940758,0.921569,28.104012
0.02,700,0.2,0.8,20,4,0.9,7.713134,12.2988,0.894737,28.573381,0.928105,27.72507
0.02,700,0.2,0.8,20,4,1.0,7.497783,12.617,0.901316,28.318285,0.915033,27.612548
0.02,700,0.2,0.8,20,5,0.8,8.805194,11.5445,0.921053,29.993874,0.947712,29.154903
0.02,700,0.2,0.8,20,5,0.9,8.226719,11.6719,0.907895,29.004178,0.921569,28.125328
0.02,700,0.2,0.8,20,5,1.0,8.240052,11.8217,0.901316,29.529685,0.941176,28.301845
0.02,700,0.2,0.8,22,4,0.8,8.171052,12.299,0.914474,29.400882,0.921569,28.641092
0.02,700,0.2,0.8,22,4,0.9,7.933661,12.4422,0.907895,29.086784,0.928105,28.309497
0.02,700,0.2,0.8,22,4,1.0,7.561749,12.7319,0.907895,28.683859,0.934641,27.855437
0.02,700,0.2,0.8,22,5,0.8,8.641993,11.7223,0.914474,29.677432,0.947712,29.006322
0.02,700,0.2,0.8,22,5,0.9,7.77416,11.7913,0.901316,28.116821,0.921569,27.339595
0.02,700,0.2,0.8,22,5,1.0,7.450519,12.0851,0.907895,27.933478,0.895425,26.986091
0.02,700,0.2,0.8,25,4,0.8,8.60997,12.3867,0.914474,30.285171,0.941176,29.606594
0.02,700,0.2,0.8,25,4,0.9,8.118563,12.4443,0.907895,29.334928,0.934641,28.681379
0.02,700,0.2,0.8,25,4,1.0,7.505521,12.8848,0.907895,28.517132,0.928105,27.89584
0.02,700,0.2,0.8,25,5,0.8,8.589981,11.7323,0.907895,29.538087,0.947712,28.912254
0.02,700,0.2,0.8,25,5,0.9,8.548479,11.7731,0.914474,29.669475,0.941176,28.870104
0.02,700,0.2,0.8,25,5,1.0,8.103061,11.9793,0.914474,29.024937,0.934641,28.185471
0.02,700,0.2,0.8,30,4,0.8,8.255109,12.5317,0.914474,29.698713,0.941176,29.041933
0.02,700,0.2,0.8,30,4,0.9,8.053237,12.6536,0.901316,29.435813,0.934641,28.760077
0.02,700,0.2,0.8,30,4,1.0,7.996597,12.9929,0.894737,29.440733,0.928105,28.986122
0.02,700,0.2,0.8,30,5,0.8,8.532739,11.9663,0.907895,29.573212,0.947712,29.031771
0.02,700,0.2,0.8,30,5,0.9,8.597985,12.0749,0.914474,29.865632,0.941176,29.2709
0.02,700,0.2,0.8,30,5,1.0,7.911471,12.3582,0.901316,28.919489,0.934641,28.181148
0.02,800,0.15,0.85,15,4,0.8,6.158526,14.7175,0.907895,28.092718,0.895425,27.034505
0.02,800,0.15,0.85,15,4,0.9,5.728068,14.677,0.907895,27.10029,0.901961,26.133152
0.02,800,0.15,0.85,15,4,1.0,5.262313,15.2517,0.901316,26.805323,0.901961,25.776339
0.02,800,0.15,0.85,15,5,0.8,7.265787,13.3899,0.921053,28.985485,0.915033,27.921519
0.02,800,0.15,0.85,15,5,0.9,6.454906,13.7682,0.914474,27.656963,0.928105,26.677994
0.02,800,0.15,0.85,15,5,1.0,5.778511,14.6567,0.901316,27.22722,0.901961,26.213753
0.02,800,0.15,0.85,18,4,0.8,6.362928,14.8506,0.921053,28.565275,0.928105,27.576447
0.02,800,0.15,0.85,18,4,0.9,5.497684,15.0998,0.901316,27.021021,0.895425,26.095183
0.02,800,0.15,0.85,18,4,1.0,5.295549,15.3973,0.901316,26.971351,0.915033,25.988444
0.02,800,0.15,0.85,18,5,0.8,6.700404,13.9238,0.921053,28.227706,0.895425,27.324622
0.02,800,0.15,0.85,18,5,0.9,6.814221,13.8843,0.914474,28.439879,0.908497,27.512715
0.02,800,0.15,0.85,18,5,1.0,6.265887,13.9567,0.907895,27.748373,0.901961,26.488479
0.02,800,0.15,0.85,20,4,0.8,6.523721,14.8451,0.921053,28.858984,0.915033,27.892512
0.02,800,0.15,0.85,20,4,0.9,6.174522,14.9547,0.901316,28.178579,0.928105,27.3037
0.02,800,0.15,0.85,20,4,1.0,5.685496,15.2491,0.914474,27.78023,0.915033,26.620072
0.02,800,0.15,0.85,20,5,0.8,7.012299,13.8424,0.914474,28.634612,0.934641,27.867033
0.02,800,0.15,0.85,20,5,0.9,6.783314,13.9104,0.907895,28.49696,0.921569,27.477013
0.02,800,0.15,0.85,20,5,1.0,6.01108,13.9857,0.894737,27.003911,0.901961,26.007871
0.02,800,0.15,0.85,22,4,0.8,6.769568,14.7792,0.914474,29.260882,0.934641,28.318353
0.02,800,0.15,0.85,22,4,0.9,6.170766,14.9215,0.907895,28.138415,0.928105,27.263009
0.02,800,0.15,0.85,22,4,1.0,5.417466,15.5531,0.921053,27.425479,0.908497,26.388035
0.02,800,0.15,0.85,22,5,0.8,7.124303,14.0078,0.921053,29.120195,0.941176,28.25638
0.02,800,0.15,0.85,22,5,0.9,6.792288,14.0518,0.914474,28.474113,0.921569,27.636364
0.02,800,0.15,0.85,22,5,1.0,6.235273,14.4451,0.927632,28.060251,0.915033,26.91569
0.02,800,0.15,0.85,25,4,0.8,6.318722,15.004,0.921053,28.456689,0.928105,27.641431
0.02,800,0.15,0.85,25,4,0.9,6.434204,15.1498,0.921053,28.806471,0.947712,28.018211
0.02,800,0.15,0.85,25,4,1.0,5.619916,15.5555,0.907895,27.330321,0.921569,26.795284
0.02,800,0.15,0.85,25,5,0.8,6.903212,14.0909,0.921053,28.64962,0.934641,27.897347
0.02,800,0.15,0.85,25,5,0.9,6.735182,14.3697,0.914474,28.602142,0.928105,27.84011
0.02,800,0.15,0.85,25,5,1.0,5.461081,14.7336,0.894737,26.377715,0.888889,25.655764
0.02,800,0.15,0.85,30,4,0.8,6.398524,15.079,0.914474,28.714859,0.934641,27.876028
0.02,800,0.15,0.85,30,4,0.9,6.163517,15.1848,0.921053,28.173149,0.928105,27.511853
0.02,800,0.15,0.85,30,4,1.0,5.586647,15.7076,0.907895,27.705703,0.915033,26.880916
0.02,800,0.15,0.85,30,5,0.8,6.683162,14.2749,0.914474,28.531433,0.947712,27.641219
0.02,800,0.15,0.85,30,5,0.9,6.747682,14.4328,0.921053,28.705259,0.928105,27.928208
0.02,800,0.15,0.85,30,5,1.0,6.121181,14.834,0.907895,27.889438,0.934641,27.076356
0.02,800,0.2,0.8,15,4,0.8,7.465124,11.956,0.888158,27.703675,0.901961,26.886247
0.02,800,0.2,0.8,15,4,0.9,7.96207,11.9585,0.901316,28.565545,0.934641,27.882655
0.02,800,0.2,0.8,15,4,1.0,7.546486,12.7775,0.907895,28.556697,0.915033,27.870448
0.02,800,0.2,0.8,15,5,0.8,8.133837,11.3849,0.894737,28.276378,0.921569,27.652618
0.02,800,0.2,0.8,15,5,0.9,7.990165,11.3018,0.894737,28.088538,0.928105,27.282094
0.02,800,0.2,0.8,15,5,1.0,7.561997,11.6428,0.914474,27.604431,0.908497,26.766794
0.02,800,0.2,0.8,18,4,0.8,8.190063,11.9929,0.914474,29.175233,0.928105,28.373066
0.02,800,0.2,0.8,18,4,0.9,8.020645,12.1654,0.901316,28.973945,0.941176,28.206686
0.02,800,0.2,0.8,18,4,1.0,7.360582,12.6031,0.894737,28.318637,0.908497,27.324297
0.02,800,0.2,0.8,18,5,0.8,8.248558,11.3783,0.901316,28.628401,0.915033,27.875405
0.02,800,0.2,0.8,18,5,0.9,8.5365,11.4204,0.901316,29.351964,0.941176,28.493377
0.02,800,0.2,0.8,18,5,1.0,7.490359,11.854,0.894737,27.999551,0.895425,26.834704
0.02,800,0.2,0.8,20,4,0.8,7.974602,12.0192,0.914474,28.759409,0.915033,27.968453
0.02,800,0.2,0.8,20,4,0.9,8.290362,12.1488,0.914474,29.57771,0.941176,28.729503
0.02,800,0.2,0.8,20,4,1.0,7.568241,12.5294,0.901316,28.368862,0.915033,27.665838
0.02,800,0.2,0.8,20,5,0.8,8.870228,11.3216,0.921053,29.876738,0.947712,29.062021
0.02,800,0.2,0.8,20,5,0.9,8.42017,11.4713,0.921053,29.157028,0.928105,28.311662
0.02,800,0.2,0.8,20,5,1.0,8.414382,11.6595,0.901316,29.708066,0.941176,28.488257
0.02,800,0.2,0.8,22,4,0.8,8.331315,12.1098,0.914474,29.509075,0.921569,28.772411
0.02,800,0.2,0.8,22,4,0.9,8.133064,12.2569,0.907895,29.302251,0.928105,28.523075
0.02,800,0.2,0.8,22,4,1.0,7.591571,12.644,0.907895,28.677671,0.934641,27.827149
0.02,800,0.2,0.8,22,5,0.8,8.628557,11.4967,0.914474,29.403238,0.928105,28.753784
0.02,800,0.2,0.8,22,5,0.9,7.91279,11.584,0.901316,28.17288,0.921569,27.409621
0.02,800,0.2,0.8,22,5,1.0,7.501116,11.8819,0.907895,27.817465,0.895425,26.884143
0.02,800,0.2,0.8,25,4,0.8,8.70994,12.2044,0.914474,30.267224,0.941176,29.624315
0.02,800,0.2,0.8,25,4,0.9,8.369342,12.3432,0.907895,29.706582,0.947712,29.081855
0.02,800,0.2,0.8,25,4,1.0,7.668379,12.7819,0.914474,28.698616,0.941176,28.118703
0.02,800,0.2,0.8,25,5,0.8,8.840437,11.564,0.907895,29.835538,0.941176,29.244915
0.02,800,0.2,0.8,25,5,0.9,8.58131,11.5943,0.914474,29.540164,0.941176,28.756958
0.02,800,0.2,0.8,25,5,1.0,8.546201,11.8266,0.921053,29.734056,0.941176,28.919044
0.02,800,0.2,0.8,30,4,0.8,8.387192,12.3693,0.921053,29.778095,0.947712,29.14365
0.02,800,0.2,0.8,30,4,0.9,8.160372,12.4339,0.901316,29.414227,0.934641,28.754686
0.02,800,0.2,0.8,30,4,1.0,8.038193,12.808,0.894737,29.342817,0.928105,28.88443
0.02,800,0.2,0.8,30,5,0.8,8.704072,11.7754,0.907895,29.710059,0.947712,29.18359
0.02,800,0.2,0.8,30,5,0.9,8.683512,11.9004,0.914474,29.859453,0.947712,29.267397
0.02,800,0.2,0.8,30,5,1.0,8.586002,12.1259,0.907895,30.032258,0.934641,29.297911
0.025,400,0.15,0.85,15,4,0.8,5.351692,15.4774,0.901316,27.144304,0.895425,26.180749
0.025,400,0.15,0.85,15,4,0.9,5.037559,15.6869,0.907895,26.863783,0.888889,25.762049
0.025,400,0.15,0.85,15,4,1.0,5.345325,15.8511,0.907895,27.770358,0.888889,26.541787
0.025,400,0.15,0.85,15,5,0.8,6.472091,14.5192,0.921053,28.466203,0.921569,27.463356
0.025,400,0.15,0.85,15,5,0.9,5.611861,14.5287,0.907895,26.869516,0.895425,25.752403
0.025,400,0.15,0.85,15,5,1.0,5.286297,15.0585,0.894737,26.6468,0.888889,25.631051
0.025,400,0.15,0.85,18,4,0.8,5.577109,15.6335,0.921053,27.739455,0.915033,26.787699
0.025,400,0.15,0.85,18,4,0.9,5.527215,15.879,0.921053,27.911144,0.928105,26.93344
0.025,400,0.15,0.85,18,4,1.0,4.696083,16.1534,0.907895,26.777777,0.882353,25.545565
0.025,400,0.15,0.85,18,5,0.8,6.080881,14.8144,0.921053,27.995111,0.915033,26.976132
0.025,400,0.15,0.85,18,5,0.9,6.33301,14.758,0.921053,28.566601,0.921569,27.424013
0.025,400,0.15,0.85,18,5,1.0,5.692391,14.9153,0.914474,27.63054,0.882353,26.300128
0.025,400,0.15,0.85,20,4,0.8,5.483313,15.6504,0.901316,27.681423,0.915033,26.616977
0.025,400,0.15,0.85,20,4,0.9,5.423876,15.6784,0.914474,27.494031,0.901961,26.526173
0.025,400,0.15,0.85,20,4,1.0,5.547714,15.8855,0.907895,28.142607,0.928105,26.980883
0.025,400,0.15,0.85,20,5,0.8,5.908836,14.9285,0.914474,27.651837,0.908497,26.746217
0.025,400,0.15,0.85,20,5,0.9,5.836792,14.8737,0.901316,27.57769,0.908497,26.54733
0.025,400,0.15,0.85,20,5,1.0,5.546187,14.9478,0.888158,27.001363,0.901961,26.04015
0.025,400,0.15,0.85,22,4,0.8,5.470116,15.7323,0.907895,27.511014,0.921569,26.67249
0.025,400,0.15,0.85,22,4,0.9,5.575569,15.8042,0.914474,27.799026,0.921569,26.955316
0.025,400,0.15,0.85,22,4,1.0,5.645994,15.9049,0.914474,28.332315,0.915033,27.196867
0.025,400,0.15,0.85,22,5,0.8,6.246728,14.9355,0.914474,28.170132,0.934641,27.42897
0.025,400,0.15,0.85,22,5,0.9,5.970189,14.9301,0.914474,27.902432,0.915033,26.870461
0.025,400,0.15,0.85,22,5,1.0,5.405978,15.2158,0.921053,26.997419,0.895425,26.02773
0.025,400,0.15,0.85,25,4,0.8,5.820274,15.644,0.914474,28.153876,0.934641,27.284551
0.025,400,0.15,0.85,25,4,0.9,5.073741,15.8347,0.907895,26.872654,0.908497,25.982163
0.025,400,0.15,0.85,25,4,1.0,5.076183,16.2058,0.901316,27.111613,0.921569,26.358204
0.025,400,0.15,0.85,25,5,0.8,5.755637,15.0266,0.907895,27.540048,0.915033,26.537872
0.025,400,0.15,0.85,25,5,0.9,5.80287,15.0509,0.901316,27.51634,0.915033,26.656673
0.025,400,0.15,0.85,25,5,1.0,5.049957,15.3957,0.901316,26.271676,0.895425,25.495619
0.025,400,0.15,0.85,30,4,0.8,6.047912,15.7945,0.921053,28.654031,0.934641,27.890365
0.025,400,0.15,0.85,30,4,0.9,5.547113,15.8703,0.907895,27.75899,0.908497,26.964499
0.025,400,0.15,0.85,30,4,1.0,4.983596,16.115,0.914474,26.910179,0.908497,26.082177
0.025,400,0.15,0.85,30,5,0.8,6.546502,15.077,0.927632,29.156795,0.954248,28.170012
0.025,400,0.15,0.85,30,5,0.9,5.879174,15.2316,0.914474,27.646288,0.921569,26.989963
0.025,400,0.15,0.85,30,5,1.0,5.703955,15.3592,0.901316,27.631851,0.915033,26.767063
0.025,400,0.2,0.8,15,4,0.8,8.047067,12.5286,0.907895,29.596216,0.921569,28.62275
0.025,400,0.2,0.8,15,4,0.9,7.801027,12.6767,0.901316,28.962835,0.934641,28.278723
0.025,400,0.2,0.8,15,4,1.0,7.085545,12.9903,0.907895,27.827099,0.915033,27.161342
0.025,400,0.2,0.8,15,5,0.8,8.277728,11.7663,0.914474,29.474909,0.934641,28.321733
0.025,400,0.2,0.8,15,5,0.9,8.420608,12.0498,0.914474,29.775335,0.954248,28.890995
0.025,400,0.2,0.8,15,5,1.0,7.787621,12.4476,0.921053,28.887164,0.934641,28.022797
0.025,400,0.2,0.8,18,4,0.8,7.370235,12.6142,0.914474,28.309831,0.908497,27.35463
0.025,400,0.2,0.8,18,4,0.9,6.995622,12.7016,0.894737,27.596,0.901961,26.692889
0.025,400,0.2,0.8,18,4,1.0,7.030309,12.9046,0.901316,27.829159,0.901961,26.9652
0.025,400,0.2,0.8,18,5,0.8,7.820303,11.9749,0.921053,28.39422,0.921569,27.615486
0.025,400,0.2,0.8,18,5,0.9,7.740652,12.1307,0.894737,28.586077,0.928105,27.612005
0.025,400,0.2,0.8,18,5,1.0,7.586047,12.3868,0.921053,28.8299,0.928105,27.558857
0.025,400,0.2,0.8,20,4,0.8,7.274009,12.6215,0.914474,28.044446,0.915033,27.169479
0.025,400,0.2,0.8,20,4,0.9,8.062419,12.864,0.927632,29.77909,0.941176,28.98882
0.025,400,0.2,0.8,20,4,1.0,7.369653,13.2163,0.901316,28.7222,0.921569,27.955651
0.025,400,0.2,0.8,20,5,0.8,7.821069,11.8678,0.907895,28.254592,0.895425,27.509904
0.025,400,0.2,0.8,20,5,0.9,7.865605,12.2743,0.907895,28.809428,0.928105,28.005547
0.025,400,0.2,0.8,20,5,1.0,7.971509,12.3676,0.901316,29.245807,0.941176,28.310654
0.025,400,0.2,0.8,22,4,0.8,7.724279,12.8142,0.914474,28.960459,0.928105,28.26279
0.025,400,0.2,0.8,22,4,0.9,7.811197,12.8456,0.914474,29.25573,0.915033,28.468012
0.025,400,0.2,0.8,22,4,1.0,7.081302,13.1185,0.901316,28.109676,0.915033,27.281077
0.025,400,0.2,0.8,22,5,0.8,7.404402,12.3167,0.914474,27.958143,0.908497,27.125523
0.025,400,0.2,0.8,22,5,0.9,7.642281,12.3125,0.921053,28.433135,0.908497,27.597022
0.025,400,0.2,0.8,22,5,1.0,7.512292,12.3376,0.921053,28.56605,0.928105,27.362143
0.025,400,0.2,0.8,25,4,0.8,7.588921,12.8491,0.914474,28.864082,0.921569,28.026931
0.025,400,0.2,0.8,25,4,0.9,7.469407,12.9106,0.907895,28.582616,0.921569,27.849456
0.025,400,0.2,0.8,25,4,1.0,6.845265,12.9186,0.907895,27.458087,0.908497,26.609171
0.025,400,0.2,0.8,25,5,0.8,8.358966,12.274,0.914474,29.76263,0.941176,28.991888
0.025,400,0.2,0.8,25,5,0.9,8.355924,12.325,0.914474,29.862027,0.947712,29.036898
0.025,400,0.2,0.8,25,5,1.0,7.783008,12.5501,0.921053,29.019995,0.921569,28.116161
0.025,400,0.2,0.8,30,4,0.8,7.937212,13.008,0.914474,29.553483,0.947712,28.882466
0.025,400,0.2,0.8,30,4,0.9,7.656255,13.0001,0.914474,28.981735,0.928105,28.312576
0.025,400,0.2,0.8,30,4,1.0,7.401404,13.1572,0.901316,28.566061,0.908497,27.960003
0.025,400,0.2,0.8,30,5,0.8,7.815787,12.3523,0.907895,28.616944,0.928105,27.983913
0.025,400,0.2,0.8,30,5,0.9,8.325192,12.5355,0.914474,29.787114,0.947712,29.185899
0.025,400,0.2,0.8,30,5,1.0,7.606092,12.6905,0.921053,28.788245,0.921569,27.902714
0.025,450,0.15,0.85,15,4,0.8,5.299616,15.2799,0.901316,26.818218,0.901961,25.879157
0.025,450,0.15,0.85,15,4,0.9,5.259842,15.4082,0.907895,27.029924,0.888889,25.927874
0.025,450,0.15,0.85,15,4,1.0,5.319599,15.7559,0.907895,27.602516,0.888889,26.395142
0.025,450,0.15,0.85,15,5,0.8,6.626675,14.2891,0.921053,28.541626,0.921569,27.542494
0.025,450,0.15,0.85,15,5,0.9,5.795518,14.3525,0.901316,27.09503,0.895425,25.943511
0.025,450,0.15,0.85,15,5,1.0,5.365221,14.839,0.894737,26.614282,0.888889,25.569405
0.025,450,0.15,0.85,18,4,0.8,5.691577,15.3895,0.921053,27.720729,0.915033,26.772623
0.025,450,0.15,0.85,18,4,0.9,5.488664,15.6826,0.927632,27.621166,0.928105,26.65991
0.025,450,0.15,0.85,18,4,1.0,4.747104,15.9417,0.894737,26.644957,0.888889,25.435904
0.025,450,0.15,0.85,18,5,0.8,6.281699,14.5601,0.921053,28.123629,0.915033,27.123532
0.025,450,0.15,0.85,18,5,0.9,6.471913,14.5392,0.921053,28.56665,0.921569,27.482989
0.025,450,0.15,0.85,18,5,1.0,5.831081,14.731,0.901316,27.732263,0.882353,26.393154
0.025,450,0.15,0.85,20,4,0.8,5.667399,15.4614,0.907895,27.83646,0.915033,26.796241
0.025,450,0.15,0.85,20,4,0.9,5.550524,15.5017,0.914474,27.567131,0.901961,26.602775
0.025,450,0.15,0.85,20,4,1.0,5.890713,15.6394,0.907895,28.606,0.934641,27.420791
0.025,450,0.15,0.85,20,5,0.8,6.21181,14.6996,0.921053,28.0101,0.915033,27.123261
0.025,450,0.15,0.85,20,5,0.9,5.811867,14.6458,0.901316,27.312535,0.908497,26.269553
0.025,450,0.15,0.85,20,5,1.0,5.963806,14.7567,0.894737,27.697308,0.915033,26.684302
0.025,450,0.15,0.85,22,4,0.8,5.778188,15.5723,0.921053,27.940489,0.934641,27.128688
0.025,450,0.15,0.85,22,4,0.9,5.675161,15.5276,0.907895,27.728731,0.915033,26.877927
0.025,450,0.15,0.85,22,4,1.0,5.587506,15.7029,0.907895,27.969286,0.915033,26.877902
0.025,450,0.15,0.85,22,5,0.8,6.255746,14.7082,0.914474,27.949133,0.921569,27.219645
0.025,450,0.15,0.85,22,5,0.9,6.026785,14.6643,0.914474,27.725755,0.908497,26.717835
0.025,450,0.15,0.85,22,5,1.0,5.421966,15.0192,0.921053,26.858462,0.888889,25.863164
0.025,450,0.15,0.85,25,4,0.8,6.133112,15.5,0.921053,28.615643,0.934641,27.766224
0.025,450,0.15,0.85,25,4,0.9,5.096513,15.6551,0.914474,26.714803,0.908497,25.848145
0.025,450,0.15,0.85,25,4,1.0,5.043248,16.1733,0.901316,27.000345,0.921569,26.259806
0.025,450,0.15,0.85,25,5,0.8,5.925421,14.8698,0.907895,27.649243,0.915033,26.720612
0.025,450,0.15,0.85,25,5,0.9,6.049766,14.8567,0.907895,27.827189,0.921569,26.956227
0.025,450,0.15,0.85,25,5,1.0,5.125763,15.2324,0.894737,26.240915,0.895425,25.483903
0.025,450,0.15,0.85,30,4,0.8,6.177419,15.5975,0.921053,28.694027,0.934641,27.952359
0.025,450,0.15,0.85,30,4,0.9,5.867368,15.7097,0.907895,28.211274,0.921569,27.444404
0.025,450,0.15,0.85,30,4,1.0,4.972367,16.0181,0.901316,26.750624,0.908497,25.962838
0.025,450,0.15,0.85,30,5,0.8,6.554768,14.9096,0.927632,28.966357,0.941176,28.019095
0.025,450,0.15,0.85,30,5,0.9,6.178043,14.9892,0.921053,27.991739,0.928105,27.345311
0.025,450,0.15,0.85,30,5,1.0,5.766151,15.2084,0.901316,27.588052,0.915033,26.740653
0.025,450,0.2,0.8,15,4,0.8,7.965868,12.3942,0.907895,29.284885,0.921569,28.325933
0.025,450,0.2,0.8,15,4,0.9,7.777438,12.4463,0.901316,28.700385,0.928105,28.001177
0.025,450,0.2,0.8,15,4,1.0,7.123329,12.8905,0.914474,27.837615,0.915033,27.137192
0.025,450,0.2,0.8,15,5,0.8,8.138609,11.5595,0.914474,28.92287,0.928105,27.836674
0.025,450,0.2,0.8,15,5,0.9,8.393568,11.8808,0.914474,29.555969,0.947712,28.667966
0.025,450,0.2,0.8,15,5,1.0,7.72052,12.2567,0.921053,28.553146,0.934641,27.697774
0.025,450,0.2,0.8,18,4,0.8,7.346258,12.4641,0.907895,28.083775,0.901961,27.156594
0.025,450,0.2,0.8,18,4,0.9,7.184443,12.5434,0.894737,27.799308,0.901961,26.912266
0.025,450,0.2,0.8,18,4,1.0,6.860235,12.8354,0.901316,27.439955,0.901961,26.55584
0.025,450,0.2,0.8,18,5,0.8,7.873442,11.779,0.921053,28.249871,0.915033,27.525861
0.025,450,0.2,0.8,18,5,0.9,7.851947,12.0061,0.901316,28.636253,0.928105,27.710042
0.025,450,0.2,0.8,18,5,1.0,7.76741,12.2554,0.921053,29.050802,0.928105,27.790267
0.025,450,0.2,0.8,20,4,0.8,7.678569,12.4268,0.914474,28.63816,0.921569,27.783907
0.025,450,0.2,0.8,20,4,0.9,8.198138,12.7166,0.927632,29.888325,0.941176,29.112876
0.025,450,0.2,0.8,20,4,1.0,7.414138,13.069,0.901316,28.650234,0.915033,27.897283
0.025,450,0.2,0.8,20,5,0.8,7.927833,11.6513,0.901316,28.236811,0.908497,27.50696
0.025,450,0.2,0.8,20,5,0.9,8.041696,12.078,0.901316,28.969442,0.928105,28.16141
0.025,450,0.2,0.8,20,5,1.0,7.97357,12.2115,0.901316,29.11203,0.934641,28.158677
0.025,450,0.2,0.8,22,4,0.8,7.905481,12.679,0.914474,29.168799,0.934641,28.489932
0.025,450,0.2,0.8,22,4,0.9,8.153404,12.7139,0.914474,29.800381,0.941176,29.020739
0.025,450,0.2,0.8,22,4,1.0,6.872682,12.9696,0.901316,27.552401,0.915033,26.714974
0.025,450,0.2,0.8,22,5,0.8,7.49882,12.0979,0.907895,27.924562,0.908497,27.09556
0.025,450,0.2,0.8,22,5,0.9,7.707267,12.0971,0.914474,28.337571,0.908497,27.511639
0.025,450,0.2,0.8,22,5,1.0,7.622622,12.1687,0.921053,28.628943,0.921569,27.413911
0.025,450,0.2,0.8,25,4,0.8,7.621597,12.7242,0.907895,28.778836,0.921569,27.967369
0.025,450,0.2,0.8,25,4,0.9,7.893588,12.7422,0.921053,29.277013,0.928105,28.529333
0.025,450,0.2,0.8,25,4,1.0,6.695461,12.8129,0.901316,27.05614,0.895425,26.203803
0.025,450,0.2,0.8,25,5,0.8,8.663486,12.1335,0.914474,30.194387,0.947712,29.460487
0.025,450,0.2,0.8,25,5,0.9,8.368114,12.1122,0.914474,29.664589,0.941176,28.848412
0.025,450,0.2,0.8,25,5,1.0,7.806148,12.3679,0.921053,28.873679,0.908497,27.980153
0.025,450,0.2,0.8,30,4,0.8,8.086582,12.7816,0.914474,29.635465,0.947712,28.954721
0.025,450,0.2,0.8,30,4,0.9,7.732825,12.83,0.914474,28.942918,0.921569,28.295633
0.025,450,0.2,0.8,30,4,1.0,7.547819,13.1455,0.894737,28.826022,0.915033,28.241119
0.025,450,0.2,0.8,30,5,0.8,7.980607,12.1283,0.907895,28.720445,0.928105,28.089512
0.025,450,0.2,0.8,30,5,0.9,8.377571,12.3707,0.914474,29.719165,0.947712,29.125881
0.025,450,0.2,0.8,30,5,1.0,7.690717,12.5744,0.907895,28.854349,0.915033,27.955799
0.025,500,0.15,0.85,15,4,0.8,5.360413,15.1159,0.894737,26.755566,0.901961,25.836752
0.025,500,0.15,0.85,15,4,0.9,5.380166,15.1946,0.907895,27.09338,0.888889,25.954964
0.025,500,0.15,0.85,15,4,1.0,5.394889,15.6447,0.907895,27.642909,0.888889,26.43443
0.025,500,0.15,0.85,15,5,0.8,6.742845,14.0903,0.921053,28.556149,0.921569,27.576023
0.025,500,0.15,0.85,15,5,0.9,6.054498,14.123,0.907895,27.400626,0.895425,26.231947
0.025,500,0.15,0.85,15,5,1.0,5.500182,14.6731,0.894737,26.724719,0.888889,25.673426
0.025,500,0.15,0.85,18,4,0.8,5.722835,15.2444,0.907895,27.636289,0.908497,26.690022
0.025,500,0.15,0.85,18,4,0.9,5.597747,15.5109,0.927632,27.655037,0.928105,26.706375
0.025,500,0.15,0.85,18,4,1.0,4.710117,15.7388,0.894737,26.361373,0.875817,25.159014
0.025,500,0.15,0.85,18,5,0.8,6.322629,14.3328,0.921053,27.99381,0.908497,26.978089
0.025,500,0.15,0.85,18,5,0.9,6.348202,14.3391,0.914474,28.135867,0.915033,27.035534
0.025,500,0.15,0.85,18,5,1.0,5.942229,14.5421,0.901316,27.760432,0.882353,26.426559
0.025,500,0.15,0.85,20,4,0.8,5.618321,15.2664,0.894737,27.52364,0.908497,26.502998
0.025,500,0.15,0.85,20,4,0.9,5.663758,15.3248,0.914474,27.616026,0.895425,26.652266
0.025,500,0.15,0.85,20,4,1.0,6.17423,15.5276,0.907895,29.062901,0.947712,27.876059
0.025,500,0.15,0.85,20,5,0.8,6.537966,14.4467,0.921053,28.414559,0.915033,27.522613
0.025,500,0.15,0.85,20,5,0.9,6.050951,14.4361,0.901316,27.584197,0.908497,26.53804
0.025,500,0.15,0.85,20,5,1.0,6.028847,14.5895,0.907895,27.660604,0.915033,26.647229
0.025,500,0.15,0.85,22,4,0.8,5.766447,15.396,0.914474,27.735542,0.934641,26.928862
0.025,500,0.15,0.85,22,4,0.9,5.800615,15.3946,0.907895,27.844312,0.915033,26.995839
0.025,500,0.15,0.85,22,4,1.0,5.5727,15.6148,0.901316,27.858026,0.915033,26.76019
0.025,500,0.15,0.85,22,5,0.8,6.457746,14.5048,0.914474,28.146466,0.921569,27.420243
0.025,500,0.15,0.85,22,5,0.9,6.236675,14.4872,0.914474,27.955086,0.915033,26.960568
0.025,500,0.15,0.85,22,5,1.0,5.329068,14.7758,0.914474,26.392284,0.882353,25.433918
0.025,500,0.15,0.85,25,4,0.8,6.323399,15.2826,0.921053,28.768101,0.941176,27.929389
0.025,500,0.15,0.85,25,4,0.9,5.198363,15.4861,0.914474,26.744735,0.915033,25.882821
0.025,500,0.15,0.85,25,4,1.0,5.031766,16.0369,0.901316,26.86898,0.921569,26.100478
0.025,500,0.15,0.85,25,5,0.8,6.044352,14.6363,0.907895,27.641148,0.915033,26.724998
0.025,500,0.15,0.85,25,5,0.9,6.149727,14.664,0.907895,27.818027,0.908497,26.963431
0.025,500,0.15,0.85,25,5,1.0,5.313629,15.0445,0.901316,26.395764,0.895425,25.671806
0.025,500,0.15,0.85,30,4,0.8,6.312076,15.4435,0.921053,28.78344,0.934641,28.067617
0.025,500,0.15,0.85,30,4,0.9,6.166053,15.6002,0.907895,28.663499,0.921569,27.93235
0.025,500,0.15,0.85,30,4,1.0,4.923851,15.8785,0.894737,26.499176,0.895425,25.72621
0.025,500,0.15,0.85,30,5,0.8,6.699144,14.7137,0.921053,29.011964,0.941176,28.111986
0.025,500,0.15,0.85,30,5,0.9,6.462403,14.8256,0.921053,28.386764,0.928105,27.750423
0.025,500,0.15,0.85,30,5,1.0,5.854418,15.0752,0.901316,27.637952,0.915033,26.784021
0.025,500,0.2,0.8,15,4,0.8,7.742881,12.215,0.907895,28.663076,0.915033,27.700723
0.025,500,0.2,0.8,15,4,0.9,7.770333,12.2691,0.901316,28.511535,0.928105,27.809784
0.025,500,0.2,0.8,15,4,1.0,7.053881,12.751,0.894737,27.547378,0.908497,26.858732
0.025,500,0.2,0.8,15,5,0.8,8.074887,11.3689,0.914474,28.582556,0.915033,27.518686
0.025,500,0.2,0.8,15,5,0.9,8.391707,11.7245,0.907895,29.386305,0.941176,28.507881
0.025,500,0.2,0.8,15,5,1.0,7.702003,12.1482,0.921053,28.39412,0.934641,27.552211
0.025,500,0.2,0.8,18,4,0.8,7.628902,12.2592,0.921053,28.423886,0.915033,27.516971
0.025,500,0.2,0.8,18,4,0.9,7.328867,12.3939,0.894737,27.962207,0.901961,27.051624
0.025,500,0.2,0.8,18,4,1.0,6.77871,12.7358,0.901316,27.149056,0.882353,26.293209
0.025,500,0.2,0.8,18,5,0.8,8.032119,11.6355,0.914474,28.40364,0.908497,27.699729
0.025,500,0.2,0.8,18,5,0.9,8.04868,11.8735,0.901316,28.895153,0.928105,27.970894
0.025,500,0.2,0.8,18,5,1.0,7.902877,12.1284,0.914474,29.196449,0.928105,27.93412
0.025,500,0.2,0.8,20,4,0.8,7.848135,12.2779,0.914474,28.831862,0.928105,27.974136
0.025,500,0.2,0.8,20,4,0.9,8.200372,12.572,0.921053,29.760344,0.941176,28.972715
0.025,500,0.2,0.8,20,4,1.0,7.376953,12.8684,0.901316,28.34911,0.921569,27.622338
0.025,500,0.2,0.8,20,5,0.8,8.231457,11.4997,0.907895,28.700174,0.915033,27.96261
0.025,500,0.2,0.8,20,5,0.9,8.108873,11.9152,0.907895,28.941928,0.928105,28.132914
0.025,500,0.2,0.8,20,5,1.0,8.061189,12.0815,0.901316,29.171427,0.934641,28.203885
0.025,500,0.2,0.8,22,4,0.8,8.120624,12.5453,0.914474,29.456275,0.941176,28.786519
0.025,500,0.2,0.8,22,4,0.9,8.266896,12.5896,0.914474,29.877095,0.928105,29.123423
0.025,500,0.2,0.8,22,4,1.0,6.871507,12.874,0.901316,27.480582,0.908497,26.616996
0.025,500,0.2,0.8,22,5,0.8,7.604142,11.917,0.901316,27.950285,0.908497,27.125269
0.025,500,0.2,0.8,22,5,0.9,7.946553,11.954,0.914474,28.655114,0.915033,27.847078
0.025,500,0.2,0.8,22,5,1.0,7.640982,12.0622,0.921053,28.565008,0.921569,27.344168
0.025,500,0.2,0.8,25,4,0.8,8.011638,12.5218,0.921053,29.344271,0.928105,28.545121
0.025,500,0.2,0.8,25,4,0.9,7.946345,12.635,0.914474,29.252952,0.921569,28.527735
0.025,500,0.2,0.8,25,4,1.0,6.96838,12.6822,0.901316,27.472374,0.908497,26.618923
0.025,500,0.2,0.8,25,5,0.8,8.69273,11.967,0.914474,30.088491,0.941176,29.352509
0.025,500,0.2,0.8,25,5,0.9,8.430301,11.9392,0.921053,29.588067,0.934641,28.799759
0.025,500,0.2,0.8,25,5,1.0,8.000767,12.2732,0.914474,29.14791,0.915033,28.274753
0.025,500,0.2,0.8,30,4,0.8,8.357633,12.629,0.914474,30.033542,0.947712,29.344274
0.025,500,0.2,0.8,30,4,0.9,7.815422,12.6629,0.901316,28.942016,0.921569,28.293741
0.025,500,0.2,0.8,30,4,1.0,7.610098,13.1094,0.894737,28.883656,0.915033,28.329632
0.025,500,0.2,0.8,30,5,0.8,8.240501,11.9523,0.907895,29.058775,0.928105,28.433286
0.025,500,0.2,0.8,30,5,0.9,8.369594,12.2123,0.914474,29.534416,0.941176,28.95149
0.025,500,0.2,0.8,30,5,1.0,7.746662,12.5362,0.907895,28.940247,0.928105,28.029542
0.025,550,0.15,0.85,15,4,0.8,5.435782,14.951,0.894737,26.735956,0.901961,25.822608
0.025,550,0.15,0.85,15,4,0.9,5.485332,15.0326,0.907895,27.124538,0.888889,26.003267
0.025,550,0.15,0.85,15,4,1.0,5.346353,15.5028,0.907895,27.399307,0.875817,26.195482
0.025,550,0.15,0.85,15,5,0.8,6.78102,13.9241,0.921053,28.453061,0.921569,27.486136
0.025,550,0.15,0.85,15,5,0.9,6.095374,13.9674,0.907895,27.336283,0.888889,26.158115
0.025,550,0.15,0.85,15,5,1.0,5.600268,14.5995,0.894737,26.831344,0.888889,25.80002
0.025,550,0.15,0.85,18,4,0.8,5.869025,15.0637,0.914474,27.763037,0.921569,26.801741
0.025,550,0.15,0.85,18,4,0.9,5.676249,15.3697,0.921053,27.679938,0.928105,26.722235
0.025,550,0.15,0.85,18,4,1.0,4.815996,15.652,0.894737,26.482695,0.882353,25.284029
0.025,550,0.15,0.85,18,5,0.8,6.415946,14.1456,0.914474,27.976777,0.908497,26.977472
0.025,550,0.15,0.85,18,5,0.9,6.281605,14.1659,0.914474,27.814966,0.908497,26.729156
0.025,550,0.15,0.85,18,5,1.0,5.950016,14.4079,0.907895,27.642649,0.875817,26.30789
0.025,550,0.15,0.85,20,4,0.8,5.906108,15.0818,0.907895,27.875338,0.901961,26.894045
0.025,550,0.15,0.85,20,4,0.9,5.781798,15.1857,0.914474,27.711308,0.901961,26.749317
0.025,550,0.15,0.85,20,4,1.0,5.84519,15.3771,0.901316,28.25995,0.934641,27.067511
0.025,550,0.15,0.85,20,5,0.8,6.539305,14.281,0.914474,28.223879,0.915033,27.359565
0.025,550,0.15,0.85,20,5,0.9,6.099443,14.2424,0.901316,27.477848,0.908497,26.441317
0.025,550,0.15,0.85,20,5,1.0,5.968672,14.4997,0.907895,27.482047,0.908497,26.43705
0.025,550,0.15,0.85,22,4,0.8,5.932512,15.2265,0.921053,27.89447,0.934641,27.091506
0.025,550,0.15,0.85,22,4,0.9,5.602059,15.2945,0.901316,27.335188,0.908497,26.498642
0.025,550,0.15,0.85,22,4,1.0,5.551097,15.5324,0.901316,27.686123,0.915033,26.634554
0.025,550,0.15,0.85,22,5,0.8,6.526542,14.2932,0.914474,28.043715,0.921569,27.346322
0.025,550,0.15,0.85,22,5,0.9,6.423055,14.3543,0.921053,28.199128,0.921569,27.200417
0.025,550,0.15,0.85,22,5,1.0,5.328411,14.5539,0.914474,26.203615,0.875817,25.210731
0.025,550,0.15,0.85,25,4,0.8,6.554651,15.1611,0.921053,29.078258,0.947712,28.270413
0.025,550,0.15,0.85,25,4,0.9,5.131012,15.356,0.901316,26.456734,0.908497,25.618072
0.025,550,0.15,0.85,25,4,1.0,4.925937,15.9389,0.901316,26.553019,0.921569,25.790819
0.025,550,0.15,0.85,25,5,0.8,6.193284,14.4565,0.914474,27.742653,0.915033,26.843089
0.025,550,0.15,0.85,25,5,0.9,6.277725,14.5268,0.914474,27.926134,0.921569,27.0823
0.025,550,0.15,0.85,25,5,1.0,5.490674,14.9153,0.894737,26.605572,0.908497,25.896692
0.025,550,0.15,0.85,30,4,0.8,6.365488,15.3067,0.921053,28.756069,0.934641,28.037639
0.025,550,0.15,0.85,30,4,0.9,6.343828,15.441,0.907895,28.870362,0.928105,28.128695
0.025,550,0.15,0.85,30,4,1.0,4.921671,15.7515,0.894737,26.3318,0.895425,25.59488
0.025,550,0.15,0.85,30,5,0.8,6.798089,14.5626,0.921053,29.018526,0.941176,28.1588
0.025,550,0.15,0.85,30,5,0.9,6.734255,14.703,0.921053,28.787377,0.934641,28.171492
0.025,550,0.15,0.85,30,5,1.0,5.923366,14.9573,0.901316,27.645872,0.915033,26.804021
0.025,550,0.2,0.8,15,4,0.8,7.722705,12.0884,0.901316,28.468437,0.915033,27.533769
0.025,550,0.2,0.8,15,4,0.9,7.728158,12.1759,0.901316,28.347867,0.921569,27.632205
0.025,550,0.2,0.8,15,4,1.0,7.078172,12.6834,0.901316,27.537938,0.901961,26.839763
0.025,550,0.2,0.8,15,5,0.8,8.094724,11.2653,0.907895,28.483104,0.915033,27.454721
0.025,550,0.2,0.8,15,5,0.9,8.376204,11.6666,0.907895,29.289354,0.941176,28.419045
0.025,550,0.2,0.8,15,5,1.0,7.688182,12.0348,0.921053,28.267973,0.928105,27.411178
0.025,550,0.2,0.8,18,4,0.8,8.069299,12.0918,0.921053,29.100037,0.934641,28.230442
0.025,550,0.2,0.8,18,4,0.9,7.425587,12.2832,0.894737,28.058071,0.901961,27.13433
0.025,550,0.2,0.8,18,4,1.0,6.793301,12.6574,0.901316,27.115003,0.882353,26.244003
0.025,550,0.2,0.8,18,5,0.8,7.986206,11.4549,0.914474,28.137176,0.908497,27.427326
0.025,550,0.2,0.8,18,5,0.9,8.070579,11.7352,0.901316,28.797556,0.928105,27.876401
0.025,550,0.2,0.8,18,5,1.0,7.942587,12.011,0.914474,29.179172,0.928105,27.896136
0.025,550,0.2,0.8,20,4,0.8,7.963561,12.1594,0.907895,28.908186,0.934641,28.0865
0.025,550,0.2,0.8,20,4,0.9,8.257795,12.4407,0.914474,29.76027,0.941176,28.956263
0.025,550,0.2,0.8,20,4,1.0,7.383312,12.7445,0.901316,28.217785,0.921569,27.511131
0.025,550,0.2,0.8,20,5,0.8,8.459542,11.3693,0.907895,29.025385,0.921569,28.288385
0.025,550,0.2,0.8,20,5,0.9,8.130701,11.756,0.907895,28.812487,0.928105,28.017447
0.025,550,0.2,0.8,20,5,1.0,8.205882,11.9551,0.901316,29.354451,0.928105,28.366822
0.025,550,0.2,0.8,22,4,0.8,8.242515,12.4154,0.907895,29.572979,0.941176,28.900414
0.025,550,0.2,0.8,22,4,0.9,8.16316,12.5081,0.914474,29.571924,0.915033,28.834376
0.025,550,0.2,0.8,22,4,1.0,7.027764,12.7884,0.901316,27.702953,0.908497,26.843916
0.025,550,0.2,0.8,22,5,0.8,7.795269,11.767,0.907895,28.174066,0.915033,27.357502
0.025,550,0.2,0.8,22,5,0.9,8.066318,11.8397,0.914474,28.773888,0.921569,27.972296
0.025,550,0.2,0.8,22,5,1.0,7.640629,11.9839,0.914474,28.501999,0.921569,27.265122
0.025,550,0.2,0.8,25,4,0.8,8.112047,12.3764,0.921053,29.394711,0.928105,28.600525
0.025,550,0.2,0.8,25,4,0.9,7.81141,12.5569,0.894737,28.911722,0.921569,28.17971
0.025,550,0.2,0.8,25,4,1.0,7.150382,12.5959,0.901316,27.73121,0.915033,26.896682
0.025,550,0.2,0.8,25,5,0.8,8.751323,11.7935,0.914474,30.011191,0.941176,29.296154
0.025,550,0.2,0.8,25,5,0.9,8.517351,11.8045,0.921053,29.619509,0.941176,28.839175
0.025,550,0.2,0.8,25,5,1.0,8.1372,12.1737,0.914474,29.305049,0.908497,28.448064
0.025,550,0.2,0.8,30,4,0.8,8.473949,12.4932,0.914474,30.097113,0.947712,29.441103
0.025,550,0.2,0.8,30,4,0.9,7.830839,12.5928,0.888158,28.901485,0.921569,28.254458
0.025,550,0.2,0.8,30,4,1.0,7.751367,12.9967,0.888158,29.064025,0.908497,28.499388
0.025,550,0.2,0.8,30,5,0.8,8.546777,11.8077,0.914474,29.511163,0.934641,28.901254
0.025,550,0.2,0.8,30,5,0.9,8.319533,12.0884,0.914474,29.324645,0.941176,28.72745
0.025,550,0.2,0.8,30,5,1.0,7.839532,12.4382,0.907895,29.032482,0.928105,28.117214
0.025,600,0.15,0.85,15,4,0.8,5.604683,14.7952,0.894737,26.905509,0.901961,26.004562
0.025,600,0.15,0.85,15,4,0.9,5.534332,14.8994,0.907895,27.078962,0.888889,25.968019
0.025,600,0.15,0.85,15,4,1.0,5.270308,15.3906,0.901316,27.128365,0.869281,25.931216
0.025,600,0.15,0.85,15,5,0.8,6.686684,13.7994,0.921053,28.118681,0.915033,27.172793
0.025,600,0.15,0.85,15,5,0.9,6.117068,13.8556,0.907895,27.272365,0.888889,26.089717
0.025,600,0.15,0.85,15,5,1.0,5.733348,14.4767,0.894737,26.983983,0.888889,25.943404
0.025,600,0.15,0.85,18,4,0.8,5.897638,14.8978,0.914474,27.652241,0.921569,26.693119
0.025,600,0.15,0.85,18,4,0.9,5.658692,15.2435,0.921053,27.522049,0.921569,26.560906
0.025,600,0.15,0.85,18,4,1.0,5.414395,15.4873,0.907895,27.506328,0.901961,26.316087
0.025,600,0.15,0.85,18,5,0.8,6.403515,13.9788,0.914474,27.778081,0.908497,26.785805
0.025,600,0.15,0.85,18,5,0.9,6.517475,13.9717,0.914474,28.075884,0.915033,27.006601
0.025,600,0.15,0.85,18,5,1.0,5.981056,14.2358,0.907895,27.543619,0.875817,26.197957
0.025,600,0.15,0.85,20,4,0.8,6.011557,14.9097,0.907895,27.913628,0.908497,26.932847
0.025,600,0.15,0.85,20,4,0.9,5.870807,15.0828,0.914474,27.80145,0.901961,26.824396
0.025,600,0.15,0.85,20,4,1.0,5.787684,15.2432,0.901316,27.994272,0.921569,26.818609
0.025,600,0.15,0.85,20,5,0.8,6.612435,14.165,0.914474,28.244381,0.915033,27.389821
0.025,600,0.15,0.85,20,5,0.9,6.19938,14.0466,0.901316,27.474354,0.908497,26.44533
0.025,600,0.15,0.85,20,5,1.0,5.89335,14.4091,0.901316,27.247978,0.901961,26.195839
0.025,600,0.15,0.85,22,4,0.8,5.937535,15.0774,0.914474,27.736682,0.921569,26.952493
0.025,600,0.15,0.85,22,4,0.9,5.687427,15.1437,0.901316,27.345472,0.908497,26.518585
0.025,600,0.15,0.85,22,4,1.0,5.471323,15.4146,0.901316,27.393641,0.908497,26.35725
0.025,600,0.15,0.85,22,5,0.8,6.752287,14.1285,0.914474,28.325613,0.934641,27.633118
0.025,600,0.15,0.85,22,5,0.9,6.433755,14.2536,0.921053,28.104458,0.921569,27.121079
0.025,600,0.15,0.85,22,5,1.0,5.507145,14.41,0.921053,26.400558,0.869281,25.424266
0.025,600,0.15,0.85,25,4,0.8,6.538616,15.0092,0.921053,28.853567,0.947712,28.086455
0.025,600,0.15,0.85,25,4,0.9,5.516813,15.2123,0.921053,27.078899,0.915033,26.24593
0.025,600,0.15,0.85,25,4,1.0,4.798536,15.8784,0.888158,26.252613,0.901961,25.475504
0.025,600,0.15,0.85,25,5,0.8,6.323675,14.2664,0.921053,27.785247,0.915033,26.913707
0.025,600,0.15,0.85,25,5,0.9,6.410929,14.3957,0.914474,28.046456,0.921569,27.217568
0.025,600,0.15,0.85,25,5,1.0,5.494001,14.8218,0.901316,26.505444,0.901961,25.809804
0.025,600,0.15,0.85,30,4,0.8,6.548609,15.1436,0.921053,28.945428,0.934641,28.240854
0.025,600,0.15,0.85,30,4,0.9,6.333711,15.2709,0.907895,28.70056,0.921569,27.938338
0.025,600,0.15,0.85,30,4,1.0,5.035673,15.6299,0.894737,26.438282,0.895425,25.701248
0.025,600,0.15,0.85,30,5,0.8,6.857127,14.4178,0.921053,28.97095,0.941176,28.132026
0.025,600,0.15,0.85,30,5,0.9,7.109481,14.4982,0.921053,29.321721,0.941176,28.717191
0.025,600,0.15,0.85,30,5,1.0,5.954881,14.845,0.894737,27.586841,0.915033,26.754747
0.025,600,0.2,0.8,15,4,0.8,8.04266,12.0169,0.907895,29.029816,0.921569,28.102207
0.025,600,0.2,0.8,15,4,0.9,7.669845,12.0773,0.901316,28.13866,0.915033,27.417013
0.025,600,0.2,0.8,15,4,1.0,7.130498,12.6172,0.901316,27.569894,0.908497,26.878177
0.025,600,0.2,0.8,15,5,0.8,8.187746,11.1752,0.907895,28.584315,0.915033,27.550701
0.025,600,0.2,0.8,15,5,0.9,8.364658,11.5645,0.907895,29.120828,0.928105,28.293818
0.025,600,0.2,0.8,15,5,1.0,7.681817,12.0145,0.921053,28.208478,0.928105,27.378121
0.025,600,0.2,0.8,18,4,0.8,8.12063,11.9734,0.921053,29.080122,0.941176,28.214666
0.025,600,0.2,0.8,18,4,0.9,7.772205,12.1656,0.914474,28.613309,0.901961,27.710004
0.025,600,0.2,0.8,18,4,1.0,6.824348,12.571,0.901316,27.08138,0.882353,26.219692
0.025,600,0.2,0.8,18,5,0.8,8.073712,11.3385,0.914474,28.180129,0.908497,27.485926
0.025,600,0.2,0.8,18,5,0.9,8.109285,11.6413,0.901316,28.776565,0.928105,27.859915
0.025,600,0.2,0.8,18,5,1.0,7.92651,11.9192,0.914474,29.032787,0.928105,27.77219
0.025,600,0.2,0.8,20,4,0.8,8.04709,12.0733,0.914474,29.01495,0.934641,28.167489
0.025,600,0.2,0.8,20,4,0.9,8.280794,12.318,0.907895,29.689684,0.934641,28.879608
0.025,600,0.2,0.8,20,4,1.0,7.340551,12.6404,0.901316,28.032296,0.921569,27.321539
0.025,600,0.2,0.8,20,5,0.8,8.555745,11.2891,0.907895,29.121308,0.934641,28.400561
0.025,600,0.2,0.8,20,5,0.9,8.427939,11.6488,0.921053,29.308285,0.928105,28.504717
0.025,600,0.2,0.8,20,5,1.0,8.199636,11.8591,0.901316,29.24507,0.921569,28.258417
0.025,600,0.2,0.8,22,4,0.8,8.352726,12.2981,0.914474,29.666438,0.941176,29.003562
0.025,600,0.2,0.8,22,4,0.9,8.185862,12.3783,0.914474,29.488741,0.915033,28.750033
0.025,600,0.2,0.8,22,4,1.0,7.073058,12.7194,0.901316,27.749834,0.908497,26.86555
0.025,600,0.2,0.8,22,5,0.8,7.944345,11.6167,0.901316,28.325079,0.921569,27.505439
0.025,600,0.2,0.8,22,5,0.9,8.184746,11.7396,0.914474,28.895619,0.921569,28.10907
0.025,600,0.2,0.8,22,5,1.0,7.687442,11.937,0.921053,28.565731,0.921569,27.311843
0.025,600,0.2,0.8,25,4,0.8,8.181182,12.2788,0.914474,29.416381,0.928105,28.641206
0.025,600,0.2,0.8,25,4,0.9,7.801563,12.4664,0.894737,28.799451,0.915033,28.069565
0.025,600,0.2,0.8,25,4,1.0,7.156479,12.4979,0.901316,27.646243,0.908497,26.810876
0.025,600,0.2,0.8,25,5,0.8,8.745098,11.664,0.914474,29.863824,0.941176,29.15419
0.025,600,0.2,0.8,25,5,0.9,8.674377,11.6998,0.921053,29.833341,0.934641,29.048527
0.025,600,0.2,0.8,25,5,1.0,8.265515,12.0678,0.921053,29.427526,0.901961,28.598818
0.025,600,0.2,0.8,30,4,0.8,8.600048,12.3958,0.914474,30.215728,0.954248,29.595921
0.025,600,0.2,0.8,30,4,0.9,8.096934,12.4568,0.901316,29.276092,0.921569,28.650628
0.025,600,0.2,0.8,30,4,1.0,7.749065,12.9164,0.888158,28.976282,0.915033,28.414523
0.025,600,0.2,0.8,30,5,0.8,8.489099,11.752,0.914474,29.337714,0.934641,28.730177
0.025,600,0.2,0.8,30,5,0.9,8.462715,11.9665,0.914474,29.481683,0.941176,28.891971
0.025,600,0.2,0.8,30,5,1.0,8.100641,12.3227,0.907895,29.439132,0.934641,28.523961
0.025,700,0.15,0.85,15,4,0.8,6.01919,14.5442,0.914474,27.498854,0.908497,26.582567
0.025,700,0.15,0.85,15,4,0.9,5.672927,14.6686,0.907895,27.112084,0.895425,26.014454
0.025,700,0.15,0.85,15,4,1.0,5.373394,15.173,0.894737,27.146714,0.875817,25.91975
0.025,700,0.15,0.85,15,5,0.8,6.691078,13.496,0.921053,27.830436,0.915033,26.878177
0.025,700,0.15,0.85,15,5,0.9,6.306455,13.6279,0.907895,27.384444,0.888889,26.240815
0.025,700,0.15,0.85,15,5,1.0,6.188825,14.2148,0.901316,27.664598,0.888889,26.592419
0.025,700,0.15,0.85,18,4,0.8,6.12033,14.6147,0.914474,27.853034,0.908497,26.855406
0.025,700,0.15,0.85,18,4,0.9,5.966585,14.935,0.914474,27.818896,0.921569,26.868204
0.025,700,0.15,0.85,18,4,1.0,5.809881,15.2224,0.921053,28.091276,0.908497,26.842139
0.025,700,0.15,0.85,18,5,0.8,6.520795,13.7638,0.914474,27.7989,0.908497,26.805351
0.025,700,0.15,0.85,18,5,0.9,6.778124,13.7143,0.914474,28.310212,0.915033,27.270592
0.025,700,0.15,0.85,18,5,1.0,6.095191,13.9865,0.907895,27.51741,0.875817,26.176883
0.025,700,0.15,0.85,20,4,0.8,6.262141,14.7774,0.907895,28.238259,0.915033,27.301682
0.025,700,0.15,0.85,20,4,0.9,6.151967,14.8303,0.914474,28.133327,0.921569,27.134189
0.025,700,0.15,0.85,20,4,1.0,5.957537,15.1109,0.901316,28.188744,0.928105,27.026017
0.025,700,0.15,0.85,20,5,0.8,6.949286,13.8342,0.914474,28.556491,0.921569,27.732784
0.025,700,0.15,0.85,20,5,0.9,6.288366,13.7831,0.907895,27.373925,0.908497,26.35985
0.025,700,0.15,0.85,20,5,1.0,6.267448,14.0942,0.914474,27.69111,0.908497,26.629064
0.025,700,0.15,0.85,22,4,0.8,6.206102,14.8428,0.921053,28.034103,0.921569,27.254992
0.025,700,0.15,0.85,22,4,0.9,5.831398,14.8425,0.901316,27.295833,0.908497,26.5053
0.025,700,0.15,0.85,22,4,1.0,5.574213,15.1756,0.901316,27.332894,0.915033,26.323979
0.025,700,0.15,0.85,22,5,0.8,6.908709,13.8489,0.921053,28.323424,0.934641,27.666278
0.025,700,0.15,0.85,22,5,0.9,6.762717,13.8908,0.921053,28.341881,0.921569,27.416199
0.025,700,0.15,0.85,22,5,1.0,5.848897,14.2308,0.921053,26.891824,0.882353,25.928552
0.025,700,0.15,0.85,25,4,0.8,6.887538,14.7841,0.921053,29.317791,0.954248,28.559184
0.025,700,0.15,0.85,25,4,0.9,5.585581,14.9714,0.914474,26.958679,0.915033,26.142572
0.025,700,0.15,0.85,25,4,1.0,4.785616,15.6402,0.888158,25.97186,0.895425,25.211479
0.025,700,0.15,0.85,25,5,0.8,6.605027,14.053,0.921053,28.117661,0.915033,27.263082
0.025,700,0.15,0.85,25,5,0.9,6.47117,14.1461,0.914474,27.932809,0.921569,27.088486
0.025,700,0.15,0.85,25,5,1.0,5.545429,14.6087,0.894737,26.409088,0.895425,25.699587
0.025,700,0.15,0.85,30,4,0.8,6.573738,14.8934,0.914474,28.756849,0.934641,28.040867
0.025,700,0.15,0.85,30,4,0.9,6.725986,15.0309,0.914474,29.228178,0.928105,28.482882
0.025,700,0.15,0.85,30,4,1.0,5.211733,15.3736,0.894737,26.549177,0.901961,25.797087
0.025,700,0.15,0.85,30,5,0.8,7.143975,14.1204,0.927632,29.191421,0.941176,28.40835
0.025,700,0.15,0.85,30,5,0.9,7.076729,14.2082,0.921053,28.901583,0.941176,28.361687
0.025,700,0.15,0.85,30,5,1.0,5.944532,14.6892,0.901316,27.373473,0.915033,26.578247
0.025,700,0.2,0.8,15,4,0.8,8.41893,11.8331,0.914474,29.547221,0.921569,28.671009
0.025,700,0.2,0.8,15,4,0.9,7.619853,11.8451,0.888158,27.794207,0.915033,27.084763
0.025,700,0.2,0.8,15,4,1.0,7.201292,12.5441,0.901316,27.640421,0.921569,26.946647
0.025,700,0.2,0.8,15,5,0.8,8.37095,10.9556,0.907895,28.699082,0.915033,27.697492
0.025,700,0.2,0.8,15,5,0.9,8.369861,11.2788,0.907895,28.816141,0.921569,28.018489
0.025,700,0.2,0.8,15,5,1.0,7.687083,11.9,0.921053,28.095661,0.928105,27.274171
0.025,700,0.2,0.8,18,4,0.8,8.162228,11.783,0.921053,28.958662,0.934641,28.107443
0.025,700,0.2,0.8,18,4,0.9,7.917673,11.9701,0.914474,28.690809,0.901961,27.805473
0.025,700,0.2,0.8,18,4,1.0,6.360524,12.4784,0.881579,26.047038,0.882353,25.199422
0.025,700,0.2,0.8,18,5,0.8,8.415859,11.0583,0.921053,28.578089,0.915033,27.890001
0.025,700,0.2,0.8,18,5,0.9,8.050938,11.4488,0.901316,28.463527,0.921569,27.550662
0.025,700,0.2,0.8,18,5,1.0,8.207675,11.8043,0.927632,29.448262,0.928105,28.219653
0.025,700,0.2,0.8,20,4,0.8,8.308073,11.8823,0.914474,29.356244,0.941176,28.498452
0.025,700,0.2,0.8,20,4,0.9,8.297689,12.0805,0.907895,29.473954,0.934641,28.675877
0.025,700,0.2,0.8,20,4,1.0,7.487337,12.4904,0.907895,28.168449,0.921569,27.465037
0.025,700,0.2,0.8,20,5,0.8,8.528867,11.0362,0.901316,28.773112,0.915033,28.093962
0.025,700,0.2,0.8,20,5,0.9,8.521049,11.4296,0.921053,29.246834,0.928105,28.471656
0.025,700,0.2,0.8,20,5,1.0,8.388094,11.6955,0.914474,29.485817,0.934641,28.471691
0.025,700,0.2,0.8,22,4,0.8,8.442288,12.129,0.921053,29.660611,0.947712,29.013557
0.025,700,0.2,0.8,22,4,0.9,8.419097,12.2019,0.914474,29.779126,0.921569,29.040087
0.025,700,0.2,0.8,22,4,1.0,7.183746,12.4677,0.894737,27.806039,0.908497,26.835229
0.025,700,0.2,0.8,22,5,0.8,8.042225,11.4483,0.907895,28.304655,0.908497,27.532746
0.025,700,0.2,0.8,22,5,0.9,8.341995,11.5523,0.907895,28.976043,0.921569,28.236302
0.025,700,0.2,0.8,22,5,1.0,7.843061,11.8308,0.921053,28.748852,0.928105,27.516936
0.025,700,0.2,0.8,25,4,0.8,8.321969,12.1477,0.921053,29.58453,0.928105,28.791646
0.025,700,0.2,0.8,25,4,0.9,7.676455,12.3164,0.888158,28.381501,0.908497,27.669321
0.025,700,0.2,0.8,25,4,1.0,7.586657,12.36,0.907895,28.375287,0.921569,27.533349
0.025,700,0.2,0.8,25,5,0.8,8.835179,11.4281,0.914474,29.80065,0.941176,29.098434
0.025,700,0.2,0.8,25,5,0.9,8.908559,11.4387,0.921053,30.012936,0.934641,29.255861
0.025,700,0.2,0.8,25,5,1.0,8.439601,11.8723,0.921053,29.577432,0.908497,28.751521
0.025,700,0.2,0.8,30,4,0.8,8.818446,12.1953,0.921053,30.44863,0.954248,29.832199
0.025,700,0.2,0.8,30,4,0.9,8.137801,12.3151,0.894737,29.20329,0.921569,28.590678
0.025,700,0.2,0.8,30,4,1.0,7.817415,12.7989,0.888158,28.944566,0.901961,28.433703
0.025,700,0.2,0.8,30,5,0.8,8.515167,11.6009,0.914474,29.229402,0.934641,28.631277
0.025,700,0.2,0.8,30,5,0.9,8.537184,11.7663,0.914474,29.417218,0.934641,28.840698
0.025,700,0.2,0.8,30,5,1.0,8.355899,12.1076,0.914474,29.70309,0.934641,28.819372
0.025,800,0.15,0.85,15,4,0.8,6.134965,14.2962,0.907895,27.493754,0.908497,26.566177
0.025,800,0.15,0.85,15,4,0.9,5.818554,14.4827,0.914474,27.235505,0.901961,26.119852
0.025,800,0.15,0.85,15,4,1.0,5.57128,14.947,0.907895,27.30885,0.875817,26.089605
0.025,800,0.15,0.85,15,5,0.8,6.784055,13.2967,0.921053,27.809093,0.915033,26.864823
0.025,800,0.15,0.85,15,5,0.9,6.58968,13.382,0.907895,27.681545,0.888889,26.56135
0.025,800,0.15,0.85,15,5,1.0,6.295201,14.0067,0.907895,27.63299,0.895425,26.59707
0.025,800,0.15,0.85,18,4,0.8,6.294569,14.3921,0.914474,27.965046,0.915033,26.98124
0.025,800,0.15,0.85,18,4,0.9,6.041006,14.6194,0.907895,27.627365,0.901961,26.701403
0.025,800,0.15,0.85,18,4,1.0,5.923056,15.0538,0.921053,28.122797,0.915033,26.899936
0.025,800,0.15,0.85,18,5,0.8,6.827536,13.4905,0.914474,28.101362,0.908497,27.145589
0.025,800,0.15,0.85,18,5,0.9,6.963954,13.4889,0.921053,28.428747,0.915033,27.416779
0.025,800,0.15,0.85,18,5,1.0,6.426792,13.7962,0.907895,27.99324,0.888889,26.649752
0.025,800,0.15,0.85,20,4,0.8,6.433754,14.5749,0.907895,28.363123,0.915033,27.44238
0.025,800,0.15,0.85,20,4,0.9,6.342706,14.676,0.914474,28.351975,0.921569,27.361436
0.025,800,0.15,0.85,20,4,1.0,6.309697,14.9352,0.901316,28.742242,0.947712,27.554607
0.025,800,0.15,0.85,20,5,0.8,7.246101,13.5262,0.914474,28.862472,0.934641,28.018414
0.025,800,0.15,0.85,20,5,0.9,6.545381,13.4901,0.907895,27.563144,0.908497,26.580845
0.025,800,0.15,0.85,20,5,1.0,6.310154,13.8651,0.907895,27.530911,0.908497,26.485403
0.025,800,0.15,0.85,22,4,0.8,6.474238,14.63,0.921053,28.36052,0.934641,27.578489
0.025,800,0.15,0.85,22,4,0.9,6.201927,14.5881,0.907895,27.767969,0.915033,26.99194
0.025,800,0.15,0.85,22,4,1.0,5.676609,15.0404,0.901316,27.393623,0.915033,26.393603
0.025,800,0.15,0.85,22,5,0.8,6.95965,13.6591,0.921053,28.201227,0.947712,27.578397
0.025,800,0.15,0.85,22,5,0.9,6.866322,13.6826,0.921053,28.304867,0.921569,27.415226
0.025,800,0.15,0.85,22,5,1.0,6.207393,13.9939,0.927632,27.365001,0.901961,26.40867
0.025,800,0.15,0.85,25,4,0.8,6.976037,14.5576,0.921053,29.257662,0.954248,28.509667
0.025,800,0.15,0.85,25,4,0.9,5.992387,14.7132,0.914474,27.531434,0.921569,26.69799
0.025,800,0.15,0.85,25,4,1.0,4.90384,15.4673,0.888158,26.064598,0.901961,25.274944
0.025,800,0.15,0.85,25,5,0.8,7.002594,13.8004,0.921053,28.651423,0.915033,27.805605
0.025,800,0.15,0.85,25,5,0.9,6.631485,13.9141,0.921053,27.992094,0.921569,27.177055
0.025,800,0.15,0.85,25,5,1.0,5.680037,14.4008,0.901316,26.430879,0.895425,25.760875
0.025,800,0.15,0.85,30,4,0.8,6.602932,14.6901,0.914474,28.617743,0.934641,27.895983
0.025,800,0.15,0.85,30,4,0.9,7.02184,14.7872,0.914474,29.579372,0.941176,28.830874
0.025,800,0.15,0.85,30,4,1.0,5.329375,15.2697,0.894737,26.675747,0.908497,25.928463
0.025,800,0.15,0.85,30,5,0.8,7.456446,13.8697,0.927632,29.52299,0.954248,28.782626
0.025,800,0.15,0.85,30,5,0.9,7.528708,13.9963,0.921053,29.571759,0.954248,29.053694
0.025,800,0.15,0.85,30,5,1.0,6.268934,14.5875,0.901316,27.884115,0.915033,27.125366
0.025,800,0.2,0.8,15,4,0.8,8.389642,11.6339,0.914474,29.27978,0.921569,28.413151
0.025,800,0.2,0.8,15,4,0.9,7.746312,11.6868,0.888158,27.906152,0.915033,27.179424
0.025,800,0.2,0.8,15,4,1.0,7.243663,12.4279,0.901316,27.572106,0.915033,26.915201
0.025,800,0.2,0.8,15,5,0.8,8.535574,10.7265,0.914474,28.804825,0.915033,27.797692
0.025,800,0.2,0.8,15,5,0.9,8.426986,11.0556,0.907895,28.675802,0.928105,27.909529
0.025,800,0.2,0.8,15,5,1.0,7.738385,11.7131,0.921053,28.000536,0.921569,27.189866
0.025,800,0.2,0.8,18,4,0.8,8.112939,11.6251,0.914474,28.681088,0.921569,27.850981
0.025,800,0.2,0.8,18,4,0.9,8.101528,11.8267,0.914474,28.920533,0.908497,28.029713
0.025,800,0.2,0.8,18,4,1.0,6.647455,12.3092,0.881579,26.45568,0.882353,25.60411
0.025,800,0.2,0.8,18,5,0.8,8.366113,10.8544,0.907895,28.246169,0.915033,27.586633
0.025,800,0.2,0.8,18,5,0.9,8.161048,11.2953,0.901316,28.512893,0.928105,27.617364
0.025,800,0.2,0.8,18,5,1.0,8.554738,11.6725,0.927632,29.963873,0.941176,28.781995
0.025,800,0.2,0.8,20,4,0.8,8.260431,11.7051,0.907895,29.054075,0.934641,28.225988
0.025,800,0.2,0.8,20,4,0.9,8.254218,11.8808,0.901316,29.209108,0.908497,28.389266
0.025,800,0.2,0.8,20,4,1.0,7.610911,12.3402,0.907895,28.251064,0.928105,27.562037
0.025,800,0.2,0.8,20,5,0.8,8.674929,10.8591,0.907895,28.887285,0.915033,28.209
0.025,800,0.2,0.8,20,5,0.9,8.610199,11.2509,0.921053,29.242146,0.921569,28.471294
0.025,800,0.2,0.8,20,5,1.0,8.416622,11.5659,0.914474,29.384965,0.928105,28.399172
0.025,800,0.2,0.8,22,4,0.8,8.565714,11.9114,0.921053,29.68945,0.941176,29.042848
0.025,800,0.2,0.8,22,4,0.9,8.585007,12.0106,0.914474,29.886965,0.921569,29.180613
0.025,800,0.2,0.8,22,4,1.0,7.177069,12.3514,0.894737,27.689223,0.908497,26.705547
0.025,800,0.2,0.8,22,5,0.8,8.25405,11.2317,0.907895,28.504528,0.921569,27.739831
0.025,800,0.2,0.8,22,5,0.9,8.393445,11.3706,0.907895,28.895043,0.901961,28.157463
0.025,800,0.2,0.8,22,5,1.0,7.88749,11.6656,0.914474,28.645304,0.921569,27.440618
0.025,800,0.2,0.8,25,4,0.8,8.587253,11.9614,0.921053,29.907575,0.941176,29.135874
0.025,800,0.2,0.8,25,4,0.9,7.933431,12.1603,0.888158,28.710093,0.915033,28.027135
0.025,800,0.2,0.8,25,4,1.0,7.588958,12.3121,0.907895,28.321056,0.921569,27.48999
0.025,800,0.2,0.8,25,5,0.8,8.887518,11.2421,0.914474,29.721278,0.928105,29.017096
0.025,800,0.2,0.8,25,5,0.9,9.007975,11.2434,0.914474,29.98107,0.934641,29.259339
0.025,800,0.2,0.8,25,5,1.0,8.568567,11.6894,0.927632,29.669608,0.908497,28.826559
0.025,800,0.2,0.8,30,4,0.8,8.890256,12.0381,0.921053,30.436885,0.954248,29.818597
0.025,800,0.2,0.8,30,4,0.9,8.318932,12.1302,0.894737,29.361325,0.921569,28.768065
0.025,800,0.2,0.8,30,4,1.0,7.88168,12.6775,0.888158,28.936753,0.921569,28.44088
0.025,800,0.2,0.8,30,5,0.8,8.558364,11.4012,0.914474,29.120584,0.934641,28.517913
0.025,800,0.2,0.8,30,5,0.9,8.61966,11.6333,0.914474,29.430974,0.934641,28.872607
0.025,800,0.2,0.8,30,5,1.0,8.488464,11.8941,0.914474,29.780215,0.934641,28.871079
0.028,400,0.15,0.85,15,4,0.8,5.557413,15.3036,0.907895,27.330816,0.895425,26.418453
0.028,400,0.15,0.85,15,4,0.9,5.450187,15.4082,0.914474,27.480171,0.908497,26.308579
0.028,400,0.15,0.85,15,4,1.0,5.398315,15.5668,0.921053,27.394079,0.908497,26.363433
0.028,400,0.15,0.85,15,5,0.8,6.793165,14.2702,0.921053,28.820878,0.928105,27.856486
0.028,400,0.15,0.85,15,5,0.9,5.84129,14.3832,0.901316,27.101718,0.888889,26.065786
0.028,400,0.15,0.85,15,5,1.0,5.623321,14.5888,0.901316,26.877626,0.888889,25.835473
0.028,400,0.15,0.85,18,4,0.8,5.794265,15.4316,0.927632,28.006269,0.921569,27.020083
0.028,400,0.15,0.85,18,4,0.9,5.857963,15.539,0.921053,28.319534,0.915033,27.254972
0.028,400,0.15,0.85,18,4,1.0,5.207917,15.8182,0.894737,27.380457,0.901961,26.23404
0.028,400,0.15,0.85,18,5,0.8,6.184605,14.4447,0.914474,27.843712,0.921569,26.813934
0.028,400,0.15,0.85,18,5,0.9,6.025923,14.5634,0.907895,27.883825,0.915033,26.615272
0.028,400,0.15,0.85,18,5,1.0,5.747177,14.6558,0.907895,27.415147,0.882353,26.15015
0.028,400,0.15,0.85,20,4,0.8,5.771891,15.4255,0.921053,27.908761,0.908497,26.969267
0.028,400,0.15,0.85,20,4,0.9,5.650719,15.6558,0.914474,27.809931,0.908497,26.957278
0.028,400,0.15,0.85,20,4,1.0,5.43024,16.0322,0.914474,27.977044,0.921569,26.892708
0.028,400,0.15,0.85,20,5,0.8,6.190366,14.6611,0.914474,27.956142,0.908497,27.041848
0.028,400,0.15,0.85,20,5,0.9,6.173335,14.5912,0.914474,28.065129,0.908497,26.937869
0.028,400,0.15,0.85,20,5,1.0,5.601654,14.8034,0.894737,27.09528,0.895425,26.006741
0.028,400,0.15,0.85,22,4,0.8,5.353342,15.5685,0.894737,27.086666,0.908497,26.275227
0.028,400,0.15,0.85,22,4,0.9,5.775156,15.566,0.914474,28.060959,0.928105,27.116361
0.028,400,0.15,0.85,22,4,1.0,5.190564,16.105,0.921053,27.460425,0.915033,26.486091
0.028,400,0.15,0.85,22,5,0.8,6.437981,14.7014,0.927632,28.388541,0.921569,27.577333
0.028,400,0.15,0.85,22,5,0.9,6.410867,14.6094,0.921053,28.37827,0.921569,27.431166
0.028,400,0.15,0.85,22,5,1.0,5.072622,15.0817,0.888158,26.258485,0.888889,25.226978
0.028,400,0.15,0.85,25,4,0.8,5.653381,15.6423,0.921053,27.780786,0.908497,26.949097
0.028,400,0.15,0.85,25,4,0.9,5.373627,15.7279,0.914474,27.418709,0.921569,26.475175
0.028,400,0.15,0.85,25,4,1.0,5.262609,16.4369,0.907895,27.690369,0.908497,26.962161
0.028,400,0.15,0.85,25,5,0.8,6.550111,14.8971,0.914474,28.62956,0.928105,27.997331
0.028,400,0.15,0.85,25,5,0.9,5.617506,14.9278,0.901316,26.997499,0.908497,26.162763
0.028,400,0.15,0.85,25,5,1.0,5.526151,15.3305,0.894737,27.144438,0.901961,26.382833
0.028,400,0.15,0.85,30,4,0.8,5.594784,15.6378,0.907895,27.661619,0.921569,26.827369
0.028,400,0.15,0.85,30,4,0.9,5.614025,15.6322,0.914474,27.683032,0.921569,26.860256
0.028,400,0.15,0.85,30,4,1.0,5.33462,15.9395,0.907895,27.387618,0.895425,26.608788
0.028,400,0.15,0.85,30,5,0.8,7.111409,14.9666,0.934211,29.905339,0.947712,29.189423
0.028,400,0.15,0.85,30,5,0.9,5.509545,15.0944,0.894737,26.910471,0.908497,26.113475
0.028,400,0.15,0.85,30,5,1.0,5.58613,15.4779,0.901316,27.474301,0.901961,26.650177
0.028,400,0.2,0.8,15,4,0.8,7.06096,12.4519,0.894737,27.448643,0.908497,26.573827
0.028,400,0.2,0.8,15,4,0.9,7.473674,12.294,0.907895,28.133214,0.908497,27.241345
0.028,400,0.2,0.8,15,4,1.0,7.451685,13.1592,0.907895,28.84217,0.928105,28.062564
0.028,400,0.2,0.8,15,5,0.8,7.967265,11.8078,0.907895,28.547533,0.921569,27.742297
0.028,400,0.2,0.8,15,5,0.9,7.893782,11.9057,0.888158,28.436184,0.928105,27.693277
0.028,400,0.2,0.8,15,5,1.0,7.402036,12.0675,0.894737,27.62974,0.901961,26.871554
0.028,400,0.2,0.8,18,4,0.8,7.433588,12.6029,0.901316,28.476721,0.928105,27.47012
0.028,400,0.2,0.8,18,4,0.9,7.709982,12.5963,0.907895,28.88935,0.921569,28.016313
0.028,400,0.2,0.8,18,4,1.0,7.545708,12.7074,0.907895,28.689041,0.915033,27.798854
0.028,400,0.2,0.8,18,5,0.8,7.703688,11.9872,0.901316,28.267791,0.915033,27.394535
0.028,400,0.2,0.8,18,5,0.9,7.644391,11.9839,0.907895,28.160502,0.908497,27.2727
0.028,400,0.2,0.8,18,5,1.0,7.148977,12.0251,0.888158,27.536285,0.888889,26.323093
0.028,400,0.2,0.8,20,4,0.8,7.654839,12.654,0.914474,28.779248,0.928105,27.963724
0.028,400,0.2,0.8,20,4,0.9,7.477942,12.5412,0.894737,28.464737,0.921569,27.497102
0.028,400,0.2,0.8,20,4,1.0,6.533564,12.716,0.881579,26.633218,0.882353,25.783167
0.028,400,0.2,0.8,20,5,0.8,8.25989,12.0064,0.927632,29.360089,0.934641,28.526166
0.028,400,0.2,0.8,20,5,0.9,7.762236,11.9736,0.907895,28.419326,0.928105,27.498113
0.028,400,0.2,0.8,20,5,1.0,7.542231,12.088,0.901316,28.254891,0.915033,27.172462
0.028,400,0.2,0.8,22,4,0.8,7.682839,12.68,0.907895,28.681704,0.928105,28.045642
0.028,400,0.2,0.8,22,4,0.9,7.821058,12.7446,0.914474,29.261737,0.934641,28.386747
0.028,400,0.2,0.8,22,4,1.0,7.443375,12.8121,0.901316,28.549893,0.921569,27.698862
0.028,400,0.2,0.8,22,5,0.8,8.610223,12.0205,0.927632,30.266985,0.947712,29.240983
0.028,400,0.2,0.8,22,5,0.9,8.151434,12.2014,0.914474,29.22143,0.921569,28.504225
0.028,400,0.2,0.8,22,5,1.0,7.583097,12.3283,0.914474,28.613649,0.888889,27.49445
0.028,400,0.2,0.8,25,4,0.8,7.916298,12.7068,0.914474,29.324808,0.947712,28.539427
0.028,400,0.2,0.8,25,4,0.9,8.243405,12.7262,0.914474,29.940914,0.934641,29.213018
0.028,400,0.2,0.8,25,4,1.0,7.201931,13.144,0.914474,28.416704,0.934641,27.547831
0.028,400,0.2,0.8,25,5,0.8,8.175529,12.0066,0.921053,29.12433,0.921569,28.357643
0.028,400,0.2,0.8,25,5,0.9,8.292453,12.131,0.907895,29.493289,0.915033,28.715942
0.028,400,0.2,0.8,25,5,1.0,8.075613,12.3212,0.921053,29.25618,0.934641,28.472406
0.028,400,0.2,0.8,30,4,0.8,7.389286,12.9141,0.901316,28.503264,0.921569,27.69272
0.028,400,0.2,0.8,30,4,0.9,8.115532,12.9035,0.901316,29.774587,0.941176,29.134604
0.028,400,0.2,0.8,30,4,1.0,7.540461,13.2574,0.901316,29.009434,0.934641,28.338338
0.028,400,0.2,0.8,30,5,0.8,8.159979,12.2166,0.914474,29.289167,0.941176,28.536539
0.028,400,0.2,0.8,30,5,0.9,7.996544,12.4148,0.914474,28.974573,0.934641,28.407928
0.028,400,0.2,0.8,30,5,1.0,8.192424,12.5974,0.927632,29.820417,0.947712,28.982248
0.028,450,0.15,0.85,15,4,0.8,5.298273,15.1244,0.901316,26.641503,0.875817,25.720908
0.028,450,0.15,0.85,15,4,0.9,5.468727,15.1536,0.914474,27.322525,0.895425,26.091096
0.028,450,0.15,0.85,15,4,1.0,5.397789,15.3943,0.914474,27.27782,0.908497,26.189908
0.028,450,0.15,0.85,15,5,0.8,6.680127,13.9354,0.914474,28.271127,0.921569,27.295691
0.028,450,0.15,0.85,15,5,0.9,5.915001,14.1636,0.894737,27.018904,0.888889,25.993646
0.028,450,0.15,0.85,15,5,1.0,5.564184,14.4715,0.901316,26.640166,0.888889,25.599904
0.028,450,0.15,0.85,18,4,0.8,5.891724,15.26,0.921053,28.019895,0.915033,27.043434
0.028,450,0.15,0.85,18,4,0.9,6.009565,15.3153,0.921053,28.384522,0.915033,27.33448
0.028,450,0.15,0.85,18,4,1.0,5.48354,15.6699,0.894737,27.769443,0.908497,26.63697
0.028,450,0.15,0.85,18,5,0.8,6.451129,14.2434,0.914474,28.149118,0.921569,27.145655
0.028,450,0.15,0.85,18,5,0.9,6.11731,14.3925,0.907895,27.865752,0.915033,26.627071
0.028,450,0.15,0.85,18,5,1.0,6.131482,14.4906,0.907895,28.007168,0.895425,26.753531
0.028,450,0.15,0.85,20,4,0.8,5.699865,15.2766,0.921053,27.610088,0.908497,26.676372
0.028,450,0.15,0.85,20,4,0.9,5.897449,15.4845,0.914474,28.105853,0.921569,27.279403
0.028,450,0.15,0.85,20,4,1.0,5.758442,15.9228,0.921053,28.513106,0.921569,27.439635
0.028,450,0.15,0.85,20,5,0.8,6.339976,14.4363,0.914474,27.988878,0.908497,27.11625
0.028,450,0.15,0.85,20,5,0.9,6.282418,14.3357,0.901316,28.015158,0.908497,26.900582
0.028,450,0.15,0.85,20,5,1.0,5.831213,14.6347,0.914474,27.385205,0.901961,26.297173
0.028,450,0.15,0.85,22,4,0.8,5.370156,15.3966,0.901316,26.932937,0.915033,26.136958
0.028,450,0.15,0.85,22,4,0.9,5.826749,15.4065,0.914474,28.000904,0.921569,27.059968
0.028,450,0.15,0.85,22,4,1.0,5.18034,15.9143,0.914474,27.263424,0.915033,26.274931
0.028,450,0.15,0.85,22,5,0.8,6.557349,14.4936,0.927632,28.437573,0.915033,27.608292
0.028,450,0.15,0.85,22,5,0.9,6.397051,14.3604,0.914474,28.103543,0.921569,27.154477
0.028,450,0.15,0.85,22,5,1.0,4.987812,14.9317,0.888158,25.913225,0.888889,24.907291
0.028,450,0.15,0.85,25,4,0.8,5.671765,15.5027,0.921053,27.669324,0.901961,26.846207
0.028,450,0.15,0.85,25,4,0.9,5.424396,15.6032,0.914474,27.361949,0.921569,26.452023
0.028,450,0.15,0.85,25,4,1.0,5.221847,16.2871,0.901316,27.45194,0.901961,26.730819
0.028,450,0.15,0.85,25,5,0.8,6.957419,14.7324,0.921053,29.247199,0.947712,28.647267
0.028,450,0.15,0.85,25,5,0.9,5.654808,14.7684,0.901316,26.880779,0.901961,26.078004
0.028,450,0.15,0.85,25,5,1.0,5.671249,15.1496,0.907895,27.243185,0.908497,26.492132
0.028,450,0.15,0.85,30,4,0.8,5.661105,15.456,0.907895,27.594621,0.915033,26.778242
0.028,450,0.15,0.85,30,4,0.9,5.424445,15.5014,0.914474,27.11969,0.908497,26.350288
0.028,450,0.15,0.85,30,4,1.0,5.335164,15.9284,0.907895,27.35915,0.901961,26.598694
0.028,450,0.15,0.85,30,5,0.8,7.344095,14.7064,0.934211,30.132858,0.947712,29.394568
0.028,450,0.15,0.85,30,5,0.9,5.713304,14.8815,0.901316,27.053714,0.908497,26.308157
0.028,450,0.15,0.85,30,5,1.0,5.633351,15.2368,0.894737,27.347564,0.895425,26.503533
0.028,450,0.2,0.8,15,4,0.8,7.307623,12.2484,0.894737,27.694328,0.908497,26.863631
0.028,450,0.2,0.8,15,4,0.9,7.527762,12.1475,0.907895,28.106149,0.908497,27.202981
0.028,450,0.2,0.8,15,4,1.0,7.363318,13.0962,0.894737,28.581466,0.921569,27.822886
0.028,450,0.2,0.8,15,5,0.8,8.123508,11.6648,0.914474,28.665778,0.915033,27.911813
0.028,450,0.2,0.8,15,5,0.9,8.404666,11.7387,0.901316,29.282317,0.941176,28.547988
0.028,450,0.2,0.8,15,5,1.0,7.465395,11.9852,0.894737,27.673147,0.908497,26.915971
0.028,450,0.2,0.8,18,4,0.8,7.40727,12.4425,0.894737,28.244854,0.915033,27.257034
0.028,450,0.2,0.8,18,4,0.9,7.652111,12.4261,0.901316,28.637801,0.915033,27.730289
0.028,450,0.2,0.8,18,4,1.0,7.543216,12.6125,0.907895,28.583233,0.915033,27.698885
0.028,450,0.2,0.8,18,5,0.8,7.96981,11.7294,0.907895,28.502166,0.915033,27.669064
0.028,450,0.2,0.8,18,5,0.9,7.655361,11.8031,0.907895,27.96811,0.908497,27.113798
0.028,450,0.2,0.8,18,5,1.0,7.134056,11.9273,0.888158,27.382445,0.875817,26.195371
0.028,450,0.2,0.8,20,4,0.8,7.500192,12.4736,0.901316,28.30506,0.928105,27.473945
0.028,450,0.2,0.8,20,4,0.9,7.690009,12.348,0.901316,28.702991,0.921569,27.728033
0.028,450,0.2,0.8,20,4,1.0,6.802865,12.5635,0.894737,27.077212,0.895425,26.169238
0.028,450,0.2,0.8,20,5,0.8,8.272563,11.7728,0.921053,29.14527,0.928105,28.317948
0.028,450,0.2,0.8,20,5,0.9,7.827364,11.8419,0.907895,28.394256,0.921569,27.496666
0.028,450,0.2,0.8,20,5,1.0,7.558202,11.9751,0.901316,28.144413,0.908497,27.091524
0.028,450,0.2,0.8,22,4,0.8,8.000917,12.49,0.914474,29.108037,0.947712,28.491803
0.028,450,0.2,0.8,22,4,0.9,7.908631,12.5751,0.914474,29.260218,0.934641,28.39238
0.028,450,0.2,0.8,22,4,1.0,7.629507,12.672,0.907895,28.794211,0.921569,27.930986
0.028,450,0.2,0.8,22,5,0.8,8.76432,11.8773,0.940789,30.388421,0.941176,29.405905
0.028,450,0.2,0.8,22,5,0.9,8.308307,11.9878,0.914474,29.295737,0.921569,28.60437
0.028,450,0.2,0.8,22,5,1.0,7.631105,12.2309,0.921053,28.592516,0.901961,27.493064
0.028,450,0.2,0.8,25,4,0.8,8.00404,12.5447,0.907895,29.282735,0.941176,28.552827
0.028,450,0.2,0.8,25,4,0.9,8.398701,12.562,0.914474,30.09345,0.934641,29.3594
0.028,450,0.2,0.8,25,4,1.0,7.336512,12.9793,0.914474,28.526059,0.934641,27.652292
0.028,450,0.2,0.8,25,5,0.8,8.148757,11.841,0.921053,28.903178,0.915033,28.138507
0.028,450,0.2,0.8,25,5,0.9,8.646455,11.9581,0.927632,30.012218,0.928105,29.251022
0.028,450,0.2,0.8,25,5,1.0,8.090476,12.1894,0.921053,29.176735,0.934641,28.370347
0.028,450,0.2,0.8,30,4,0.8,7.578698,12.7352,0.907895,28.631253,0.921569,27.892634
0.028,450,0.2,0.8,30,4,0.9,8.295547,12.7235,0.907895,29.928049,0.941176,29.314574
0.028,450,0.2,0.8,30,4,1.0,7.654434,13.0363,0.894737,29.049694,0.934641,28.345171
0.028,450,0.2,0.8,30,5,0.8,8.325786,12.0338,0.914474,29.406224,0.941176,28.68536
0.028,450,0.2,0.8,30,5,0.9,8.256009,12.3171,0.914474,29.387988,0.934641,28.829091
0.028,450,0.2,0.8,30,5,1.0,8.231661,12.5075,0.921053,29.77815,0.941176,28.97086
0.028,500,0.15,0.85,15,4,0.8,5.641321,14.9665,0.907895,27.159378,0.888889,26.249142
0.028,500,0.15,0.85,15,4,0.9,5.379639,14.9908,0.907895,26.967199,0.882353,25.750064
0.028,500,0.15,0.85,15,4,1.0,5.350169,15.2811,0.914474,27.095215,0.895425,25.981472
0.028,500,0.15,0.85,15,5,0.8,6.679306,13.7683,0.907895,28.076007,0.921569,27.126957
0.028,500,0.15,0.85,15,5,0.9,6.148812,13.9599,0.901316,27.267874,0.888889,26.257484
0.028,500,0.15,0.85,15,5,1.0,5.511967,14.3255,0.901316,26.401189,0.888889,25.349441
0.028,500,0.15,0.85,18,4,0.8,6.024654,15.1324,0.927632,28.133121,0.921569,27.181716
0.028,500,0.15,0.85,18,4,0.9,6.066029,15.1624,0.921053,28.328743,0.915033,27.294478
0.028,500,0.15,0.85,18,4,1.0,5.496587,15.4985,0.894737,27.656368,0.901961,26.49164
0.028,500,0.15,0.85,18,5,0.8,6.708404,14.0532,0.921053,28.467344,0.921569,27.470056
0.028,500,0.15,0.85,18,5,0.9,6.217034,14.109,0.901316,27.782596,0.901961,26.543056
0.028,500,0.15,0.85,18,5,1.0,6.216773,14.3674,0.907895,28.033873,0.895425,26.800922
0.028,500,0.15,0.85,20,4,0.8,5.948384,15.112,0.921053,27.923423,0.908497,27.008806
0.028,500,0.15,0.85,20,4,0.9,5.860229,15.2629,0.907895,27.823535,0.915033,26.983399
0.028,500,0.15,0.85,20,4,1.0,5.740108,15.794,0.914474,28.336318,0.921569,27.274204
0.028,500,0.15,0.85,20,5,0.8,6.505928,14.2507,0.914474,28.151466,0.915033,27.262589
0.028,500,0.15,0.85,20,5,0.9,6.687856,14.1621,0.921053,28.658525,0.921569,27.53778
0.028,500,0.15,0.85,20,5,1.0,5.900998,14.4471,0.901316,27.349925,0.901961,26.249062
0.028,500,0.15,0.85,22,4,0.8,5.439205,15.2488,0.894737,26.908198,0.908497,26.127223
0.028,500,0.15,0.85,22,4,0.9,5.906478,15.2251,0.921053,28.010341,0.921569,27.038095
0.028,500,0.15,0.85,22,4,1.0,5.134121,15.7825,0.914474,27.048653,0.908497,26.050708
0.028,500,0.15,0.85,22,5,0.8,6.771978,14.2845,0.927632,28.614633,0.921569,27.828492
0.028,500,0.15,0.85,22,5,0.9,6.580797,14.1301,0.914474,28.217853,0.915033,27.291646
0.028,500,0.15,0.85,22,5,1.0,5.313278,14.7593,0.894737,26.410712,0.901961,25.385902
0.028,500,0.15,0.85,25,4,0.8,5.659161,15.3167,0.921053,27.423636,0.901961,26.634988
0.028,500,0.15,0.85,25,4,0.9,5.496566,15.4393,0.907895,27.354124,0.915033,26.432421
0.028,500,0.15,0.85,25,4,1.0,5.070336,16.1751,0.901316,27.052474,0.901961,26.315722
0.028,500,0.15,0.85,25,5,0.8,6.942552,14.5702,0.914474,29.064753,0.947712,28.455262
0.028,500,0.15,0.85,25,5,0.9,5.846016,14.5811,0.907895,27.105488,0.908497,26.273129
0.028,500,0.15,0.85,25,5,1.0,5.750739,15.0009,0.901316,27.229859,0.908497,26.502391
0.028,500,0.15,0.85,30,4,0.8,5.871232,15.3335,0.907895,27.884332,0.915033,27.075926
0.028,500,0.15,0.85,30,4,0.9,5.757442,15.3048,0.914474,27.577253,0.908497,26.819697
0.028,500,0.15,0.85,30,4,1.0,5.544395,15.7919,0.914474,27.621659,0.915033,26.880697
0.028,500,0.15,0.85,30,5,0.8,7.385131,14.5545,0.934211,30.036386,0.947712,29.324809
0.028,500,0.15,0.85,30,5,0.9,5.865543,14.6989,0.901316,27.144993,0.908497,26.430024
0.028,500,0.15,0.85,30,5,1.0,5.671505,15.0909,0.888158,27.24652,0.895425,26.433918
0.028,500,0.2,0.8,15,4,0.8,7.23073,12.0595,0.881579,27.340236,0.901961,26.521008
0.028,500,0.2,0.8,15,4,0.9,7.611907,11.9927,0.907895,28.109848,0.901961,27.216466
0.028,500,0.2,0.8,15,4,1.0,7.197552,13.0176,0.894737,28.199153,0.915033,27.412697
0.028,500,0.2,0.8,15,5,0.8,8.617382,11.474,0.914474,29.449693,0.921569,28.708734
0.028,500,0.2,0.8,15,5,0.9,8.551525,11.6019,0.901316,29.415711,0.941176,28.704926
0.028,500,0.2,0.8,15,5,1.0,7.681608,11.9027,0.901316,28.009644,0.908497,27.265963
0.028,500,0.2,0.8,18,4,0.8,7.534675,12.3254,0.894737,28.388912,0.915033,27.394772
0.028,500,0.2,0.8,18,4,0.9,7.737002,12.2701,0.894737,28.658289,0.915033,27.744109
0.028,500,0.2,0.8,18,4,1.0,7.51527,12.5215,0.907895,28.43434,0.915033,27.552019
0.028,500,0.2,0.8,18,5,0.8,7.943745,11.5909,0.907895,28.257834,0.915033,27.47836
0.028,500,0.2,0.8,18,5,0.9,7.789545,11.7016,0.907895,28.127024,0.915033,27.28072
0.028,500,0.2,0.8,18,5,1.0,7.304146,11.8292,0.894737,27.600677,0.888889,26.437508
0.028,500,0.2,0.8,20,4,0.8,7.633384,12.2779,0.907895,28.321132,0.921569,27.544681
0.028,500,0.2,0.8,20,4,0.9,7.754643,12.1883,0.901316,28.688932,0.915033,27.697542
0.028,500,0.2,0.8,20,4,1.0,6.826602,12.471,0.894737,27.066367,0.901961,26.124177
0.028,500,0.2,0.8,20,5,0.8,8.44633,11.5874,0.914474,29.280447,0.928105,28.480011
0.028,500,0.2,0.8,20,5,0.9,8.041246,11.6935,0.901316,28.636485,0.921569,27.775984
0.028,500,0.2,0.8,20,5,1.0,7.570754,11.8858,0.901316,28.085008,0.908497,27.027278
0.028,500,0.2,0.8,22,4,0.8,8.084765,12.3505,0.907895,29.119998,0.934641,28.520001
0.028,500,0.2,0.8,22,4,0.9,7.919947,12.4621,0.907895,29.160025,0.934641,28.301987
0.028,500,0.2,0.8,22,4,1.0,7.686653,12.5336,0.907895,28.761692,0.921569,27.906929
0.028,500,0.2,0.8,22,5,0.8,8.820552,11.7144,0.934211,30.339958,0.934641,29.35551
0.028,500,0.2,0.8,22,5,0.9,8.246682,11.7967,0.914474,28.997293,0.915033,28.290065
0.028,500,0.2,0.8,22,5,1.0,7.616786,12.1447,0.921053,28.484,0.908497,27.37823
0.028,500,0.2,0.8,25,4,0.8,8.175217,12.4076,0.907895,29.448191,0.941176,28.758037
0.028,500,0.2,0.8,25,4,0.9,8.598234,12.4294,0.927632,30.357646,0.934641,29.625907
0.028,500,0.2,0.8,25,4,1.0,7.600383,12.8877,0.914474,28.927349,0.934641,28.08845
0.028,500,0.2,0.8,25,5,0.8,8.426117,11.7085,0.921053,29.303515,0.921569,28.560734
0.028,500,0.2,0.8,25,5,0.9,8.793364,11.8423,0.927632,30.153747,0.921569,29.429007
0.028,500,0.2,0.8,25,5,1.0,8.176098,12.0667,0.921053,29.215014,0.934641,28.418858
0.028,500,0.2,0.8,30,4,0.8,7.671441,12.564,0.907895,28.649898,0.921569,27.906911
0.028,500,0.2,0.8,30,4,0.9,8.413365,12.5655,0.907895,30.011725,0.941176,29.392197
0.028,500,0.2,0.8,30,4,1.0,8.05453,12.89,0.901316,29.743831,0.934641,28.999109
0.028,500,0.2,0.8,30,5,0.8,8.473507,11.867,0.921053,29.53717,0.941176,28.814046
0.028,500,0.2,0.8,30,5,0.9,8.545125,12.168,0.914474,29.810807,0.954248,29.258211
0.028,500,0.2,0.8,30,5,1.0,8.26355,12.358,0.921053,29.690598,0.941176,28.885057
0.028,550,0.15,0.85,15,4,0.8,5.896528,14.8009,0.914474,27.520353,0.895425,26.593948
0.028,550,0.15,0.85,15,4,0.9,5.468483,14.8824,0.907895,27.046371,0.895425,25.819321
0.028,550,0.15,0.85,15,4,1.0,5.34334,15.2131,0.914474,27.043413,0.888889,25.899803
0.028,550,0.15,0.85,15,5,0.8,7.021474,13.5889,0.907895,28.588439,0.921569,27.63184
0.028,550,0.15,0.85,15,5,0.9,6.235024,13.7355,0.907895,27.235056,0.888889,26.20557
0.028,550,0.15,0.85,15,5,1.0,5.635863,14.1971,0.901316,26.515218,0.888889,25.468787
0.028,550,0.15,0.85,18,4,0.8,6.090915,14.9056,0.927632,28.040849,0.908497,27.087394
0.028,550,0.15,0.85,18,4,0.9,6.073662,14.9545,0.921053,28.14457,0.915033,27.101795
0.028,550,0.15,0.85,18,4,1.0,5.495539,15.3522,0.894737,27.513655,0.895425,26.343266
0.028,550,0.15,0.85,18,5,0.8,6.932378,13.8422,0.921053,28.661384,0.921569,27.706923
0.028,550,0.15,0.85,18,5,0.9,6.396027,13.859,0.907895,27.86325,0.901961,26.651081
0.028,550,0.15,0.85,18,5,1.0,6.216637,14.2325,0.907895,27.879781,0.888889,26.665794
0.028,550,0.15,0.85,20,4,0.8,6.073499,14.9657,0.921053,28.017109,0.908497,27.112701
0.028,550,0.15,0.85,20,4,0.9,5.89896,15.053,0.907895,27.679263,0.915033,26.850896
0.028,550,0.15,0.85,20,4,1.0,5.870466,15.6728,0.921053,28.431987,0.921569,27.413727
0.028,550,0.15,0.85,20,5,0.8,6.781158,14.0239,0.914474,28.465165,0.921569,27.58621
0.028,550,0.15,0.85,20,5,0.9,6.739417,13.9571,0.921053,28.538097,0.921569,27.43597
0.028,550,0.15,0.85,20,5,1.0,5.936486,14.2977,0.901316,27.229086,0.901961,26.17072
0.028,550,0.15,0.85,22,4,0.8,5.58559,15.1036,0.894737,27.043719,0.915033,26.274759
0.028,550,0.15,0.85,22,4,0.9,6.310586,15.1352,0.921053,28.703522,0.921569,27.756361
0.028,550,0.15,0.85,22,4,1.0,5.332586,15.5985,0.914474,27.255564,0.908497,26.263676
0.028,550,0.15,0.85,22,5,0.8,6.838453,14.0926,0.927632,28.574426,0.915033,27.769522
0.028,550,0.15,0.85,22,5,0.9,6.630584,13.9804,0.914474,28.174863,0.915033,27.241558
0.028,550,0.15,0.85,22,5,1.0,5.544437,14.5358,0.894737,26.660183,0.901961,25.624629
0.028,550,0.15,0.85,25,4,0.8,5.794761,15.1459,0.921053,27.516085,0.901961,26.735431
0.028,550,0.15,0.85,25,4,0.9,5.976023,15.2675,0.914474,28.158125,0.928105,27.219576
0.028,550,0.15,0.85,25,4,1.0,4.963784,16.0571,0.901316,26.758974,0.901961,25.984676
0.028,550,0.15,0.85,25,5,0.8,6.775391,14.3371,0.914474,28.476088,0.934641,27.887899
0.028,550,0.15,0.85,25,5,0.9,5.92431,14.388,0.907895,27.037103,0.908497,26.236575
0.028,550,0.15,0.85,25,5,1.0,5.790189,14.9097,0.901316,27.213637,0.908497,26.490116
0.028,550,0.15,0.85,30,4,0.8,6.023065,15.1569,0.914474,27.972332,0.915033,27.203011
0.028,550,0.15,0.85,30,4,0.9,5.806257,15.1689,0.914474,27.521348,0.908497,26.781413
0.028,550,0.15,0.85,30,4,1.0,5.651755,15.6719,0.914474,27.708518,0.915033,26.975359
0.028,550,0.15,0.85,30,5,0.8,7.543307,14.3479,0.934211,30.109055,0.947712,29.434556
0.028,550,0.15,0.85,30,5,0.9,6.055329,14.5276,0.901316,27.340769,0.901961,26.638251
0.028,550,0.15,0.85,30,5,1.0,5.886782,14.9711,0.894737,27.572209,0.908497,26.744667
0.028,550,0.2,0.8,15,4,0.8,7.307372,11.9329,0.888158,27.358349,0.895425,26.547615
0.028,550,0.2,0.8,15,4,0.9,7.642966,11.8754,0.907895,28.048248,0.901961,27.16134
0.028,550,0.2,0.8,15,4,1.0,7.200557,12.9409,0.894737,28.109048,0.915033,27.342053
0.028,550,0.2,0.8,15,5,0.8,8.860467,11.3003,0.914474,29.727816,0.934641,29.021195
0.028,550,0.2,0.8,15,5,0.9,8.615329,11.4544,0.901316,29.3949,0.941176,28.68502
0.028,550,0.2,0.8,15,5,1.0,7.834306,11.7711,0.901316,28.172987,0.908497,27.439695
0.028,550,0.2,0.8,18,4,0.8,7.664584,12.2098,0.894737,28.495072,0.921569,27.539007
0.028,550,0.2,0.8,18,4,0.9,7.851802,12.183,0.894737,28.794452,0.915033,27.886619
0.028,550,0.2,0.8,18,4,1.0,7.511841,12.4078,0.901316,28.32533,0.908497,27.431491
0.028,550,0.2,0.8,18,5,0.8,8.08783,11.4369,0.907895,28.370405,0.915033,27.612556
0.028,550,0.2,0.8,18,5,0.9,8.013096,11.5861,0.907895,28.453367,0.921569,27.612337
0.028,550,0.2,0.8,18,5,1.0,7.379595,11.7345,0.888158,27.621604,0.882353,26.493704
0.028,550,0.2,0.8,20,4,0.8,7.820231,12.1622,0.907895,28.554026,0.928105,27.802707
0.028,550,0.2,0.8,20,4,0.9,7.822975,12.1203,0.901316,28.760827,0.915033,27.7662
0.028,550,0.2,0.8,20,4,1.0,6.886939,12.3786,0.888158,27.106485,0.895425,26.152504
0.028,550,0.2,0.8,20,5,0.8,8.554602,11.4206,0.907895,29.324646,0.928105,28.529795
0.028,550,0.2,0.8,20,5,0.9,8.232357,11.5733,0.901316,28.89668,0.921569,28.038013
0.028,550,0.2,0.8,20,5,1.0,7.600321,11.7084,0.901316,27.940063,0.908497,26.909079
0.028,550,0.2,0.8,22,4,0.8,8.181409,12.2173,0.907895,29.177596,0.941176,28.580139
0.028,550,0.2,0.8,22,4,0.9,8.075649,12.3764,0.907895,29.366487,0.934641,28.52768
0.028,550,0.2,0.8,22,4,1.0,7.862275,12.4773,0.901316,29.031169,0.928105,28.201815
0.028,550,0.2,0.8,22,5,0.8,8.722489,11.5308,0.921053,29.970444,0.934641,28.975813
0.028,550,0.2,0.8,22,5,0.9,8.192627,11.6886,0.907895,28.784549,0.915033,28.073887
0.028,550,0.2,0.8,22,5,1.0,7.67647,12.081,0.921053,28.545895,0.908497,27.433987
0.028,550,0.2,0.8,25,4,0.8,8.479313,12.2462,0.921053,29.863955,0.941176,29.20481
0.028,550,0.2,0.8,25,4,0.9,8.609876,12.3184,0.927632,30.277035,0.934641,29.538169
0.028,550,0.2,0.8,25,4,1.0,7.83079,12.8034,0.914474,29.324223,0.934641,28.464936
0.028,550,0.2,0.8,25,5,0.8,8.68233,11.5511,0.921053,29.648418,0.934641,28.915765
0.028,550,0.2,0.8,25,5,0.9,8.711328,11.7106,0.907895,29.863568,0.915033,29.13327
0.028,550,0.2,0.8,25,5,1.0,8.305536,11.9869,0.921053,29.377464,0.934641,28.597927
0.028,550,0.2,0.8,30,4,0.8,7.792428,12.4541,0.907895,28.794496,0.921569,28.038966
0.028,550,0.2,0.8,30,4,0.9,8.577432,12.4301,0.914474,30.15225,0.941176,29.584973
0.028,550,0.2,0.8,30,4,1.0,8.072524,12.8282,0.901316,29.730542,0.934641,28.97325
0.028,550,0.2,0.8,30,5,0.8,8.540044,11.7321,0.914474,29.513895,0.941176,28.812166
0.028,550,0.2,0.8,30,5,0.9,8.671045,12.0926,0.914474,29.993285,0.954248,29.43466
0.028,550,0.2,0.8,30,5,1.0,8.506144,12.1907,0.927632,29.98876,0.941176,29.202959
0.028,600,0.15,0.85,15,4,0.8,5.966645,14.7094,0.914474,27.566316,0.895425,26.642687
0.028,600,0.15,0.85,15,4,0.9,5.603511,14.7439,0.914474,27.185253,0.888889,25.950887
0.028,600,0.15,0.85,15,4,1.0,5.427241,15.1123,0.914474,27.12272,0.888889,25.966751
0.028,600,0.15,0.85,15,5,0.8,7.08874,13.3986,0.907895,28.515946,0.921569,27.576068
0.028,600,0.15,0.85,15,5,0.9,6.266536,13.6058,0.907895,27.173466,0.882353,26.138904
0.028,600,0.15,0.85,15,5,1.0,5.718915,14.0837,0.914474,26.583624,0.888889,25.521542
0.028,600,0.15,0.85,18,4,0.8,6.28557,14.7572,0.927632,28.267392,0.908497,27.328382
0.028,600,0.15,0.85,18,4,0.9,6.129267,14.826,0.914474,28.127165,0.908497,27.084509
0.028,600,0.15,0.85,18,4,1.0,5.63792,15.2554,0.894737,27.71041,0.895425,26.531236
0.028,600,0.15,0.85,18,5,0.8,7.108408,13.6915,0.921053,28.856167,0.921569,27.908333
0.028,600,0.15,0.85,18,5,0.9,6.408332,13.6948,0.914474,27.721255,0.901961,26.511448
0.028,600,0.15,0.85,18,5,1.0,6.219776,14.1327,0.907895,27.783126,0.888889,26.57221
0.028,600,0.15,0.85,20,4,0.8,6.322786,14.8271,0.921053,28.37579,0.915033,27.472682
0.028,600,0.15,0.85,20,4,0.9,5.892556,14.9352,0.901316,27.526211,0.915033,26.720275
0.028,600,0.15,0.85,20,4,1.0,5.900547,15.5014,0.914474,28.324928,0.921569,27.302521
0.028,600,0.15,0.85,20,5,0.8,6.848614,13.8576,0.914474,28.426161,0.921569,27.55483
0.028,600,0.15,0.85,20,5,0.9,6.790057,13.8361,0.921053,28.502985,0.915033,27.416217
0.028,600,0.15,0.85,20,5,1.0,6.028824,14.2242,0.901316,27.330901,0.901961,26.281869
0.028,600,0.15,0.85,22,4,0.8,5.695814,15.0076,0.894737,27.145067,0.915033,26.399227
0.028,600,0.15,0.85,22,4,0.9,6.585668,15.0153,0.921053,29.09905,0.934641,28.186643
0.028,600,0.15,0.85,22,4,1.0,5.530117,15.4552,0.907895,27.496983,0.921569,26.515446
0.028,600,0.15,0.85,22,5,0.8,6.898266,13.9692,0.927632,28.552413,0.915033,27.765731
0.028,600,0.15,0.85,22,5,0.9,6.780114,13.8203,0.907895,28.268087,0.915033,27.380569
0.028,600,0.15,0.85,22,5,1.0,5.67094,14.3533,0.894737,26.745824,0.901961,25.69521
0.028,600,0.15,0.85,25,4,0.8,5.87179,14.9981,0.921053,27.513768,0.901961,26.741632
0.028,600,0.15,0.85,25,4,0.9,5.991474,15.1276,0.907895,28.013009,0.928105,27.110553
0.028,600,0.15,0.85,25,4,1.0,5.045671,15.9651,0.901316,26.833676,0.908497,26.056491
0.028,600,0.15,0.85,25,5,0.8,6.733017,14.2125,0.907895,28.250514,0.934641,27.678551
0.028,600,0.15,0.85,25,5,0.9,5.997171,14.307,0.907895,27.068931,0.901961,26.30133
0.028,600,0.15,0.85,25,5,1.0,6.066167,14.8067,0.907895,27.652605,0.915033,26.939019
0.028,600,0.15,0.85,30,4,0.8,6.172839,14.9969,0.914474,28.090957,0.908497,27.342595
0.028,600,0.15,0.85,30,4,0.9,6.005314,15.0103,0.921053,27.740888,0.908497,27.020885
0.028,600,0.15,0.85,30,4,1.0,5.656214,15.5505,0.914474,27.609338,0.915033,26.86294
0.028,600,0.15,0.85,30,5,0.8,7.540344,14.1954,0.921053,29.946076,0.947712,29.27613
0.028,600,0.15,0.85,30,5,0.9,6.18626,14.3968,0.901316,27.459704,0.915033,26.769351
0.028,600,0.15,0.85,30,5,1.0,5.98313,14.8167,0.907895,27.606671,0.915033,26.782931
0.028,600,0.2,0.8,15,4,0.8,7.385703,11.7942,0.888158,27.389761,0.895425,26.56565
0.028,600,0.2,0.8,15,4,0.9,7.706964,11.764,0.907895,28.055759,0.901961,27.17797
0.028,600,0.2,0.8,15,4,1.0,7.07905,12.8478,0.894737,27.787922,0.908497,27.005871
0.028,600,0.2,0.8,15,5,0.8,8.927146,11.1801,0.921053,29.763544,0.934641,29.034405
0.028,600,0.2,0.8,15,5,0.9,8.726027,11.2708,0.901316,29.401171,0.941176,28.722808
0.028,600,0.2,0.8,15,5,1.0,7.840485,11.7035,0.907895,28.133158,0.908497,27.384464
0.028,600,0.2,0.8,18,4,0.8,7.958517,12.0491,0.894737,28.917806,0.928105,27.966105
0.028,600,0.2,0.8,18,4,0.9,8.013236,12.0597,0.894737,28.982887,0.921569,28.086133
0.028,600,0.2,0.8,18,4,1.0,7.460395,12.3195,0.901316,28.118194,0.908497,27.240288
0.028,600,0.2,0.8,18,5,0.8,8.204885,11.3059,0.907895,28.485114,0.908497,27.715698
0.028,600,0.2,0.8,18,5,0.9,8.167131,11.4745,0.907895,28.616586,0.921569,27.80879
0.028,600,0.2,0.8,18,5,1.0,7.32842,11.6672,0.888158,27.42658,0.875817,26.324036
0.028,600,0.2,0.8,20,4,0.8,7.871511,12.0551,0.901316,28.529556,0.928105,27.798154
0.028,600,0.2,0.8,20,4,0.9,7.966281,11.9944,0.901316,28.919702,0.921569,27.92697
0.028,600,0.2,0.8,20,4,1.0,6.941114,12.2595,0.888158,27.127826,0.895425,26.141755
0.028,600,0.2,0.8,20,5,0.8,8.656167,11.2923,0.907895,29.389339,0.928105,28.604598
0.028,600,0.2,0.8,20,5,0.9,8.311434,11.4272,0.901316,28.862641,0.928105,28.05005
0.028,600,0.2,0.8,20,5,1.0,7.680474,11.5681,0.901316,27.959749,0.901961,26.929046
0.028,600,0.2,0.8,22,4,0.8,8.244211,12.1655,0.914474,29.245093,0.934641,28.653946
0.028,600,0.2,0.8,22,4,0.9,8.057393,12.3048,0.901316,29.240093,0.928105,28.419618
0.028,600,0.2,0.8,22,4,1.0,7.883992,12.4483,0.901316,29.047321,0.928105,28.216246
0.028,600,0.2,0.8,22,5,0.8,8.900369,11.428,0.927632,30.193921,0.934641,29.228734
0.028,600,0.2,0.8,22,5,0.9,8.370685,11.5388,0.907895,28.981997,0.908497,28.280146
0.028,600,0.2,0.8,22,5,1.0,7.713051,12.0153,0.921053,28.527197,0.908497,27.441366
0.028,600,0.2,0.8,25,4,0.8,8.447314,12.151,0.921053,29.680771,0.941176,29.04558
0.028,600,0.2,0.8,25,4,0.9,8.64208,12.2099,0.927632,30.213261,0.934641,29.494053
0.028,600,0.2,0.8,25,4,1.0,7.899216,12.7858,0.914474,29.442094,0.941176,28.584276
0.028,600,0.2,0.8,25,5,0.8,8.674536,11.4251,0.921053,29.501887,0.934641,28.774138
0.028,600,0.2,0.8,25,5,0.9,8.714382,11.5868,0.914474,29.710736,0.915033,29.015553
0.028,600,0.2,0.8,25,5,1.0,8.354664,11.9141,0.914474,29.387785,0.941176,28.623469
0.028,600,0.2,0.8,30,4,0.8,7.955671,12.3253,0.907895,28.944619,0.921569,28.23669
0.028,600,0.2,0.8,30,4,0.9,8.586042,12.3097,0.914474,30.052346,0.934641,29.481812
0.028,600,0.2,0.8,30,4,1.0,8.255842,12.7077,0.907895,29.984759,0.941176,29.219347
0.028,600,0.2,0.8,30,5,0.8,8.539117,11.6801,0.914474,29.425605,0.934641,28.758334
0.028,600,0.2,0.8,30,5,0.9,8.763602,11.98,0.914474,30.082147,0.954248,29.507159
0.028,600,0.2,0.8,30,5,1.0,8.727565,12.0806,0.927632,30.311147,0.934641,29.535752
0.028,700,0.15,0.85,15,4,0.8,6.104331,14.4232,0.901316,27.538091,0.895425,26.631846
0.028,700,0.15,0.85,15,4,0.9,5.717932,14.4953,0.914474,27.141091,0.882353,25.931178
0.028,700,0.15,0.85,15,4,1.0,5.573169,14.8106,0.914474,27.190454,0.895425,25.956916
0.028,700,0.15,0.85,15,5,0.8,7.242995,13.1184,0.914474,28.497308,0.921569,27.604411
0.028,700,0.15,0.85,15,5,0.9,6.551591,13.2716,0.907895,27.429691,0.882353,26.374753
0.028,700,0.15,0.85,15,5,1.0,5.921271,13.9232,0.914474,26.796253,0.888889,25.765732
0.028,700,0.15,0.85,18,4,0.8,6.596912,14.4907,0.921053,28.628337,0.921569,27.684498
0.028,700,0.15,0.85,18,4,0.9,6.24159,14.594,0.914474,28.151374,0.908497,27.077222
0.028,700,0.15,0.85,18,4,1.0,5.741308,15.0447,0.901316,27.704038,0.888889,26.527337
0.028,700,0.15,0.85,18,5,0.8,7.49355,13.4234,0.927632,29.349079,0.934641,28.410503
0.028,700,0.15,0.85,18,5,0.9,6.56777,13.4101,0.914474,27.735018,0.901961,26.545602
0.028,700,0.15,0.85,18,5,1.0,6.535148,13.8389,0.907895,28.067169,0.901961,26.909239
0.028,700,0.15,0.85,20,4,0.8,6.472758,14.5705,0.921053,28.414589,0.915033,27.515986
0.028,700,0.15,0.85,20,4,0.9,6.189237,14.7248,0.907895,27.884785,0.915033,27.103286
0.028,700,0.15,0.85,20,4,1.0,5.555911,15.2732,0.914474,27.375254,0.908497,26.385038
0.028,700,0.15,0.85,20,5,0.8,7.123983,13.587,0.921053,28.69847,0.928105,27.834954
0.028,700,0.15,0.85,20,5,0.9,6.986218,13.5362,0.914474,28.55487,0.921569,27.508616
0.028,700,0.15,0.85,20,5,1.0,6.427511,13.9771,0.914474,27.829281,0.915033,26.832093
0.028,700,0.15,0.85,22,4,0.8,6.156769,14.7397,0.907895,27.774965,0.934641,27.05325
0.028,700,0.15,0.85,22,4,0.9,6.647554,14.8057,0.921053,29.006701,0.941176,28.100797
0.028,700,0.15,0.85,22,4,1.0,5.965034,15.2091,0.914474,28.091699,0.921569,27.139155
0.028,700,0.15,0.85,22,5,0.8,7.084884,13.7911,0.927632,28.726577,0.915033,27.960917
0.028,700,0.15,0.85,22,5,0.9,7.025342,13.5252,0.907895,28.422089,0.921569,27.575864
0.028,700,0.15,0.85,22,5,1.0,5.732076,14.0986,0.901316,26.623183,0.895425,25.562774
0.028,700,0.15,0.85,25,4,0.8,5.912162,14.7759,0.914474,27.338547,0.901961,26.60025
0.028,700,0.15,0.85,25,4,0.9,6.286403,14.891,0.914474,28.343519,0.928105,27.463769
0.028,700,0.15,0.85,25,4,1.0,5.089684,15.789,0.894737,26.735325,0.908497,25.968348
0.028,700,0.15,0.85,25,5,0.8,7.208147,13.8739,0.907895,28.826955,0.941176,28.290155
0.028,700,0.15,0.85,25,5,0.9,6.717544,14.0537,0.921053,28.211316,0.915033,27.488745
0.028,700,0.15,0.85,25,5,1.0,6.178391,14.5798,0.907895,27.571817,0.915033,26.936548
0.028,700,0.15,0.85,30,4,0.8,6.362128,14.7897,0.921053,28.221595,0.908497,27.513922
0.028,700,0.15,0.85,30,4,0.9,6.129314,14.7895,0.921053,27.754015,0.908497,27.048097
0.028,700,0.15,0.85,30,4,1.0,5.612288,15.3852,0.907895,27.352006,0.915033,26.609751
0.028,700,0.15,0.85,30,5,0.8,7.549346,13.9284,0.921053,29.67203,0.947712,29.027108
0.028,700,0.15,0.85,30,5,0.9,6.389262,14.1747,0.907895,27.625692,0.915033,26.953184
0.028,700,0.15,0.85,30,5,1.0,6.324227,14.6077,0.921053,28.060068,0.928105,27.256192
0.028,700,0.2,0.8,15,4,0.8,7.350565,11.5695,0.875,27.083524,0.888889,26.270629
0.028,700,0.2,0.8,15,4,0.9,7.642023,11.6522,0.907895,27.817807,0.901961,26.936287
0.028,700,0.2,0.8,15,4,1.0,7.207742,12.7622,0.901316,27.951677,0.908497,27.177689
0.028,700,0.2,0.8,15,5,0.8,8.890506,10.9433,0.914474,29.448551,0.928105,28.724308
0.028,700,0.2,0.8,15,5,0.9,9.078607,11.0089,0.901316,29.840455,0.941176,29.166132
0.028,700,0.2,0.8,15,5,1.0,8.346203,11.598,0.921053,28.977254,0.934641,28.290372
0.028,700,0.2,0.8,18,4,0.8,7.952416,11.7883,0.901316,28.600479,0.915033,27.693182
0.028,700,0.2,0.8,18,4,0.9,8.003468,11.8734,0.888158,28.72597,0.921569,27.880296
0.028,700,0.2,0.8,18,4,1.0,7.471079,12.1505,0.894737,27.954122,0.901961,27.092682
0.028,700,0.2,0.8,18,5,0.8,8.489007,11.0843,0.907895,28.796273,0.915033,28.062352
0.028,700,0.2,0.8,18,5,0.9,8.089089,11.2501,0.907895,28.213703,0.915033,27.428325
0.028,700,0.2,0.8,18,5,1.0,7.307487,11.6211,0.888158,27.319203,0.875817,26.236059
0.028,700,0.2,0.8,20,4,0.8,8.28979,11.8719,0.907895,29.136323,0.934641,28.451524
0.028,700,0.2,0.8,20,4,0.9,7.974692,11.7299,0.901316,28.647235,0.908497,27.679329
0.028,700,0.2,0.8,20,4,1.0,7.009241,12.1627,0.881579,27.150378,0.895425,26.181167
0.028,700,0.2,0.8,20,5,0.8,8.648267,11.035,0.907895,29.070437,0.928105,28.331538
0.028,700,0.2,0.8,20,5,0.9,8.56517,11.1385,0.901316,29.050456,0.928105,28.268888
0.028,700,0.2,0.8,20,5,1.0,8.026496,11.3415,0.914474,28.425882,0.908497,27.394464
0.028,700,0.2,0.8,22,4,0.8,8.351191,11.9915,0.914474,29.251964,0.928105,28.693853
0.028,700,0.2,0.8,22,4,0.9,8.232949,12.0897,0.907895,29.319908,0.921569,28.555602
0.028,700,0.2,0.8,22,4,1.0,8.008994,12.3059,0.901316,29.179694,0.928105,28.323857
0.028,700,0.2,0.8,22,5,0.8,8.694722,11.1135,0.921053,29.441549,0.921569,28.502911
0.028,700,0.2,0.8,22,5,0.9,8.51681,11.3418,0.907895,29.028928,0.915033,28.375447
0.028,700,0.2,0.8,22,5,1.0,8.005756,11.833,0.921053,28.934465,0.915033,27.84453
0.028,700,0.2,0.8,25,4,0.8,8.773441,11.9687,0.921053,30.169315,0.941176,29.515621
0.028,700,0.2,0.8,25,4,0.9,8.78058,12.0096,0.927632,30.272235,0.934641,29.570716
0.028,700,0.2,0.8,25,4,1.0,8.09763,12.6642,0.914474,29.640303,0.941176,28.859444
0.028,700,0.2,0.8,25,5,0.8,8.888099,11.2186,0.921053,29.68163,0.934641,28.994828
0.028,700,0.2,0.8,25,5,0.9,8.895415,11.3738,0.907895,29.83623,0.915033,29.164645
0.028,700,0.2,0.8,25,5,1.0,8.462872,11.6976,0.914474,29.340273,0.941176,28.623345
0.028,700,0.2,0.8,30,4,0.8,8.118386,12.2494,0.907895,29.167656,0.921569,28.486182
0.028,700,0.2,0.8,30,4,0.9,8.678482,12.1766,0.907895,30.0573,0.941176,29.533541
0.028,700,0.2,0.8,30,4,1.0,8.406853,12.5996,0.907895,30.163252,0.941176,29.413258
0.028,700,0.2,0.8,30,5,0.8,8.610009,11.4403,0.914474,29.331314,0.934641,28.660273
0.028,700,0.2,0.8,30,5,0.9,8.818647,11.7522,0.907895,29.965666,0.947712,29.389535
0.028,700,0.2,0.8,30,5,1.0,8.768376,11.882,0.927632,30.212312,0.934641,29.418721
0.028,800,0.15,0.85,15,4,0.8,6.313441,14.153,0.907895,27.66869,0.901961,26.779843
0.028,800,0.15,0.85,15,4,0.9,5.931079,14.3724,0.907895,27.422102,0.888889,26.234526
0.028,800,0.15,0.85,15,4,1.0,5.486985,14.6799,0.894737,26.838923,0.888889,25.653856
0.028,800,0.15,0.85,15,5,0.8,7.282209,12.8606,0.914474,28.303904,0.921569,27.425019
0.028,800,0.15,0.85,15,5,0.9,6.883579,13.0031,0.907895,27.788851,0.895425,26.770253
0.028,800,0.15,0.85,15,5,1.0,6.112974,13.6711,0.914474,26.955063,0.888889,25.897065
0.028,800,0.15,0.85,18,4,0.8,6.965571,14.2405,0.934211,29.068179,0.941176,28.171659
0.028,800,0.15,0.85,18,4,0.9,6.34713,14.3592,0.914474,28.119395,0.901961,27.053471
0.028,800,0.15,0.85,18,4,1.0,5.951812,14.8762,0.894737,27.972877,0.901961,26.779774
0.028,800,0.15,0.85,18,5,0.8,7.642122,13.1904,0.921053,29.405214,0.934641,28.474676
0.028,800,0.15,0.85,18,5,0.9,6.87502,13.2001,0.914474,28.136915,0.901961,26.9501
0.028,800,0.15,0.85,18,5,1.0,6.864301,13.6076,0.914474,28.483196,0.901961,27.336241
0.028,800,0.15,0.85,20,4,0.8,6.689848,14.3723,0.927632,28.626731,0.928105,27.751995
0.028,800,0.15,0.85,20,4,0.9,6.300969,14.5438,0.907895,27.908284,0.908497,27.145758
0.028,800,0.15,0.85,20,4,1.0,5.53528,15.1149,0.914474,27.129295,0.908497,26.185422
0.028,800,0.15,0.85,20,5,0.8,7.28326,13.3233,0.921053,28.772229,0.928105,27.889848
0.028,800,0.15,0.85,20,5,0.9,7.260881,13.2728,0.914474,28.82791,0.928105,27.794532
0.028,800,0.15,0.85,20,5,1.0,6.584683,13.5393,0.921053,27.719188,0.908497,26.708694
0.028,800,0.15,0.85,22,4,0.8,6.395532,14.5741,0.907895,28.052911,0.928105,27.365166
0.028,800,0.15,0.85,22,4,0.9,6.625278,14.5675,0.914474,28.717784,0.921569,27.818102
0.028,800,0.15,0.85,22,4,1.0,6.04584,15.0479,0.914474,28.101969,0.921569,27.13961
0.028,800,0.15,0.85,22,5,0.8,7.342094,13.5195,0.927632,28.928925,0.928105,28.203662
0.028,800,0.15,0.85,22,5,0.9,7.22086,13.3213,0.914474,28.595645,0.921569,27.763054
0.028,800,0.15,0.85,22,5,1.0,5.768226,13.8172,0.901316,26.381972,0.888889,25.353656
0.028,800,0.15,0.85,25,4,0.8,6.131845,14.5015,0.914474,27.516428,0.901961,26.765174
0.028,800,0.15,0.85,25,4,0.9,6.394319,14.6611,0.907895,28.318348,0.934641,27.449757
0.028,800,0.15,0.85,25,4,1.0,5.022305,15.5662,0.888158,26.381121,0.908497,25.610806
0.028,800,0.15,0.85,25,5,0.8,7.458611,13.6379,0.907895,29.059746,0.947712,28.555163
0.028,800,0.15,0.85,25,5,0.9,7.057413,13.756,0.921053,28.605359,0.921569,27.8708
0.028,800,0.15,0.85,25,5,1.0,6.284682,14.3076,0.907895,27.491781,0.921569,26.87696
0.028,800,0.15,0.85,30,4,0.8,6.482192,14.5996,0.921053,28.256322,0.908497,27.564022
0.028,800,0.15,0.85,30,4,0.9,6.440755,14.5971,0.921053,28.175961,0.921569,27.478593
0.028,800,0.15,0.85,30,4,1.0,5.623781,15.2491,0.907895,27.270313,0.908497,26.49667
0.028,800,0.15,0.85,30,5,0.8,7.522681,13.7388,0.921053,29.452157,0.947712,28.784184
0.028,800,0.15,0.85,30,5,0.9,6.536842,13.9947,0.914474,27.725744,0.915033,27.068431
0.028,800,0.15,0.85,30,5,1.0,6.362449,14.4344,0.914474,27.95438,0.928105,27.159283
0.028,800,0.2,0.8,15,4,0.8,7.745696,11.4279,0.888158,27.704174,0.895425,26.919313
0.028,800,0.2,0.8,15,4,0.9,7.832313,11.5315,0.907895,28.038148,0.901961,27.196121
0.028,800,0.2,0.8,15,4,1.0,7.579301,12.5347,0.901316,28.443368,0.908497,27.693261
0.028,800,0.2,0.8,15,5,0.8,8.993586,10.7071,0.907895,29.415051,0.928105,28.694233
0.028,800,0.2,0.8,15,5,0.9,9.172902,10.7735,0.901316,29.764666,0.941176,29.119299
0.028,800,0.2,0.8,15,5,1.0,8.17442,11.4642,0.907895,28.4541,0.908497,27.813032
0.028,800,0.2,0.8,18,4,0.8,8.002454,11.6432,0.894737,28.520117,0.908497,27.648108
0.028,800,0.2,0.8,18,4,0.9,8.105449,11.7425,0.888158,28.77,0.921569,27.953356
0.028,800,0.2,0.8,18,4,1.0,7.83988,12.0416,0.907895,28.583981,0.921569,27.721401
0.028,800,0.2,0.8,18,5,0.8,8.637371,10.9216,0.907895,28.908336,0.915033,28.196374
0.028,800,0.2,0.8,18,5,0.9,8.087897,10.9827,0.901316,27.954486,0.915033,27.158523
0.028,800,0.2,0.8,18,5,1.0,7.326316,11.4782,0.881579,27.199693,0.875817,26.1308
0.028,800,0.2,0.8,20,4,0.8,8.32672,11.6934,0.907895,28.98752,0.934641,28.346801
0.028,800,0.2,0.8,20,4,0.9,7.907823,11.5787,0.901316,28.33409,0.901961,27.39435
0.028,800,0.2,0.8,20,4,1.0,7.293002,12.0261,0.888158,27.535406,0.901961,26.612142
0.028,800,0.2,0.8,20,5,0.8,8.638831,10.8199,0.901316,28.837747,0.915033,28.097579
0.028,800,0.2,0.8,20,5,0.9,8.604572,11.0146,0.901316,28.983532,0.928105,28.22376
0.028,800,0.2,0.8,20,5,1.0,8.054386,11.1632,0.907895,28.299938,0.895425,27.272013
0.028,800,0.2,0.8,22,4,0.8,8.625518,11.7806,0.914474,29.575786,0.947712,29.031596
0.028,800,0.2,0.8,22,4,0.9,8.35901,11.9483,0.914474,29.400116,0.921569,28.666363
0.028,800,0.2,0.8,22,4,1.0,8.08799,12.1865,0.901316,29.196394,0.928105,28.362464
0.028,800,0.2,0.8,22,5,0.8,8.897489,10.9518,0.921053,29.684913,0.934641,28.746814
0.028,800,0.2,0.8,22,5,0.9,8.705035,11.1997,0.907895,29.22724,0.921569,28.609726
0.028,800,0.2,0.8,22,5,1.0,8.115219,11.6783,0.921053,29.000259,0.915033,27.908708
0.028,800,0.2,0.8,25,4,0.8,8.771485,11.8478,0.921053,30.049201,0.934641,29.390723
0.028,800,0.2,0.8,25,4,0.9,8.775558,11.8447,0.921053,30.091592,0.928105,29.395774
0.028,800,0.2,0.8,25,4,1.0,8.293369,12.5161,0.921053,29.890176,0.941176,29.102813
0.028,800,0.2,0.8,25,5,0.8,8.676903,11.0721,0.921053,29.103344,0.921569,28.42589
0.028,800,0.2,0.8,25,5,0.9,8.937341,11.2248,0.907895,29.739119,0.915033,29.099508
0.028,800,0.2,0.8,25,5,1.0,8.475032,11.5593,0.914474,29.211287,0.941176,28.509338
0.028,800,0.2,0.8,30,4,0.8,8.580762,12.0325,0.914474,29.866558,0.947712,29.193984
0.028,800,0.2,0.8,30,4,0.9,8.667531,12.0056,0.907895,29.842332,0.934641,29.340688
0.028,800,0.2,0.8,30,4,1.0,8.514009,12.5026,0.901316,30.260847,0.934641,29.530611
0.028,800,0.2,0.8,30,5,0.8,8.596711,11.1953,0.914474,29.059195,0.934641,28.388706
0.028,800,0.2,0.8,30,5,0.9,8.883705,11.5822,0.907895,29.926251,0.947712,29.349638
0.028,800,0.2,0.8,30,5,1.0,8.885698,11.727,0.921053,30.276707,0.934641,29.498352
0.03,400,0.15,0.85,15,4,0.8,5.813026,15.1246,0.914474,27.755921,0.915033,26.750605
0.03,400,0.15,0.85,15,4,0.9,5.644115,15.4349,0.914474,27.696671,0.908497,26.723166
0.03,400,0.15,0.85,15,4,1.0,5.852905,15.6688,0.907895,28.374138,0.915033,27.374563
0.03,400,0.15,0.85,15,5,0.8,6.278397,14.1607,0.914474,27.882802,0.901961,26.717468
0.03,400,0.15,0.85,15,5,0.9,6.868647,14.1618,0.921053,28.963862,0.921569,27.899051
0.03,400,0.15,0.85,15,5,1.0,5.812135,14.7518,0.914474,27.548046,0.901961,26.376053
0.03,400,0.15,0.85,18,4,0.8,5.887107,15.5198,0.927632,28.225431,0.928105,27.29399
0.03,400,0.15,0.85,18,4,0.9,5.944139,15.5694,0.921053,28.341908,0.915033,27.457682
0.03,400,0.15,0.85,18,4,1.0,4.970317,15.7706,0.894737,26.781169,0.888889,25.711188
0.03,400,0.15,0.85,18,5,0.8,6.823665,14.4223,0.927632,29.230683,0.921569,28.069582
0.03,400,0.15,0.85,18,5,0.9,5.564192,14.3007,0.888158,26.345624,0.875817,25.429094
0.03,400,0.15,0.85,18,5,1.0,5.764454,14.4994,0.907895,26.977261,0.901961,26.028275
0.03,400,0.15,0.85,20,4,0.8,5.470956,15.6154,0.914474,27.365777,0.901961,26.557279
0.03,400,0.15,0.85,20,4,0.9,5.658633,15.5408,0.901316,27.771314,0.908497,26.858092
0.03,400,0.15,0.85,20,4,1.0,5.276376,15.6076,0.907895,27.229239,0.915033,26.160323
0.03,400,0.15,0.85,20,5,0.8,6.024779,14.4874,0.914474,27.453838,0.895425,26.536924
0.03,400,0.15,0.85,20,5,0.9,6.470269,14.5125,0.927632,28.433423,0.915033,27.453017
0.03,400,0.15,0.85,20,5,1.0,5.499902,14.4654,0.901316,26.615872,0.882353,25.465174
0.03,400,0.15,0.85,22,4,0.8,6.330903,15.4553,0.927632,28.899901,0.928105,28.11709
0.03,400,0.15,0.85,22,4,0.9,5.434153,15.6635,0.914474,27.368184,0.921569,26.531806
0.03,400,0.15,0.85,22,4,1.0,5.363119,15.6533,0.921053,27.436318,0.921569,26.379521
0.03,400,0.15,0.85,22,5,0.8,6.560973,14.3867,0.914474,28.401042,0.941176,27.508642
0.03,400,0.15,0.85,22,5,0.9,5.997416,14.73,0.914474,27.69577,0.901961,26.724865
0.03,400,0.15,0.85,22,5,1.0,5.140445,14.8804,0.894737,26.093318,0.888889,25.161339
0.03,400,0.15,0.85,25,4,0.8,5.71864,15.5712,0.921053,27.916947,0.921569,27.008456
0.03,400,0.15,0.85,25,4,0.9,5.678065,15.7541,0.907895,27.905998,0.921569,27.110215
0.03,400,0.15,0.85,25,4,1.0,5.153518,16.124,0.907895,27.20936,0.908497,26.431081
0.03,400,0.15,0.85,25,5,0.8,6.644557,14.7089,0.921053,28.893258,0.928105,27.998064
0.03,400,0.15,0.85,25,5,0.9,5.951006,14.8348,0.921053,27.603157,0.915033,26.736833
0.03,400,0.15,0.85,25,5,1.0,5.685265,15.2284,0.914474,27.377298,0.908497,26.598917
0.03,400,0.15,0.85,30,4,0.8,5.556637,15.6599,0.907895,27.472313,0.908497,26.773184
0.03,400,0.15,0.85,30,4,0.9,5.759859,15.6278,0.921053,27.931715,0.928105,27.147516
0.03,400,0.15,0.85,30,4,1.0,5.183093,15.982,0.894737,27.070341,0.901961,26.348141
0.03,400,0.15,0.85,30,5,0.8,6.629845,14.689,0.921053,28.797862,0.928105,27.948734
0.03,400,0.15,0.85,30,5,0.9,6.699846,14.9286,0.914474,29.056576,0.941176,28.328286
0.03,400,0.15,0.85,30,5,1.0,5.697185,15.2542,0.894737,27.322979,0.921569,26.648596
0.03,400,0.2,0.8,15,4,0.8,7.523178,12.1529,0.907895,28.104548,0.908497,27.199286
0.03,400,0.2,0.8,15,4,0.9,7.649075,12.2838,0.901316,28.432994,0.928105,27.58196
0.03,400,0.2,0.8,15,4,1.0,7.338947,13.0991,0.914474,28.510926,0.928105,27.776976
0.03,400,0.2,0.8,15,5,0.8,7.804941,11.6149,0.907895,28.139967,0.901961,27.224781
0.03,400,0.2,0.8,15,5,0.9,7.645233,11.7432,0.901316,27.923516,0.901961,27.033646
0.03,400,0.2,0.8,15,5,1.0,7.418691,12.1815,0.894737,27.892932,0.921569,27.018881
0.03,400,0.2,0.8,18,4,0.8,7.122406,12.3803,0.888158,27.54562,0.901961,26.625068
0.03,400,0.2,0.8,18,4,0.9,7.530346,12.5101,0.907895,28.511584,0.915033,27.57082
0.03,400,0.2,0.8,18,4,1.0,7.507145,12.6816,0.901316,28.701683,0.915033,27.695904
0.03,400,0.2,0.8,18,5,0.8,7.54623,11.7714,0.901316,27.696972,0.908497,26.863891
0.03,400,0.2,0.8,18,5,0.9,8.784823,11.6595,0.927632,30.344585,0.941176,29.229126
0.03,400,0.2,0.8,18,5,1.0,7.120461,12.1651,0.881579,27.554023,0.921569,26.406048
0.03,400,0.2,0.8,20,4,0.8,7.499619,12.5613,0.907895,28.372044,0.921569,27.560511
0.03,400,0.2,0.8,20,4,0.9,8.075235,12.4304,0.907895,29.57757,0.934641,28.580851
0.03,400,0.2,0.8,20,4,1.0,7.568284,12.7839,0.914474,28.910628,0.921569,27.920428
0.03,400,0.2,0.8,20,5,0.8,8.520952,11.783,0.927632,29.600918,0.934641,28.824917
0.03,400,0.2,0.8,20,5,0.9,7.53733,12.0368,0.894737,27.863589,0.908497,27.111443
0.03,400,0.2,0.8,20,5,1.0,7.660906,12.2061,0.907895,28.383489,0.915033,27.527877
0.03,400,0.2,0.8,22,4,0.8,7.544234,12.4589,0.901316,28.360484,0.908497,27.547333
0.03,400,0.2,0.8,22,4,0.9,7.194768,12.6075,0.907895,27.7604,0.901961,26.996999
0.03,400,0.2,0.8,22,4,1.0,7.067609,12.8522,0.907895,27.722168,0.901961,26.987445
0.03,400,0.2,0.8,22,5,0.8,8.3436,11.9547,0.921053,29.529133,0.928105,28.641897
0.03,400,0.2,0.8,22,5,0.9,7.880506,12.1106,0.921053,28.648033,0.908497,27.871596
0.03,400,0.2,0.8,22,5,1.0,7.770907,12.2621,0.914474,28.79173,0.921569,27.803901
0.03,400,0.2,0.8,25,4,0.8,7.831761,12.5509,0.921053,29.003613,0.928105,28.214458
0.03,400,0.2,0.8,25,4,0.9,7.238249,12.7106,0.888158,27.862095,0.908497,27.187067
0.03,400,0.2,0.8,25,4,1.0,7.184212,13.0906,0.901316,28.090435,0.928105,27.458978
0.03,400,0.2,0.8,25,5,0.8,8.80598,11.9696,0.914474,30.295879,0.941176,29.581593
0.03,400,0.2,0.8,25,5,0.9,8.385176,12.0393,0.907895,29.679537,0.934641,28.809673
0.03,400,0.2,0.8,25,5,1.0,7.964996,12.4542,0.921053,29.095947,0.941176,28.38418
0.03,400,0.2,0.8,30,4,0.8,7.152145,12.7055,0.907895,27.706378,0.915033,27.009786
0.03,400,0.2,0.8,30,4,0.9,7.859321,12.8235,0.921053,29.22155,0.928105,28.542114
0.03,400,0.2,0.8,30,4,1.0,7.651723,13.0527,0.901316,29.028035,0.928105,28.356148
0.03,400,0.2,0.8,30,5,0.8,7.533525,12.2412,0.907895,27.944478,0.915033,27.308231
0.03,400,0.2,0.8,30,5,0.9,8.492983,12.2285,0.914474,29.863107,0.947712,29.214431
0.03,400,0.2,0.8,30,5,1.0,8.592564,12.4608,0.927632,30.390763,0.934641,29.645953
0.03,450,0.15,0.85,15,4,0.8,6.274033,14.961,0.914474,28.512544,0.928105,27.509095
0.03,450,0.15,0.85,15,4,0.9,5.55692,15.1828,0.901316,27.265086,0.901961,26.29669
0.03,450,0.15,0.85,15,4,1.0,5.856111,15.4289,0.907895,28.192119,0.915033,27.141155
0.03,450,0.15,0.85,15,5,0.8,6.487171,13.914,0.914474,28.076744,0.895425,26.888321
0.03,450,0.15,0.85,15,5,0.9,6.99725,13.9284,0.921053,28.993986,0.928105,27.922943
0.03,450,0.15,0.85,15,5,1.0,5.892595,14.6445,0.914474,27.628951,0.901961,26.429693
0.03,450,0.15,0.85,18,4,0.8,5.961956,15.2966,0.921053,28.151359,0.928105,27.220518
0.03,450,0.15,0.85,18,4,0.9,5.984028,15.3843,0.914474,28.247773,0.921569,27.352378
0.03,450,0.15,0.85,18,4,1.0,5.358216,15.5609,0.901316,27.368344,0.921569,26.277295
0.03,450,0.15,0.85,18,5,0.8,7.095568,14.1895,0.927632,29.496649,0.928105,28.380638
0.03,450,0.15,0.85,18,5,0.9,5.968718,14.113,0.907895,26.974506,0.888889,26.05044
0.03,450,0.15,0.85,18,5,1.0,5.853481,14.3017,0.907895,26.962295,0.901961,26.008686
0.03,450,0.15,0.85,20,4,0.8,5.628245,15.4889,0.914474,27.539437,0.915033,26.745355
0.03,450,0.15,0.85,20,4,0.9,5.674629,15.3418,0.907895,27.580547,0.908497,26.691038
0.03,450,0.15,0.85,20,4,1.0,5.231081,15.5092,0.907895,27.047798,0.915033,25.97135
0.03,450,0.15,0.85,20,5,0.8,6.268693,14.1582,0.914474,27.593907,0.901961,26.695599
0.03,450,0.15,0.85,20,5,0.9,6.650573,14.2663,0.927632,28.49829,0.915033,27.567446
0.03,450,0.15,0.85,20,5,1.0,5.369271,14.298,0.901316,26.178134,0.875817,25.036533
0.03,450,0.15,0.85,22,4,0.8,6.453895,15.2999,0.934211,28.9534,0.934641,28.207727
0.03,450,0.15,0.85,22,4,0.9,5.798886,15.4339,0.921053,27.863245,0.921569,27.031718
0.03,450,0.15,0.85,22,4,1.0,5.443316,15.5394,0.921053,27.494489,0.921569,26.426023
0.03,450,0.15,0.85,22,5,0.8,7.101519,14.1223,0.927632,29.196385,0.947712,28.325325
0.03,450,0.15,0.85,22,5,0.9,6.05925,14.5235,0.914474,27.600967,0.901961,26.641968
0.03,450,0.15,0.85,22,5,1.0,5.404745,14.6677,0.894737,26.416814,0.895425,25.477155
0.03,450,0.15,0.85,25,4,0.8,5.809365,15.405,0.921053,27.922398,0.921569,27.023779
0.03,450,0.15,0.85,25,4,0.9,5.829163,15.6317,0.907895,28.0624,0.928105,27.290011
0.03,450,0.15,0.85,25,4,1.0,5.106815,15.9945,0.907895,26.972565,0.908497,26.208107
0.03,450,0.15,0.85,25,5,0.8,6.873142,14.5599,0.921053,29.178761,0.947712,28.306232
0.03,450,0.15,0.85,25,5,0.9,6.169866,14.6621,0.921053,27.856646,0.908497,27.001875
0.03,450,0.15,0.85,25,5,1.0,5.609227,15.0161,0.907895,26.99611,0.901961,26.234599
0.03,450,0.15,0.85,30,4,0.8,5.618933,15.5203,0.901316,27.416319,0.908497,26.758121
0.03,450,0.15,0.85,30,4,0.9,5.918561,15.5023,0.921053,28.104237,0.928105,27.339398
0.03,450,0.15,0.85,30,4,1.0,5.270496,15.8073,0.894737,27.079173,0.901961,26.348296
0.03,450,0.15,0.85,30,5,0.8,7.316068,14.4387,0.934211,29.887443,0.954248,29.07079
0.03,450,0.15,0.85,30,5,0.9,6.688915,14.7339,0.914474,28.828183,0.941176,28.111717
0.03,450,0.15,0.85,30,5,1.0,5.718948,15.1115,0.894737,27.153794,0.915033,26.549404
0.03,450,0.2,0.8,15,4,0.8,7.553609,11.9721,0.914474,27.987306,0.908497,27.079281
0.03,450,0.2,0.8,15,4,0.9,7.610747,12.1542,0.901316,28.232023,0.921569,27.375679
0.03,450,0.2,0.8,15,4,1.0,7.350389,12.9047,0.914474,28.328581,0.928105,27.605443
0.03,450,0.2,0.8,15,5,0.8,8.09922,11.3879,0.907895,28.514398,0.921569,27.586322
0.03,450,0.2,0.8,15,5,0.9,7.594827,11.5623,0.894737,27.665905,0.901961,26.751972
0.03,450,0.2,0.8,15,5,1.0,7.527578,12.0403,0.894737,27.956315,0.921569,27.095407
0.03,450,0.2,0.8,18,4,0.8,7.333079,12.2124,0.901316,27.799001,0.901961,26.878524
0.03,450,0.2,0.8,18,4,0.9,7.542064,12.3291,0.901316,28.318255,0.908497,27.413277
0.03,450,0.2,0.8,18,4,1.0,7.57852,12.5514,0.901316,28.710937,0.915033,27.708432
0.03,450,0.2,0.8,18,5,0.8,7.625445,11.5958,0.901316,27.660608,0.908497,26.846654
0.03,450,0.2,0.8,18,5,0.9,9.040514,11.4833,0.927632,30.687297,0.941176,29.564331
0.03,450,0.2,0.8,18,5,1.0,7.277808,12.0453,0.888158,27.724478,0.921569,26.600959
0.03,450,0.2,0.8,20,4,0.8,7.75314,12.412,0.914474,28.716414,0.921569,27.918296
0.03,450,0.2,0.8,20,4,0.9,8.128464,12.3158,0.907895,29.538404,0.934641,28.572761
0.03,450,0.2,0.8,20,4,1.0,7.512157,12.6669,0.907895,28.65606,0.915033,27.691201
0.03,450,0.2,0.8,20,5,0.8,8.491924,11.6264,0.927632,29.392513,0.928105,28.610243
0.03,450,0.2,0.8,20,5,0.9,7.810643,11.8336,0.894737,28.205129,0.908497,27.454871
0.03,450,0.2,0.8,20,5,1.0,7.903432,12.0166,0.914474,28.694179,0.915033,27.823488
0.03,450,0.2,0.8,22,4,0.8,7.763618,12.2537,0.901316,28.565185,0.908497,27.780984
0.03,450,0.2,0.8,22,4,0.9,7.25105,12.4493,0.901316,27.728458,0.901961,26.951379
0.03,450,0.2,0.8,22,4,1.0,7.001412,12.7402,0.907895,27.499992,0.895425,26.743042
0.03,450,0.2,0.8,22,5,0.8,8.61708,11.7499,0.921053,29.858277,0.934641,28.984109
0.03,450,0.2,0.8,22,5,0.9,7.799163,11.9597,0.921053,28.289898,0.908497,27.557987
0.03,450,0.2,0.8,22,5,1.0,7.847809,12.1059,0.914474,28.789967,0.915033,27.801515
0.03,450,0.2,0.8,25,4,0.8,8.194004,12.4102,0.921053,29.577285,0.934641,28.798228
0.03,450,0.2,0.8,25,4,0.9,7.414981,12.5742,0.888158,28.053934,0.908497,27.404206
0.03,450,0.2,0.8,25,4,1.0,7.333335,12.917,0.894737,28.25681,0.928105,27.583689
0.03,450,0.2,0.8,25,5,0.8,8.80901,11.8201,0.914474,30.15834,0.947712,29.438147
0.03,450,0.2,0.8,25,5,0.9,8.489616,11.8982,0.921053,29.715052,0.921569,28.877403
0.03,450,0.2,0.8,25,5,1.0,8.099224,12.3226,0.921053,29.216452,0.934641,28.521076
0.03,450,0.2,0.8,30,4,0.8,7.395127,12.513,0.907895,27.994535,0.915033,27.303288
0.03,450,0.2,0.8,30,4,0.9,7.948302,12.5863,0.914474,29.146218,0.928105,28.482952
0.03,450,0.2,0.8,30,4,1.0,7.706937,12.9792,0.901316,29.043991,0.934641,28.393082
0.03,450,0.2,0.8,30,5,0.8,7.561079,12.0468,0.907895,27.763701,0.908497,27.168993
0.03,450,0.2,0.8,30,5,0.9,8.62565,12.0162,0.914474,29.926574,0.947712,29.267497
0.03,450,0.2,0.8,30,5,1.0,8.487545,12.2743,0.921053,29.969143,0.934641,29.249369
0.03,500,0.15,0.85,15,4,0.8,6.278918,14.7522,0.914474,28.27566,0.915033,27.310049
0.03,500,0.15,0.85,15,4,0.9,5.731135,15.0133,0.901316,27.455255,0.908497,26.475583
0.03,500,0.15,0.85,15,4,1.0,5.936241,15.2513,0.907895,28.170959,0.915033,27.123759
0.03,500,0.15,0.85,15,5,0.8,6.645016,13.6836,0.914474,28.158314,0.895425,26.973598
0.03,500,0.15,0.85,15,5,0.9,6.98695,13.7602,0.921053,28.820248,0.921569,27.734131
0.03,500,0.15,0.85,15,5,1.0,5.860953,14.4825,0.914474,27.426967,0.895425,26.20443
0.03,500,0.15,0.85,18,4,0.8,6.081986,15.1254,0.921053,28.237831,0.928105,27.289365
0.03,500,0.15,0.85,18,4,0.9,6.106237,15.1858,0.914474,28.279581,0.915033,27.398322
0.03,500,0.15,0.85,18,4,1.0,5.393675,15.3949,0.894737,27.271173,0.915033,26.182277
0.03,500,0.15,0.85,18,5,0.8,7.117528,13.9372,0.927632,29.273573,0.915033,28.172255
0.03,500,0.15,0.85,18,5,0.9,6.094452,13.8706,0.901316,26.994836,0.888889,26.059513
0.03,500,0.15,0.85,18,5,1.0,6.038189,14.1324,0.907895,27.151783,0.901961,26.208796
0.03,500,0.15,0.85,20,4,0.8,5.686017,15.309,0.921053,27.46123,0.915033,26.681082
0.03,500,0.15,0.85,20,4,0.9,5.871243,15.1605,0.907895,27.794761,0.908497,26.902996
0.03,500,0.15,0.85,20,4,1.0,5.223514,15.3642,0.907895,26.858466,0.915033,25.81126
0.03,500,0.15,0.85,20,5,0.8,6.469522,13.9656,0.914474,27.778116,0.901961,26.904639
0.03,500,0.15,0.85,20,5,0.9,6.706721,14.0878,0.927632,28.434457,0.908497,27.501274
0.03,500,0.15,0.85,20,5,1.0,5.284472,14.0987,0.901316,25.821844,0.862745,24.667684
0.03,500,0.15,0.85,22,4,0.8,6.454144,15.1037,0.927632,28.760745,0.928105,28.011997
0.03,500,0.15,0.85,22,4,0.9,5.976665,15.2527,0.921053,28.067943,0.928105,27.206046
0.03,500,0.15,0.85,22,4,1.0,5.626096,15.3894,0.921053,27.728407,0.928105,26.641575
0.03,500,0.15,0.85,22,5,0.8,7.397021,13.8899,0.927632,29.515276,0.954248,28.683987
0.03,500,0.15,0.85,22,5,0.9,6.189613,14.3545,0.914474,27.711387,0.908497,26.73376
0.03,500,0.15,0.85,22,5,1.0,5.643633,14.5127,0.907895,26.73497,0.901961,25.799969
0.03,500,0.15,0.85,25,4,0.8,5.907904,15.2755,0.921053,27.960413,0.921569,27.091262
0.03,500,0.15,0.85,25,4,0.9,6.018802,15.5004,0.914474,28.298806,0.928105,27.537974
0.03,500,0.15,0.85,25,4,1.0,5.168495,15.888,0.907895,26.983761,0.908497,26.224958
0.03,500,0.15,0.85,25,5,0.8,6.91671,14.3252,0.921053,29.037716,0.941176,28.158627
0.03,500,0.15,0.85,25,5,0.9,6.427614,14.4622,0.921053,28.171284,0.915033,27.317467
0.03,500,0.15,0.85,25,5,1.0,5.653571,14.8668,0.907895,26.947398,0.901961,26.173936
0.03,500,0.15,0.85,30,4,0.8,5.715245,15.3741,0.907895,27.450437,0.908497,26.804582
0.03,500,0.15,0.85,30,4,0.9,5.893548,15.3386,0.914474,27.88041,0.915033,27.125716
0.03,500,0.15,0.85,30,4,1.0,5.568024,15.6342,0.894737,27.501974,0.915033,26.770222
0.03,500,0.15,0.85,30,5,0.8,7.398037,14.2776,0.940789,29.876982,0.954248,29.073626
0.03,500,0.15,0.85,30,5,0.9,6.809043,14.5954,0.914474,28.904176,0.934641,28.213511
0.03,500,0.15,0.85,30,5,1.0,5.931842,14.8854,0.894737,27.310796,0.921569,26.749092
0.03,500,0.2,0.8,15,4,0.8,7.600892,11.8499,0.907895,27.98387,0.915033,27.051679
0.03,500,0.2,0.8,15,4,0.9,7.636871,12.0344,0.901316,28.154932,0.921569,27.308153
0.03,500,0.2,0.8,15,4,1.0,7.406721,12.7727,0.907895,28.306637,0.928105,27.586182
0.03,500,0.2,0.8,15,5,0.8,8.126205,11.2396,0.907895,28.412172,0.915033,27.49198
0.03,500,0.2,0.8,15,5,0.9,7.597031,11.3939,0.894737,27.496604,0.895425,26.587941
0.03,500,0.2,0.8,15,5,1.0,7.553571,11.9362,0.888158,27.865859,0.915033,27.043318
0.03,500,0.2,0.8,18,4,0.8,7.443132,12.0612,0.894737,27.841226,0.901961,26.947429
0.03,500,0.2,0.8,18,4,0.9,7.481043,12.1459,0.901316,27.988151,0.908497,27.108005
0.03,500,0.2,0.8,18,4,1.0,7.448942,12.4567,0.901316,28.353622,0.895425,27.354557
0.03,500,0.2,0.8,18,5,0.8,7.811553,11.4387,0.901316,27.897781,0.908497,27.061849
0.03,500,0.2,0.8,18,5,0.9,9.019795,11.3169,0.927632,30.476417,0.941176,29.356491
0.03,500,0.2,0.8,18,5,1.0,7.387281,11.8294,0.888158,27.732417,0.915033,26.603914
0.03,500,0.2,0.8,20,4,0.8,7.871854,12.2281,0.907895,28.770605,0.921569,27.971765
0.03,500,0.2,0.8,20,4,0.9,8.248719,12.2,0.907895,29.653866,0.934641,28.6974
0.03,500,0.2,0.8,20,4,1.0,7.433645,12.5531,0.907895,28.382332,0.915033,27.420348
0.03,500,0.2,0.8,20,5,0.8,8.442336,11.4596,0.921053,29.112559,0.921569,28.344259
0.03,500,0.2,0.8,20,5,0.9,8.131423,11.6163,0.914474,28.604455,0.908497,27.879102
0.03,500,0.2,0.8,20,5,1.0,7.917712,11.8505,0.914474,28.562836,0.908497,27.685956
0.03,500,0.2,0.8,22,4,0.8,7.843198,12.0666,0.901316,28.532476,0.908497,27.752985
0.03,500,0.2,0.8,22,4,0.9,7.811842,12.344,0.914474,28.71568,0.915033,27.967674
0.03,500,0.2,0.8,22,4,1.0,7.078095,12.6115,0.907895,27.521539,0.888889,26.767684
0.03,500,0.2,0.8,22,5,0.8,8.616609,11.6153,0.921053,29.716995,0.934641,28.848536
0.03,500,0.2,0.8,22,5,0.9,7.859491,11.8199,0.907895,28.269391,0.901961,27.538846
0.03,500,0.2,0.8,22,5,1.0,7.814163,11.971,0.914474,28.602471,0.915033,27.599293
0.03,500,0.2,0.8,25,4,0.8,8.334773,12.2241,0.921053,29.656829,0.934641,28.893667
0.03,500,0.2,0.8,25,4,0.9,7.600379,12.447,0.888158,28.256375,0.915033,27.647795
0.03,500,0.2,0.8,25,4,1.0,7.529869,12.7704,0.894737,28.510487,0.928105,27.83011
0.03,500,0.2,0.8,25,5,0.8,8.694377,11.6741,0.914474,29.775526,0.928105,29.062846
0.03,500,0.2,0.8,25,5,0.9,8.730474,11.7607,0.921053,30.04949,0.928105,29.221696
0.03,500,0.2,0.8,25,5,1.0,8.288612,12.2147,0.921053,29.477567,0.941176,28.791903
0.03,500,0.2,0.8,30,4,0.8,7.538164,12.392,0.914474,28.161165,0.915033,27.468362
0.03,500,0.2,0.8,30,4,0.9,8.137081,12.4707,0.907895,29.396551,0.934641,28.744891
0.03,500,0.2,0.8,30,4,1.0,7.793234,12.9157,0.901316,29.13342,0.928105,28.502129
0.03,500,0.2,0.8,30,5,0.8,7.604951,11.9138,0.907895,27.70946,0.908497,27.123751
0.03,500,0.2,0.8,30,5,0.9,8.671544,11.8984,0.914474,29.886645,0.947712,29.241445
0.03,500,0.2,0.8,30,5,1.0,8.680705,12.1599,0.927632,30.246405,0.934641,29.521325
0.03,550,0.15,0.85,15,4,0.8,6.307925,14.5884,0.914474,28.206048,0.915033,27.204279
0.03,550,0.15,0.85,15,4,0.9,5.940702,14.7983,0.907895,27.673719,0.901961,26.679744
0.03,550,0.15,0.85,15,4,1.0,6.152529,15.0611,0.914474,28.443512,0.915033,27.366157
0.03,550,0.15,0.85,15,5,0.8,6.66457,13.522,0.914474,28.035047,0.895425,26.851157
0.03,550,0.15,0.85,15,5,0.9,7.164926,13.6037,0.927632,28.998659,0.921569,27.933578
0.03,550,0.15,0.85,15,5,1.0,6.067069,14.3551,0.921053,27.696138,0.895425,26.489238
0.03,550,0.15,0.85,18,4,0.8,6.028087,14.9754,0.921053,27.981209,0.921569,27.031621
0.03,550,0.15,0.85,18,4,0.9,6.217603,15.1015,0.914474,28.386782,0.915033,27.536716
0.03,550,0.15,0.85,18,4,1.0,5.403911,15.3001,0.894737,27.202502,0.915033,26.107896
0.03,550,0.15,0.85,18,5,0.8,7.041059,13.696,0.921053,28.832483,0.901961,27.778135
0.03,550,0.15,0.85,18,5,0.9,6.217742,13.6926,0.907895,27.048548,0.888889,26.12808
0.03,550,0.15,0.85,18,5,1.0,6.088717,13.9563,0.907895,27.091101,0.901961,26.133744
0.03,550,0.15,0.85,20,4,0.8,6.034672,15.0276,0.921053,27.842693,0.915033,27.096939
0.03,550,0.15,0.85,20,4,0.9,6.10712,14.9824,0.907895,28.094067,0.908497,27.196649
0.03,550,0.15,0.85,20,4,1.0,5.253342,15.2559,0.907895,26.796501,0.915033,25.76255
0.03,550,0.15,0.85,20,5,0.8,6.599642,13.7958,0.914474,27.8429,0.895425,26.995106
0.03,550,0.15,0.85,20,5,0.9,7.010925,13.8803,0.927632,28.823159,0.921569,27.902148
0.03,550,0.15,0.85,20,5,1.0,5.73773,13.9055,0.901316,26.520196,0.882353,25.380963
0.03,550,0.15,0.85,22,4,0.8,6.482703,14.9605,0.927632,28.649915,0.934641,27.925942
0.03,550,0.15,0.85,22,4,0.9,6.096413,15.1156,0.914474,28.188663,0.928105,27.308381
0.03,550,0.15,0.85,22,4,1.0,5.681452,15.2166,0.921053,27.662619,0.921569,26.579539
0.03,550,0.15,0.85,22,5,0.8,7.409021,13.6956,0.921053,29.30236,0.947712,28.513629
0.03,550,0.15,0.85,22,5,0.9,6.3476,14.1988,0.914474,27.893321,0.908497,26.893981
0.03,550,0.15,0.85,22,5,1.0,5.870829,14.3237,0.907895,27.018885,0.901961,26.065398
0.03,550,0.15,0.85,25,4,0.8,5.995399,15.0548,0.921053,27.918196,0.921569,27.045559
0.03,550,0.15,0.85,25,4,0.9,6.08214,15.4323,0.914474,28.332831,0.928105,27.596595
0.03,550,0.15,0.85,25,4,1.0,5.316546,15.7136,0.901316,27.128615,0.908497,26.346695
0.03,550,0.15,0.85,25,5,0.8,7.021054,14.1471,0.921053,29.037248,0.941176,28.189217
0.03,550,0.15,0.85,25,5,0.9,6.707955,14.2413,0.921053,28.539374,0.928105,27.657199
0.03,550,0.15,0.85,25,5,1.0,5.849122,14.7422,0.907895,27.183322,0.908497,26.440475
0.03,550,0.15,0.85,30,4,0.8,5.760774,15.1656,0.907895,27.321027,0.908497,26.687181
0.03,550,0.15,0.85,30,4,0.9,5.984085,15.2172,0.914474,27.929434,0.908497,27.185321
0.03,550,0.15,0.85,30,4,1.0,5.638119,15.5461,0.894737,27.552147,0.915033,26.82236
0.03,550,0.15,0.85,30,5,0.8,7.528966,14.1649,0.940789,29.997244,0.954248,29.222825
0.03,550,0.15,0.85,30,5,0.9,7.079761,14.4162,0.921053,29.232114,0.947712,28.575727
0.03,550,0.15,0.85,30,5,1.0,6.083849,14.7589,0.901316,27.48626,0.928105,26.926614
0.03,550,0.2,0.8,15,4,0.8,7.695954,11.7319,0.907895,28.062371,0.921569,27.123837
0.03,550,0.2,0.8,15,4,0.9,7.702541,11.9552,0.901316,28.200312,0.928105,27.36027
0.03,550,0.2,0.8,15,4,1.0,7.077417,12.6932,0.894737,27.561273,0.915033,26.848009
0.03,550,0.2,0.8,15,5,0.8,8.301298,11.091,0.907895,28.623567,0.921569,27.693555
0.03,550,0.2,0.8,15,5,0.9,7.603303,11.2259,0.894737,27.34693,0.888889,26.43251
0.03,550,0.2,0.8,15,5,1.0,7.541298,11.8753,0.888158,27.76425,0.908497,26.957925
0.03,550,0.2,0.8,18,4,0.8,7.434133,11.9758,0.894737,27.711153,0.895425,26.844066
0.03,550,0.2,0.8,18,4,0.9,7.461968,12.012,0.901316,27.801977,0.908497,26.935971
0.03,550,0.2,0.8,18,4,1.0,7.528251,12.3828,0.901316,28.398146,0.895425,27.439316
0.03,550,0.2,0.8,18,5,0.8,7.828406,11.337,0.901316,27.819324,0.908497,26.99385
0.03,550,0.2,0.8,18,5,0.9,9.013504,11.228,0.927632,30.367399,0.941176,29.255
0.03,550,0.2,0.8,18,5,1.0,7.542085,11.6867,0.888158,27.932256,0.915033,26.770887
0.03,550,0.2,0.8,20,4,0.8,8.070718,12.0608,0.907895,28.966877,0.908497,28.202281
0.03,550,0.2,0.8,20,4,0.9,8.24277,12.0674,0.907895,29.451648,0.934641,28.552904
0.03,550,0.2,0.8,20,4,1.0,7.615933,12.5032,0.914474,28.675152,0.915033,27.735047
0.03,550,0.2,0.8,20,5,0.8,8.414759,11.2551,0.921053,28.848927,0.915033,28.084606
0.03,550,0.2,0.8,20,5,0.9,8.207297,11.4844,0.914474,28.618825,0.908497,27.898957
0.03,550,0.2,0.8,20,5,1.0,7.978746,11.7389,0.914474,28.583281,0.908497,27.696395
0.03,550,0.2,0.8,22,4,0.8,7.797953,11.9699,0.901316,28.328217,0.908497,27.565787
0.03,550,0.2,0.8,22,4,0.9,8.029332,12.2458,0.914474,29.0731,0.915033,28.304469
0.03,550,0.2,0.8,22,4,1.0,7.328444,12.5156,0.907895,27.909347,0.901961,27.172499
0.03,550,0.2,0.8,22,5,0.8,8.536851,11.4723,0.921053,29.385885,0.928105,28.545994
0.03,550,0.2,0.8,22,5,0.9,8.063019,11.7257,0.921053,28.544695,0.901961,27.851689
0.03,550,0.2,0.8,22,5,1.0,7.968085,11.8818,0.914474,28.812082,0.915033,27.817979
0.03,550,0.2,0.8,25,4,0.8,8.270642,12.1046,0.914474,29.430507,0.934641,28.64589
0.03,550,0.2,0.8,25,4,0.9,7.624296,12.3653,0.888158,28.210615,0.908497,27.61385
0.03,550,0.2,0.8,25,4,1.0,7.29451,12.6991,0.888158,27.947729,0.928105,27.288111
0.03,550,0.2,0.8,25,5,0.8,8.7857,11.4896,0.914474,29.764424,0.934641,29.060985
0.03,550,0.2,0.8,25,5,0.9,8.790874,11.661,0.914474,30.068651,0.934641,29.242741
0.03,550,0.2,0.8,25,5,1.0,8.393755,12.0507,0.921053,29.54131,0.941176,28.838161
0.03,550,0.2,0.8,30,4,0.8,7.688263,12.2485,0.914474,28.292331,0.921569,27.625029
0.03,550,0.2,0.8,30,4,0.9,8.319427,12.3045,0.914474,29.589402,0.934641,28.94335
0.03,550,0.2,0.8,30,4,1.0,7.997441,12.8331,0.901316,29.476173,0.934641,28.827932
0.03,550,0.2,0.8,30,5,0.8,7.878431,11.7641,0.907895,28.087471,0.915033,27.520939
0.03,550,0.2,0.8,30,5,0.9,8.730984,11.7659,0.907895,29.872404,0.954248,29.227876
0.03,550,0.2,0.8,30,5,1.0,8.617771,12.0666,0.914474,30.017345,0.934641,29.302137
0.03,600,0.15,0.85,15,4,0.8,6.364655,14.438,0.907895,28.144575,0.915033,27.167313
0.03,600,0.15,0.85,15,4,0.9,6.288285,14.6358,0.914474,28.183294,0.921569,27.212339
0.03,600,0.15,0.85,15,4,1.0,6.204778,14.9007,0.914474,28.406282,0.915033,27.310214
0.03,600,0.15,0.85,15,5,0.8,6.79524,13.3227,0.914474,28.072384,0.895425,26.913161
0.03,600,0.15,0.85,15,5,0.9,7.24687,13.4777,0.927632,29.049962,0.915033,27.971403
0.03,600,0.15,0.85,15,5,1.0,6.215953,14.2547,0.921053,27.905029,0.895425,26.686611
0.03,600,0.15,0.85,18,4,0.8,6.002699,14.8305,0.921053,27.775892,0.908497,26.835886
0.03,600,0.15,0.85,18,4,0.9,6.377191,14.9561,0.921053,28.56231,0.921569,27.710507
0.03,600,0.15,0.85,18,4,1.0,5.392085,15.1788,0.894737,27.04073,0.908497,25.963003
0.03,600,0.15,0.85,18,5,0.8,7.167333,13.5247,0.921053,28.853666,0.901961,27.859395
0.03,600,0.15,0.85,18,5,0.9,6.490293,13.5398,0.907895,27.443658,0.908497,26.520421
0.03,600,0.15,0.85,18,5,1.0,6.050927,13.897,0.907895,26.941121,0.901961,25.998841
0.03,600,0.15,0.85,20,4,0.8,6.124243,14.8911,0.921053,27.843141,0.915033,27.1396
0.03,600,0.15,0.85,20,4,0.9,6.256941,14.8006,0.907895,28.220194,0.915033,27.31449
0.03,600,0.15,0.85,20,4,1.0,5.27559,15.1722,0.907895,26.745255,0.908497,25.723375
0.03,600,0.15,0.85,20,5,0.8,6.704366,13.6191,0.914474,27.834483,0.901961,27.027799
0.03,600,0.15,0.85,20,5,0.9,7.066376,13.7257,0.927632,28.764136,0.921569,27.858498
0.03,600,0.15,0.85,20,5,1.0,5.771873,13.7962,0.901316,26.472816,0.875817,25.33995
0.03,600,0.15,0.85,22,4,0.8,6.654125,14.8181,0.921053,28.851398,0.934641,28.126352
0.03,600,0.15,0.85,22,4,0.9,6.051194,15.0395,0.907895,28.023308,0.928105,27.141926
0.03,600,0.15,0.85,22,4,1.0,5.843135,15.0407,0.921053,27.807672,0.921569,26.726946
0.03,600,0.15,0.85,22,5,0.8,7.587885,13.5666,0.927632,29.525131,0.947712,28.742354
0.03,600,0.15,0.85,22,5,0.9,6.414029,14.0803,0.914474,27.900211,0.908497,26.908375
0.03,600,0.15,0.85,22,5,1.0,5.880974,14.2289,0.907895,26.924662,0.901961,25.990851
0.03,600,0.15,0.85,25,4,0.8,6.131432,14.9101,0.914474,28.052087,0.921569,27.172963
0.03,600,0.15,0.85,25,4,0.9,6.233638,15.2884,0.914474,28.470715,0.921569,27.75569
0.03,600,0.15,0.85,25,4,1.0,5.330352,15.5773,0.901316,27.023085,0.908497,26.238034
0.03,600,0.15,0.85,25,5,0.8,7.08454,14.0224,0.921053,29.005763,0.941176,28.191436
0.03,600,0.15,0.85,25,5,0.9,6.918686,14.0583,0.927632,28.769904,0.934641,27.895694
0.03,600,0.15,0.85,25,5,1.0,5.875997,14.6188,0.907895,27.09874,0.895425,26.370841
0.03,600,0.15,0.85,30,4,0.8,5.900748,14.9711,0.901316,27.402036,0.908497,26.772615
0.03,600,0.15,0.85,30,4,0.9,5.997726,15.0903,0.914474,27.824947,0.908497,27.085754
0.03,600,0.15,0.85,30,4,1.0,5.814084,15.3921,0.894737,27.762949,0.915033,27.020235
0.03,600,0.15,0.85,30,5,0.8,7.525182,14.0416,0.940789,29.870883,0.954248,29.092005
0.03,600,0.15,0.85,30,5,0.9,7.131289,14.2518,0.921053,29.151947,0.947712,28.51436
0.03,600,0.15,0.85,30,5,1.0,6.145356,14.6037,0.901316,27.441283,0.915033,26.894366
0.03,600,0.2,0.8,15,4,0.8,7.703993,11.6311,0.901316,27.977501,0.908497,27.039082
0.03,600,0.2,0.8,15,4,0.9,7.918992,11.8426,0.901316,28.53036,0.928105,27.680597
0.03,600,0.2,0.8,15,4,1.0,7.106695,12.6328,0.894737,27.542285,0.908497,26.846226
0.03,600,0.2,0.8,15,5,0.8,8.334177,10.9776,0.907895,28.566223,0.921569,27.645931
0.03,600,0.2,0.8,15,5,0.9,7.733022,11.1912,0.901316,27.5304,0.888889,26.657227
0.03,600,0.2,0.8,15,5,1.0,7.606187,11.7601,0.888158,27.794702,0.908497,26.972455
0.03,600,0.2,0.8,18,4,0.8,7.395733,11.89,0.888158,27.513517,0.908497,26.681508
0.03,600,0.2,0.8,18,4,0.9,7.444192,11.9174,0.901316,27.62121,0.908497,26.805832
0.03,600,0.2,0.8,18,4,1.0,7.60877,12.3486,0.901316,28.506133,0.908497,27.566178
0.03,600,0.2,0.8,18,5,0.8,8.094165,11.21,0.901316,28.242608,0.921569,27.39831
0.03,600,0.2,0.8,18,5,0.9,8.91747,11.1416,0.927632,30.074415,0.934641,28.976504
0.03,600,0.2,0.8,18,5,1.0,7.589756,11.5401,0.888158,27.920898,0.915033,26.719661
0.03,600,0.2,0.8,20,4,0.8,8.081718,11.9321,0.907895,28.851938,0.908497,28.095492
0.03,600,0.2,0.8,20,4,0.9,8.350863,11.9378,0.907895,29.53647,0.934641,28.6395
0.03,600,0.2,0.8,20,4,1.0,7.641369,12.4163,0.907895,28.662024,0.915033,27.699035
0.03,600,0.2,0.8,20,5,0.8,8.378101,11.1377,0.921053,28.6486,0.901961,27.893946
0.03,600,0.2,0.8,20,5,0.9,8.178213,11.3763,0.914474,28.438561,0.908497,27.732759
0.03,600,0.2,0.8,20,5,1.0,7.877359,11.642,0.914474,28.306678,0.901961,27.396685
0.03,600,0.2,0.8,22,4,0.8,7.761273,11.8427,0.901316,28.116498,0.901961,27.365203
0.03,600,0.2,0.8,22,4,0.9,8.072875,12.1429,0.907895,29.033741,0.915033,28.288661
0.03,600,0.2,0.8,22,4,1.0,7.633459,12.4637,0.907895,28.439434,0.908497,27.730593
0.03,600,0.2,0.8,22,5,0.8,8.537273,11.3653,0.921053,29.259271,0.921569,28.439809
0.03,600,0.2,0.8,22,5,0.9,8.284425,11.5701,0.921053,28.859063,0.901961,28.138938
0.03,600,0.2,0.8,22,5,1.0,8.227297,11.8118,0.921053,29.248673,0.921569,28.266434
0.03,600,0.2,0.8,25,4,0.8,8.321112,11.9875,0.914474,29.383137,0.928105,28.629679
0.03,600,0.2,0.8,25,4,0.9,7.721034,12.2693,0.888158,28.28618,0.915033,27.711409
0.03,600,0.2,0.8,25,4,1.0,7.482159,12.6348,0.888158,28.269395,0.928105,27.599123
0.03,600,0.2,0.8,25,5,0.8,8.874752,11.3842,0.914474,29.812215,0.934641,29.133706
0.03,600,0.2,0.8,25,5,0.9,8.932548,11.5306,0.914474,30.208274,0.934641,29.395706
0.03,600,0.2,0.8,25,5,1.0,8.620068,11.9276,0.921053,29.85883,0.941176,29.167704
0.03,600,0.2,0.8,30,4,0.8,7.944927,12.1666,0.914474,28.69159,0.928105,28.05642
0.03,600,0.2,0.8,30,4,0.9,8.580186,12.185,0.921053,29.968375,0.934641,29.345339
0.03,600,0.2,0.8,30,4,1.0,8.026914,12.741,0.901316,29.4356,0.928105,28.794784
0.03,600,0.2,0.8,30,5,0.8,8.088938,11.6946,0.907895,28.421934,0.928105,27.8725
0.03,600,0.2,0.8,30,5,0.9,8.739768,11.6642,0.907895,29.807694,0.954248,29.143747
0.03,600,0.2,0.8,30,5,1.0,8.746762,11.9102,0.921053,30.134201,0.934641,29.403758
0.03,700,0.15,0.85,15,4,0.8,6.644738,14.2017,0.914474,28.479729,0.921569,27.491164
0.03,700,0.15,0.85,15,4,0.9,6.321679,14.4124,0.907895,28.017814,0.915033,27.055758
0.03,700,0.15,0.85,15,4,1.0,6.414294,14.7843,0.921053,28.711856,0.915033,27.612937
0.03,700,0.15,0.85,15,5,0.8,6.985449,12.9827,0.914474,28.081902,0.901961,26.953603
0.03,700,0.15,0.85,15,5,0.9,7.29784,13.2019,0.921053,28.841754,0.908497,27.797564
0.03,700,0.15,0.85,15,5,1.0,6.409078,14.0297,0.921053,28.095109,0.908497,26.847831
0.03,700,0.15,0.85,18,4,0.8,6.318528,14.5718,0.921053,28.120067,0.928105,27.208899
0.03,700,0.15,0.85,18,4,0.9,6.393156,14.7129,0.921053,28.369375,0.915033,27.499211
0.03,700,0.15,0.85,18,4,1.0,5.244767,15.053,0.894737,26.596917,0.895425,25.542528
0.03,700,0.15,0.85,18,5,0.8,7.143141,13.2423,0.914474,28.519166,0.901961,27.528571
0.03,700,0.15,0.85,18,5,0.9,6.583581,13.2774,0.901316,27.336806,0.908497,26.444568
0.03,700,0.15,0.85,18,5,1.0,5.997568,13.6775,0.907895,26.614808,0.895425,25.672649
0.03,700,0.15,0.85,20,4,0.8,6.375933,14.6278,0.927632,28.081845,0.928105,27.379713
0.03,700,0.15,0.85,20,4,0.9,6.40527,14.6597,0.907895,28.368379,0.915033,27.470248
0.03,700,0.15,0.85,20,4,1.0,5.306753,14.91,0.907895,26.47987,0.901961,25.523509
0.03,700,0.15,0.85,20,5,0.8,7.047214,13.3511,0.914474,28.26426,0.921569,27.445524
0.03,700,0.15,0.85,20,5,0.9,7.240025,13.4557,0.927632,28.827144,0.921569,27.935771
0.03,700,0.15,0.85,20,5,1.0,6.052334,13.541,0.901316,26.769084,0.882353,25.645635
0.03,700,0.15,0.85,22,4,0.8,6.723318,14.6298,0.921053,28.75785,0.934641,28.076422
0.03,700,0.15,0.85,22,4,0.9,6.182652,14.7827,0.907895,27.965923,0.928105,27.148006
0.03,700,0.15,0.85,22,4,1.0,5.915749,14.8356,0.921053,27.732259,0.921569,26.667099
0.03,700,0.15,0.85,22,5,0.8,7.434693,13.3488,0.914474,29.002254,0.934641,28.218199
0.03,700,0.15,0.85,22,5,0.9,6.477023,13.7718,0.914474,27.619492,0.908497,26.725834
0.03,700,0.15,0.85,22,5,1.0,6.074412,14.0437,0.907895,27.112673,0.901961,26.192514
0.03,700,0.15,0.85,25,4,0.8,6.483997,14.6861,0.921053,28.503762,0.921569,27.654128
0.03,700,0.15,0.85,25,4,0.9,6.485488,15.061,0.914474,28.743007,0.928105,28.031968
0.03,700,0.15,0.85,25,4,1.0,5.459246,15.4127,0.901316,27.119086,0.915033,26.33116
0.03,700,0.15,0.85,25,5,0.8,7.503796,13.7562,0.921053,29.554881,0.954248,28.763827
0.03,700,0.15,0.85,25,5,0.9,6.886232,13.8055,0.927632,28.409607,0.928105,27.577971
0.03,700,0.15,0.85,25,5,1.0,6.309617,14.2931,0.907895,27.60462,0.915033,26.912288
0.03,700,0.15,0.85,30,4,0.8,6.202613,14.7496,0.901316,27.757553,0.908497,27.154806
0.03,700,0.15,0.85,30,4,0.9,6.083938,14.816,0.907895,27.705826,0.901961,26.983887
0.03,700,0.15,0.85,30,4,1.0,5.977905,15.2424,0.894737,27.915127,0.915033,27.198168
0.03,700,0.15,0.85,30,5,0.8,7.738472,13.8455,0.940789,30.062416,0.954248,29.322436
0.03,700,0.15,0.85,30,5,0.9,7.316529,13.9753,0.921053,29.226701,0.954248,28.608396
0.03,700,0.15,0.85,30,5,1.0,6.384757,14.3432,0.914474,27.639684,0.908497,27.112743
0.03,700,0.2,0.8,15,4,0.8,7.738464,11.4323,0.901316,27.822286,0.901961,26.909219
0.03,700,0.2,0.8,15,4,0.9,7.789397,11.6657,0.894737,28.065194,0.921569,27.244485
0.03,700,0.2,0.8,15,4,1.0,7.321725,12.4976,0.894737,27.819443,0.921569,27.141096
0.03,700,0.2,0.8,15,5,0.8,8.539723,10.7033,0.907895,28.655226,0.921569,27.782763
0.03,700,0.2,0.8,15,5,0.9,8.054993,10.9858,0.901316,27.944528,0.901961,27.09575
0.03,700,0.2,0.8,15,5,1.0,7.680652,11.634,0.888158,27.849707,0.908497,26.99532
0.03,700,0.2,0.8,18,4,0.8,7.720623,11.6908,0.901316,27.964206,0.908497,27.132043
0.03,700,0.2,0.8,18,4,0.9,7.735475,11.7126,0.901316,27.961954,0.915033,27.183527
0.03,700,0.2,0.8,18,4,1.0,7.518076,12.1989,0.901316,28.139793,0.895425,27.235024
0.03,700,0.2,0.8,18,5,0.8,8.123092,10.9631,0.907895,28.028559,0.921569,27.20929
0.03,700,0.2,0.8,18,5,0.9,8.904892,10.9485,0.927632,29.841732,0.941176,28.758321
0.03,700,0.2,0.8,18,5,1.0,7.729729,11.4739,0.888158,28.144852,0.915033,26.933357
0.03,700,0.2,0.8,20,4,0.8,8.320098,11.6884,0.914474,29.089926,0.915033,28.328556
0.03,700,0.2,0.8,20,4,0.9,8.538304,11.7168,0.921053,29.681281,0.934641,28.793374
0.03,700,0.2,0.8,20,4,1.0,7.638439,12.3222,0.914474,28.557073,0.915033,27.599029
0.03,700,0.2,0.8,20,5,0.8,8.422038,10.9111,0.921053,28.49266,0.901961,27.755166
0.03,700,0.2,0.8,20,5,0.9,8.392593,11.1433,0.907895,28.641419,0.908497,27.928456
0.03,700,0.2,0.8,20,5,1.0,8.040668,11.4945,0.907895,28.468884,0.908497,27.575885
0.03,700,0.2,0.8,22,4,0.8,8.046395,11.6639,0.907895,28.481378,0.901961,27.756652
0.03,700,0.2,0.8,22,4,0.9,8.317078,11.9786,0.907895,29.294155,0.915033,28.612711
0.03,700,0.2,0.8,22,4,1.0,8.047393,12.2905,0.907895,29.096927,0.915033,28.385328
0.03,700,0.2,0.8,22,5,0.8,8.580754,11.1403,0.907895,29.136908,0.908497,28.301779
0.03,700,0.2,0.8,22,5,0.9,8.601249,11.3601,0.921053,29.245153,0.901961,28.562645
0.03,700,0.2,0.8,22,5,1.0,8.36588,11.6006,0.921053,29.311635,0.921569,28.332408
0.03,700,0.2,0.8,25,4,0.8,8.391586,11.7984,0.907895,29.34191,0.921569,28.581603
0.03,700,0.2,0.8,25,4,0.9,7.861067,12.1171,0.888158,28.380238,0.921569,27.839279
0.03,700,0.2,0.8,25,4,1.0,7.592851,12.4828,0.894737,28.295739,0.928105,27.668496
0.03,700,0.2,0.8,25,5,0.8,8.91953,11.1552,0.914474,29.657726,0.934641,28.994272
0.03,700,0.2,0.8,25,5,0.9,8.999656,11.2518,0.914474,30.064738,0.941176,29.251118
0.03,700,0.2,0.8,25,5,1.0,8.762927,11.7028,0.921053,29.932491,0.941176,29.228619
0.03,700,0.2,0.8,30,4,0.8,8.102823,12.0105,0.914474,28.868725,0.934641,28.216173
0.03,700,0.2,0.8,30,4,0.9,8.788771,11.9815,0.921053,30.145638,0.941176,29.559075
0.03,700,0.2,0.8,30,4,1.0,8.159627,12.6159,0.914474,29.530817,0.928105,28.935196
0.03,700,0.2,0.8,30,5,0.8,8.680066,11.4479,0.914474,29.359797,0.934641,28.808008
0.03,700,0.2,0.8,30,5,0.9,8.848567,11.4211,0.907895,29.791023,0.941176,29.118246
0.03,700,0.2,0.8,30,5,1.0,8.945694,11.7308,0.921053,30.315053,0.947712,29.622188
0.03,800,0.15,0.85,15,4,0.8,6.878851,13.9835,0.914474,28.722777,0.921569,27.741223
0.03,800,0.15,0.85,15,4,0.9,6.347959,14.202,0.907895,27.847315,0.901961,26.897938
0.03,800,0.15,0.85,15,4,1.0,6.427884,14.6887,0.921053,28.621929,0.915033,27.544444
0.03,800,0.15,0.85,15,5,0.8,7.181436,12.706,0.914474,28.216912,0.901961,27.068837
0.03,800,0.15,0.85,15,5,0.9,7.345706,13.0099,0.921053,28.741252,0.915033,27.701276
0.03,800,0.15,0.85,15,5,1.0,6.401169,13.8636,0.921053,27.937163,0.901961,26.665942
0.03,800,0.15,0.85,18,4,0.8,6.57198,14.3372,0.914474,28.377446,0.921569,27.481189
0.03,800,0.15,0.85,18,4,0.9,6.461117,14.515,0.907895,28.290746,0.901961,27.437279
0.03,800,0.15,0.85,18,4,1.0,5.186373,14.882,0.894737,26.322655,0.888889,25.254782
0.03,800,0.15,0.85,18,5,0.8,7.287705,13.0583,0.914474,28.604595,0.908497,27.633699
0.03,800,0.15,0.85,18,5,0.9,6.676909,13.1179,0.901316,27.36015,0.901961,26.471767
0.03,800,0.15,0.85,18,5,1.0,6.052454,13.4999,0.907895,26.519199,0.895425,25.604846
0.03,800,0.15,0.85,20,4,0.8,6.593792,14.3522,0.921053,28.236042,0.928105,27.53981
0.03,800,0.15,0.85,20,4,0.9,6.742747,14.4047,0.921053,28.79425,0.921569,27.890157
0.03,800,0.15,0.85,20,4,1.0,5.661254,14.7736,0.914474,27.032818,0.901961,26.096105
0.03,800,0.15,0.85,20,5,0.8,7.463661,13.0871,0.921053,28.815846,0.934641,28.01438
0.03,800,0.15,0.85,20,5,0.9,7.57164,13.1606,0.934211,29.201948,0.915033,28.303903
0.03,800,0.15,0.85,20,5,1.0,6.412059,13.357,0.901316,27.335436,0.888889,26.181111
0.03,800,0.15,0.85,22,4,0.8,6.654305,14.3884,0.921053,28.356097,0.928105,27.696971
0.03,800,0.15,0.85,22,4,0.9,6.492341,14.6094,0.907895,28.423408,0.928105,27.594101
0.03,800,0.15,0.85,22,4,1.0,5.996968,14.6147,0.921053,27.664008,0.921569,26.608685
0.03,800,0.15,0.85,22,5,0.8,7.308848,13.1532,0.901316,28.567806,0.921569,27.770914
0.03,800,0.15,0.85,22,5,0.9,6.544727,13.5171,0.914474,27.470497,0.908497,26.606513
0.03,800,0.15,0.85,22,5,1.0,6.094237,13.8863,0.907895,26.978836,0.901961,26.074744
0.03,800,0.15,0.85,25,4,0.8,6.614293,14.4941,0.921053,28.523167,0.921569,27.722678
0.03,800,0.15,0.85,25,4,0.9,6.325251,14.8674,0.907895,28.217466,0.928105,27.517948
0.03,800,0.15,0.85,25,4,1.0,5.477083,15.255,0.901316,27.007284,0.915033,26.209132
0.03,800,0.15,0.85,25,5,0.8,7.664614,13.5481,0.921053,29.635787,0.954248,28.877365
0.03,800,0.15,0.85,25,5,0.9,7.082408,13.5368,0.927632,28.534945,0.921569,27.701598
0.03,800,0.15,0.85,25,5,1.0,6.35779,14.0775,0.914474,27.454458,0.915033,26.79303
0.03,800,0.15,0.85,30,4,0.8,6.546658,14.5373,0.907895,28.19805,0.928105,27.630624
0.03,800,0.15,0.85,30,4,0.9,6.270679,14.6294,0.907895,27.863388,0.915033,27.170746
0.03,800,0.15,0.85,30,4,1.0,6.197118,15.1009,0.894737,28.205046,0.921569,27.495125
0.03,800,0.15,0.85,30,5,0.8,7.931925,13.6049,0.940789,30.188052,0.954248,29.468798
0.03,800,0.15,0.85,30,5,0.9,7.305482,13.7898,0.921053,29.001206,0.941176,28.400744
0.03,800,0.15,0.85,30,5,1.0,6.442635,14.2269,0.914474,27.6235,0.908497,27.112164
0.03,800,0.2,0.8,15,4,0.8,7.902127,11.2432,0.907895,27.955622,0.908497,27.047424
0.03,800,0.2,0.8,15,4,0.9,7.925296,11.5206,0.894737,28.160696,0.921569,27.371183
0.03,800,0.2,0.8,15,4,1.0,7.379572,12.4037,0.894737,27.840281,0.915033,27.162834
0.03,800,0.2,0.8,15,5,0.8,8.517865,10.5241,0.901316,28.418216,0.915033,27.559806
0.03,800,0.2,0.8,15,5,0.9,8.106238,10.814,0.901316,27.841244,0.895425,27.026519
0.03,800,0.2,0.8,15,5,1.0,7.658396,11.4425,0.888158,27.611223,0.908497,26.759293
0.03,800,0.2,0.8,18,4,0.8,8.007202,11.5022,0.901316,28.293544,0.901961,27.516587
0.03,800,0.2,0.8,18,4,0.9,7.796858,11.4893,0.901316,27.857512,0.915033,27.082996
0.03,800,0.2,0.8,18,4,1.0,7.680634,12.0435,0.901316,28.298243,0.908497,27.404809
0.03,800,0.2,0.8,18,5,0.8,8.186029,10.7294,0.907895,27.950716,0.915033,27.101502
0.03,800,0.2,0.8,18,5,0.9,8.965844,10.7873,0.927632,29.794336,0.934641,28.71896
0.03,800,0.2,0.8,18,5,1.0,7.820827,11.3572,0.888158,28.193168,0.908497,26.998804
0.03,800,0.2,0.8,20,4,0.8,8.363949,11.4806,0.894737,28.960257,0.921569,28.208511
0.03,800,0.2,0.8,20,4,0.9,8.507414,11.5361,0.921053,29.419861,0.934641,28.550886
0.03,800,0.2,0.8,20,4,1.0,7.682273,12.2109,0.907895,28.516592,0.915033,27.575419
0.03,800,0.2,0.8,20,5,0.8,8.654915,10.7072,0.921053,28.738001,0.901961,28.017016
0.03,800,0.2,0.8,20,5,0.9,8.566835,10.912,0.901316,28.761972,0.908497,28.045672
0.03,800,0.2,0.8,20,5,1.0,8.119603,11.304,0.901316,28.404859,0.901961,27.543234
0.03,800,0.2,0.8,22,4,0.8,8.115981,11.4921,0.907895,28.403586,0.908497,27.724019
0.03,800,0.2,0.8,22,4,0.9,8.309246,11.7868,0.907895,29.05593,0.921569,28.405266
0.03,800,0.2,0.8,22,4,1.0,8.263313,12.129,0.907895,29.359441,0.921569,28.655669
0.03,800,0.2,0.8,22,5,0.8,8.566856,10.9842,0.907895,28.96447,0.908497,28.117932
0.03,800,0.2,0.8,22,5,0.9,8.842517,11.1775,0.921053,29.559297,0.908497,28.862584
0.03,800,0.2,0.8,22,5,1.0,8.474294,11.5054,0.921053,29.414296,0.921569,28.454016
0.03,800,0.2,0.8,25,4,0.8,8.376184,11.6341,0.907895,29.130631,0.921569,28.386454
0.03,800,0.2,0.8,25,4,0.9,8.016621,11.9507,0.888158,28.533987,0.915033,27.983952
0.03,800,0.2,0.8,25,4,1.0,7.869552,12.3478,0.894737,28.723584,0.934641,28.086942
0.03,800,0.2,0.8,25,5,0.8,8.971833,10.9638,0.914474,29.543939,0.928105,28.907482
0.03,800,0.2,0.8,25,5,0.9,9.050564,11.0183,0.914474,29.938375,0.928105,29.119402
0.03,800,0.2,0.8,25,5,1.0,8.990354,11.5459,0.921053,30.223302,0.941176,29.526562
0.03,800,0.2,0.8,30,4,0.8,8.364875,11.826,0.914474,29.211113,0.941176,28.555776
0.03,800,0.2,0.8,30,4,0.9,8.955065,11.7711,0.907895,30.26951,0.934641,29.681188
0.03,800,0.2,0.8,30,4,1.0,8.222663,12.4654,0.914474,29.492479,0.928105,28.910679
0.03,800,0.2,0.8,30,5,0.8,8.846952,11.2676,0.914474,29.474696,0.934641,28.961476
0.03,800,0.2,0.8,30,5,0.9,8.940164,11.3023,0.907895,29.862924,0.941176,29.182588
0.03,800,0.2,0.8,30,5,1.0,9.050896,11.5952,0.921053,30.416302,0.947712,29.69704
0.032,400,0.15,0.85,15,4,0.8,5.553792,15.2443,0.901316,27.214312,0.908497,26.351934
0.032,400,0.15,0.85,15,4,0.9,5.53895,15.172,0.901316,27.317103,0.915033,26.249915
0.032,400,0.15,0.85,15,4,1.0,5.404651,15.7517,0.907895,27.398299,0.908497,26.560999
0.032,400,0.15,0.85,15,5,0.8,6.595147,14.0115,0.921053,28.114292,0.915033,27.201768
0.032,400,0.15,0.85,15,5,0.9,6.335427,14.2051,0.921053,27.993262,0.895425,26.87592
0.032,400,0.15,0.85,15,5,1.0,5.299751,14.4945,0.914474,26.236108,0.862745,25.093966
0.032,400,0.15,0.85,18,4,0.8,5.829477,15.2887,0.907895,27.781679,0.915033,26.947659
0.032,400,0.15,0.85,18,4,0.9,5.608726,15.3313,0.914474,27.573168,0.901961,26.54873
0.032,400,0.15,0.85,18,4,1.0,5.593265,15.4689,0.921053,27.891932,0.921569,26.655401
0.032,400,0.15,0.85,18,5,0.8,6.744467,13.9183,0.907895,28.561824,0.934641,27.407265
0.032,400,0.15,0.85,18,5,0.9,6.470836,14.2076,0.914474,28.235151,0.915033,27.149245
0.032,400,0.15,0.85,18,5,1.0,6.333215,14.3785,0.921053,28.337523,0.901961,27.044954
0.032,400,0.15,0.85,20,4,0.8,6.219616,15.22,0.921053,28.477267,0.928105,27.659193
0.032,400,0.15,0.85,20,4,0.9,5.155305,15.5156,0.894737,26.719885,0.888889,25.826161
0.032,400,0.15,0.85,20,4,1.0,5.547689,15.7052,0.907895,27.686684,0.928105,26.800615
0.032,400,0.15,0.85,20,5,0.8,5.984353,14.3618,0.901316,27.269906,0.915033,26.330495
0.032,400,0.15,0.85,20,5,0.9,5.99156,14.2349,0.907895,27.3182,0.901961,26.218063
0.032,400,0.15,0.85,20,5,1.0,5.747495,14.6711,0.914474,27.114839,0.901961,26.166088
0.032,400,0.15,0.85,22,4,0.8,6.177543,15.3887,0.921053,28.651041,0.934641,27.743821
0.032,400,0.15,0.85,22,4,0.9,5.959703,15.5998,0.914474,28.299708,0.928105,27.519194
0.032,400,0.15,0.85,22,4,1.0,5.423117,15.5351,0.888158,27.467076,0.934641,26.381339
0.032,400,0.15,0.85,22,5,0.8,6.255515,14.42,0.921053,27.897784,0.915033,26.930989
0.032,400,0.15,0.85,22,5,0.9,6.182414,14.4944,0.907895,27.656311,0.921569,26.859267
0.032,400,0.15,0.85,22,5,1.0,5.303181,14.6914,0.894737,26.316984,0.888889,25.297765
0.032,400,0.15,0.85,25,4,0.8,6.367342,15.4605,0.921053,28.856699,0.921569,28.195137
0.032,400,0.15,0.85,25,4,0.9,6.11309,15.6926,0.921053,28.646713,0.934641,27.918804
0.032,400,0.15,0.85,25,4,1.0,4.721913,16.0847,0.894737,26.365531,0.901961,25.52852
0.032,400,0.15,0.85,25,5,0.8,7.040357,14.4804,0.921053,29.288659,0.941176,28.561078
0.032,400,0.15,0.85,25,5,0.9,6.403156,14.6458,0.914474,28.200567,0.928105,27.452096
0.032,400,0.15,0.85,25,5,1.0,5.559287,15.1642,0.914474,26.971637,0.901961,26.282757
0.032,400,0.15,0.85,30,4,0.8,5.944641,15.5219,0.921053,28.192117,0.928105,27.411175
0.032,400,0.15,0.85,30,4,0.9,5.41731,15.808,0.888158,27.199664,0.908497,26.642644
0.032,400,0.15,0.85,30,4,1.0,5.612091,15.8548,0.914474,27.987698,0.915033,27.078994
0.032,400,0.15,0.85,30,5,0.8,6.297645,14.6615,0.914474,27.864739,0.921569,27.256819
0.032,400,0.15,0.85,30,5,0.9,6.196477,14.8716,0.907895,28.07392,0.928105,27.264587
0.032,400,0.15,0.85,30,5,1.0,5.854503,15.3784,0.901316,27.8,0.928105,27.08741
0.032,400,0.2,0.8,15,4,0.8,7.316162,12.2911,0.894737,27.898669,0.901961,26.923437
0.032,400,0.2,0.8,15,4,0.9,7.556059,12.1439,0.901316,28.273345,0.928105,27.255984
0.032,400,0.2,0.8,15,4,1.0,7.836969,12.9195,0.921053,29.532521,0.921569,28.593408
0.032,400,0.2,0.8,15,5,0.8,7.825588,11.5978,0.894737,28.052933,0.901961,27.249007
0.032,400,0.2,0.8,15,5,0.9,7.930719,11.5688,0.907895,28.362683,0.908497,27.430227
0.032,400,0.2,0.8,15,5,1.0,7.756188,11.8388,0.901316,28.236849,0.934641,27.351158
0.032,400,0.2,0.8,18,4,0.8,7.812049,12.4356,0.921053,28.851764,0.934641,28.059702
0.032,400,0.2,0.8,18,4,0.9,8.112429,12.464,0.901316,29.537018,0.928105,28.688844
0.032,400,0.2,0.8,18,4,1.0,7.155428,12.6251,0.901316,27.885221,0.895425,26.936004
0.032,400,0.2,0.8,18,5,0.8,8.167247,11.6296,0.907895,28.819284,0.915033,27.964126
0.032,400,0.2,0.8,18,5,0.9,8.292111,11.647,0.901316,29.347755,0.934641,28.231222
0.032,400,0.2,0.8,18,5,1.0,7.50591,12.0535,0.901316,28.253915,0.908497,27.065338
0.032,400,0.2,0.8,20,4,0.8,7.624713,12.3738,0.907895,28.386746,0.921569,27.623232
0.032,400,0.2,0.8,20,4,0.9,7.205073,12.5554,0.894737,27.791378,0.908497,26.965537
0.032,400,0.2,0.8,20,4,1.0,6.592368,12.8704,0.881579,26.846582,0.901961,26.055167
0.032,400,0.2,0.8,20,5,0.8,8.412528,11.7986,0.921053,29.415121,0.928105,28.62368
0.032,400,0.2,0.8,20,5,0.9,7.840115,11.7814,0.907895,28.41906,0.921569,27.46162
0.032,400,0.2,0.8,20,5,1.0,7.977239,11.8161,0.907895,28.93791,0.921569,27.770575
0.032,400,0.2,0.8,22,4,0.8,7.972386,12.5345,0.921053,29.166114,0.934641,28.479253
0.032,400,0.2,0.8,22,4,0.9,7.462692,12.6021,0.921053,28.477381,0.908497,27.527469
0.032,400,0.2,0.8,22,4,1.0,7.265146,12.8038,0.894737,28.040216,0.921569,27.334139
0.032,400,0.2,0.8,22,5,0.8,8.49713,11.7771,0.921053,29.540609,0.921569,28.771404
0.032,400,0.2,0.8,22,5,0.9,7.545532,11.9771,0.901316,27.928076,0.901961,27.068152
0.032,400,0.2,0.8,22,5,1.0,7.594773,12.2262,0.894737,28.281672,0.908497,27.41572
0.032,400,0.2,0.8,25,4,0.8,8.063788,12.5624,0.914474,29.386804,0.928105,28.68995
0.032,400,0.2,0.8,25,4,0.9,7.866903,12.594,0.907895,29.177277,0.915033,28.327847
0.032,400,0.2,0.8,25,4,1.0,7.502469,12.9063,0.914474,28.638103,0.934641,27.911239
0.032,400,0.2,0.8,25,5,0.8,8.786186,11.8288,0.934211,30.218513,0.934641,29.401176
0.032,400,0.2,0.8,25,5,0.9,8.36121,12.1623,0.914474,29.543372,0.934641,28.884685
0.032,400,0.2,0.8,25,5,1.0,7.728574,12.4493,0.907895,28.622629,0.921569,27.906413
0.032,400,0.2,0.8,30,4,0.8,7.567643,12.6779,0.914474,28.468937,0.915033,27.813217
0.032,400,0.2,0.8,30,4,0.9,8.341804,12.6172,0.927632,29.974068,0.947712,29.300798
0.032,400,0.2,0.8,30,4,1.0,7.514902,13.0094,0.894737,28.881168,0.921569,28.039181
0.032,400,0.2,0.8,30,5,0.8,8.136164,12.1472,0.914474,29.018178,0.934641,28.419565
0.032,400,0.2,0.8,30,5,0.9,8.229953,12.3561,0.927632,29.444346,0.941176,28.816026
0.032,400,0.2,0.8,30,5,1.0,8.199251,12.3785,0.901316,29.611398,0.934641,28.777032
0.032,450,0.15,0.85,15,4,0.8,5.735086,15.0978,0.907895,27.412295,0.908497,26.568017
0.032,450,0.15,0.85,15,4,0.9,5.728357,14.9677,0.907895,27.477836,0.915033,26.424443
0.032,450,0.15,0.85,15,4,1.0,5.383099,15.546,0.907895,27.185564,0.895425,26.312152
0.032,450,0.15,0.85,15,5,0.8,6.63728,13.8326,0.914474,27.989934,0.915033,27.107177
0.032,450,0.15,0.85,15,5,0.9,6.34436,14.0059,0.914474,27.831618,0.888889,26.694663
0.032,450,0.15,0.85,15,5,1.0,5.127037,14.3732,0.894737,25.760712,0.862745,24.62732
0.032,450,0.15,0.85,18,4,0.8,6.151969,15.078,0.907895,28.1877,0.921569,27.381958
0.032,450,0.15,0.85,18,4,0.9,5.941199,15.1599,0.914474,28.03679,0.915033,27.042255
0.032,450,0.15,0.85,18,4,1.0,5.588016,15.3445,0.914474,27.772083,0.915033,26.520551
0.032,450,0.15,0.85,18,5,0.8,7.00303,13.6101,0.907895,28.78378,0.934641,27.616149
0.032,450,0.15,0.85,18,5,0.9,6.735332,13.9734,0.914474,28.511031,0.908497,27.444038
0.032,450,0.15,0.85,18,5,1.0,6.293104,14.1869,0.914474,28.066327,0.895425,26.773087
0.032,450,0.15,0.85,20,4,0.8,6.418048,14.9563,0.921053,28.651098,0.934641,27.792441
0.032,450,0.15,0.85,20,4,0.9,5.389519,15.3556,0.901316,27.027417,0.888889,26.134674
0.032,450,0.15,0.85,20,4,1.0,5.746338,15.5763,0.907895,27.979191,0.928105,27.068979
0.032,450,0.15,0.85,20,5,0.8,6.620916,14.1148,0.901316,28.310324,0.928105,27.356677
0.032,450,0.15,0.85,20,5,0.9,6.709246,13.9285,0.921053,28.391305,0.908497,27.346979
0.032,450,0.15,0.85,20,5,1.0,6.009687,14.4667,0.907895,27.429053,0.901961,26.486078
0.032,450,0.15,0.85,22,4,0.8,6.398403,15.1276,0.921053,28.827288,0.941176,27.924444
0.032,450,0.15,0.85,22,4,0.9,5.644584,15.4286,0.914474,27.50786,0.908497,26.717789
0.032,450,0.15,0.85,22,4,1.0,5.22203,15.4041,0.881579,26.943054,0.928105,25.848171
0.032,450,0.15,0.85,22,5,0.8,6.410358,14.1641,0.921053,27.912511,0.921569,26.984787
0.032,450,0.15,0.85,22,5,0.9,6.373111,14.2279,0.914474,27.771077,0.921569,26.974164
0.032,450,0.15,0.85,22,5,1.0,5.261602,14.5164,0.888158,26.082354,0.875817,25.039582
0.032,450,0.15,0.85,25,4,0.8,6.544867,15.2646,0.921053,29.008053,0.921569,28.354382
0.032,450,0.15,0.85,25,4,0.9,6.435662,15.5138,0.927632,29.096681,0.941176,28.38517
0.032,450,0.15,0.85,25,4,1.0,4.842746,15.8973,0.888158,26.400155,0.901961,25.58277
0.032,450,0.15,0.85,25,5,0.8,7.291105,14.3171,0.921053,29.561747,0.941176,28.899318
0.032,450,0.15,0.85,25,5,0.9,6.578245,14.4135,0.907895,28.301088,0.928105,27.570017
0.032,450,0.15,0.85,25,5,1.0,5.478199,14.9895,0.914474,26.598542,0.895425,25.94587
0.032,450,0.15,0.85,30,4,0.8,6.208259,15.374,0.921053,28.548358,0.934641,27.790499
0.032,450,0.15,0.85,30,4,0.9,5.626947,15.6165,0.888158,27.462808,0.915033,26.870384
0.032,450,0.15,0.85,30,4,1.0,5.690505,15.726,0.914474,27.99725,0.915033,27.106986
0.032,450,0.15,0.85,30,5,0.8,6.503002,14.443,0.921053,28.022394,0.921569,27.44903
0.032,450,0.15,0.85,30,5,0.9,6.422392,14.6811,0.914474,28.329856,0.921569,27.525847
0.032,450,0.15,0.85,30,5,1.0,5.921948,15.1829,0.901316,27.764147,0.928105,27.026762
0.032,450,0.2,0.8,15,4,0.8,7.838632,12.022,0.901316,28.649861,0.915033,27.69922
0.032,450,0.2,0.8,15,4,0.9,7.692019,12.0104,0.901316,28.404131,0.921569,27.394419
0.032,450,0.2,0.8,15,4,1.0,7.804356,12.8241,0.907895,29.370687,0.921569,28.432849
0.032,450,0.2,0.8,15,5,0.8,8.066415,11.3848,0.901316,28.319995,0.908497,27.517581
0.032,450,0.2,0.8,15,5,0.9,8.011242,11.4183,0.914474,28.338725,0.908497,27.440752
0.032,450,0.2,0.8,15,5,1.0,7.844033,11.7408,0.901316,28.3101,0.934641,27.428873
0.032,450,0.2,0.8,18,4,0.8,7.959729,12.2874,0.921053,28.983241,0.928105,28.206815
0.032,450,0.2,0.8,18,4,0.9,8.063942,12.2905,0.894737,29.249941,0.928105,28.41841
0.032,450,0.2,0.8,18,4,1.0,7.233085,12.5146,0.901316,27.891709,0.901961,26.980741
0.032,450,0.2,0.8,18,5,0.8,8.433488,11.4596,0.914474,29.167724,0.928105,28.326551
0.032,450,0.2,0.8,18,5,0.9,8.518889,11.5118,0.907895,29.640895,0.934641,28.549572
0.032,450,0.2,0.8,18,5,1.0,7.478378,11.8538,0.894737,27.994091,0.901961,26.810571
0.032,450,0.2,0.8,20,4,0.8,7.81928,12.2208,0.901316,28.568394,0.915033,27.859365
0.032,450,0.2,0.8,20,4,0.9,7.370787,12.383,0.888158,27.967975,0.908497,27.124601
0.032,450,0.2,0.8,20,4,1.0,6.578895,12.7693,0.881579,26.740115,0.901961,25.927129
0.032,450,0.2,0.8,20,5,0.8,8.383649,11.6313,0.921053,29.132655,0.921569,28.398647
0.032,450,0.2,0.8,20,5,0.9,8.135689,11.5422,0.901316,28.791547,0.921569,27.813597
0.032,450,0.2,0.8,20,5,1.0,8.126745,11.7014,0.907895,29.10936,0.921569,27.95485
0.032,450,0.2,0.8,22,4,0.8,8.074739,12.3624,0.914474,29.159178,0.928105,28.511924
0.032,450,0.2,0.8,22,4,0.9,7.81226,12.3986,0.921053,28.960604,0.915033,28.023121
0.032,450,0.2,0.8,22,4,1.0,7.236512,12.6437,0.894737,27.819283,0.921569,27.116695
0.032,450,0.2,0.8,22,5,0.8,8.598516,11.6279,0.927632,29.574031,0.928105,28.824903
0.032,450,0.2,0.8,22,5,0.9,7.774023,11.8403,0.907895,28.228794,0.901961,27.388307
0.032,450,0.2,0.8,22,5,1.0,7.666327,12.0522,0.894737,28.274237,0.915033,27.384818
0.032,450,0.2,0.8,25,4,0.8,8.157971,12.4382,0.914474,29.430205,0.934641,28.754172
0.032,450,0.2,0.8,25,4,0.9,7.895193,12.4645,0.907895,29.042259,0.915033,28.254911
0.032,450,0.2,0.8,25,4,1.0,7.590974,12.7934,0.894737,28.693179,0.934641,27.975332
0.032,450,0.2,0.8,25,5,0.8,9.052979,11.6998,0.934211,30.604074,0.934641,29.805746
0.032,450,0.2,0.8,25,5,0.9,8.450847,11.9679,0.914474,29.509255,0.934641,28.869614
0.032,450,0.2,0.8,25,5,1.0,7.847207,12.2766,0.907895,28.688034,0.921569,27.970987
0.032,450,0.2,0.8,30,4,0.8,7.780671,12.545,0.914474,28.705651,0.915033,28.106303
0.032,450,0.2,0.8,30,4,0.9,8.558304,12.4877,0.927632,30.2793,0.947712,29.60433
0.032,450,0.2,0.8,30,4,1.0,7.755463,12.8714,0.894737,29.190167,0.921569,28.382325
0.032,450,0.2,0.8,30,5,0.8,8.156364,11.9647,0.921053,28.862995,0.934641,28.277392
0.032,450,0.2,0.8,30,5,0.9,8.696424,12.1802,0.927632,30.196065,0.947712,29.573032
0.032,450,0.2,0.8,30,5,1.0,8.566416,12.2162,0.914474,30.200908,0.947712,29.349009
0.032,500,0.15,0.85,15,4,0.8,5.80123,14.8933,0.907895,27.365216,0.901961,26.495728
0.032,500,0.15,0.85,15,4,0.9,5.818086,14.8075,0.914474,27.515253,0.908497,26.443699
0.032,500,0.15,0.85,15,4,1.0,6.529442,15.3833,0.914474,29.31208,0.934641,28.442154
0.032,500,0.15,0.85,15,5,0.8,6.818676,13.5848,0.914474,28.099639,0.915033,27.222174
0.032,500,0.15,0.85,15,5,0.9,6.448797,13.7906,0.914474,27.790517,0.895425,26.688241
0.032,500,0.15,0.85,15,5,1.0,5.160313,14.2303,0.894737,25.678533,0.856209,24.550907
0.032,500,0.15,0.85,18,4,0.8,6.179585,14.8901,0.907895,28.028843,0.921569,27.249299
0.032,500,0.15,0.85,18,4,0.9,5.941781,15.0192,0.914474,27.894228,0.915033,26.902806
0.032,500,0.15,0.85,18,4,1.0,5.881804,15.1756,0.914474,28.222944,0.921569,26.939195
0.032,500,0.15,0.85,18,5,0.8,7.030034,13.4258,0.907895,28.593772,0.941176,27.485884
0.032,500,0.15,0.85,18,5,0.9,6.856906,13.8072,0.921053,28.585247,0.921569,27.520968
0.032,500,0.15,0.85,18,5,1.0,6.56232,14.0116,0.921053,28.439943,0.901961,27.136238
0.032,500,0.15,0.85,20,4,0.8,6.446399,14.7849,0.921053,28.519757,0.941176,27.677704
0.032,500,0.15,0.85,20,4,0.9,5.537721,15.2452,0.901316,27.202095,0.888889,26.320664
0.032,500,0.15,0.85,20,4,1.0,5.729557,15.4225,0.907895,27.789821,0.928105,26.881564
0.032,500,0.15,0.85,20,5,0.8,6.620993,13.9176,0.894737,28.113296,0.915033,27.159574
0.032,500,0.15,0.85,20,5,0.9,6.659108,13.7751,0.921053,28.119282,0.908497,27.093305
0.032,500,0.15,0.85,20,5,1.0,6.140584,14.3261,0.907895,27.540703,0.901961,26.607276
0.032,500,0.15,0.85,22,4,0.8,6.159809,14.9626,0.914474,28.169759,0.921569,27.282243
0.032,500,0.15,0.85,22,4,0.9,5.710808,15.2651,0.907895,27.475735,0.915033,26.686747
0.032,500,0.15,0.85,22,4,1.0,5.396474,15.2143,0.888158,27.129341,0.928105,26.007223
0.032,500,0.15,0.85,22,5,0.8,6.562572,14.0128,0.921053,28.051605,0.921569,27.137977
0.032,500,0.15,0.85,22,5,0.9,6.466267,14.1148,0.914474,27.831878,0.921569,27.047337
0.032,500,0.15,0.85,22,5,1.0,5.447383,14.356,0.888158,26.305203,0.888889,25.2508
0.032,500,0.15,0.85,25,4,0.8,6.641591,15.0318,0.914474,28.961578,0.921569,28.314981
0.032,500,0.15,0.85,25,4,0.9,6.413436,15.336,0.921053,28.901208,0.941176,28.162919
0.032,500,0.15,0.85,25,4,1.0,4.927706,15.7219,0.881579,26.346685,0.908497,25.577278
0.032,500,0.15,0.85,25,5,0.8,7.545757,14.1282,0.927632,29.860595,0.941176,29.219687
0.032,500,0.15,0.85,25,5,0.9,6.674032,14.1863,0.907895,28.283566,0.934641,27.534389
0.032,500,0.15,0.85,25,5,1.0,5.831145,14.8236,0.914474,27.090088,0.901961,26.485863
0.032,500,0.15,0.85,30,4,0.8,6.245537,15.2217,0.914474,28.465645,0.934641,27.71273
0.032,500,0.15,0.85,30,4,0.9,5.828934,15.4375,0.901316,27.688802,0.915033,27.095334
0.032,500,0.15,0.85,30,4,1.0,5.70757,15.6525,0.914474,27.959802,0.921569,27.067651
0.032,500,0.15,0.85,30,5,0.8,6.544674,14.2879,0.921053,27.958495,0.921569,27.37724
0.032,500,0.15,0.85,30,5,0.9,6.490785,14.492,0.914474,28.26532,0.921569,27.473615
0.032,500,0.15,0.85,30,5,1.0,5.947554,15.0654,0.901316,27.663646,0.928105,26.960478
0.032,500,0.2,0.8,15,4,0.8,7.853065,11.8631,0.901316,28.516024,0.915033,27.569194
0.032,500,0.2,0.8,15,4,0.9,7.806657,11.9117,0.901316,28.494953,0.915033,27.525011
0.032,500,0.2,0.8,15,4,1.0,7.782374,12.7032,0.907895,29.213381,0.915033,28.267926
0.032,500,0.2,0.8,15,5,0.8,8.06236,11.2362,0.901316,28.157266,0.908497,27.360965
0.032,500,0.2,0.8,15,5,0.9,8.143611,11.2512,0.907895,28.410043,0.921569,27.538374
0.032,500,0.2,0.8,15,5,1.0,7.9536,11.629,0.901316,28.393563,0.934641,27.536169
0.032,500,0.2,0.8,18,4,0.8,8.008709,12.1201,0.907895,28.895512,0.915033,28.137506
0.032,500,0.2,0.8,18,4,0.9,7.996367,12.1698,0.894737,28.969069,0.928105,28.162497
0.032,500,0.2,0.8,18,4,1.0,7.233645,12.3905,0.894737,27.765892,0.895425,26.857819
0.032,500,0.2,0.8,18,5,0.8,8.412274,11.2814,0.914474,28.893833,0.921569,28.105954
0.032,500,0.2,0.8,18,5,0.9,8.527995,11.3615,0.907895,29.500329,0.934641,28.417502
0.032,500,0.2,0.8,18,5,1.0,7.526151,11.7522,0.888158,27.973461,0.895425,26.804528
0.032,500,0.2,0.8,20,4,0.8,7.918787,12.0495,0.907895,28.581015,0.915033,27.887081
0.032,500,0.2,0.8,20,4,0.9,7.479075,12.2665,0.894737,28.029703,0.908497,27.224604
0.032,500,0.2,0.8,20,4,1.0,6.764007,12.638,0.881579,27.005326,0.895425,26.166041
0.032,500,0.2,0.8,20,5,0.8,8.376851,11.4228,0.907895,28.928561,0.915033,28.176489
0.032,500,0.2,0.8,20,5,0.9,8.288311,11.3959,0.907895,28.95244,0.921569,27.972567
0.032,500,0.2,0.8,20,5,1.0,8.248456,11.6164,0.907895,29.264481,0.921569,28.11334
0.032,500,0.2,0.8,22,4,0.8,8.242778,12.1943,0.914474,29.299201,0.934641,28.679863
0.032,500,0.2,0.8,22,4,0.9,7.843632,12.2462,0.914474,28.834824,0.915033,27.933468
0.032,500,0.2,0.8,22,4,1.0,7.273306,12.5692,0.894737,27.817683,0.921569,27.115835
0.032,500,0.2,0.8,22,5,0.8,8.562481,11.4745,0.921053,29.343355,0.928105,28.599483
0.032,500,0.2,0.8,22,5,0.9,7.819777,11.644,0.894737,28.099655,0.901961,27.283505
0.032,500,0.2,0.8,22,5,1.0,7.683016,11.9054,0.888158,28.162025,0.915033,27.271394
0.032,500,0.2,0.8,25,4,0.8,8.385204,12.275,0.914474,29.692048,0.934641,29.045401
0.032,500,0.2,0.8,25,4,0.9,8.066885,12.3621,0.907895,29.246853,0.915033,28.495917
0.032,500,0.2,0.8,25,4,1.0,7.627967,12.7514,0.894737,28.696753,0.934641,28.007299
0.032,500,0.2,0.8,25,5,0.8,9.035216,11.556,0.934211,30.420214,0.934641,29.626449
0.032,500,0.2,0.8,25,5,0.9,8.501318,11.7891,0.914474,29.43006,0.934641,28.79173
0.032,500,0.2,0.8,25,5,1.0,8.015718,12.1144,0.907895,28.845421,0.921569,28.145819
0.032,500,0.2,0.8,30,4,0.8,8.109803,12.3266,0.914474,29.131934,0.928105,28.54622
0.032,500,0.2,0.8,30,4,0.9,8.417385,12.319,0.927632,29.790548,0.947712,29.153776
0.032,500,0.2,0.8,30,4,1.0,7.887984,12.759,0.894737,29.34604,0.928105,28.534963
0.032,500,0.2,0.8,30,5,0.8,8.202844,11.8302,0.921053,28.816645,0.934641,28.235879
0.032,500,0.2,0.8,30,5,0.9,8.866386,11.9526,0.927632,30.316355,0.947712,29.685422
0.032,500,0.2,0.8,30,5,1.0,8.808554,12.0964,0.921053,30.555082,0.954248,29.713522
0.032,550,0.15,0.85,15,4,0.8,5.970713,14.6594,0.907895,27.498013,0.901961,26.600783
0.032,550,0.15,0.85,15,4,0.9,5.717744,14.658,0.907895,27.216634,0.895425,26.093476
0.032,550,0.15,0.85,15,4,1.0,6.536267,15.3207,0.914474,29.242968,0.934641,28.393231
0.032,550,0.15,0.85,15,5,0.8,6.980465,13.3935,0.914474,28.235337,0.915033,27.354419
0.032,550,0.15,0.85,15,5,0.9,6.544634,13.5922,0.914474,27.793443,0.901961,26.681446
0.032,550,0.15,0.85,15,5,1.0,5.252809,14.0901,0.894737,25.690812,0.856209,24.595727
0.032,550,0.15,0.85,18,4,0.8,6.211402,14.6784,0.901316,27.864224,0.921569,27.101252
0.032,550,0.15,0.85,18,4,0.9,6.073476,14.8578,0.914474,27.993064,0.915033,27.004713
0.032,550,0.15,0.85,18,4,1.0,5.877756,15.1047,0.914474,28.102055,0.921569,26.860248
0.032,550,0.15,0.85,18,5,0.8,7.30576,13.2397,0.914474,28.939307,0.941176,27.851215
0.032,550,0.15,0.85,18,5,0.9,7.117819,13.6272,0.921053,28.912188,0.934641,27.862839
0.032,550,0.15,0.85,18,5,1.0,6.818843,13.8576,0.921053,28.806962,0.901961,27.495236
0.032,550,0.15,0.85,20,4,0.8,6.42144,14.6419,0.914474,28.318719,0.928105,27.484768
0.032,550,0.15,0.85,20,4,0.9,5.76131,15.0315,0.901316,27.445011,0.888889,26.554112
0.032,550,0.15,0.85,20,4,1.0,5.711359,15.2884,0.901316,27.626072,0.921569,26.711126
0.032,550,0.15,0.85,20,5,0.8,6.978023,13.7807,0.907895,28.661028,0.934641,27.736744
0.032,550,0.15,0.85,20,5,0.9,6.73117,13.5897,0.921053,28.085514,0.901961,27.052001
0.032,550,0.15,0.85,20,5,1.0,6.232162,14.1762,0.914474,27.532107,0.901961,26.640535
0.032,550,0.15,0.85,22,4,0.8,6.193538,14.8612,0.914474,28.155314,0.928105,27.248285
0.032,550,0.15,0.85,22,4,0.9,5.667563,15.0639,0.894737,27.184058,0.915033,26.399041
0.032,550,0.15,0.85,22,4,1.0,5.440949,15.1284,0.888158,27.121895,0.928105,26.010269
0.032,550,0.15,0.85,22,5,0.8,6.892377,13.8664,0.921053,28.539284,0.921569,27.651183
0.032,550,0.15,0.85,22,5,0.9,6.610968,13.9702,0.914474,27.935657,0.915033,27.192184
0.032,550,0.15,0.85,22,5,1.0,5.503667,14.15,0.888158,26.210397,0.888889,25.157368
0.032,550,0.15,0.85,25,4,0.8,6.630328,14.9376,0.921053,28.816385,0.921569,28.198257
0.032,550,0.15,0.85,25,4,0.9,6.345041,15.1695,0.921053,28.583786,0.941176,27.85962
0.032,550,0.15,0.85,25,4,1.0,5.023459,15.552,0.881579,26.352703,0.901961,25.598956
0.032,550,0.15,0.85,25,5,0.8,7.619913,13.9869,0.934211,29.830447,0.941176,29.22677
0.032,550,0.15,0.85,25,5,0.9,6.837111,13.9867,0.907895,28.4261,0.941176,27.660898
0.032,550,0.15,0.85,25,5,1.0,5.86043,14.6667,0.914474,26.985071,0.908497,26.3876
0.032,550,0.15,0.85,30,4,0.8,6.232036,15.053,0.914474,28.27086,0.921569,27.517073
0.032,550,0.15,0.85,30,4,0.9,6.186837,15.2794,0.914474,28.233421,0.934641,27.653051
0.032,550,0.15,0.85,30,4,1.0,5.731297,15.5152,0.907895,27.875473,0.915033,26.977805
0.032,550,0.15,0.85,30,5,0.8,6.524013,14.1147,0.921053,27.719051,0.921569,27.16269
0.032,550,0.15,0.85,30,5,0.9,6.54862,14.3631,0.921053,28.242476,0.921569,27.460308
0.032,550,0.15,0.85,30,5,1.0,6.112632,14.8732,0.907895,27.794225,0.928105,27.098428
0.032,550,0.2,0.8,15,4,0.8,7.844782,11.7321,0.901316,28.366015,0.908497,27.421627
0.032,550,0.2,0.8,15,4,0.9,7.957345,11.8057,0.901316,28.694323,0.921569,27.7204
0.032,550,0.2,0.8,15,4,1.0,7.648333,12.6037,0.907895,28.861006,0.915033,27.900362
0.032,550,0.2,0.8,15,5,0.8,8.121692,11.0883,0.901316,28.14916,0.915033,27.331703
0.032,550,0.2,0.8,15,5,0.9,8.372865,11.0875,0.907895,28.688321,0.921569,27.833248
0.032,550,0.2,0.8,15,5,1.0,8.028066,11.5647,0.901316,28.498057,0.934641,27.62084
0.032,550,0.2,0.8,18,4,0.8,8.139149,11.9444,0.907895,28.991961,0.928105,28.222662
0.032,550,0.2,0.8,18,4,0.9,7.986142,12.1319,0.894737,28.914482,0.928105,28.104221
0.032,550,0.2,0.8,18,4,1.0,7.186456,12.3004,0.901316,27.545169,0.895425,26.673271
0.032,550,0.2,0.8,18,5,0.8,8.394038,11.1569,0.914474,28.707054,0.921569,27.944974
0.032,550,0.2,0.8,18,5,0.9,8.60734,11.252,0.907895,29.487052,0.934641,28.466674
0.032,550,0.2,0.8,18,5,1.0,7.474511,11.6841,0.888158,27.796251,0.888889,26.633091
0.032,550,0.2,0.8,20,4,0.8,7.929638,11.8962,0.894737,28.43054,0.908497,27.755526
0.032,550,0.2,0.8,20,4,0.9,7.534668,12.1378,0.888158,28.009196,0.908497,27.207095
0.032,550,0.2,0.8,20,4,1.0,6.803785,12.5377,0.888158,26.98604,0.882353,26.145282
0.032,550,0.2,0.8,20,5,0.8,8.524216,11.2811,0.907895,29.102177,0.921569,28.329538
0.032,550,0.2,0.8,20,5,0.9,8.538352,11.2709,0.914474,29.343617,0.921569,28.347554
0.032,550,0.2,0.8,20,5,1.0,8.288254,11.4797,0.907895,29.182157,0.921569,28.056219
0.032,550,0.2,0.8,22,4,0.8,8.442928,12.062,0.907895,29.563162,0.941176,28.947852
0.032,550,0.2,0.8,22,4,0.9,7.994987,12.1323,0.914474,29.032659,0.908497,28.122296
0.032,550,0.2,0.8,22,4,1.0,7.503075,12.5308,0.894737,28.219054,0.921569,27.536957
0.032,550,0.2,0.8,22,5,0.8,8.752378,11.284,0.927632,29.512523,0.921569,28.78874
0.032,550,0.2,0.8,22,5,0.9,7.860628,11.5932,0.894737,28.104208,0.901961,27.314407
0.032,550,0.2,0.8,22,5,1.0,7.776579,11.7483,0.888158,28.210016,0.908497,27.30141
0.032,550,0.2,0.8,25,4,0.8,8.751151,12.1163,0.921053,30.254043,0.934641,29.618558
0.032,550,0.2,0.8,25,4,0.9,8.15944,12.2509,0.907895,29.286851,0.915033,28.56977
0.032,550,0.2,0.8,25,4,1.0,7.757008,12.6154,0.901316,28.815208,0.934641,28.129459
0.032,550,0.2,0.8,25,5,0.8,9.275846,11.3991,0.940789,30.753518,0.934641,29.950833
0.032,550,0.2,0.8,25,5,0.9,8.569847,11.6966,0.914474,29.481073,0.934641,28.83634
0.032,550,0.2,0.8,25,5,1.0,8.089407,11.9745,0.907895,28.842629,0.928105,28.153285
0.032,550,0.2,0.8,30,4,0.8,8.1482,12.2257,0.914474,29.084743,0.928105,28.522109
0.032,550,0.2,0.8,30,4,0.9,8.494232,12.167,0.921053,29.787014,0.941176,29.155509
0.032,550,0.2,0.8,30,4,1.0,7.792997,12.6582,0.894737,29.072875,0.928105,28.24423
0.032,550,0.2,0.8,30,5,0.8,8.242222,11.6719,0.921053,28.75449,0.934641,28.156384
0.032,550,0.2,0.8,30,5,0.9,9.156292,11.8231,0.927632,30.764788,0.947712,30.135658
0.032,550,0.2,0.8,30,5,1.0,8.832616,11.9995,0.921053,30.491925,0.954248,29.664744
0.032,600,0.15,0.85,15,4,0.8,5.979278,14.5502,0.907895,27.395999,0.895425,26.508718
0.032,600,0.15,0.85,15,4,0.9,5.71835,14.5199,0.907895,27.065433,0.895425,25.95662
0.032,600,0.15,0.85,15,4,1.0,6.547106,15.2077,0.914474,29.163673,0.928105,28.301889
0.032,600,0.15,0.85,15,5,0.8,7.333595,13.2298,0.921053,28.746578,0.934641,27.896947
0.032,600,0.15,0.85,15,5,0.9,6.593912,13.4359,0.914474,27.704764,0.895425,26.623765
0.032,600,0.15,0.85,15,5,1.0,5.241132,14.0003,0.894737,25.561947,0.856209,24.482593
0.032,600,0.15,0.85,18,4,0.8,6.520099,14.5009,0.907895,28.282823,0.928105,27.541078
0.032,600,0.15,0.85,18,4,0.9,6.299332,14.7455,0.914474,28.308258,0.915033,27.344167
0.032,600,0.15,0.85,18,4,1.0,5.855673,14.9905,0.914474,27.959065,0.915033,26.70185
0.032,600,0.15,0.85,18,5,0.8,7.470638,13.0513,0.914474,29.042663,0.941176,27.992545
0.032,600,0.15,0.85,18,5,0.9,7.122706,13.5575,0.921053,28.819622,0.921569,27.802862
0.032,600,0.15,0.85,18,5,1.0,6.945333,13.7149,0.921053,28.940165,0.901961,27.605536
0.032,600,0.15,0.85,20,4,0.8,6.420996,14.5348,0.907895,28.219932,0.921569,27.376805
0.032,600,0.15,0.85,20,4,0.9,5.891258,14.9391,0.901316,27.633778,0.908497,26.721612
0.032,600,0.15,0.85,20,4,1.0,5.85848,15.2017,0.894737,27.82428,0.934641,26.918685
0.032,600,0.15,0.85,20,5,0.8,7.010549,13.6406,0.907895,28.57217,0.928105,27.66173
0.032,600,0.15,0.85,20,5,0.9,6.896417,13.4525,0.921053,28.297379,0.901961,27.245343
0.032,600,0.15,0.85,20,5,1.0,6.248638,14.0244,0.914474,27.411081,0.908497,26.521712
0.032,600,0.15,0.85,22,4,0.8,6.316204,14.6795,0.907895,28.222478,0.928105,27.311943
0.032,600,0.15,0.85,22,4,0.9,5.853273,14.8978,0.907895,27.361741,0.915033,26.604356
0.032,600,0.15,0.85,22,4,1.0,5.635889,15.0447,0.907895,27.412334,0.928105,26.316433
0.032,600,0.15,0.85,22,5,0.8,7.054557,13.7179,0.921053,28.715661,0.921569,27.826969
0.032,600,0.15,0.85,22,5,0.9,6.895154,13.7233,0.914474,28.258319,0.915033,27.513569
0.032,600,0.15,0.85,22,5,1.0,5.616822,14.015,0.888158,26.289905,0.875817,25.248612
0.032,600,0.15,0.85,25,4,0.8,6.807211,14.8046,0.907895,29.037248,0.928105,28.419067
0.032,600,0.15,0.85,25,4,0.9,6.490979,15.0554,0.927632,28.740375,0.941176,28.037352
0.032,600,0.15,0.85,25,4,1.0,5.309977,15.3942,0.881579,26.769561,0.908497,26.014106
0.032,600,0.15,0.85,25,5,0.8,7.614761,13.809,0.921053,29.645161,0.941176,29.038497
0.032,600,0.15,0.85,25,5,0.9,7.002237,13.8317,0.914474,28.627801,0.941176,27.836201
0.032,600,0.15,0.85,25,5,1.0,6.01673,14.4698,0.914474,27.085871,0.901961,26.503296
0.032,600,0.15,0.85,30,4,0.8,6.247072,14.8926,0.901316,28.123417,0.921569,27.386752
0.032,600,0.15,0.85,30,4,0.9,6.255072,15.1665,0.907895,28.244044,0.934641,27.676638
0.032,600,0.15,0.85,30,4,1.0,5.765087,15.4186,0.894737,27.813257,0.915033,26.948783
0.032,600,0.15,0.85,30,5,0.8,6.596797,14.0083,0.921053,27.733539,0.915033,27.201921
0.032,600,0.15,0.85,30,5,0.9,6.517856,14.2315,0.921053,28.047755,0.921569,27.267234
0.032,600,0.15,0.85,30,5,1.0,6.164699,14.7223,0.914474,27.747707,0.928105,27.051689
0.032,600,0.2,0.8,15,4,0.8,8.130887,11.6653,0.901316,28.834819,0.915033,27.927117
0.032,600,0.2,0.8,15,4,0.9,8.049612,11.7471,0.901316,28.810807,0.921569,27.846314
0.032,600,0.2,0.8,15,4,1.0,7.693218,12.5834,0.907895,28.931782,0.915033,27.969879
0.032,600,0.2,0.8,15,5,0.8,8.432382,10.9472,0.907895,28.61654,0.921569,27.812013
0.032,600,0.2,0.8,15,5,0.9,8.516759,10.9986,0.907895,28.881661,0.934641,28.032156
0.032,600,0.2,0.8,15,5,1.0,8.047155,11.5511,0.901316,28.517505,0.928105,27.645426
0.032,600,0.2,0.8,18,4,0.8,8.321622,11.8209,0.907895,29.214283,0.928105,28.464128
0.032,600,0.2,0.8,18,4,0.9,8.16646,12.0319,0.894737,29.162758,0.928105,28.364803
0.032,600,0.2,0.8,18,4,1.0,7.207639,12.1834,0.894737,27.478601,0.895425,26.598663
0.032,600,0.2,0.8,18,5,0.8,8.484238,11.0628,0.914474,28.769941,0.921569,28.031253
0.032,600,0.2,0.8,18,5,0.9,8.520973,11.1437,0.907895,29.205526,0.928105,28.185655
0.032,600,0.2,0.8,18,5,1.0,7.60173,11.5841,0.888158,27.93007,0.888889,26.787557
0.032,600,0.2,0.8,20,4,0.8,7.959066,11.8359,0.894737,28.397319,0.908497,27.754012
0.032,600,0.2,0.8,20,4,0.9,7.64403,12.0811,0.888158,28.156414,0.908497,27.369182
0.032,600,0.2,0.8,20,4,1.0,6.892355,12.3745,0.881579,27.003023,0.882353,26.159183
0.032,600,0.2,0.8,20,5,0.8,8.598844,11.1405,0.907895,29.11489,0.908497,28.338201
0.032,600,0.2,0.8,20,5,0.9,8.602825,11.1779,0.914474,29.363402,0.921569,28.38359
0.032,600,0.2,0.8,20,5,1.0,8.381654,11.4069,0.907895,29.301951,0.928105,28.170243
0.032,600,0.2,0.8,22,4,0.8,8.541706,11.9624,0.914474,29.61934,0.941176,29.045851
0.032,600,0.2,0.8,22,4,0.9,7.991639,11.9723,0.921053,28.824192,0.908497,27.955591
0.032,600,0.2,0.8,22,4,1.0,7.559903,12.4978,0.901316,28.297291,0.928105,27.617645
0.032,600,0.2,0.8,22,5,0.8,8.777336,11.1743,0.914474,29.455809,0.915033,28.728994
0.032,600,0.2,0.8,22,5,0.9,7.821148,11.4713,0.894737,27.896959,0.901961,27.113643
0.032,600,0.2,0.8,22,5,1.0,7.848417,11.6213,0.888158,28.215619,0.908497,27.31818
0.032,600,0.2,0.8,25,4,0.8,8.839516,12.0909,0.921053,30.374697,0.934641,29.769938
0.032,600,0.2,0.8,25,4,0.9,8.208495,12.161,0.907895,29.307709,0.921569,28.577997
0.032,600,0.2,0.8,25,4,1.0,7.766769,12.5312,0.894737,28.741468,0.934641,28.064711
0.032,600,0.2,0.8,25,5,0.8,9.363079,11.2654,0.940789,30.791092,0.934641,29.991526
0.032,600,0.2,0.8,25,5,0.9,8.762648,11.5421,0.914474,29.710603,0.934641,29.067396
0.032,600,0.2,0.8,25,5,1.0,8.081061,11.8248,0.907895,28.619964,0.915033,27.986879
0.032,600,0.2,0.8,30,4,0.8,8.256541,12.1217,0.914474,29.185348,0.928105,28.634775
0.032,600,0.2,0.8,30,4,0.9,8.578157,12.0771,0.921053,29.872242,0.934641,29.233422
0.032,600,0.2,0.8,30,4,1.0,7.867484,12.587,0.901316,29.177165,0.928105,28.321986
0.032,600,0.2,0.8,30,5,0.8,8.287261,11.5827,0.921053,28.731215,0.934641,28.157174
0.032,600,0.2,0.8,30,5,0.9,9.218936,11.7166,0.927632,30.776117,0.947712,30.154487
0.032,600,0.2,0.8,30,5,1.0,8.883139,11.9205,0.914474,30.483917,0.954248,29.686776
0.032,700,0.15,0.85,15,4,0.8,6.219615,14.3054,0.907895,27.656428,0.908497,26.744613
0.032,700,0.15,0.85,15,4,0.9,5.974939,14.2513,0.914474,27.296909,0.901961,26.201136
0.032,700,0.15,0.85,15,4,1.0,6.538026,14.9737,0.914474,28.956961,0.928105,28.049704
0.032,700,0.15,0.85,15,5,0.8,7.328637,12.932,0.914474,28.402293,0.921569,27.589316
0.032,700,0.15,0.85,15,5,0.9,6.891201,13.1653,0.914474,28.009876,0.901961,26.947729
0.032,700,0.15,0.85,15,5,1.0,5.861317,13.6935,0.901316,26.443483,0.869281,25.416089
0.032,700,0.15,0.85,18,4,0.8,6.73542,14.3083,0.907895,28.485229,0.928105,27.779151
0.032,700,0.15,0.85,18,4,0.9,6.301196,14.494,0.907895,28.0527,0.915033,27.096428
0.032,700,0.15,0.85,18,4,1.0,6.051698,14.7108,0.914474,28.017363,0.921569,26.814216
0.032,700,0.15,0.85,18,5,0.8,7.552762,12.7986,0.914474,28.996582,0.941176,27.904131
0.032,700,0.15,0.85,18,5,0.9,7.186792,13.3171,0.921053,28.702712,0.921569,27.690661
0.032,700,0.15,0.85,18,5,1.0,6.987684,13.4611,0.927632,28.738644,0.901961,27.436435
0.032,700,0.15,0.85,20,4,0.8,6.781304,14.2823,0.914474,28.633188,0.934641,27.844867
0.032,700,0.15,0.85,20,4,0.9,5.736435,14.6965,0.901316,27.111055,0.888889,26.169356
0.032,700,0.15,0.85,20,4,1.0,6.565517,14.9731,0.907895,28.990616,0.947712,28.104167
0.032,700,0.15,0.85,20,5,0.8,7.194351,13.3832,0.907895,28.649298,0.928105,27.771879
0.032,700,0.15,0.85,20,5,0.9,7.159258,13.2255,0.921053,28.536026,0.915033,27.543988
0.032,700,0.15,0.85,20,5,1.0,6.295564,13.8889,0.914474,27.369376,0.908497,26.480019
0.032,700,0.15,0.85,22,4,0.8,6.654153,14.3964,0.907895,28.601886,0.941176,27.704667
0.032,700,0.15,0.85,22,4,0.9,5.95212,14.6487,0.901316,27.288609,0.915033,26.552975
0.032,700,0.15,0.85,22,4,1.0,5.863999,14.853,0.914474,27.67111,0.934641,26.581009
0.032,700,0.15,0.85,22,5,0.8,7.288656,13.5378,0.927632,28.988571,0.928105,28.115079
0.032,700,0.15,0.85,22,5,0.9,7.281027,13.4476,0.921053,28.729068,0.921569,28.009628
0.032,700,0.15,0.85,22,5,1.0,5.694686,13.8013,0.888158,26.200581,0.875817,25.190693
0.032,700,0.15,0.85,25,4,0.8,7.091811,14.5459,0.907895,29.33953,0.934641,28.729502
0.032,700,0.15,0.85,25,4,0.9,6.382594,14.8878,0.921053,28.310955,0.941176,27.652966
0.032,700,0.15,0.85,25,4,1.0,5.36815,15.1797,0.881579,26.722791,0.908497,25.916005
0.032,700,0.15,0.85,25,5,0.8,7.807004,13.5651,0.927632,29.774372,0.947712,29.179097
0.032,700,0.15,0.85,25,5,0.9,7.1066,13.5894,0.907895,28.534939,0.941176,27.802606
0.032,700,0.15,0.85,25,5,1.0,6.06154,14.2098,0.907895,26.92226,0.895425,26.332858
0.032,700,0.15,0.85,30,4,0.8,6.350464,14.6672,0.901316,28.040442,0.908497,27.36817
0.032,700,0.15,0.85,30,4,0.9,6.321299,14.9648,0.907895,28.137753,0.928105,27.607445
0.032,700,0.15,0.85,30,4,1.0,6.051579,15.1591,0.914474,28.119019,0.915033,27.262252
0.032,700,0.15,0.85,30,5,0.8,6.72063,13.7821,0.921053,27.732996,0.915033,27.223338
0.032,700,0.15,0.85,30,5,0.9,6.623551,14.0265,0.921053,28.005992,0.915033,27.273621
0.032,700,0.15,0.85,30,5,1.0,6.169855,14.5723,0.914474,27.559878,0.928105,26.911976
0.032,700,0.2,0.8,15,4,0.8,8.258862,11.426,0.901316,28.81858,0.908497,27.943736
0.032,700,0.2,0.8,15,4,0.9,8.712966,11.5386,0.907895,29.916929,0.941176,28.964499
0.032,700,0.2,0.8,15,4,1.0,7.757245,12.4775,0.907895,28.931286,0.915033,27.99195
0.032,700,0.2,0.8,15,5,0.8,8.64147,10.7346,0.907895,28.79315,0.921569,28.017533
0.032,700,0.2,0.8,15,5,0.9,8.62486,10.7161,0.907895,28.758408,0.928105,27.9658
0.032,700,0.2,0.8,15,5,1.0,8.242722,11.4188,0.901316,28.758925,0.928105,27.904249
0.032,700,0.2,0.8,18,4,0.8,8.428215,11.6622,0.914474,29.241419,0.934641,28.518612
0.032,700,0.2,0.8,18,4,0.9,8.257006,11.8855,0.894737,29.186203,0.928105,28.399504
0.032,700,0.2,0.8,18,4,1.0,7.280856,12.0129,0.894737,27.45774,0.895425,26.574568
0.032,700,0.2,0.8,18,5,0.8,8.565321,10.8292,0.914474,28.692475,0.915033,27.959833
0.032,700,0.2,0.8,18,5,0.9,8.619956,10.8715,0.907895,29.136324,0.921569,28.111369
0.032,700,0.2,0.8,18,5,1.0,7.733028,11.4941,0.901316,28.053039,0.888889,26.96011
0.032,700,0.2,0.8,20,4,0.8,8.044722,11.6548,0.894737,28.3898,0.901961,27.744245
0.032,700,0.2,0.8,20,4,0.9,7.604094,11.8463,0.881579,27.814876,0.908497,27.054451
0.032,700,0.2,0.8,20,4,1.0,7.151527,12.2364,0.881579,27.436362,0.895425,26.5395
0.032,700,0.2,0.8,20,5,0.8,9.024006,10.9439,0.907895,29.736571,0.934641,28.99196
0.032,700,0.2,0.8,20,5,0.9,8.617385,10.9241,0.907895,29.109013,0.921569,28.158853
0.032,700,0.2,0.8,20,5,1.0,8.467824,11.2264,0.907895,29.307807,0.928105,28.162083
0.032,700,0.2,0.8,22,4,0.8,8.661838,11.7003,0.907895,29.572894,0.941176,29.024014
0.032,700,0.2,0.8,22,4,0.9,7.991045,11.7491,0.914474,28.537861,0.908497,27.731159
0.032,700,0.2,0.8,22,4,1.0,7.622125,12.3501,0.901316,28.278842,0.928105,27.594382
0.032,700,0.2,0.8,22,5,0.8,8.944846,10.98,0.921053,29.607161,0.921569,28.869705
0.032,700,0.2,0.8,22,5,0.9,8.008603,11.1889,0.894737,27.969917,0.908497,27.206131
0.032,700,0.2,0.8,22,5,1.0,7.969965,11.4658,0.888158,28.305348,0.908497,27.4057
0.032,700,0.2,0.8,25,4,0.8,9.009381,11.9055,0.921053,30.528907,0.934641,29.924296
0.032,700,0.2,0.8,25,4,0.9,8.270412,11.9466,0.907895,29.192908,0.915033,28.487413
0.032,700,0.2,0.8,25,4,1.0,7.956051,12.3398,0.894737,28.93538,0.928105,28.251889
0.032,700,0.2,0.8,25,5,0.8,9.432134,11.0756,0.934211,30.69635,0.934641,29.939841
0.032,700,0.2,0.8,25,5,0.9,9.064185,11.3351,0.914474,30.088014,0.934641,29.463498
0.032,700,0.2,0.8,25,5,1.0,8.225787,11.6346,0.914474,28.727015,0.921569,28.086144
0.032,700,0.2,0.8,30,4,0.8,8.607482,11.9484,0.914474,29.69996,0.928105,29.163384
0.032,700,0.2,0.8,30,4,0.9,8.74711,11.8946,0.907895,30.007302,0.941176,29.388807
0.032,700,0.2,0.8,30,4,1.0,8.757737,12.4068,0.914474,30.797934,0.941176,29.922236
0.032,700,0.2,0.8,30,5,0.8,8.475626,11.4319,0.914474,28.953638,0.928105,28.383175
0.032,700,0.2,0.8,30,5,0.9,9.300249,11.5332,0.921053,30.742411,0.947712,30.133745
0.032,700,0.2,0.8,30,5,1.0,9.049331,11.7031,0.914474,30.607645,0.954248,29.801754
0.032,800,0.15,0.85,15,4,0.8,6.80075,14.0664,0.907895,28.573893,0.921569,27.667874
0.032,800,0.15,0.85,15,4,0.9,6.497575,13.9561,0.914474,28.014473,0.921569,26.951288
0.032,800,0.15,0.85,15,4,1.0,6.638402,14.7662,0.921053,28.96669,0.928105,28.043026
0.032,800,0.15,0.85,15,5,0.8,7.895842,12.7447,0.914474,29.290162,0.941176,28.536425
0.032,800,0.15,0.85,15,5,0.9,7.10409,12.9417,0.914474,28.190516,0.901961,27.149836
0.032,800,0.15,0.85,15,5,1.0,6.002908,13.5249,0.901316,26.533155,0.869281,25.530695
0.032,800,0.15,0.85,18,4,0.8,7.124048,14.1034,0.914474,29.020884,0.941176,28.35154
0.032,800,0.15,0.85,18,4,0.9,6.434391,14.3077,0.907895,28.124983,0.915033,27.176508
0.032,800,0.15,0.85,18,4,1.0,6.011375,14.5643,0.914474,27.78085,0.921569,26.587031
0.032,800,0.15,0.85,18,5,0.8,7.853581,12.5816,0.914474,29.375831,0.941176,28.288798
0.032,800,0.15,0.85,18,5,0.9,7.422718,13.1252,0.921053,28.99055,0.921569,27.970587
0.032,800,0.15,0.85,18,5,1.0,7.460946,13.1673,0.927632,29.351895,0.908497,28.089181
0.032,800,0.15,0.85,20,4,0.8,7.03283,14.0789,0.921053,28.929474,0.934641,28.144573
0.032,800,0.15,0.85,20,4,0.9,5.939938,14.4838,0.907895,27.265138,0.882353,26.363684
0.032,800,0.15,0.85,20,4,1.0,6.57891,14.8418,0.914474,28.877183,0.941176,27.999656
0.032,800,0.15,0.85,20,5,0.8,7.119766,13.1005,0.907895,28.199268,0.915033,27.340056
0.032,800,0.15,0.85,20,5,0.9,7.53576,12.9473,0.921053,28.997555,0.921569,28.018798
0.032,800,0.15,0.85,20,5,1.0,6.40496,13.6896,0.914474,27.340734,0.901961,26.49955
0.032,800,0.15,0.85,22,4,0.8,6.879433,14.2372,0.907895,28.872893,0.941176,27.996104
0.032,800,0.15,0.85,22,4,0.9,6.126911,14.5081,0.901316,27.448461,0.921569,26.76195
0.032,800,0.15,0.85,22,4,1.0,6.012312,14.739,0.907895,27.828156,0.928105,26.763588
0.032,800,0.15,0.85,22,5,0.8,7.204691,13.3306,0.914474,28.581542,0.921569,27.739988
0.032,800,0.15,0.85,22,5,0.9,7.338023,13.2248,0.921053,28.614786,0.921569,27.900824
0.032,800,0.15,0.85,22,5,1.0,6.165138,13.6405,0.907895,26.951267,0.901961,25.970809
0.032,800,0.15,0.85,25,4,0.8,6.884716,14.3349,0.907895,28.692773,0.928105,28.104369
0.032,800,0.15,0.85,25,4,0.9,6.680349,14.6526,0.921053,28.653306,0.941176,28.013264
0.032,800,0.15,0.85,25,4,1.0,5.403373,15.0084,0.881579,26.620108,0.901961,25.81516
0.032,800,0.15,0.85,25,5,0.8,7.981045,13.3642,0.927632,29.907269,0.947712,29.326254
0.032,800,0.15,0.85,25,5,0.9,7.147068,13.3099,0.907895,28.331488,0.934641,27.604051
0.032,800,0.15,0.85,25,5,1.0,6.220452,13.9802,0.907895,27.008406,0.895425,26.421102
0.032,800,0.15,0.85,30,4,0.8,6.49705,14.5202,0.901316,28.164973,0.915033,27.514258
0.032,800,0.15,0.85,30,4,0.9,6.814425,14.7868,0.907895,28.896873,0.941176,28.415623
0.032,800,0.15,0.85,30,4,1.0,6.092495,15.034,0.907895,28.064203,0.921569,27.218975
0.032,800,0.15,0.85,30,5,0.8,6.745581,13.721,0.921053,27.674923,0.915033,27.21214
0.032,800,0.15,0.85,30,5,0.9,6.786712,13.807,0.921053,28.087742,0.915033,27.38038
0.032,800,0.15,0.85,30,5,1.0,6.270659,14.3915,0.914474,27.548619,0.928105,26.932806
0.032,800,0.2,0.8,15,4,0.8,8.23952,11.2013,0.894737,28.529941,0.908497,27.680365
0.032,800,0.2,0.8,15,4,0.9,8.724268,11.3876,0.907895,29.757565,0.934641,28.836154
0.032,800,0.2,0.8,15,4,1.0,7.738055,12.3952,0.907895,28.783905,0.915033,27.871349
0.032,800,0.2,0.8,15,5,0.8,8.787488,10.545,0.907895,28.884561,0.921569,28.119937
0.032,800,0.2,0.8,15,5,0.9,8.592318,10.486,0.907895,28.379427,0.915033,27.670658
0.032,800,0.2,0.8,15,5,1.0,8.318743,11.3265,0.901316,28.827077,0.928105,27.96401
0.032,800,0.2,0.8,18,4,0.8,8.567654,11.4486,0.907895,29.286845,0.928105,28.583907
0.032,800,0.2,0.8,18,4,0.9,8.39677,11.6707,0.901316,29.25374,0.934641,28.464217
0.032,800,0.2,0.8,18,4,1.0,7.54238,11.9045,0.894737,27.875899,0.901961,26.989248
0.032,800,0.2,0.8,18,5,0.8,8.819795,10.6418,0.914474,28.978653,0.921569,28.281422
0.032,800,0.2,0.8,18,5,0.9,8.864037,10.6823,0.907895,29.429751,0.928105,28.410351
0.032,800,0.2,0.8,18,5,1.0,7.726637,11.3628,0.894737,27.884598,0.888889,26.816102
0.032,800,0.2,0.8,20,4,0.8,8.412929,11.4148,0.901316,28.864748,0.915033,28.240671
0.032,800,0.2,0.8,20,4,0.9,7.641472,11.6865,0.875,27.706926,0.901961,26.969462
0.032,800,0.2,0.8,20,4,1.0,7.532579,12.0818,0.894737,28.043012,0.901961,27.146973
0.032,800,0.2,0.8,20,5,0.8,9.045264,10.7757,0.914474,29.585469,0.934641,28.866179
0.032,800,0.2,0.8,20,5,0.9,8.529308,10.7714,0.901316,28.747733,0.915033,27.829967
0.032,800,0.2,0.8,20,5,1.0,8.55299,11.0133,0.907895,29.239338,0.921569,28.119311
0.032,800,0.2,0.8,22,4,0.8,8.939256,11.5716,0.907895,29.96277,0.941176,29.450093
0.032,800,0.2,0.8,22,4,0.9,8.071708,11.5785,0.921053,28.510475,0.901961,27.721957
0.032,800,0.2,0.8,22,4,1.0,7.885863,12.264,0.901316,28.73919,0.934641,28.035711
0.032,800,0.2,0.8,22,5,0.8,9.094439,10.7791,0.921053,29.702755,0.921569,28.967999
0.032,800,0.2,0.8,22,5,0.9,8.147947,10.9387,0.894737,27.974552,0.908497,27.234609
0.032,800,0.2,0.8,22,5,1.0,7.948672,11.3385,0.888158,28.138005,0.908497,27.235868
0.032,800,0.2,0.8,25,4,0.8,9.01709,11.6945,0.921053,30.30554,0.941176,29.728666
0.032,800,0.2,0.8,25,4,0.9,8.396502,11.7801,0.907895,29.27449,0.915033,28.573059
0.032,800,0.2,0.8,25,4,1.0,7.942809,12.2516,0.894737,28.82009,0.928105,28.137181
0.032,800,0.2,0.8,25,5,0.8,9.530555,10.8563,0.927632,30.657867,0.934641,29.917444
0.032,800,0.2,0.8,25,5,0.9,9.186996,11.2009,0.914474,30.167459,0.934641,29.574881
0.032,800,0.2,0.8,25,5,1.0,8.510138,11.4944,0.914474,29.175758,0.921569,28.514655
0.032,800,0.2,0.8,30,4,0.8,8.652129,11.7575,0.914474,29.586914,0.928105,29.061753
0.032,800,0.2,0.8,30,4,0.9,8.845551,11.7598,0.907895,30.06881,0.941176,29.450883
0.032,800,0.2,0.8,30,4,1.0,8.781487,12.2936,0.914474,30.725929,0.934641,29.856542
0.032,800,0.2,0.8,30,5,0.8,8.524428,11.2278,0.914474,28.821049,0.928105,28.276631
0.032,800,0.2,0.8,30,5,0.9,9.308335,11.3849,0.921053,30.575842,0.947712,30.001593
0.032,800,0.2,0.8,30,5,1.0,9.079999,11.5731,0.914474,30.5226,0.934641,29.733137
0.035,400,0.15,0.85,15,4,0.8,6.037954,14.8623,0.921053,27.962917,0.915033,26.938253
0.035,400,0.15,0.85,15,4,0.9,5.708674,14.8817,0.894737,27.275346,0.915033,26.299095
0.035,400,0.15,0.85,15,4,1.0,5.544128,15.6913,0.901316,27.728375,0.901961,26.779546
0.035,400,0.15,0.85,15,5,0.8,6.628717,13.93,0.901316,28.160135,0.895425,27.187482
0.035,400,0.15,0.85,15,5,0.9,6.488931,13.9356,0.914474,27.900149,0.908497,26.913417
0.035,400,0.15,0.85,15,5,1.0,6.122796,14.3974,0.907895,27.693915,0.888889,26.642975
0.035,400,0.15,0.85,18,4,0.8,6.169773,15.0403,0.914474,28.346453,0.934641,27.379828
0.035,400,0.15,0.85,18,4,0.9,5.695764,15.1632,0.927632,27.72688,0.908497,26.554711
0.035,400,0.15,0.85,18,4,1.0,5.757303,15.4505,0.914474,28.070437,0.908497,26.965098
0.035,400,0.15,0.85,18,5,0.8,6.269391,14.118,0.907895,27.720633,0.921569,26.656804
0.035,400,0.15,0.85,18,5,0.9,6.51224,14.0746,0.914474,28.241221,0.928105,27.09906
0.035,400,0.15,0.85,18,5,1.0,6.414898,14.2543,0.901316,28.284234,0.921569,27.08408
0.035,400,0.15,0.85,20,4,0.8,6.199019,15.0384,0.914474,28.376834,0.921569,27.43643
0.035,400,0.15,0.85,20,4,0.9,6.144143,15.1005,0.907895,28.359357,0.921569,27.388749
0.035,400,0.15,0.85,20,4,1.0,6.041584,15.6909,0.921053,28.629108,0.928105,27.774038
0.035,400,0.15,0.85,20,5,0.8,7.224386,14.0169,0.914474,29.377917,0.941176,28.465711
0.035,400,0.15,0.85,20,5,0.9,6.719896,14.1235,0.914474,28.512002,0.921569,27.563326
0.035,400,0.15,0.85,20,5,1.0,6.250145,14.2866,0.914474,28.157714,0.915033,26.786905
0.035,400,0.15,0.85,22,4,0.8,5.676552,14.9857,0.914474,27.191817,0.901961,26.338801
0.035,400,0.15,0.85,22,4,0.9,6.079372,15.4177,0.914474,28.316783,0.934641,27.576428
0.035,400,0.15,0.85,22,4,1.0,5.858611,15.408,0.921053,28.19795,0.934641,27.125172
0.035,400,0.15,0.85,22,5,0.8,6.544848,14.2484,0.921053,28.263805,0.934641,27.338069
0.035,400,0.15,0.85,22,5,0.9,6.378897,14.2935,0.907895,27.968629,0.915033,27.051313
0.035,400,0.15,0.85,22,5,1.0,5.502235,14.4653,0.907895,26.61636,0.882353,25.469806
0.035,400,0.15,0.85,25,4,0.8,5.74111,15.4207,0.921053,27.759521,0.908497,26.902918
0.035,400,0.15,0.85,25,4,0.9,5.959819,15.4607,0.914474,28.186059,0.921569,27.380347
0.035,400,0.15,0.85,25,4,1.0,5.115426,15.9265,0.901316,26.844256,0.908497,26.157335
0.035,400,0.15,0.85,25,5,0.8,6.746286,14.4457,0.921053,28.887471,0.934641,27.938231
0.035,400,0.15,0.85,25,5,0.9,6.396389,14.5239,0.921053,28.111236,0.915033,27.316651
0.035,400,0.15,0.85,25,5,1.0,6.021388,14.9515,0.901316,27.50644,0.915033,26.994315
0.035,400,0.15,0.85,30,4,0.8,6.183978,15.5082,0.907895,28.451236,0.915033,27.87611
0.035,400,0.15,0.85,30,4,0.9,5.245924,15.6055,0.907895,26.706417,0.915033,26.097311
0.035,400,0.15,0.85,30,4,1.0,5.124751,15.6579,0.901316,26.75559,0.915033,25.907391
0.035,400,0.15,0.85,30,5,0.8,6.595535,14.6243,0.914474,28.597076,0.915033,27.81541
0.035,400,0.15,0.85,30,5,0.9,6.207705,14.5808,0.914474,27.652056,0.915033,26.99617
0.035,400,0.15,0.85,30,5,1.0,6.122964,15.135,0.894737,28.001874,0.934641,27.380929
0.035,400,0.2,0.8,15,4,0.8,7.606261,12.2381,0.907895,28.137896,0.928105,27.450581
0.035,400,0.2,0.8,15,4,0.9,7.875204,12.2794,0.907895,28.722061,0.915033,28.02983
0.035,400,0.2,0.8,15,4,1.0,6.95243,12.8311,0.907895,27.6064,0.908497,26.735924
0.035,400,0.2,0.8,15,5,0.8,8.054889,11.5196,0.914474,28.424926,0.921569,27.629369
0.035,400,0.2,0.8,15,5,0.9,7.89804,11.4233,0.894737,28.297772,0.915033,27.219339
0.035,400,0.2,0.8,15,5,1.0,7.233237,11.8968,0.888158,27.280819,0.908497,26.363271
0.035,400,0.2,0.8,18,4,0.8,7.679804,12.1853,0.907895,28.528001,0.915033,27.544859
0.035,400,0.2,0.8,18,4,0.9,7.20477,12.3107,0.888158,27.633694,0.908497,26.720227
0.035,400,0.2,0.8,18,4,1.0,6.932406,12.3882,0.894737,27.130726,0.888889,26.253007
0.035,400,0.2,0.8,18,5,0.8,8.094632,11.5064,0.907895,28.432713,0.915033,27.695677
0.035,400,0.2,0.8,18,5,0.9,7.981604,11.5699,0.894737,28.462604,0.921569,27.5331
0.035,400,0.2,0.8,18,5,1.0,7.365188,12.1314,0.894737,27.788034,0.901961,26.861808
0.035,400,0.2,0.8,20,4,0.8,7.757273,12.3336,0.914474,28.6532,0.934641,27.848155
0.035,400,0.2,0.8,20,4,0.9,7.656062,12.1859,0.907895,28.42384,0.921569,27.498002
0.035,400,0.2,0.8,20,4,1.0,7.331636,12.7856,0.901316,28.1203,0.888889,27.448824
0.035,400,0.2,0.8,20,5,0.8,8.30584,11.4827,0.914474,28.696404,0.921569,28.094407
0.035,400,0.2,0.8,20,5,0.9,8.470135,11.5917,0.914474,29.418077,0.921569,28.53201
0.035,400,0.2,0.8,20,5,1.0,7.093909,11.8996,0.894737,27.30849,0.895425,26.087388
0.035,400,0.2,0.8,22,4,0.8,7.745377,12.4238,0.914474,28.538943,0.915033,27.914564
0.035,400,0.2,0.8,22,4,0.9,7.268062,12.4997,0.894737,27.88023,0.915033,27.035803
0.035,400,0.2,0.8,22,4,1.0,6.79997,12.8927,0.888158,27.283095,0.921569,26.492648
0.035,400,0.2,0.8,22,5,0.8,8.660959,11.6428,0.921053,29.554895,0.941176,28.964676
0.035,400,0.2,0.8,22,5,0.9,7.728047,12.0945,0.907895,28.375207,0.908497,27.550635
0.035,400,0.2,0.8,22,5,1.0,7.83058,12.2203,0.914474,28.927365,0.908497,27.881509
0.035,400,0.2,0.8,25,4,0.8,8.502648,12.4641,0.927632,30.114866,0.947712,29.469374
0.035,400,0.2,0.8,25,4,0.9,7.491225,12.4492,0.894737,28.245331,0.915033,27.431696
0.035,400,0.2,0.8,25,4,1.0,7.481749,12.7102,0.907895,28.647941,0.915033,27.673708
0.035,400,0.2,0.8,25,5,0.8,9.103895,11.7333,0.921053,30.557217,0.947712,29.941057
0.035,400,0.2,0.8,25,5,0.9,8.3401,11.8795,0.914474,29.274683,0.915033,28.559737
0.035,400,0.2,0.8,25,5,1.0,7.880781,12.2482,0.907895,28.95841,0.928105,28.009741
0.035,400,0.2,0.8,30,4,0.8,7.421323,12.6337,0.888158,28.081079,0.908497,27.476373
0.035,400,0.2,0.8,30,4,0.9,8.27165,12.4735,0.907895,29.710309,0.921569,29.016848
0.035,400,0.2,0.8,30,4,1.0,7.89122,12.9232,0.901316,29.408291,0.934641,28.705626
0.035,400,0.2,0.8,30,5,0.8,8.416442,11.7878,0.914474,29.54241,0.934641,28.620711
0.035,400,0.2,0.8,30,5,0.9,8.543624,12.123,0.921053,29.90329,0.941176,29.210281
0.035,400,0.2,0.8,30,5,1.0,8.352099,12.3805,0.901316,29.784023,0.947712,29.084747
0.035,450,0.15,0.85,15,4,0.8,6.160148,14.6781,0.921053,28.036226,0.915033,26.998393
0.035,450,0.15,0.85,15,4,0.9,5.878377,14.6609,0.894737,27.40625,0.915033,26.417675
0.035,450,0.15,0.85,15,4,1.0,6.022713,15.5123,0.901316,28.511133,0.915033,27.557752
0.035,450,0.15,0.85,15,5,0.8,6.946197,13.7382,0.901316,28.603688,0.921569,27.630579
0.035,450,0.15,0.85,15,5,0.9,6.572517,13.6962,0.914474,27.817448,0.895425,26.841217
0.035,450,0.15,0.85,15,5,1.0,6.267904,14.2534,0.914474,27.84642,0.895425,26.7892
0.035,450,0.15,0.85,18,4,0.8,6.817896,14.884,0.921053,29.482068,0.934641,28.519753
0.035,450,0.15,0.85,18,4,0.9,5.764721,14.9542,0.914474,27.673308,0.908497,26.483615
0.035,450,0.15,0.85,18,4,1.0,5.755863,15.3147,0.907895,27.923139,0.908497,26.826399
0.035,450,0.15,0.85,18,5,0.8,6.677009,13.8198,0.907895,28.2144,0.915033,27.173825
0.035,450,0.15,0.85,18,5,0.9,7.070318,13.8326,0.914474,29.123542,0.934641,27.973255
0.035,450,0.15,0.85,18,5,1.0,6.461658,14.0712,0.901316,28.183398,0.921569,26.994541
0.035,450,0.15,0.85,20,4,0.8,6.182088,14.8721,0.914474,28.175187,0.921569,27.23627
0.035,450,0.15,0.85,20,4,0.9,6.244818,14.8961,0.901316,28.340872,0.921569,27.385722
0.035,450,0.15,0.85,20,4,1.0,6.122279,15.5447,0.921053,28.635032,0.928105,27.789296
0.035,450,0.15,0.85,20,5,0.8,7.331659,13.7688,0.914474,29.31056,0.941176,28.432083
0.035,450,0.15,0.85,20,5,0.9,6.961756,13.9262,0.914474,28.781675,0.921569,27.849721
0.035,450,0.15,0.85,20,5,1.0,6.377131,14.1291,0.914474,28.289646,0.915033,26.883324
0.035,450,0.15,0.85,22,4,0.8,5.699617,14.7879,0.907895,27.014685,0.901961,26.187107
0.035,450,0.15,0.85,22,4,0.9,6.131278,15.2485,0.914474,28.241056,0.928105,27.51109
0.035,450,0.15,0.85,22,4,1.0,5.770119,15.3236,0.914474,27.946142,0.921569,26.863879
0.035,450,0.15,0.85,22,5,0.8,6.642095,13.9804,0.914474,28.183057,0.934641,27.264584
0.035,450,0.15,0.85,22,5,0.9,6.502537,14.0855,0.907895,27.997497,0.915033,27.090608
0.035,450,0.15,0.85,22,5,1.0,5.510043,14.3252,0.907895,26.472477,0.882353,25.345237
0.035,450,0.15,0.85,25,4,0.8,5.959179,15.1879,0.921053,27.990017,0.915033,27.106241
0.035,450,0.15,0.85,25,4,0.9,6.0966,15.2912,0.914474,28.307818,0.921569,27.484404
0.035,450,0.15,0.85,25,4,1.0,5.250861,15.8001,0.901316,26.962386,0.915033,26.301778
0.035,450,0.15,0.85,25,5,0.8,6.891252,14.2539,0.914474,28.964185,0.934641,28.036384
0.035,450,0.15,0.85,25,5,0.9,6.452145,14.3416,0.914474,28.019593,0.915033,27.245918
0.035,450,0.15,0.85,25,5,1.0,6.373677,14.7868,0.907895,28.019284,0.934641,27.534182
0.035,450,0.15,0.85,30,4,0.8,6.478202,15.313,0.914474,28.856948,0.921569,28.269386
0.035,450,0.15,0.85,30,4,0.9,5.268911,15.4807,0.901316,26.632221,0.915033,26.018542
0.035,450,0.15,0.85,30,4,1.0,5.506503,15.5229,0.907895,27.376821,0.915033,26.535871
0.035,450,0.15,0.85,30,5,0.8,6.583257,14.362,0.914474,28.322741,0.915033,27.528499
0.035,450,0.15,0.85,30,5,0.9,6.474179,14.3684,0.914474,27.952634,0.915033,27.316805
0.035,450,0.15,0.85,30,5,1.0,6.311472,14.9401,0.894737,28.166789,0.934641,27.563076
0.035,450,0.2,0.8,15,4,0.8,7.605785,12.0699,0.894737,27.961253,0.915033,27.281495
0.035,450,0.2,0.8,15,4,0.9,7.95983,12.0466,0.901316,28.713975,0.921569,27.966243
0.035,450,0.2,0.8,15,4,1.0,7.112926,12.7661,0.914474,27.845915,0.908497,26.991982
0.035,450,0.2,0.8,15,5,0.8,8.075273,11.3458,0.907895,28.31553,0.915033,27.496369
0.035,450,0.2,0.8,15,5,0.9,8.011553,11.2327,0.894737,28.346514,0.921569,27.25582
0.035,450,0.2,0.8,15,5,1.0,7.233104,11.7468,0.888158,27.145886,0.908497,26.213051
0.035,450,0.2,0.8,18,4,0.8,8.048013,11.9875,0.907895,28.992449,0.934641,28.083493
0.035,450,0.2,0.8,18,4,0.9,7.407571,12.1359,0.888158,27.873905,0.908497,26.951011
0.035,450,0.2,0.8,18,4,1.0,7.07409,12.2969,0.894737,27.307501,0.888889,26.445075
0.035,450,0.2,0.8,18,5,0.8,8.380578,11.2677,0.907895,28.743012,0.915033,28.028841
0.035,450,0.2,0.8,18,5,0.9,8.086824,11.3988,0.901316,28.483139,0.921569,27.572481
0.035,450,0.2,0.8,18,5,1.0,7.429068,12.0783,0.894737,27.844955,0.901961,26.936453
0.035,450,0.2,0.8,20,4,0.8,7.810529,12.1504,0.907895,28.525061,0.928105,27.771456
0.035,450,0.2,0.8,20,4,0.9,7.794726,12.0602,0.907895,28.556474,0.921569,27.649633
0.035,450,0.2,0.8,20,4,1.0,7.416854,12.6714,0.901316,28.194034,0.888889,27.505144
0.035,450,0.2,0.8,20,5,0.8,8.168049,11.3019,0.907895,28.200464,0.908497,27.63804
0.035,450,0.2,0.8,20,5,0.9,8.570599,11.4007,0.907895,29.446479,0.915033,28.541886
0.035,450,0.2,0.8,20,5,1.0,7.32228,11.799,0.894737,27.639226,0.895425,26.443547
0.035,450,0.2,0.8,22,4,0.8,7.837064,12.277,0.901316,28.525265,0.921569,27.951135
0.035,450,0.2,0.8,22,4,0.9,7.715408,12.3351,0.894737,28.598463,0.921569,27.765935
0.035,450,0.2,0.8,22,4,1.0,6.780918,12.7756,0.881579,27.117831,0.921569,26.337405
0.035,450,0.2,0.8,22,5,0.8,8.801952,11.4459,0.921053,29.64043,0.941176,29.049779
0.035,450,0.2,0.8,22,5,0.9,7.852365,11.9672,0.907895,28.480042,0.908497,27.671978
0.035,450,0.2,0.8,22,5,1.0,7.90352,12.1095,0.907895,28.979315,0.908497,27.916568
0.035,450,0.2,0.8,25,4,0.8,8.712546,12.2904,0.934211,30.326766,0.947712,29.715528
0.035,450,0.2,0.8,25,4,0.9,7.664961,12.2711,0.901316,28.388315,0.901961,27.600983
0.035,450,0.2,0.8,25,4,1.0,7.603191,12.4915,0.914474,28.708869,0.915033,27.697893
0.035,450,0.2,0.8,25,5,0.8,9.027978,11.5663,0.914474,30.194722,0.941176,29.622242
0.035,450,0.2,0.8,25,5,0.9,8.50773,11.7176,0.914474,29.413843,0.915033,28.73311
0.035,450,0.2,0.8,25,5,1.0,7.954773,12.1241,0.901316,28.982265,0.928105,28.033609
0.035,450,0.2,0.8,30,4,0.8,7.548026,12.5145,0.894737,28.174134,0.915033,27.610528
0.035,450,0.2,0.8,30,4,0.9,8.482574,12.2389,0.901316,29.873416,0.934641,29.204057
0.035,450,0.2,0.8,30,4,1.0,7.969261,12.7548,0.901316,29.401829,0.934641,28.693314
0.035,450,0.2,0.8,30,5,0.8,8.368243,11.6574,0.914474,29.30208,0.934641,28.39385
0.035,450,0.2,0.8,30,5,0.9,8.560499,11.9496,0.921053,29.746079,0.934641,29.070615
0.035,450,0.2,0.8,30,5,1.0,8.288973,12.2803,0.901316,29.544647,0.947712,28.858241
0.035,500,0.15,0.85,15,4,0.8,6.195496,14.4427,0.907895,27.857373,0.915033,26.833733
0.035,500,0.15,0.85,15,4,0.9,6.151939,14.4912,0.901316,27.772212,0.921569,26.795067
0.035,500,0.15,0.85,15,4,1.0,6.140838,15.3652,0.901316,28.624067,0.921569,27.646882
0.035,500,0.15,0.85,15,5,0.8,7.053023,13.5094,0.901316,28.588353,0.915033,27.615429
0.035,500,0.15,0.85,15,5,0.9,6.755652,13.516,0.921053,28.002248,0.895425,27.027255
0.035,500,0.15,0.85,15,5,1.0,6.343248,14.0767,0.921053,27.810941,0.888889,26.76321
0.035,500,0.15,0.85,18,4,0.8,6.816791,14.7358,0.921053,29.273406,0.941176,28.369359
0.035,500,0.15,0.85,18,4,0.9,6.027398,14.7759,0.927632,27.999257,0.908497,26.830676
0.035,500,0.15,0.85,18,4,1.0,5.793218,15.1886,0.914474,27.842122,0.915033,26.775003
0.035,500,0.15,0.85,18,5,0.8,6.589584,13.641,0.907895,27.840174,0.915033,26.820218
0.035,500,0.15,0.85,18,5,0.9,7.261327,13.6316,0.914474,29.299899,0.934641,28.154249
0.035,500,0.15,0.85,18,5,1.0,6.423895,13.9386,0.907895,27.97432,0.915033,26.786343
0.035,500,0.15,0.85,20,4,0.8,6.081826,14.7493,0.907895,27.838454,0.908497,26.912987
0.035,500,0.15,0.85,20,4,0.9,6.296896,14.7634,0.894737,28.325954,0.921569,27.357183
0.035,500,0.15,0.85,20,4,1.0,6.156215,15.3384,0.921053,28.504963,0.928105,27.6508
0.035,500,0.15,0.85,20,5,0.8,7.579992,13.5249,0.914474,29.589977,0.941176,28.684857
0.035,500,0.15,0.85,20,5,0.9,6.907684,13.7176,0.914474,28.466167,0.921569,27.532955
0.035,500,0.15,0.85,20,5,1.0,6.343473,13.9841,0.914474,28.073637,0.915033,26.671085
0.035,500,0.15,0.85,22,4,0.8,6.214352,14.595,0.914474,27.831301,0.908497,27.023745
0.035,500,0.15,0.85,22,4,0.9,6.267258,15.0542,0.914474,28.323072,0.934641,27.588761
0.035,500,0.15,0.85,22,4,1.0,6.0197,15.1741,0.914474,28.308337,0.934641,27.213503
0.035,500,0.15,0.85,22,5,0.8,6.97719,13.7116,0.921053,28.573307,0.941176,27.665933
0.035,500,0.15,0.85,22,5,0.9,6.606621,13.9548,0.907895,28.077776,0.908497,27.168032
0.035,500,0.15,0.85,22,5,1.0,5.716509,14.1098,0.907895,26.643434,0.888889,25.542841
0.035,500,0.15,0.85,25,4,0.8,6.398824,15.0659,0.921053,28.755289,0.934641,27.86359
0.035,500,0.15,0.85,25,4,0.9,6.32542,15.1365,0.914474,28.602936,0.928105,27.787319
0.035,500,0.15,0.85,25,4,1.0,5.333201,15.6402,0.901316,26.975949,0.915033,26.306632
0.035,500,0.15,0.85,25,5,0.8,7.080011,13.9868,0.914474,29.059449,0.934641,28.146787
0.035,500,0.15,0.85,25,5,0.9,6.760723,14.1467,0.921053,28.433605,0.928105,27.668181
0.035,500,0.15,0.85,25,5,1.0,6.495367,14.6342,0.914474,28.090375,0.934641,27.624955
0.035,500,0.15,0.85,30,4,0.8,6.549663,15.1416,0.914474,28.836545,0.921569,28.240935
0.035,500,0.15,0.85,30,4,0.9,5.374757,15.3283,0.907895,26.646219,0.915033,26.07784
0.035,500,0.15,0.85,30,4,1.0,5.811435,15.4233,0.907895,27.868019,0.928105,27.04618
0.035,500,0.15,0.85,30,5,0.8,6.967407,14.1281,0.914474,28.809954,0.915033,28.062897
0.035,500,0.15,0.85,30,5,0.9,6.489738,14.198,0.907895,27.804667,0.915033,27.177466
0.035,500,0.15,0.85,30,5,1.0,6.489504,14.8122,0.907895,28.406539,0.941176,27.791166
0.035,500,0.2,0.8,15,4,0.8,7.62005,11.9082,0.888158,27.798072,0.915033,27.148279
0.035,500,0.2,0.8,15,4,0.9,7.922641,11.926,0.901316,28.533709,0.915033,27.771295
0.035,500,0.2,0.8,15,4,1.0,6.996946,12.6643,0.901316,27.54143,0.901961,26.658241
0.035,500,0.2,0.8,15,5,0.8,7.990903,11.1952,0.907895,27.95193,0.915033,27.176994
0.035,500,0.2,0.8,15,5,0.9,8.039289,11.1048,0.888158,28.249908,0.921569,27.183369
0.035,500,0.2,0.8,15,5,1.0,7.541439,11.668,0.894737,27.665775,0.921569,26.750856
0.035,500,0.2,0.8,18,4,0.8,8.237466,11.8327,0.914474,29.188825,0.934641,28.307589
0.035,500,0.2,0.8,18,4,0.9,7.364886,12.0164,0.881579,27.665988,0.901961,26.746123
0.035,500,0.2,0.8,18,4,1.0,7.150239,12.2451,0.894737,27.374474,0.888889,26.545555
0.035,500,0.2,0.8,18,5,0.8,8.379391,11.1489,0.914474,28.632031,0.915033,27.907714
0.035,500,0.2,0.8,18,5,0.9,8.327418,11.3313,0.901316,28.881406,0.921569,27.986181
0.035,500,0.2,0.8,18,5,1.0,7.549632,11.9787,0.894737,27.981732,0.901961,27.077946
0.035,500,0.2,0.8,20,4,0.8,7.792806,12.0426,0.901316,28.368851,0.928105,27.62823
0.035,500,0.2,0.8,20,4,0.9,7.820406,11.9464,0.907895,28.464148,0.915033,27.587196
0.035,500,0.2,0.8,20,4,1.0,7.752825,12.5231,0.901316,28.722736,0.928105,28.028743
0.035,500,0.2,0.8,20,5,0.8,8.285844,11.1577,0.907895,28.30186,0.908497,27.729356
0.035,500,0.2,0.8,20,5,0.9,8.496138,11.2915,0.907895,29.177217,0.915033,28.283744
0.035,500,0.2,0.8,20,5,1.0,7.496645,11.6151,0.894737,27.795713,0.895425,26.608341
0.035,500,0.2,0.8,22,4,0.8,7.867341,12.1355,0.901316,28.428189,0.921569,27.870171
0.035,500,0.2,0.8,22,4,0.9,7.929089,12.1839,0.894737,28.883368,0.928105,28.042044
0.035,500,0.2,0.8,22,4,1.0,6.914284,12.7046,0.881579,27.354935,0.921569,26.533188
0.035,500,0.2,0.8,22,5,0.8,8.791889,11.2612,0.914474,29.463524,0.941176,28.845002
0.035,500,0.2,0.8,22,5,0.9,7.923881,11.8088,0.907895,28.451714,0.908497,27.656569
0.035,500,0.2,0.8,22,5,1.0,7.922995,11.971,0.907895,28.870437,0.908497,27.816999
0.035,500,0.2,0.8,25,4,0.8,8.704189,12.1098,0.921053,30.112164,0.954248,29.518172
0.035,500,0.2,0.8,25,4,0.9,7.940642,12.1553,0.894737,28.814016,0.908497,28.036593
0.035,500,0.2,0.8,25,4,1.0,7.725308,12.4098,0.921053,28.872122,0.915033,27.860405
0.035,500,0.2,0.8,25,5,0.8,9.039098,11.4356,0.914474,30.075155,0.941176,29.513768
0.035,500,0.2,0.8,25,5,0.9,8.627317,11.633,0.914474,29.545085,0.921569,28.887662
0.035,500,0.2,0.8,25,5,1.0,8.123405,11.9574,0.914474,29.148908,0.921569,28.204196
0.035,500,0.2,0.8,30,4,0.8,7.384107,12.3753,0.888158,27.692694,0.895425,27.143505
0.035,500,0.2,0.8,30,4,0.9,8.6347,12.1032,0.901316,30.055816,0.934641,29.372632
0.035,500,0.2,0.8,30,4,1.0,7.96591,12.6821,0.901316,29.306992,0.928105,28.613935
0.035,500,0.2,0.8,30,5,0.8,8.486297,11.5111,0.914474,29.377738,0.934641,28.483722
0.035,500,0.2,0.8,30,5,0.9,8.625725,11.8092,0.921053,29.733305,0.941176,29.060655
0.035,500,0.2,0.8,30,5,1.0,8.485171,12.132,0.907895,29.774606,0.947712,29.102326
0.035,550,0.15,0.85,15,4,0.8,6.205779,14.2622,0.914474,27.678575,0.908497,26.673756
0.035,550,0.15,0.85,15,4,0.9,6.221421,14.3852,0.901316,27.76472,0.921569,26.828052
0.035,550,0.15,0.85,15,4,1.0,6.276387,15.2175,0.907895,28.748236,0.921569,27.770315
0.035,550,0.15,0.85,15,5,0.8,7.17877,13.2793,0.901316,28.608267,0.921569,27.636824
0.035,550,0.15,0.85,15,5,0.9,6.953383,13.3723,0.921053,28.254485,0.895425,27.279065
0.035,550,0.15,0.85,15,5,1.0,6.54886,13.9583,0.927632,28.049895,0.895425,27.056012
0.035,550,0.15,0.85,18,4,0.8,7.15657,14.5302,0.927632,29.696309,0.954248,28.843339
0.035,550,0.15,0.85,18,4,0.9,6.052078,14.5867,0.927632,27.858928,0.908497,26.690848
0.035,550,0.15,0.85,18,4,1.0,5.796415,15.1213,0.914474,27.784118,0.915033,26.714134
0.035,550,0.15,0.85,18,5,0.8,6.870784,13.5213,0.907895,28.260035,0.921569,27.262835
0.035,550,0.15,0.85,18,5,0.9,7.362021,13.4327,0.914474,29.252281,0.934641,28.156721
0.035,550,0.15,0.85,18,5,1.0,6.513335,13.7938,0.914474,28.011277,0.908497,26.820509
0.035,550,0.15,0.85,20,4,0.8,6.246402,14.6247,0.914474,27.988476,0.915033,27.11754
0.035,550,0.15,0.85,20,4,0.9,6.37803,14.6301,0.901316,28.365715,0.928105,27.386197
0.035,550,0.15,0.85,20,4,1.0,6.220531,15.2302,0.921053,28.531035,0.921569,27.671287
0.035,550,0.15,0.85,20,5,0.8,7.656469,13.3328,0.914474,29.553911,0.941176,28.645784
0.035,550,0.15,0.85,20,5,0.9,7.075774,13.4833,0.914474,28.56333,0.928105,27.634826
0.035,550,0.15,0.85,20,5,1.0,6.381417,13.9025,0.914474,28.058198,0.915033,26.665315
0.035,550,0.15,0.85,22,4,0.8,6.336307,14.4797,0.914474,27.959357,0.921569,27.152289
0.035,550,0.15,0.85,22,4,0.9,6.561,14.8925,0.914474,28.767057,0.934641,28.014543
0.035,550,0.15,0.85,22,4,1.0,6.001994,15.0312,0.914474,28.106365,0.928105,27.035222
0.035,550,0.15,0.85,22,5,0.8,6.979644,13.5551,0.921053,28.398421,0.934641,27.514377
0.035,550,0.15,0.85,22,5,0.9,6.778258,13.7876,0.914474,28.268314,0.915033,27.344122
0.035,550,0.15,0.85,22,5,1.0,5.693799,13.9328,0.907895,26.452454,0.888889,25.320385
0.035,550,0.15,0.85,25,4,0.8,6.432512,14.8537,0.921053,28.555691,0.928105,27.718739
0.035,550,0.15,0.85,25,4,0.9,6.277655,15.0368,0.914474,28.40401,0.921569,27.592105
0.035,550,0.15,0.85,25,4,1.0,5.110424,15.5107,0.894737,26.396315,0.901961,25.731563
0.035,550,0.15,0.85,25,5,0.8,7.217098,13.8181,0.921053,29.170805,0.934641,28.252336
0.035,550,0.15,0.85,25,5,0.9,6.8295,13.991,0.921053,28.398439,0.928105,27.650012
0.035,550,0.15,0.85,25,5,1.0,6.595424,14.4403,0.914474,28.102722,0.928105,27.631145
0.035,550,0.15,0.85,30,4,0.8,6.709796,15.0104,0.921053,29.003555,0.921569,28.430007
0.035,550,0.15,0.85,30,4,0.9,5.648678,15.1278,0.907895,26.990685,0.915033,26.42512
0.035,550,0.15,0.85,30,4,1.0,5.996417,15.2771,0.907895,28.092633,0.934641,27.26989
0.035,550,0.15,0.85,30,5,0.8,7.085325,14.0141,0.914474,28.88581,0.915033,28.184754
0.035,550,0.15,0.85,30,5,0.9,6.694338,14.0532,0.907895,28.044749,0.921569,27.441855
0.035,550,0.15,0.85,30,5,1.0,6.541261,14.722,0.907895,28.429464,0.941176,27.804539
0.035,550,0.2,0.8,15,4,0.8,7.985721,11.8227,0.907895,28.420708,0.921569,27.794144
0.035,550,0.2,0.8,15,4,0.9,8.175188,11.8465,0.907895,28.971712,0.921569,28.196865
0.035,550,0.2,0.8,15,4,1.0,7.032681,12.5466,0.901316,27.430554,0.901961,26.611976
0.035,550,0.2,0.8,15,5,0.8,8.001471,11.0528,0.907895,27.785351,0.915033,27.055697
0.035,550,0.2,0.8,15,5,0.9,8.075643,10.979,0.888158,28.154099,0.915033,27.130296
0.035,550,0.2,0.8,15,5,1.0,7.743856,11.535,0.901316,27.895844,0.921569,27.022679
0.035,550,0.2,0.8,18,4,0.8,8.392284,11.661,0.914474,29.326362,0.934641,28.445538
0.035,550,0.2,0.8,18,4,0.9,7.422978,11.9082,0.881579,27.666756,0.895425,26.754108
0.035,550,0.2,0.8,18,4,1.0,7.455174,12.136,0.894737,27.889031,0.901961,27.046324
0.035,550,0.2,0.8,18,5,0.8,8.476823,11.0147,0.907895,28.701094,0.915033,27.968383
0.035,550,0.2,0.8,18,5,0.9,8.434885,11.1455,0.901316,28.903733,0.921569,28.015224
0.035,550,0.2,0.8,18,5,1.0,7.559632,11.9043,0.894737,27.894276,0.901961,27.023528
0.035,550,0.2,0.8,20,4,0.8,8.287746,11.8484,0.907895,29.117488,0.947712,28.423865
0.035,550,0.2,0.8,20,4,0.9,8.036414,11.8132,0.907895,28.786009,0.928105,27.886076
0.035,550,0.2,0.8,20,4,1.0,7.740727,12.4725,0.901316,28.629585,0.915033,27.953977
0.035,550,0.2,0.8,20,5,0.8,8.505216,10.9827,0.907895,28.558676,0.921569,27.993121
0.035,550,0.2,0.8,20,5,0.9,8.599434,11.178,0.907895,29.279365,0.915033,28.376895
0.035,550,0.2,0.8,20,5,1.0,7.55672,11.51,0.894737,27.798712,0.895425,26.623398
0.035,550,0.2,0.8,22,4,0.8,8.319356,11.9403,0.907895,29.143381,0.934641,28.579048
0.035,550,0.2,0.8,22,4,0.9,8.071725,12.0611,0.907895,29.065121,0.928105,28.204596
0.035,550,0.2,0.8,22,4,1.0,7.357238,12.5691,0.888158,28.075605,0.928105,27.283614
0.035,550,0.2,0.8,22,5,0.8,8.798416,11.1557,0.914474,29.392665,0.934641,28.752505
0.035,550,0.2,0.8,22,5,0.9,8.008086,11.6917,0.901316,28.479392,0.908497,27.707854
0.035,550,0.2,0.8,22,5,1.0,7.921522,11.7572,0.914474,28.619476,0.908497,27.600273
0.035,550,0.2,0.8,25,4,0.8,8.66591,12.0374,0.921053,29.926832,0.941176,29.369191
0.035,550,0.2,0.8,25,4,0.9,7.986541,12.0284,0.894737,28.74853,0.908497,28.001468
0.035,550,0.2,0.8,25,4,1.0,7.816406,12.3735,0.921053,28.988339,0.915033,28.006294
0.035,550,0.2,0.8,25,5,0.8,9.049841,11.2961,0.914474,29.91214,0.941176,29.395802
0.035,550,0.2,0.8,25,5,0.9,8.685766,11.4857,0.914474,29.520808,0.915033,28.857185
0.035,550,0.2,0.8,25,5,1.0,8.152456,11.8482,0.914474,29.096562,0.921569,28.153078
0.035,550,0.2,0.8,30,4,0.8,7.569588,12.1829,0.888158,27.88384,0.901961,27.322033
0.035,550,0.2,0.8,30,4,0.9,8.831496,12.0131,0.914474,30.349706,0.941176,29.676052
0.035,550,0.2,0.8,30,4,1.0,8.21157,12.5963,0.901316,29.702937,0.941176,29.019474
0.035,550,0.2,0.8,30,5,0.8,8.580357,11.3873,0.914474,29.437878,0.934641,28.547968
0.035,550,0.2,0.8,30,5,0.9,8.619087,11.7113,0.921053,29.614136,0.934641,28.949488
0.035,550,0.2,0.8,30,5,1.0,8.519131,12.0875,0.907895,29.794065,0.947712,29.125773
0.035,600,0.15,0.85,15,4,0.8,6.35634,14.0526,0.914474,27.706754,0.908497,26.765281
0.035,600,0.15,0.85,15,4,0.9,6.027143,14.1886,0.901316,27.165981,0.901961,26.242931
0.035,600,0.15,0.85,15,4,1.0,6.280454,15.0902,0.914474,28.642761,0.921569,27.651141
0.035,600,0.15,0.85,15,5,0.8,7.328166,13.1282,0.907895,28.730818,0.921569,27.784536
0.035,600,0.15,0.85,15,5,0.9,7.111862,13.1947,0.921053,28.354856,0.895425,27.418458
0.035,600,0.15,0.85,15,5,1.0,6.494392,13.8669,0.914474,27.849723,0.888889,26.855651
0.035,600,0.15,0.85,18,4,0.8,7.199871,14.4128,0.921053,29.643083,0.954248,28.812587
0.035,600,0.15,0.85,18,4,0.9,6.155771,14.4838,0.921053,27.932359,0.908497,26.79532
0.035,600,0.15,0.85,18,4,1.0,5.80347,15.0061,0.907895,27.680254,0.915033,26.613081
0.035,600,0.15,0.85,18,5,0.8,7.089387,13.377,0.907895,28.564426,0.928105,27.555807
0.035,600,0.15,0.85,18,5,0.9,7.632432,13.2803,0.914474,29.638225,0.934641,28.545186
0.035,600,0.15,0.85,18,5,1.0,6.385608,13.6917,0.907895,27.683918,0.908497,26.46291
0.035,600,0.15,0.85,20,4,0.8,6.268781,14.5089,0.914474,27.879519,0.915033,27.046414
0.035,600,0.15,0.85,20,4,0.9,6.384592,14.5466,0.907895,28.275694,0.921569,27.315823
0.035,600,0.15,0.85,20,4,1.0,6.232265,15.1066,0.914474,28.395114,0.921569,27.571152
0.035,600,0.15,0.85,20,5,0.8,7.652196,13.1991,0.914474,29.387344,0.934641,28.503497
0.035,600,0.15,0.85,20,5,0.9,7.275129,13.2685,0.914474,28.772734,0.921569,27.8188
0.035,600,0.15,0.85,20,5,1.0,6.421504,13.7594,0.907895,27.967967,0.915033,26.602379
0.035,600,0.15,0.85,22,4,0.8,6.605088,14.3488,0.914474,28.34662,0.928105,27.558999
0.035,600,0.15,0.85,22,4,0.9,6.559164,14.739,0.907895,28.595626,0.934641,27.857354
0.035,600,0.15,0.85,22,4,1.0,6.252567,14.9181,0.927632,28.470816,0.934641,27.42326
0.035,600,0.15,0.85,22,5,0.8,6.995705,13.4068,0.914474,28.292577,0.941176,27.398236
0.035,600,0.15,0.85,22,5,0.9,6.953161,13.6611,0.914474,28.486291,0.915033,27.567465
0.035,600,0.15,0.85,22,5,1.0,5.668336,13.8584,0.894737,26.339206,0.875817,25.195032
0.035,600,0.15,0.85,25,4,0.8,6.545733,14.742,0.921053,28.637276,0.934641,27.833461
0.035,600,0.15,0.85,25,4,0.9,6.258619,14.9312,0.914474,28.243721,0.921569,27.448392
0.035,600,0.15,0.85,25,4,1.0,5.073772,15.3392,0.894737,26.156453,0.901961,25.486774
0.035,600,0.15,0.85,25,5,0.8,7.334205,13.6761,0.921053,29.254125,0.934641,28.344472
0.035,600,0.15,0.85,25,5,0.9,6.954674,13.8427,0.921053,28.486309,0.928105,27.752081
0.035,600,0.15,0.85,25,5,1.0,6.740328,14.3051,0.921053,28.220557,0.934641,27.785737
0.035,600,0.15,0.85,30,4,0.8,6.991797,14.8871,0.921053,29.407849,0.934641,28.870668
0.035,600,0.15,0.85,30,4,0.9,5.699737,15.0164,0.901316,26.969281,0.921569,26.415843
0.035,600,0.15,0.85,30,4,1.0,6.014669,15.2034,0.907895,28.05518,0.934641,27.232753
0.035,600,0.15,0.85,30,5,0.8,7.305761,13.931,0.914474,29.222638,0.928105,28.542566
0.035,600,0.15,0.85,30,5,0.9,6.84497,13.9499,0.907895,28.208505,0.928105,27.639886
0.035,600,0.15,0.85,30,5,1.0,6.72214,14.588,0.907895,28.651123,0.941176,28.032291
0.035,600,0.2,0.8,15,4,0.8,8.206105,11.686,0.914474,28.704942,0.921569,28.098226
0.035,600,0.2,0.8,15,4,0.9,8.25433,11.7781,0.907895,29.061108,0.921569,28.286738
0.035,600,0.2,0.8,15,4,1.0,7.204407,12.5071,0.901316,27.709145,0.908497,26.915955
0.035,600,0.2,0.8,15,5,0.8,8.049769,10.9414,0.907895,27.75077,0.915033,27.040973
0.035,600,0.2,0.8,15,5,0.9,8.158146,10.8679,0.888158,28.185044,0.921569,27.184145
0.035,600,0.2,0.8,15,5,1.0,7.735287,11.4723,0.901316,27.810669,0.921569,26.942828
0.035,600,0.2,0.8,18,4,0.8,8.370237,11.5462,0.914474,29.167875,0.934641,28.286677
0.035,600,0.2,0.8,18,4,0.9,7.484014,11.7927,0.881579,27.680517,0.901961,26.760744
0.035,600,0.2,0.8,18,4,1.0,7.479139,12.021,0.894737,27.840456,0.895425,26.979327
0.035,600,0.2,0.8,18,5,0.8,8.627687,10.8602,0.907895,28.854414,0.915033,28.115586
0.035,600,0.2,0.8,18,5,0.9,8.501221,11.0197,0.901316,28.928471,0.915033,28.022175
0.035,600,0.2,0.8,18,5,1.0,7.825309,11.8354,0.894737,28.346332,0.901961,27.485975
0.035,600,0.2,0.8,20,4,0.8,8.406594,11.7381,0.901316,29.232909,0.947712,28.551328
0.035,600,0.2,0.8,20,4,0.9,8.132985,11.6711,0.907895,28.834348,0.921569,27.937062
0.035,600,0.2,0.8,20,4,1.0,7.801018,12.3286,0.901316,28.660472,0.928105,27.930652
0.035,600,0.2,0.8,20,5,0.8,8.531785,10.842,0.901316,28.448123,0.915033,27.905539
0.035,600,0.2,0.8,20,5,0.9,8.505078,11.0241,0.907895,28.921124,0.915033,28.034284
0.035,600,0.2,0.8,20,5,1.0,7.689486,11.3521,0.894737,27.907132,0.901961,26.731037
0.035,600,0.2,0.8,22,4,0.8,8.444888,11.8844,0.907895,29.284237,0.934641,28.774193
0.035,600,0.2,0.8,22,4,0.9,8.188987,11.9628,0.914474,29.179285,0.934641,28.340784
0.035,600,0.2,0.8,22,4,1.0,7.610008,12.4846,0.901316,28.490286,0.928105,27.70462
0.035,600,0.2,0.8,22,5,0.8,8.915167,11.0165,0.921053,29.491781,0.928105,28.84683
0.035,600,0.2,0.8,22,5,0.9,8.032621,11.598,0.901316,28.41051,0.908497,27.663254
0.035,600,0.2,0.8,22,5,1.0,8.301865,11.5956,0.914474,29.19727,0.908497,28.199328
0.035,600,0.2,0.8,25,4,0.8,8.644416,11.9357,0.921053,29.760601,0.941176,29.224544
0.035,600,0.2,0.8,25,4,0.9,7.994972,11.9508,0.888158,28.690314,0.901961,27.940769
0.035,600,0.2,0.8,25,4,1.0,7.961087,12.3249,0.921053,29.231725,0.915033,28.247052
0.035,600,0.2,0.8,25,5,0.8,9.074748,11.1591,0.914474,29.843525,0.934641,29.308609
0.035,600,0.2,0.8,25,5,0.9,8.826101,11.3579,0.914474,29.662589,0.915033,29.010081
0.035,600,0.2,0.8,25,5,1.0,8.130959,11.7535,0.914474,28.956628,0.921569,28.015432
0.035,600,0.2,0.8,30,4,0.8,7.892127,12.1047,0.888158,28.430844,0.908497,27.888936
0.035,600,0.2,0.8,30,4,0.9,8.913091,11.9124,0.914474,30.402861,0.941176,29.738551
0.035,600,0.2,0.8,30,4,1.0,8.211867,12.4999,0.901316,29.62422,0.941176,28.923645
0.035,600,0.2,0.8,30,5,0.8,8.760159,11.2946,0.914474,29.685206,0.934641,28.814936
0.035,600,0.2,0.8,30,5,0.9,8.651927,11.6052,0.914474,29.565414,0.934641,28.909093
0.035,600,0.2,0.8,30,5,1.0,8.633234,11.9864,0.907895,29.904104,0.947712,29.252865
0.035,700,0.15,0.85,15,4,0.8,6.622642,13.8264,0.921053,28.025195,0.921569,27.071645
0.035,700,0.15,0.85,15,4,0.9,5.933829,13.9661,0.894737,26.761696,0.895425,25.833786
0.035,700,0.15,0.85,15,4,1.0,6.203257,14.8187,0.914474,28.277346,0.908497,27.225235
0.035,700,0.15,0.85,15,5,0.8,7.526604,12.7963,0.914474,28.780074,0.915033,27.849465
0.035,700,0.15,0.85,15,5,0.9,7.16865,12.9439,0.921053,28.185408,0.888889,27.281193
0.035,700,0.15,0.85,15,5,1.0,6.57031,13.6592,0.914474,27.772071,0.888889,26.799785
0.035,700,0.15,0.85,18,4,0.8,6.974914,14.1198,0.921053,28.895171,0.934641,28.069648
0.035,700,0.15,0.85,18,4,0.9,6.322004,14.2652,0.914474,28.01957,0.908497,26.90916
0.035,700,0.15,0.85,18,4,1.0,6.058381,14.7849,0.914474,27.959805,0.928105,26.901709
0.035,700,0.15,0.85,18,5,0.8,7.129842,13.0978,0.914474,28.327762,0.921569,27.357451
0.035,700,0.15,0.85,18,5,0.9,7.956205,12.9795,0.921053,29.9585,0.934641,28.891922
0.035,700,0.15,0.85,18,5,1.0,6.541824,13.5147,0.914474,27.816945,0.895425,26.598343
0.035,700,0.15,0.85,20,4,0.8,6.571159,14.2711,0.921053,28.155288,0.934641,27.413447
0.035,700,0.15,0.85,20,4,0.9,6.545808,14.2743,0.907895,28.348962,0.915033,27.365954
0.035,700,0.15,0.85,20,4,1.0,6.416916,14.8953,0.914474,28.538304,0.928105,27.729174
0.035,700,0.15,0.85,20,5,0.8,7.928325,12.9598,0.914474,29.678308,0.941176,28.816478
0.035,700,0.15,0.85,20,5,0.9,7.238867,12.9898,0.914474,28.439004,0.915033,27.467523
0.035,700,0.15,0.85,20,5,1.0,6.575677,13.5184,0.914474,28.03083,0.915033,26.669737
0.035,700,0.15,0.85,22,4,0.8,6.73422,14.0798,0.921053,28.337774,0.921569,27.548277
0.035,700,0.15,0.85,22,4,0.9,6.519437,14.4849,0.914474,28.259911,0.928105,27.523822
0.035,700,0.15,0.85,22,4,1.0,6.192714,14.7609,0.927632,28.170968,0.921569,27.14632
0.035,700,0.15,0.85,22,5,0.8,7.216417,13.1184,0.907895,28.417317,0.934641,27.551255
0.035,700,0.15,0.85,22,5,0.9,7.102914,13.3994,0.914474,28.490246,0.921569,27.605219
0.035,700,0.15,0.85,22,5,1.0,6.169908,13.6464,0.914474,27.056964,0.895425,25.986194
0.035,700,0.15,0.85,25,4,0.8,6.373652,14.5252,0.921053,28.058714,0.915033,27.272455
0.035,700,0.15,0.85,25,4,0.9,6.292638,14.6927,0.907895,28.060665,0.921569,27.277952
0.035,700,0.15,0.85,25,4,1.0,5.166362,15.1328,0.894737,26.153744,0.908497,25.465559
0.035,700,0.15,0.85,25,5,0.8,7.56419,13.4926,0.921053,29.528563,0.934641,28.620988
0.035,700,0.15,0.85,25,5,0.9,7.195266,13.5538,0.914474,28.675059,0.928105,27.944354
0.035,700,0.15,0.85,25,5,1.0,6.906657,14.0876,0.921053,28.35832,0.928105,27.900883
0.035,700,0.15,0.85,30,4,0.8,7.327112,14.6145,0.921053,29.750937,0.947712,29.268745
0.035,700,0.15,0.85,30,4,0.9,6.105204,14.7296,0.894737,27.462045,0.928105,26.940058
0.035,700,0.15,0.85,30,4,1.0,6.192337,15.0488,0.907895,28.279449,0.934641,27.43345
0.035,700,0.15,0.85,30,5,0.8,7.330019,13.7442,0.921053,29.056884,0.915033,28.404213
0.035,700,0.15,0.85,30,5,0.9,7.154475,13.7093,0.914474,28.542618,0.934641,28.018211
0.035,700,0.15,0.85,30,5,1.0,6.786807,14.391,0.907895,28.576886,0.934641,27.964602
0.035,700,0.2,0.8,15,4,0.8,8.343549,11.4827,0.901316,28.763871,0.928105,28.169782
0.035,700,0.2,0.8,15,4,0.9,8.371982,11.5972,0.914474,29.11887,0.921569,28.341191
0.035,700,0.2,0.8,15,4,1.0,7.15091,12.4444,0.894737,27.537729,0.908497,26.746233
0.035,700,0.2,0.8,15,5,0.8,8.179912,10.7179,0.901316,27.765335,0.901961,27.077744
0.035,700,0.2,0.8,15,5,0.9,8.31397,10.6777,0.894737,28.310118,0.908497,27.305671
0.035,700,0.2,0.8,15,5,1.0,7.806491,11.3379,0.901316,27.770088,0.921569,26.950917
0.035,700,0.2,0.8,18,4,0.8,8.519003,11.4187,0.914474,29.292108,0.928105,28.456735
0.035,700,0.2,0.8,18,4,0.9,7.772996,11.6303,0.894737,28.052912,0.901961,27.176276
0.035,700,0.2,0.8,18,4,1.0,7.559043,11.9505,0.894737,27.94204,0.888889,27.068629
0.035,700,0.2,0.8,18,5,0.8,8.704251,10.6534,0.907895,28.784496,0.908497,28.061907
0.035,700,0.2,0.8,18,5,0.9,8.802325,10.7942,0.907895,29.274511,0.921569,28.398889
0.035,700,0.2,0.8,18,5,1.0,8.088239,11.7254,0.901316,28.741122,0.901961,27.901897
0.035,700,0.2,0.8,20,4,0.8,8.503549,11.5766,0.894737,29.263792,0.947712,28.583663
0.035,700,0.2,0.8,20,4,0.9,8.252588,11.4715,0.914474,28.883418,0.921569,27.976663
0.035,700,0.2,0.8,20,4,1.0,7.821285,12.1703,0.888158,28.49371,0.915033,27.812847
0.035,700,0.2,0.8,20,5,0.8,8.738246,10.6719,0.901316,28.662542,0.915033,28.148364
0.035,700,0.2,0.8,20,5,0.9,8.786918,10.8082,0.907895,29.249826,0.915033,28.382056
0.035,700,0.2,0.8,20,5,1.0,7.790843,11.2485,0.894737,28.017998,0.895425,26.830169
0.035,700,0.2,0.8,22,4,0.8,8.780978,11.6824,0.921053,29.738333,0.934641,29.244385
0.035,700,0.2,0.8,22,4,0.9,8.212179,11.843,0.914474,29.05638,0.921569,28.2674
0.035,700,0.2,0.8,22,4,1.0,7.82085,12.3767,0.907895,28.800143,0.928105,28.018432
0.035,700,0.2,0.8,22,5,0.8,8.92933,10.8282,0.921053,29.307396,0.915033,28.686861
0.035,700,0.2,0.8,22,5,0.9,8.333466,11.3665,0.901316,28.783337,0.908497,28.033425
0.035,700,0.2,0.8,22,5,1.0,8.382274,11.3916,0.921053,29.153904,0.908497,28.156194
0.035,700,0.2,0.8,25,4,0.8,8.720888,11.7291,0.921053,29.698788,0.934641,29.170843
0.035,700,0.2,0.8,25,4,0.9,8.306019,11.7607,0.901316,29.133423,0.901961,28.372788
0.035,700,0.2,0.8,25,4,1.0,8.030592,12.2155,0.921053,29.265647,0.915033,28.276725
0.035,700,0.2,0.8,25,5,0.8,9.114733,11.0027,0.914474,29.758689,0.934641,29.232172
0.035,700,0.2,0.8,25,5,0.9,9.029368,11.1824,0.914474,29.875992,0.915033,29.241181
0.035,700,0.2,0.8,25,5,1.0,8.321919,11.5243,0.914474,29.119613,0.928105,28.168125
0.035,700,0.2,0.8,30,4,0.8,7.989542,11.9952,0.894737,28.503307,0.908497,27.974259
0.035,700,0.2,0.8,30,4,0.9,9.039156,11.8025,0.914474,30.548994,0.947712,29.880805
0.035,700,0.2,0.8,30,4,1.0,8.568255,12.348,0.921053,30.128478,0.947712,29.484521
0.035,700,0.2,0.8,30,5,0.8,8.852707,11.1254,0.921053,29.671876,0.928105,28.830813
0.035,700,0.2,0.8,30,5,0.9,8.71575,11.4395,0.907895,29.524171,0.928105,28.871023
0.035,700,0.2,0.8,30,5,1.0,8.678108,11.8039,0.907895,29.844745,0.947712,29.160108
0.035,800,0.15,0.85,15,4,0.8,6.798748,13.6529,0.921053,28.183246,0.928105,27.250408
0.035,800,0.15,0.85,15,4,0.9,6.101343,13.7763,0.901316,26.912297,0.901961,25.979001
0.035,800,0.15,0.85,15,4,1.0,6.062833,14.684,0.907895,27.848891,0.908497,26.809651
0.035,800,0.15,0.85,15,5,0.8,7.669587,12.5746,0.914474,28.834689,0.915033,27.913812
0.035,800,0.15,0.85,15,5,0.9,7.119742,12.7344,0.921053,27.846182,0.888889,26.973865
0.035,800,0.15,0.85,15,5,1.0,6.572934,13.5086,0.914474,27.609746,0.888889,26.654442
0.035,800,0.15,0.85,18,4,0.8,7.125525,13.925,0.914474,28.951609,0.947712,28.176049
0.035,800,0.15,0.85,18,4,0.9,6.60535,14.0548,0.914474,28.332958,0.915033,27.265482
0.035,800,0.15,0.85,18,4,1.0,6.039703,14.6558,0.914474,27.781644,0.928105,26.735222
0.035,800,0.15,0.85,18,5,0.8,7.479018,12.8706,0.914474,28.772469,0.921569,27.828669
0.035,800,0.15,0.85,18,5,0.9,7.813848,12.8047,0.914474,29.504212,0.934641,28.432428
0.035,800,0.15,0.85,18,5,1.0,6.76155,13.3151,0.914474,28.009067,0.901961,26.838216
0.035,800,0.15,0.85,20,4,0.8,6.933324,13.9999,0.921053,28.615601,0.954248,27.866536
0.035,800,0.15,0.85,20,4,0.9,6.628253,14.0755,0.907895,28.324995,0.908497,27.331992
0.035,800,0.15,0.85,20,4,1.0,6.32735,14.7345,0.907895,28.145401,0.921569,27.389221
0.035,800,0.15,0.85,20,5,0.8,8.111894,12.7354,0.914474,29.799362,0.941176,28.959237
0.035,800,0.15,0.85,20,5,0.9,7.253052,12.7604,0.914474,28.237481,0.908497,27.266538
0.035,800,0.15,0.85,20,5,1.0,6.783181,13.3837,0.921053,28.260233,0.915033,26.950025
0.035,800,0.15,0.85,22,4,0.8,6.898183,13.8676,0.914474,28.459114,0.921569,27.66393
0.035,800,0.15,0.85,22,4,0.9,6.512882,14.3058,0.907895,28.035564,0.934641,27.331561
0.035,800,0.15,0.85,22,4,1.0,6.268933,14.6614,0.914474,28.227131,0.915033,27.199233
0.035,800,0.15,0.85,22,5,0.8,7.485751,12.9502,0.914474,28.779274,0.941176,27.92174
0.035,800,0.15,0.85,22,5,0.9,7.317052,13.1971,0.914474,28.703861,0.928105,27.831172
0.035,800,0.15,0.85,22,5,1.0,6.498635,13.4112,0.914474,27.435313,0.901961,26.408513
0.035,800,0.15,0.85,25,4,0.8,6.552362,14.2634,0.921053,28.138559,0.928105,27.36813
0.035,800,0.15,0.85,25,4,0.9,6.462918,14.4534,0.914474,28.157549,0.921569,27.379261
0.035,800,0.15,0.85,25,4,1.0,5.264621,14.9636,0.894737,26.138104,0.908497,25.492841
0.035,800,0.15,0.85,25,5,0.8,7.577365,13.2966,0.921053,29.335979,0.941176,28.451374
0.035,800,0.15,0.85,25,5,0.9,7.241334,13.3335,0.907895,28.529576,0.928105,27.816183
0.035,800,0.15,0.85,25,5,1.0,7.032363,13.8958,0.921053,28.353254,0.934641,27.960568
0.035,800,0.15,0.85,30,4,0.8,7.397447,14.4055,0.927632,29.6694,0.947712,29.200437
0.035,800,0.15,0.85,30,4,0.9,6.256971,14.5896,0.901316,27.60503,0.934641,27.103565
0.035,800,0.15,0.85,30,4,1.0,6.345686,14.8812,0.907895,28.38015,0.934641,27.572557
0.035,800,0.15,0.85,30,5,0.8,7.566759,13.5278,0.921053,29.30521,0.928105,28.661361
0.035,800,0.15,0.85,30,5,0.9,7.509252,13.5196,0.921053,29.031,0.934641,28.538134
0.035,800,0.15,0.85,30,5,1.0,7.425932,14.1382,0.921053,29.599037,0.954248,28.990025
0.035,800,0.2,0.8,15,4,0.8,8.365886,11.3117,0.901316,28.61811,0.915033,28.043449
0.035,800,0.2,0.8,15,4,0.9,8.53166,11.4789,0.914474,29.279876,0.921569,28.542255
0.035,800,0.2,0.8,15,4,1.0,7.412273,12.3223,0.901316,27.91402,0.915033,27.146878
0.035,800,0.2,0.8,15,5,0.8,8.271604,10.4879,0.901316,27.704346,0.901961,27.031115
0.035,800,0.2,0.8,15,5,0.9,8.424984,10.4484,0.888158,28.353816,0.908497,27.29835
0.035,800,0.2,0.8,15,5,1.0,7.803616,11.2609,0.894737,27.642979,0.915033,26.86815
0.035,800,0.2,0.8,18,4,0.8,8.711369,11.2266,0.914474,29.455181,0.928105,28.649377
0.035,800,0.2,0.8,18,4,0.9,7.916663,11.4655,0.894737,28.150088,0.901961,27.29878
0.035,800,0.2,0.8,18,4,1.0,7.676557,11.8227,0.894737,28.013126,0.908497,27.175769
0.035,800,0.2,0.8,18,5,0.8,8.812205,10.497,0.914474,28.858121,0.908497,28.121451
0.035,800,0.2,0.8,18,5,0.9,8.890971,10.6329,0.907895,29.293333,0.921569,28.414793
0.035,800,0.2,0.8,18,5,1.0,8.559849,11.543,0.914474,29.488294,0.934641,28.662707
0.035,800,0.2,0.8,20,4,0.8,8.581473,11.4296,0.894737,29.263307,0.941176,28.592552
0.035,800,0.2,0.8,20,4,0.9,8.252831,11.3277,0.901316,28.706932,0.915033,27.833353
0.035,800,0.2,0.8,20,4,1.0,7.79081,12.0355,0.894737,28.281724,0.915033,27.617137
0.035,800,0.2,0.8,20,5,0.8,8.932633,10.5115,0.907895,28.858992,0.921569,28.376765
0.035,800,0.2,0.8,20,5,0.9,8.937523,10.6596,0.907895,29.360743,0.921569,28.534602
0.035,800,0.2,0.8,20,5,1.0,7.764915,11.1262,0.888158,27.822579,0.895425,26.65607
0.035,800,0.2,0.8,22,4,0.8,8.721547,11.5339,0.914474,29.436953,0.928105,28.977011
0.035,800,0.2,0.8,22,4,0.9,8.34304,11.679,0.914474,29.144355,0.928105,28.365062
0.035,800,0.2,0.8,22,4,1.0,8.072696,12.2736,0.914474,29.183103,0.934641,28.419025
0.035,800,0.2,0.8,22,5,0.8,9.100181,10.6379,0.921053,29.423159,0.915033,28.838227
0.035,800,0.2,0.8,22,5,0.9,8.53205,11.2166,0.901316,29.007358,0.915033,28.28074
0.035,800,0.2,0.8,22,5,1.0,8.390815,11.1875,0.921053,28.969026,0.908497,27.969132
0.035,800,0.2,0.8,25,4,0.8,8.81038,11.5332,0.921053,29.640476,0.928105,29.153977
0.035,800,0.2,0.8,25,4,0.9,8.307135,11.5931,0.901316,28.961834,0.901961,28.207376
0.035,800,0.2,0.8,25,4,1.0,8.417099,12.0602,0.921053,29.839803,0.928105,28.894422
0.035,800,0.2,0.8,25,5,0.8,9.12095,10.8831,0.914474,29.65112,0.928105,29.125014
0.035,800,0.2,0.8,25,5,0.9,9.357645,11.0259,0.914474,30.369511,0.928105,29.741211
0.035,800,0.2,0.8,25,5,1.0,8.375965,11.3666,0.914474,29.037805,0.928105,28.118543
0.035,800,0.2,0.8,30,4,0.8,8.367871,11.815,0.894737,29.073427,0.934641,28.550719
0.035,800,0.2,0.8,30,4,0.9,9.070514,11.6409,0.907895,30.407197,0.947712,29.781879
0.035,800,0.2,0.8,30,4,1.0,8.83235,12.1482,0.914474,30.464319,0.947712,29.812888
0.035,800,0.2,0.8,30,5,0.8,8.793974,10.9735,0.914474,29.363264,0.928105,28.561475
0.035,800,0.2,0.8,30,5,0.9,8.790678,11.2806,0.907895,29.491448,0.928105,28.861976
0.035,800,0.2,0.8,30,5,1.0,8.686345,11.6701,0.907895,29.732322,0.928105,29.04279
0.04,400,0.15,0.85,15,4,0.8,6.766983,14.7121,0.914474,29.340389,0.928105,28.246033
0.04,400,0.15,0.85,15,4,0.9,6.149479,14.6753,0.914474,28.039391,0.934641,26.974273
0.04,400,0.15,0.85,15,4,1.0,5.380716,15.1706,0.901316,27.054317,0.888889,25.932053
0.04,400,0.15,0.85,15,5,0.8,6.849315,13.5314,0.907895,28.474734,0.921569,27.229983
0.04,400,0.15,0.85,15,5,0.9,6.39807,13.9592,0.907895,27.711587,0.921569,26.755322
0.04,400,0.15,0.85,15,5,1.0,5.04948,14.2345,0.868421,25.745639,0.875817,24.333429
0.04,400,0.15,0.85,18,4,0.8,6.717949,14.8218,0.934211,29.358414,0.947712,28.257696
0.04,400,0.15,0.85,18,4,0.9,6.3883,14.9628,0.921053,28.644687,0.921569,27.739425
0.04,400,0.15,0.85,18,4,1.0,5.208689,15.2177,0.901316,26.632508,0.888889,25.635042
0.04,400,0.15,0.85,18,5,0.8,7.010811,13.6687,0.907895,28.887013,0.921569,27.690347
0.04,400,0.15,0.85,18,5,0.9,6.561425,13.7766,0.907895,27.911211,0.901961,26.899403
0.04,400,0.15,0.85,18,5,1.0,5.871207,14.4024,0.894737,27.473544,0.888889,26.144828
0.04,400,0.15,0.85,20,4,0.8,6.314147,15.0492,0.907895,28.414608,0.928105,27.677509
0.04,400,0.15,0.85,20,4,0.9,6.152459,15.1345,0.914474,28.329426,0.928105,27.43938
0.04,400,0.15,0.85,20,4,1.0,5.737466,15.419,0.914474,28.183089,0.915033,26.893913
0.04,400,0.15,0.85,20,5,0.8,6.759936,14.0301,0.921053,28.463713,0.901961,27.549979
0.04,400,0.15,0.85,20,5,0.9,6.360951,13.9437,0.914474,27.599038,0.888889,26.665649
0.04,400,0.15,0.85,20,5,1.0,5.96083,14.4679,0.894737,27.42186,0.888889,26.389517
0.04,400,0.15,0.85,22,4,0.8,6.571255,14.8359,0.921053,28.894985,0.947712,27.978439
0.04,400,0.15,0.85,22,4,0.9,5.675608,15.2728,0.901316,27.471324,0.908497,26.62403
0.04,400,0.15,0.85,22,4,1.0,5.034153,15.4743,0.907895,26.550805,0.901961,25.542574
0.04,400,0.15,0.85,22,5,0.8,7.243498,13.9801,0.907895,29.363328,0.934641,28.467085
0.04,400,0.15,0.85,22,5,0.9,6.529908,14.0699,0.914474,28.054763,0.915033,27.129704
0.04,400,0.15,0.85,22,5,1.0,7.17096,14.1306,0.934211,29.425459,0.915033,28.472511
0.04,400,0.15,0.85,25,4,0.8,6.427833,14.9375,0.914474,28.685342,0.928105,27.79314
0.04,400,0.15,0.85,25,4,0.9,6.109037,15.3007,0.907895,28.312459,0.928105,27.518792
0.04,400,0.15,0.85,25,4,1.0,5.90291,15.3465,0.921053,28.139427,0.915033,27.152297
0.04,400,0.15,0.85,25,5,0.8,7.096627,14.0018,0.921053,29.256785,0.941176,28.195076
0.04,400,0.15,0.85,25,5,0.9,6.267328,14.3866,0.907895,27.662491,0.928105,26.921269
0.04,400,0.15,0.85,25,5,1.0,5.776002,15.0202,0.901316,27.293556,0.901961,26.572238
0.04,400,0.15,0.85,30,4,0.8,6.668143,14.9914,0.927632,29.087185,0.941176,28.327657
0.04,400,0.15,0.85,30,4,0.9,5.651944,15.3151,0.914474,27.429865,0.915033,26.618989
0.04,400,0.15,0.85,30,4,1.0,5.213188,15.6415,0.894737,26.823842,0.908497,26.067844
0.04,400,0.15,0.85,30,5,0.8,6.885918,14.273,0.921053,28.747612,0.934641,28.044799
0.04,400,0.15,0.85,30,5,0.9,6.340615,14.47,0.907895,27.704022,0.934641,27.151229
0.04,400,0.15,0.85,30,5,1.0,5.720642,14.6721,0.894737,27.043914,0.895425,26.113374
0.04,400,0.2,0.8,15,4,0.8,7.366214,11.9413,0.901316,27.442606,0.901961,26.673708
0.04,400,0.2,0.8,15,4,0.9,7.638294,12.0349,0.907895,28.091723,0.908497,27.311495
0.04,400,0.2,0.8,15,4,1.0,7.084815,12.3239,0.901316,27.414638,0.895425,26.49357
0.04,400,0.2,0.8,15,5,0.8,8.905702,11.1299,0.907895,29.689526,0.934641,28.941276
0.04,400,0.2,0.8,15,5,0.9,8.299268,11.1785,0.901316,28.657702,0.928105,27.777015
0.04,400,0.2,0.8,15,5,1.0,8.131059,11.7055,0.914474,28.933989,0.934641,27.967579
0.04,400,0.2,0.8,18,4,0.8,8.089237,12.0784,0.907895,29.148692,0.928105,28.256866
0.04,400,0.2,0.8,18,4,0.9,8.010048,12.2253,0.901316,29.032637,0.901961,28.245367
0.04,400,0.2,0.8,18,4,1.0,7.317609,12.5208,0.901316,27.964411,0.901961,27.156052
0.04,400,0.2,0.8,18,5,0.8,8.226572,11.4505,0.907895,28.521735,0.934641,27.903639
0.04,400,0.2,0.8,18,5,0.9,8.126157,11.479,0.914474,28.732045,0.915033,27.731301
0.04,400,0.2,0.8,18,5,1.0,7.650247,11.5779,0.894737,28.069145,0.934641,26.878405
0.04,400,0.2,0.8,20,4,0.8,7.918435,12.132,0.914474,28.751155,0.915033,27.968867
0.04,400,0.2,0.8,20,4,0.9,7.555134,12.2985,0.901316,28.162235,0.901961,27.408787
0.04,400,0.2,0.8,20,4,1.0,7.101202,12.5315,0.888158,27.482939,0.901961,26.733939
0.04,400,0.2,0.8,20,5,0.8,8.403969,11.4044,0.914474,28.914884,0.921569,28.212319
0.04,400,0.2,0.8,20,5,0.9,8.432567,11.5615,0.921053,29.295295,0.934641,28.42666
0.04,400,0.2,0.8,20,5,1.0,7.618411,11.8047,0.894737,28.136711,0.895425,27.041526
0.04,400,0.2,0.8,22,4,0.8,7.898113,12.2032,0.907895,28.761515,0.921569,27.999448
0.04,400,0.2,0.8,22,4,0.9,8.157417,12.3634,0.901316,29.481169,0.934641,28.678223
0.04,400,0.2,0.8,22,4,1.0,7.126044,12.5588,0.901316,27.923725,0.908497,26.810852
0.04,400,0.2,0.8,22,5,0.8,8.547797,11.5724,0.914474,29.320186,0.928105,28.667965
0.04,400,0.2,0.8,22,5,0.9,8.255745,11.7797,0.921053,28.969519,0.921569,28.291153
0.04,400,0.2,0.8,22,5,1.0,7.900824,11.9708,0.921053,28.694523,0.921569,27.772425
0.04,400,0.2,0.8,25,4,0.8,8.197441,12.3692,0.914474,29.475099,0.928105,28.764059
0.04,400,0.2,0.8,25,4,0.9,8.161431,12.3077,0.901316,29.18527,0.928105,28.630539
0.04,400,0.2,0.8,25,4,1.0,7.370585,12.9336,0.914474,28.434557,0.928105,27.674721
0.04,400,0.2,0.8,25,5,0.8,8.423188,11.7364,0.921053,29.207083,0.921569,28.58282
0.04,400,0.2,0.8,25,5,0.9,8.618941,11.5896,0.927632,29.772749,0.928105,28.827471
0.04,400,0.2,0.8,25,5,1.0,8.267399,11.9095,0.907895,28.991679,0.928105,28.444328
0.04,400,0.2,0.8,30,4,0.8,8.129994,12.4701,0.914474,29.304509,0.941176,28.730114
0.04,400,0.2,0.8,30,4,0.9,8.312481,12.5429,0.914474,29.727384,0.921569,29.167899
0.04,400,0.2,0.8,30,4,1.0,8.055015,12.7001,0.914474,29.632423,0.934641,28.810179
0.04,400,0.2,0.8,30,5,0.8,8.419116,11.8613,0.927632,29.169288,0.928105,28.699484
0.04,400,0.2,0.8,30,5,0.9,8.645238,11.9363,0.921053,29.771814,0.934641,29.226746
0.04,400,0.2,0.8,30,5,1.0,8.112348,12.0501,0.907895,29.229014,0.928105,28.274801
0.04,450,0.15,0.85,15,4,0.8,6.9302,14.5238,0.927632,29.512486,0.928105,28.384202
0.04,450,0.15,0.85,15,4,0.9,6.11282,14.4821,0.914474,27.75984,0.921569,26.707783
0.04,450,0.15,0.85,15,4,1.0,5.768911,14.9903,0.914474,27.644689,0.908497,26.528152
0.04,450,0.15,0.85,15,5,0.8,7.360455,13.2687,0.921053,29.227703,0.921569,27.989637
0.04,450,0.15,0.85,15,5,0.9,6.903507,13.7376,0.914474,28.453186,0.928105,27.54458
0.04,450,0.15,0.85,15,5,1.0,5.149244,14.0912,0.875,25.804673,0.875817,24.389676
0.04,450,0.15,0.85,18,4,0.8,6.691463,14.6221,0.934211,29.077948,0.947712,28.005027
0.04,450,0.15,0.85,18,4,0.9,6.590241,14.6894,0.921053,28.809422,0.941176,27.869909
0.04,450,0.15,0.85,18,4,1.0,5.239012,15.0597,0.901316,26.543093,0.895425,25.537709
0.04,450,0.15,0.85,18,5,0.8,6.968208,13.5059,0.907895,28.614354,0.915033,27.442289
0.04,450,0.15,0.85,18,5,0.9,6.75327,13.6155,0.907895,28.091731,0.915033,27.12207
0.04,450,0.15,0.85,18,5,1.0,5.994407,14.243,0.894737,27.557257,0.888889,26.231809
0.04,450,0.15,0.85,20,4,0.8,6.21266,14.85,0.907895,27.949406,0.921569,27.275298
0.04,450,0.15,0.85,20,4,0.9,6.278361,14.882,0.907895,28.308545,0.934641,27.438722
0.04,450,0.15,0.85,20,4,1.0,5.832411,15.2353,0.914474,28.183514,0.915033,26.900098
0.04,450,0.15,0.85,20,5,0.8,7.149146,13.8085,0.927632,29.00932,0.908497,28.10682
0.04,450,0.15,0.85,20,5,0.9,6.513269,13.7122,0.907895,27.661284,0.888889,26.73876
0.04,450,0.15,0.85,20,5,1.0,6.229366,14.3139,0.894737,27.801054,0.901961,26.772624
0.04,450,0.15,0.85,22,4,0.8,6.734576,14.6456,0.921053,28.971438,0.947712,28.114744
0.04,450,0.15,0.85,22,4,0.9,5.942458,15.0602,0.901316,27.809376,0.915033,26.94515
0.04,450,0.15,0.85,22,4,1.0,5.176588,15.3369,0.901316,26.697288,0.901961,25.690121
0.04,450,0.15,0.85,22,5,0.8,7.41456,13.8527,0.914474,29.572047,0.934641,28.681822
0.04,450,0.15,0.85,22,5,0.9,6.687148,13.8639,0.914474,28.137092,0.915033,27.238199
0.04,450,0.15,0.85,22,5,1.0,7.279392,13.9529,0.934211,29.44515,0.915033,28.511668
0.04,450,0.15,0.85,25,4,0.8,6.744356,14.7651,0.914474,29.14766,0.934641,28.253816
0.04,450,0.15,0.85,25,4,0.9,6.243487,15.084,0.907895,28.355886,0.934641,27.570938
0.04,450,0.15,0.85,25,4,1.0,5.913095,15.1167,0.914474,27.929235,0.915033,26.942897
0.04,450,0.15,0.85,25,5,0.8,7.353395,13.7223,0.921053,29.478867,0.947712,28.429047
0.04,450,0.15,0.85,25,5,0.9,6.51334,14.149,0.907895,27.89003,0.928105,27.175637
0.04,450,0.15,0.85,25,5,1.0,5.856783,14.8409,0.907895,27.28213,0.908497,26.554451
0.04,450,0.15,0.85,30,4,0.8,6.701761,14.8787,0.927632,28.979978,0.941176,28.282265
0.04,450,0.15,0.85,30,4,0.9,5.943401,15.0901,0.914474,27.750907,0.915033,26.976893
0.04,450,0.15,0.85,30,4,1.0,5.37295,15.5298,0.901316,27.064965,0.915033,26.27574
0.04,450,0.15,0.85,30,5,0.8,6.850484,14.0935,0.921053,28.494771,0.921569,27.794451
0.04,450,0.15,0.85,30,5,0.9,6.422138,14.2345,0.907895,27.627643,0.928105,27.078818
0.04,450,0.15,0.85,30,5,1.0,6.021726,14.4545,0.907895,27.362405,0.901961,26.497931
0.04,450,0.2,0.8,15,4,0.8,7.432729,11.7584,0.907895,27.36034,0.901961,26.623874
0.04,450,0.2,0.8,15,4,0.9,7.688204,11.8791,0.901316,28.039533,0.908497,27.255527
0.04,450,0.2,0.8,15,4,1.0,7.086045,12.2818,0.901316,27.361104,0.895425,26.453886
0.04,450,0.2,0.8,15,5,0.8,9.021306,10.9353,0.907895,29.711556,0.934641,28.977956
0.04,450,0.2,0.8,15,5,0.9,8.285854,11.009,0.901316,28.442722,0.928105,27.580728
0.04,450,0.2,0.8,15,5,1.0,8.283182,11.5756,0.914474,29.065791,0.934641,28.141946
0.04,450,0.2,0.8,18,4,0.8,8.140536,11.9325,0.901316,29.062625,0.928105,28.213528
0.04,450,0.2,0.8,18,4,0.9,8.335414,12.0758,0.901316,29.496122,0.934641,28.746615
0.04,450,0.2,0.8,18,4,1.0,7.018949,12.38,0.894737,27.230902,0.895425,26.417882
0.04,450,0.2,0.8,18,5,0.8,8.405121,11.2558,0.914474,28.653866,0.934641,28.066068
0.04,450,0.2,0.8,18,5,0.9,8.048726,11.3161,0.914474,28.379099,0.901961,27.413546
0.04,450,0.2,0.8,18,5,1.0,7.731247,11.4536,0.901316,28.107704,0.934641,26.916056
0.04,450,0.2,0.8,20,4,0.8,8.122449,11.9347,0.914474,28.967946,0.915033,28.179639
0.04,450,0.2,0.8,20,4,0.9,7.887845,12.1827,0.901316,28.689188,0.901961,27.958426
0.04,450,0.2,0.8,20,4,1.0,7.141201,12.4242,0.888158,27.455874,0.901961,26.706558
0.04,450,0.2,0.8,20,5,0.8,8.390024,11.2433,0.914474,28.701108,0.921569,28.023379
0.04,450,0.2,0.8,20,5,0.9,8.438341,11.4204,0.914474,29.144951,0.934641,28.297042
0.04,450,0.2,0.8,20,5,1.0,7.991369,11.6133,0.894737,28.687442,0.908497,27.596042
0.04,450,0.2,0.8,22,4,0.8,8.02054,12.0628,0.914474,28.866783,0.928105,28.103887
0.04,450,0.2,0.8,22,4,0.9,8.142499,12.2581,0.901316,29.331378,0.928105,28.543117
0.04,450,0.2,0.8,22,4,1.0,7.114296,12.4835,0.901316,27.784543,0.901961,26.712141
0.04,450,0.2,0.8,22,5,0.8,8.542536,11.4303,0.914474,29.183005,0.928105,28.515353
0.04,450,0.2,0.8,22,5,0.9,8.463167,11.5468,0.921053,29.137892,0.921569,28.473155
0.04,450,0.2,0.8,22,5,1.0,8.166963,11.7863,0.927632,29.070109,0.921569,28.120276
0.04,450,0.2,0.8,25,4,0.8,8.315755,12.2766,0.907895,29.560913,0.941176,28.908137
0.04,450,0.2,0.8,25,4,0.9,8.455349,12.1654,0.914474,29.629251,0.928105,29.07605
0.04,450,0.2,0.8,25,4,1.0,7.55799,12.841,0.914474,28.687503,0.928105,27.956975
0.04,450,0.2,0.8,25,5,0.8,8.651126,11.5727,0.927632,29.491971,0.928105,28.87492
0.04,450,0.2,0.8,25,5,0.9,8.741232,11.3754,0.927632,29.817203,0.928105,28.857866
0.04,450,0.2,0.8,25,5,1.0,8.269083,11.7835,0.914474,28.865635,0.928105,28.321711
0.04,450,0.2,0.8,30,4,0.8,8.291929,12.3756,0.914474,29.517593,0.941176,28.959507
0.04,450,0.2,0.8,30,4,0.9,8.27097,12.4421,0.901316,29.507837,0.921569,28.98408
0.04,450,0.2,0.8,30,4,1.0,8.097343,12.5863,0.914474,29.618358,0.934641,28.780954
0.04,450,0.2,0.8,30,5,0.8,8.446826,11.6761,0.921053,29.013684,0.928105,28.569725
0.04,450,0.2,0.8,30,5,0.9,9.027004,11.7957,0.921053,30.36234,0.941176,29.849708
0.04,450,0.2,0.8,30,5,1.0,8.205889,11.8405,0.907895,29.217777,0.928105,28.252288
0.04,500,0.15,0.85,15,4,0.8,6.968889,14.3507,0.927632,29.409767,0.921569,28.288507
0.04,500,0.15,0.85,15,4,0.9,6.472237,14.3063,0.914474,28.258196,0.941176,27.250802
0.04,500,0.15,0.85,15,4,1.0,6.115588,14.8238,0.921053,28.180738,0.915033,27.054979
0.04,500,0.15,0.85,15,5,0.8,7.514311,13.0744,0.921053,29.30654,0.921569,28.102997
0.04,500,0.15,0.85,15,5,0.9,6.904906,13.529,0.907895,28.223126,0.921569,27.338821
0.04,500,0.15,0.85,15,5,1.0,5.349983,13.8857,0.881579,25.939457,0.882353,24.585706
0.04,500,0.15,0.85,18,4,0.8,6.849448,14.4069,0.927632,29.182875,0.941176,28.10579
0.04,500,0.15,0.85,18,4,0.9,6.543761,14.5011,0.921053,28.570145,0.928105,27.588606
0.04,500,0.15,0.85,18,4,1.0,5.253236,14.9068,0.901316,26.44299,0.888889,25.413309
0.04,500,0.15,0.85,18,5,0.8,7.019098,13.3107,0.894737,28.497413,0.915033,27.348911
0.04,500,0.15,0.85,18,5,0.9,6.849974,13.4448,0.914474,28.097549,0.915033,27.144769
0.04,500,0.15,0.85,18,5,1.0,6.218128,14.092,0.901316,27.883191,0.888889,26.528295
0.04,500,0.15,0.85,20,4,0.8,6.267551,14.6879,0.907895,27.879227,0.921569,27.222992
0.04,500,0.15,0.85,20,4,0.9,6.441141,14.6898,0.907895,28.427561,0.941176,27.572064
0.04,500,0.15,0.85,20,4,1.0,5.849573,15.1353,0.914474,28.065393,0.915033,26.834467
0.04,500,0.15,0.85,20,5,0.8,7.110387,13.5679,0.921053,28.680136,0.908497,27.788689
0.04,500,0.15,0.85,20,5,0.9,6.90267,13.483,0.914474,28.228337,0.921569,27.288374
0.04,500,0.15,0.85,20,5,1.0,6.359335,14.1968,0.907895,27.964918,0.901961,26.915493
0.04,500,0.15,0.85,22,4,0.8,6.530011,14.5112,0.907895,28.392892,0.947712,27.571201
0.04,500,0.15,0.85,22,4,0.9,5.916279,14.8961,0.901316,27.59695,0.915033,26.728678
0.04,500,0.15,0.85,22,4,1.0,5.262736,15.1938,0.901316,26.740221,0.895425,25.719291
0.04,500,0.15,0.85,22,5,0.8,7.345319,13.7466,0.914474,29.319782,0.934641,28.437239
0.04,500,0.15,0.85,22,5,0.9,6.799782,13.6871,0.914474,28.181679,0.921569,27.286672
0.04,500,0.15,0.85,22,5,1.0,7.31208,13.7627,0.934211,29.324705,0.921569,28.386821
0.04,500,0.15,0.85,25,4,0.8,6.813571,14.5994,0.914474,29.111754,0.941176,28.226563
0.04,500,0.15,0.85,25,4,0.9,6.224875,14.9747,0.907895,28.222127,0.928105,27.424427
0.04,500,0.15,0.85,25,4,1.0,5.966481,14.9928,0.907895,27.906887,0.915033,26.925802
0.04,500,0.15,0.85,25,5,0.8,7.31702,13.6291,0.921053,29.305728,0.947712,28.263168
0.04,500,0.15,0.85,25,5,0.9,6.64156,13.9343,0.907895,27.920037,0.928105,27.217404
0.04,500,0.15,0.85,25,5,1.0,6.223277,14.6651,0.907895,27.837165,0.915033,27.111685
0.04,500,0.15,0.85,30,4,0.8,6.686168,14.6999,0.921053,28.773476,0.934641,28.072252
0.04,500,0.15,0.85,30,4,0.9,6.130767,14.9115,0.914474,27.924526,0.921569,27.173062
0.04,500,0.15,0.85,30,4,1.0,5.488947,15.4571,0.901316,27.232887,0.915033,26.434986
0.04,500,0.15,0.85,30,5,0.8,6.907783,13.9318,0.921053,28.416891,0.928105,27.747404
0.04,500,0.15,0.85,30,5,0.9,6.795331,14.0743,0.914474,28.206367,0.934641,27.664961
0.04,500,0.15,0.85,30,5,1.0,6.150469,14.3739,0.907895,27.567283,0.901961,26.674872
0.04,500,0.2,0.8,15,4,0.8,7.661266,11.6783,0.907895,27.723348,0.901961,27.000827
0.04,500,0.2,0.8,15,4,0.9,8.241012,11.7334,0.914474,28.9893,0.921569,28.215437
0.04,500,0.2,0.8,15,4,1.0,7.082829,12.1805,0.901316,27.260065,0.888889,26.346206
0.04,500,0.2,0.8,15,5,0.8,8.901513,10.7812,0.907895,29.305748,0.928105,28.5842
0.04,500,0.2,0.8,15,5,0.9,8.438014,10.9066,0.901316,28.638736,0.921569,27.782624
0.04,500,0.2,0.8,15,5,1.0,8.359291,11.4569,0.914474,29.083783,0.934641,28.175451
0.04,500,0.2,0.8,18,4,0.8,8.160037,11.8033,0.901316,28.97679,0.934641,28.123325
0.04,500,0.2,0.8,18,4,0.9,8.653425,11.911,0.901316,29.944725,0.934641,29.217855
0.04,500,0.2,0.8,18,4,1.0,7.077299,12.2776,0.894737,27.24765,0.895425,26.432238
0.04,500,0.2,0.8,18,5,0.8,8.466128,11.1464,0.914474,28.671897,0.934641,28.078676
0.04,500,0.2,0.8,18,5,0.9,8.092316,11.1801,0.914474,28.336419,0.901961,27.364749
0.04,500,0.2,0.8,18,5,1.0,7.824284,11.3794,0.901316,28.198039,0.934641,27.02796
0.04,500,0.2,0.8,20,4,0.8,8.346809,11.7992,0.921053,29.261562,0.915033,28.492853
0.04,500,0.2,0.8,20,4,0.9,8.098034,12.0477,0.907895,28.942412,0.908497,28.243774
0.04,500,0.2,0.8,20,4,1.0,7.140369,12.3266,0.888158,27.339131,0.901961,26.607317
0.04,500,0.2,0.8,20,5,0.8,8.506608,11.0007,0.907895,28.70553,0.915033,28.013939
0.04,500,0.2,0.8,20,5,0.9,8.569381,11.2772,0.921053,29.259581,0.928105,28.41601
0.04,500,0.2,0.8,20,5,1.0,8.007584,11.4856,0.901316,28.579122,0.901961,27.500793
0.04,500,0.2,0.8,22,4,0.8,8.029397,11.9263,0.907895,28.750442,0.928105,27.985087
0.04,500,0.2,0.8,22,4,0.9,8.151258,12.1112,0.901316,29.166383,0.934641,28.413734
0.04,500,0.2,0.8,22,4,1.0,7.165768,12.3615,0.901316,27.78473,0.901961,26.693036
0.04,500,0.2,0.8,22,5,0.8,8.540172,11.2823,0.914474,29.014835,0.921569,28.362607
0.04,500,0.2,0.8,22,5,0.9,8.670942,11.4097,0.921053,29.418718,0.928105,28.751624
0.04,500,0.2,0.8,22,5,1.0,8.239575,11.6531,0.921053,29.076943,0.921569,28.132203
0.04,500,0.2,0.8,25,4,0.8,8.417753,12.1149,0.914474,29.61625,0.934641,28.950449
0.04,500,0.2,0.8,25,4,0.9,8.394935,12.0633,0.914474,29.414365,0.928105,28.853154
0.04,500,0.2,0.8,25,4,1.0,7.747768,12.6669,0.914474,28.845026,0.928105,28.162407
0.04,500,0.2,0.8,25,5,0.8,8.730125,11.4396,0.927632,29.541281,0.921569,28.899837
0.04,500,0.2,0.8,25,5,0.9,8.946449,11.2318,0.927632,30.051119,0.928105,29.124655
0.04,500,0.2,0.8,25,5,1.0,8.393713,11.6513,0.914474,28.988171,0.928105,28.438754
0.04,500,0.2,0.8,30,4,0.8,8.408558,12.2493,0.914474,29.604547,0.947712,29.066433
0.04,500,0.2,0.8,30,4,0.9,8.47542,12.334,0.914474,29.774679,0.921569,29.284849
0.04,500,0.2,0.8,30,4,1.0,8.138525,12.4867,0.907895,29.611466,0.928105,28.763763
0.04,500,0.2,0.8,30,5,0.8,8.559489,11.5261,0.921053,29.099153,0.928105,28.645053
0.04,500,0.2,0.8,30,5,0.9,9.02792,11.681,0.921053,30.239878,0.934641,29.736843
0.04,500,0.2,0.8,30,5,1.0,8.177333,11.7177,0.907895,29.039913,0.934641,28.072351
0.04,550,0.15,0.85,15,4,0.8,7.092881,14.1785,0.921053,29.492814,0.921569,28.364224
0.04,550,0.15,0.85,15,4,0.9,6.512618,14.1612,0.914474,28.200535,0.941176,27.186471
0.04,550,0.15,0.85,15,4,1.0,6.126324,14.6452,0.914474,28.050888,0.915033,26.897872
0.04,550,0.15,0.85,15,5,0.8,7.687745,12.9299,0.921053,29.514407,0.921569,28.305412
0.04,550,0.15,0.85,15,5,0.9,6.915239,13.3999,0.907895,28.099891,0.928105,27.23033
0.04,550,0.15,0.85,15,5,1.0,5.367902,13.7665,0.875,25.832056,0.875817,24.502339
0.04,550,0.15,0.85,18,4,0.8,6.912461,14.2623,0.934211,29.179224,0.941176,28.087232
0.04,550,0.15,0.85,18,4,0.9,6.700324,14.3692,0.921053,28.767458,0.934641,27.769869
0.04,550,0.15,0.85,18,4,1.0,5.43043,14.7485,0.907895,26.63764,0.888889,25.609311
0.04,550,0.15,0.85,18,5,0.8,6.976083,13.0729,0.894737,28.175478,0.901961,27.025035
0.04,550,0.15,0.85,18,5,0.9,6.948076,13.2855,0.914474,28.137673,0.915033,27.18165
0.04,550,0.15,0.85,18,5,1.0,6.296192,13.9153,0.901316,27.833694,0.888889,26.507677
0.04,550,0.15,0.85,20,4,0.8,6.314868,14.5155,0.907895,27.778147,0.921569,27.145212
0.04,550,0.15,0.85,20,4,0.9,6.520783,14.4972,0.907895,28.390031,0.941176,27.538786
0.04,550,0.15,0.85,20,4,1.0,5.907642,14.9976,0.914474,28.054838,0.908497,26.812924
0.04,550,0.15,0.85,20,5,0.8,7.187078,13.4063,0.921053,28.632563,0.908497,27.780474
0.04,550,0.15,0.85,20,5,0.9,7.076004,13.294,0.914474,28.384064,0.915033,27.445958
0.04,550,0.15,0.85,20,5,1.0,6.469145,14.033,0.907895,28.028134,0.901961,26.971306
0.04,550,0.15,0.85,22,4,0.8,6.699118,14.3758,0.907895,28.559165,0.941176,27.774079
0.04,550,0.15,0.85,22,4,0.9,5.860996,14.7859,0.901316,27.394683,0.908497,26.507885
0.04,550,0.15,0.85,22,4,1.0,5.513014,15.1045,0.907895,27.174423,0.901961,26.130522
0.04,550,0.15,0.85,22,5,0.8,7.438078,13.5382,0.907895,29.280202,0.934641,28.414372
0.04,550,0.15,0.85,22,5,0.9,6.961241,13.5155,0.907895,28.316176,0.921569,27.437987
0.04,550,0.15,0.85,22,5,1.0,7.312786,13.6439,0.934211,29.20241,0.921569,28.269471
0.04,550,0.15,0.85,25,4,0.8,6.769773,14.4355,0.914474,28.857117,0.934641,27.975001
0.04,550,0.15,0.85,25,4,0.9,6.316105,14.8507,0.914474,28.272652,0.928105,27.482897
0.04,550,0.15,0.85,25,4,1.0,6.113545,14.8999,0.914474,28.138541,0.915033,27.126996
0.04,550,0.15,0.85,25,5,0.8,7.288757,13.4417,0.921053,29.027472,0.941176,28.019229
0.04,550,0.15,0.85,25,5,0.9,7.226521,13.7226,0.921053,28.839801,0.947712,28.17562
0.04,550,0.15,0.85,25,5,1.0,6.246894,14.5233,0.907895,27.734214,0.915033,27.017131
0.04,550,0.15,0.85,30,4,0.8,6.933254,14.5293,0.921053,29.089968,0.934641,28.395815
0.04,550,0.15,0.85,30,4,0.9,6.12496,14.832,0.914474,27.810968,0.915033,27.081943
0.04,550,0.15,0.85,30,4,1.0,5.84726,15.2751,0.901316,27.776642,0.921569,26.969615
0.04,550,0.15,0.85,30,5,0.8,7.082607,13.7293,0.921053,28.535307,0.934641,27.89455
0.04,550,0.15,0.85,30,5,0.9,6.894543,13.9695,0.914474,28.300008,0.941176,27.758554
0.04,550,0.15,0.85,30,5,1.0,6.671884,14.2641,0.907895,28.48037,0.915033,27.607842
0.04,550,0.2,0.8,15,4,0.8,7.631305,11.563,0.901316,27.538015,0.901961,26.825633
0.04,550,0.2,0.8,15,4,0.9,8.322336,11.6288,0.914474,29.024559,0.928105,28.273467
0.04,550,0.2,0.8,15,4,1.0,7.054186,12.109,0.894737,27.132892,0.888889,26.217354
0.04,550,0.2,0.8,15,5,0.8,8.858756,10.6387,0.901316,29.04921,0.928105,28.356175
0.04,550,0.2,0.8,15,5,0.9,8.553684,10.7562,0.901316,28.705113,0.928105,27.863524
0.04,550,0.2,0.8,15,5,1.0,8.373784,11.399,0.914474,29.055069,0.921569,28.146535
0.04,550,0.2,0.8,18,4,0.8,8.151476,11.7002,0.901316,28.845366,0.934641,28.003201
0.04,550,0.2,0.8,18,4,0.9,8.720928,11.7145,0.901316,29.889619,0.934641,29.156338
0.04,550,0.2,0.8,18,4,1.0,7.021491,12.2391,0.894737,27.089348,0.895425,26.282049
0.04,550,0.2,0.8,18,5,0.8,8.68462,10.9609,0.921053,28.943384,0.934641,28.330188
0.04,550,0.2,0.8,18,5,0.9,7.957269,11.0512,0.901316,27.944768,0.895425,26.965755
0.04,550,0.2,0.8,18,5,1.0,8.148335,11.3042,0.907895,28.739586,0.934641,27.600871
0.04,550,0.2,0.8,20,4,0.8,8.446657,11.6477,0.921053,29.265515,0.928105,28.540973
0.04,550,0.2,0.8,20,4,0.9,8.313283,11.9051,0.914474,29.251766,0.915033,28.531656
0.04,550,0.2,0.8,20,4,1.0,7.142062,12.2052,0.888158,27.223341,0.895425,26.489292
0.04,550,0.2,0.8,20,5,0.8,8.50546,10.8744,0.907895,28.563724,0.901961,27.885333
0.04,550,0.2,0.8,20,5,0.9,8.533543,11.21,0.914474,29.120851,0.928105,28.277047
0.04,550,0.2,0.8,20,5,1.0,8.061161,11.3889,0.907895,28.587186,0.901961,27.51127
0.04,550,0.2,0.8,22,4,0.8,8.20344,11.8187,0.914474,28.965999,0.934641,28.22561
0.04,550,0.2,0.8,22,4,0.9,8.199831,11.9994,0.901316,29.155405,0.934641,28.399019
0.04,550,0.2,0.8,22,4,1.0,7.266271,12.2892,0.907895,27.935959,0.901961,26.821781
0.04,550,0.2,0.8,22,5,0.8,8.530512,11.1342,0.914474,28.83871,0.908497,28.195233
0.04,550,0.2,0.8,22,5,0.9,8.834805,11.2938,0.921053,29.623595,0.928105,28.963369
0.04,550,0.2,0.8,22,5,1.0,8.219899,11.5451,0.921053,28.930274,0.921569,27.984878
0.04,550,0.2,0.8,25,4,0.8,8.456025,12.0055,0.914474,29.576741,0.934641,28.917516
0.04,550,0.2,0.8,25,4,0.9,8.598343,11.9305,0.914474,29.69636,0.934641,29.12722
0.04,550,0.2,0.8,25,4,1.0,7.917533,12.5484,0.914474,29.104001,0.928105,28.383475
0.04,550,0.2,0.8,25,5,0.8,8.704614,11.2875,0.921053,29.365595,0.921569,28.696769
0.04,550,0.2,0.8,25,5,0.9,9.004292,11.1413,0.927632,30.038726,0.928105,29.149849
0.04,550,0.2,0.8,25,5,1.0,8.554572,11.5208,0.907895,29.15567,0.928105,28.629985
0.04,550,0.2,0.8,30,4,0.8,8.50401,12.1364,0.914474,29.677748,0.947712,29.144424
0.04,550,0.2,0.8,30,4,0.9,8.639781,12.1812,0.921053,29.943596,0.921569,29.460738
0.04,550,0.2,0.8,30,4,1.0,8.281398,12.422,0.914474,29.821437,0.928105,28.984835
0.04,550,0.2,0.8,30,5,0.8,8.93143,11.425,0.927632,29.759894,0.934641,29.287895
0.04,550,0.2,0.8,30,5,0.9,9.070314,11.6219,0.921053,30.254764,0.934641,29.762525
0.04,550,0.2,0.8,30,5,1.0,8.345384,11.5959,0.907895,29.292624,0.928105,28.286679
0.04,600,0.15,0.85,15,4,0.8,6.990363,14.0363,0.921053,29.141114,0.921569,28.016991
0.04,600,0.15,0.85,15,4,0.9,6.432542,14.0559,0.907895,27.924856,0.928105,26.92099
0.04,600,0.15,0.85,15,4,1.0,6.133179,14.5258,0.914474,27.964366,0.915033,26.792125
0.04,600,0.15,0.85,15,5,0.8,7.660091,12.8045,0.914474,29.347016,0.915033,28.124659
0.04,600,0.15,0.85,15,5,0.9,7.096563,13.2525,0.907895,28.304061,0.928105,27.445582
0.04,600,0.15,0.85,15,5,1.0,5.491921,13.6334,0.894737,25.943017,0.875817,24.617289
0.04,600,0.15,0.85,18,4,0.8,6.846829,14.0873,0.927632,28.874027,0.941176,27.780961
0.04,600,0.15,0.85,18,4,0.9,6.621477,14.2372,0.921053,28.489889,0.921569,27.480104
0.04,600,0.15,0.85,18,4,1.0,5.494362,14.6342,0.907895,26.662054,0.888889,25.622917
0.04,600,0.15,0.85,18,5,0.8,6.961747,12.9423,0.901316,28.006695,0.901961,26.865762
0.04,600,0.15,0.85,18,5,0.9,7.054852,13.1409,0.914474,28.208062,0.921569,27.25056
0.04,600,0.15,0.85,18,5,1.0,6.372129,13.8237,0.901316,27.910154,0.888889,26.567953
0.04,600,0.15,0.85,20,4,0.8,6.436927,14.4097,0.907895,27.899828,0.928105,27.283507
0.04,600,0.15,0.85,20,4,0.9,6.949386,14.3813,0.921053,29.120502,0.941176,28.280081
0.04,600,0.15,0.85,20,4,1.0,5.983774,14.9515,0.914474,28.153168,0.908497,26.919078
0.04,600,0.15,0.85,20,5,0.8,7.281254,13.2723,0.921053,28.653882,0.921569,27.83481
0.04,600,0.15,0.85,20,5,0.9,7.599868,13.1326,0.921053,29.234498,0.934641,28.332298
0.04,600,0.15,0.85,20,5,1.0,6.621307,13.923,0.914474,28.213556,0.901961,27.165571
0.04,600,0.15,0.85,22,4,0.8,6.813688,14.2713,0.914474,28.658861,0.947712,27.898628
0.04,600,0.15,0.85,22,4,0.9,5.74868,14.6418,0.901316,27.005158,0.888889,26.139147
0.04,600,0.15,0.85,22,4,1.0,5.76179,14.9859,0.921053,27.55336,0.915033,26.509454
0.04,600,0.15,0.85,22,5,0.8,7.407279,13.3816,0.907895,29.067032,0.934641,28.196118
0.04,600,0.15,0.85,22,5,0.9,6.949306,13.404,0.907895,28.174329,0.921569,27.302647
0.04,600,0.15,0.85,22,5,1.0,7.439332,13.488,0.927632,29.340572,0.921569,28.366658
0.04,600,0.15,0.85,25,4,0.8,6.817127,14.2521,0.914474,28.741491,0.934641,27.886363
0.04,600,0.15,0.85,25,4,0.9,6.307187,14.7751,0.907895,28.123875,0.921569,27.389442
0.04,600,0.15,0.85,25,4,1.0,6.109227,14.806,0.914474,28.03162,0.915033,27.024484
0.04,600,0.15,0.85,25,5,0.8,7.432648,13.3184,0.921053,29.17589,0.941176,28.183742
0.04,600,0.15,0.85,25,5,0.9,7.304748,13.5562,0.921053,28.79543,0.947712,28.165669
0.04,600,0.15,0.85,25,5,1.0,6.331908,14.439,0.907895,27.798764,0.915033,27.102775
0.04,600,0.15,0.85,30,4,0.8,6.964481,14.4459,0.921053,29.005747,0.941176,28.374858
0.04,600,0.15,0.85,30,4,0.9,6.197818,14.6867,0.914474,27.795747,0.921569,27.082288
0.04,600,0.15,0.85,30,4,1.0,5.898693,15.1251,0.901316,27.710784,0.921569,26.922457
0.04,600,0.15,0.85,30,5,0.8,7.211562,13.6457,0.921053,28.679093,0.934641,28.068855
0.04,600,0.15,0.85,30,5,0.9,7.117648,13.8573,0.914474,28.616678,0.941176,28.092614
0.04,600,0.15,0.85,30,5,1.0,6.78351,14.1278,0.907895,28.544359,0.915033,27.69482
0.04,600,0.2,0.8,15,4,0.8,7.725465,11.4462,0.901316,27.590351,0.895425,26.897112
0.04,600,0.2,0.8,15,4,0.9,8.672473,11.5249,0.914474,29.585106,0.934641,28.869824
0.04,600,0.2,0.8,15,4,1.0,7.223983,12.0284,0.894737,27.415231,0.915033,26.476331
0.04,600,0.2,0.8,15,5,0.8,8.819084,10.4506,0.901316,28.797327,0.921569,28.088811
0.04,600,0.2,0.8,15,5,0.9,8.604977,10.6426,0.907895,28.692289,0.928105,27.852523
0.04,600,0.2,0.8,15,5,1.0,8.534072,11.2764,0.914474,29.265729,0.934641,28.344574
0.04,600,0.2,0.8,18,4,0.8,8.180862,11.5933,0.907895,28.776746,0.941176,27.954976
0.04,600,0.2,0.8,18,4,0.9,8.702183,11.5851,0.914474,29.704263,0.928105,28.989453
0.04,600,0.2,0.8,18,4,1.0,7.283089,12.1254,0.894737,27.491629,0.895425,26.69162
0.04,600,0.2,0.8,18,5,0.8,8.649889,10.8522,0.921053,28.722647,0.928105,28.151979
0.04,600,0.2,0.8,18,5,0.9,7.931485,10.9615,0.901316,27.758669,0.895425,26.824501
0.04,600,0.2,0.8,18,5,1.0,8.381324,11.2064,0.921053,29.114219,0.934641,27.969025
0.04,600,0.2,0.8,20,4,0.8,8.620987,11.5747,0.921053,29.526877,0.934641,28.816667
0.04,600,0.2,0.8,20,4,0.9,8.457698,11.78,0.914474,29.404415,0.915033,28.695351
0.04,600,0.2,0.8,20,4,1.0,7.160851,12.1122,0.888158,27.153501,0.895425,26.43395
0.04,600,0.2,0.8,20,5,0.8,8.556757,10.7458,0.907895,28.513896,0.901961,27.859272
0.04,600,0.2,0.8,20,5,0.9,8.518788,11.0976,0.914474,28.975056,0.928105,28.135153
0.04,600,0.2,0.8,20,5,1.0,8.186037,11.2649,0.901316,28.719973,0.901961,27.63693
0.04,600,0.2,0.8,22,4,0.8,8.179132,11.7,0.914474,28.741005,0.934641,28.058307
0.04,600,0.2,0.8,22,4,0.9,8.232394,11.8795,0.901316,29.100763,0.934641,28.344332
0.04,600,0.2,0.8,22,4,1.0,7.28199,12.2218,0.901316,27.847208,0.901961,26.785822
0.04,600,0.2,0.8,22,5,0.8,8.675124,11.0271,0.914474,29.008949,0.908497,28.37734
0.04,600,0.2,0.8,22,5,0.9,9.003897,11.2063,0.921053,29.842525,0.928105,29.214108
0.04,600,0.2,0.8,22,5,1.0,8.217217,11.4205,0.914474,28.796764,0.915033,27.854916
0.04,600,0.2,0.8,25,4,0.8,8.427274,11.8824,0.914474,29.389226,0.928105,28.736924
0.04,600,0.2,0.8,25,4,0.9,8.731042,11.8009,0.921053,29.837953,0.941176,29.262994
0.04,600,0.2,0.8,25,4,1.0,7.967793,12.4363,0.914474,29.080983,0.934641,28.371868
0.04,600,0.2,0.8,25,5,0.8,8.83906,11.2071,0.921053,29.563713,0.921569,28.885173
0.04,600,0.2,0.8,25,5,0.9,8.855045,11.0416,0.927632,29.598748,0.921569,28.751687
0.04,600,0.2,0.8,25,5,1.0,8.753032,11.4383,0.907895,29.44937,0.928105,28.944344
0.04,600,0.2,0.8,30,4,0.8,8.5495,12.0263,0.907895,29.662827,0.947712,29.125293
0.04,600,0.2,0.8,30,4,0.9,8.790752,12.0846,0.921053,30.131639,0.934641,29.666104
0.04,600,0.2,0.8,30,4,1.0,8.759701,12.322,0.921053,30.669777,0.947712,29.841398
0.04,600,0.2,0.8,30,5,0.8,9.019585,11.3318,0.934211,29.841359,0.934641,29.370942
0.04,600,0.2,0.8,30,5,0.9,9.050461,11.4064,0.921053,30.010984,0.934641,29.507361
0.04,600,0.2,0.8,30,5,1.0,8.568237,11.4806,0.907895,29.628114,0.934641,28.617059
0.04,700,0.15,0.85,15,4,0.8,7.302581,13.7836,0.921053,29.522892,0.934641,28.388785
0.04,700,0.15,0.85,15,4,0.9,6.598918,13.8196,0.907895,27.989103,0.921569,27.017474
0.04,700,0.15,0.85,15,4,1.0,6.101695,14.3848,0.914474,27.785664,0.901961,26.58821
0.04,700,0.15,0.85,15,5,0.8,7.70286,12.579,0.914474,29.211567,0.921569,27.9847
0.04,700,0.15,0.85,15,5,0.9,7.146645,13.0272,0.907895,28.11298,0.921569,27.320508
0.04,700,0.15,0.85,15,5,1.0,5.773294,13.4093,0.914474,26.291746,0.882353,24.955903
0.04,700,0.15,0.85,18,4,0.8,7.073843,13.8067,0.927632,29.081741,0.934641,27.95439
0.04,700,0.15,0.85,18,4,0.9,6.837972,14.0041,0.921053,28.665728,0.921569,27.680082
0.04,700,0.15,0.85,18,4,1.0,5.748049,14.4896,0.907895,27.040147,0.895425,25.985682
0.04,700,0.15,0.85,18,5,0.8,7.190197,12.7474,0.901316,28.267445,0.901961,27.12775
0.04,700,0.15,0.85,18,5,0.9,7.3281,12.9518,0.914474,28.564467,0.921569,27.608015
0.04,700,0.15,0.85,18,5,1.0,6.596626,13.6112,0.907895,28.152744,0.888889,26.804452
0.04,700,0.15,0.85,20,4,0.8,6.581807,14.1764,0.901316,27.959553,0.921569,27.339974
0.04,700,0.15,0.85,20,4,0.9,7.280299,14.1475,0.921053,29.537318,0.947712,28.708146
0.04,700,0.15,0.85,20,4,1.0,6.035109,14.7801,0.921053,28.113454,0.908497,26.850357
0.04,700,0.15,0.85,20,5,0.8,7.237354,13.0086,0.907895,28.300661,0.901961,27.483316
0.04,700,0.15,0.85,20,5,0.9,7.580571,12.8674,0.921053,28.919183,0.921569,28.028559
0.04,700,0.15,0.85,20,5,1.0,6.849621,13.6752,0.914474,28.387879,0.908497,27.374472
0.04,700,0.15,0.85,22,4,0.8,7.016912,14.046,0.914474,28.828527,0.947712,28.079844
0.04,700,0.15,0.85,22,4,0.9,5.905401,14.4563,0.901316,27.122381,0.895425,26.267076
0.04,700,0.15,0.85,22,4,1.0,5.843329,14.7816,0.921053,27.531812,0.915033,26.468301
0.04,700,0.15,0.85,22,5,0.8,7.786495,13.1668,0.914474,29.561524,0.941176,28.739827
0.04,700,0.15,0.85,22,5,0.9,7.005566,13.1668,0.907895,28.020728,0.915033,27.177944
0.04,700,0.15,0.85,22,5,1.0,7.46423,13.2616,0.927632,29.173027,0.915033,28.190102
0.04,700,0.15,0.85,25,4,0.8,7.052007,14.1137,0.914474,29.089255,0.941176,28.217665
0.04,700,0.15,0.85,25,4,0.9,6.377957,14.5861,0.907895,28.03987,0.928105,27.342037
0.04,700,0.15,0.85,25,4,1.0,6.326581,14.6864,0.921053,28.266777,0.928105,27.339544
0.04,700,0.15,0.85,25,5,0.8,7.312985,13.145,0.921053,28.741391,0.928105,27.770955
0.04,700,0.15,0.85,25,5,0.9,7.521963,13.2756,0.921053,28.96465,0.947712,28.319522
0.04,700,0.15,0.85,25,5,1.0,6.490873,14.2638,0.914474,27.888275,0.921569,27.245545
0.04,700,0.15,0.85,30,4,0.8,7.227693,14.1997,0.921053,29.274147,0.947712,28.655102
0.04,700,0.15,0.85,30,4,0.9,6.328643,14.5,0.921053,27.838889,0.921569,27.15729
0.04,700,0.15,0.85,30,4,1.0,5.95372,14.9434,0.901316,27.675828,0.921569,26.850862
0.04,700,0.15,0.85,30,5,0.8,7.534599,13.4377,0.914474,29.087517,0.941176,28.506889
0.04,700,0.15,0.85,30,5,0.9,7.267734,13.6382,0.914474,28.669092,0.934641,28.173639
0.04,700,0.15,0.85,30,5,1.0,6.723036,13.9768,0.907895,28.251462,0.915033,27.422845
0.04,700,0.2,0.8,15,4,0.8,8.170372,11.2661,0.894737,28.272158,0.908497,27.606835
0.04,700,0.2,0.8,15,4,0.9,8.72922,11.2702,0.907895,29.436382,0.928105,28.728605
0.04,700,0.2,0.8,15,4,1.0,7.895038,11.9304,0.901316,28.597584,0.921569,27.720454
0.04,700,0.2,0.8,15,5,0.8,9.062287,10.269,0.901316,29.06226,0.921569,28.39361
0.04,700,0.2,0.8,15,5,0.9,8.727767,10.4143,0.901316,28.682062,0.921569,27.869882
0.04,700,0.2,0.8,15,5,1.0,8.714086,10.9493,0.907895,29.315685,0.928105,28.377485
0.04,700,0.2,0.8,18,4,0.8,8.351177,11.3888,0.914474,28.8909,0.941176,28.091161
0.04,700,0.2,0.8,18,4,0.9,8.841298,11.3712,0.907895,29.738581,0.928105,29.053843
0.04,700,0.2,0.8,18,4,1.0,7.325852,11.9986,0.894737,27.456006,0.895425,26.650323
0.04,700,0.2,0.8,18,5,0.8,8.880747,10.6508,0.921053,28.93794,0.928105,28.412323
0.04,700,0.2,0.8,18,5,0.9,8.049198,10.7803,0.907895,27.790914,0.895425,26.878666
0.04,700,0.2,0.8,18,5,1.0,8.413382,11.0534,0.921053,28.999518,0.934641,27.880145
0.04,700,0.2,0.8,20,4,0.8,8.636839,11.3967,0.921053,29.339168,0.934641,28.670358
0.04,700,0.2,0.8,20,4,0.9,8.590055,11.5478,0.927632,29.448823,0.921569,28.72794
0.04,700,0.2,0.8,20,4,1.0,7.682754,11.893,0.888158,28.01207,0.921569,27.258521
0.04,700,0.2,0.8,20,5,0.8,8.616344,10.5561,0.901316,28.435617,0.901961,27.78879
0.04,700,0.2,0.8,20,5,0.9,8.621228,10.8086,0.914474,28.853003,0.928105,28.0511
0.04,700,0.2,0.8,20,5,1.0,8.083546,11.0792,0.901316,28.350747,0.901961,27.246285
0.04,700,0.2,0.8,22,4,0.8,8.410794,11.4525,0.914474,28.953974,0.928105,28.274056
0.04,700,0.2,0.8,22,4,0.9,8.455995,11.6331,0.901316,29.27235,0.934641,28.545103
0.04,700,0.2,0.8,22,4,1.0,7.637334,12.0876,0.914474,28.397942,0.901961,27.362288
0.04,700,0.2,0.8,22,5,0.8,8.831995,10.8384,0.914474,29.102102,0.908497,28.502406
0.04,700,0.2,0.8,22,5,0.9,8.931548,10.9332,0.921053,29.419347,0.921569,28.796308
0.04,700,0.2,0.8,22,5,1.0,8.230912,11.2591,0.914474,28.644602,0.915033,27.720973
0.04,700,0.2,0.8,25,4,0.8,8.534976,11.694,0.914474,29.338088,0.921569,28.763918
0.04,700,0.2,0.8,25,4,0.9,8.991406,11.5893,0.921053,30.121833,0.941176,29.572084
0.04,700,0.2,0.8,25,4,1.0,8.205858,12.3055,0.914474,29.400818,0.934641,28.717168
0.04,700,0.2,0.8,25,5,0.8,9.033235,11.0005,0.921053,29.746388,0.921569,29.066982
0.04,700,0.2,0.8,25,5,0.9,8.80502,10.7784,0.921053,29.215021,0.921569,28.38839
0.04,700,0.2,0.8,25,5,1.0,8.85753,11.2595,0.907895,29.525099,0.928105,28.974517
0.04,700,0.2,0.8,30,4,0.8,8.600598,11.8511,0.907895,29.579892,0.947712,29.052271
0.04,700,0.2,0.8,30,4,0.9,8.904817,11.8736,0.921053,30.159331,0.934641,29.683211
0.04,700,0.2,0.8,30,4,1.0,8.991872,12.0645,0.921053,30.860381,0.947712,30.048279
0.04,700,0.2,0.8,30,5,0.8,9.117063,11.0967,0.934211,29.779273,0.934641,29.33085
0.04,700,0.2,0.8,30,5,0.9,9.022159,11.2141,0.914474,29.799012,0.934641,29.258372
0.04,700,0.2,0.8,30,5,1.0,8.60544,11.3275,0.901316,29.532441,0.934641,28.53835
0.04,800,0.15,0.85,15,4,0.8,7.566951,13.6198,0.921053,29.897912,0.947712,28.753747
0.04,800,0.15,0.85,15,4,0.9,6.635513,13.5811,0.907895,27.872903,0.921569,26.852091
0.04,800,0.15,0.85,15,4,1.0,6.423041,14.1704,0.914474,28.238428,0.908497,27.016501
0.04,800,0.15,0.85,15,5,0.8,7.702926,12.3527,0.914474,28.981127,0.915033,27.758504
0.04,800,0.15,0.85,15,5,0.9,7.427535,12.802,0.914474,28.434623,0.921569,27.657108
0.04,800,0.15,0.85,15,5,1.0,6.406104,13.1693,0.914474,27.253384,0.895425,25.981549
0.04,800,0.15,0.85,18,4,0.8,7.228924,13.6462,0.927632,29.205862,0.934641,28.104029
0.04,800,0.15,0.85,18,4,0.9,7.077753,13.8282,0.921053,28.990434,0.915033,27.983719
0.04,800,0.15,0.85,18,4,1.0,5.911234,14.3164,0.901316,27.163951,0.895425,26.138897
0.04,800,0.15,0.85,18,5,0.8,7.407597,12.4757,0.901316,28.404856,0.915033,27.290869
0.04,800,0.15,0.85,18,5,0.9,7.521728,12.7018,0.914474,28.69112,0.921569,27.745304
0.04,800,0.15,0.85,18,5,1.0,6.681823,13.4443,0.907895,28.135861,0.888889,26.807945
0.04,800,0.15,0.85,20,4,0.8,6.707798,13.928,0.901316,27.97871,0.921569,27.343613
0.04,800,0.15,0.85,20,4,0.9,7.296871,14.0375,0.921053,29.410717,0.941176,28.631253
0.04,800,0.15,0.85,20,4,1.0,6.029373,14.5928,0.921053,27.880928,0.908497,26.651535
0.04,800,0.15,0.85,20,5,0.8,7.880133,12.7737,0.914474,29.32466,0.921569,28.533937
0.04,800,0.15,0.85,20,5,0.9,7.618311,12.6798,0.921053,28.80345,0.921569,27.916465
0.04,800,0.15,0.85,20,5,1.0,7.086673,13.4352,0.914474,28.573748,0.908497,27.608569
0.04,800,0.15,0.85,22,4,0.8,7.097582,13.8341,0.914474,28.7574,0.941176,28.029241
0.04,800,0.15,0.85,22,4,0.9,6.364413,14.2639,0.907895,27.828537,0.908497,26.992747
0.04,800,0.15,0.85,22,4,1.0,5.974359,14.6129,0.921053,27.608715,0.915033,26.561608
0.04,800,0.15,0.85,22,5,0.8,7.932293,12.9233,0.914474,29.594207,0.941176,28.787904
0.04,800,0.15,0.85,22,5,0.9,7.070205,12.9099,0.907895,27.882938,0.915033,27.050272
0.04,800,0.15,0.85,22,5,1.0,7.853027,13.0844,0.934211,29.785475,0.915033,28.790452
0.04,800,0.15,0.85,25,4,0.8,7.104586,13.8922,0.914474,28.916826,0.941176,28.101403
0.04,800,0.15,0.85,25,4,0.9,6.877949,14.3488,0.914474,28.830132,0.934641,28.104653
0.04,800,0.15,0.85,25,4,1.0,6.304826,14.5665,0.921053,28.119516,0.915033,27.176168
0.04,800,0.15,0.85,25,5,0.8,7.806313,12.9214,0.921053,29.475504,0.947712,28.534031
0.04,800,0.15,0.85,25,5,0.9,7.586236,13.0454,0.921053,28.87045,0.941176,28.217916
0.04,800,0.15,0.85,25,5,1.0,6.640321,14.0771,0.914474,27.945845,0.921569,27.357758
0.04,800,0.15,0.85,30,4,0.8,7.420162,14.0867,0.927632,29.536363,0.947712,28.927073
0.04,800,0.15,0.85,30,4,0.9,6.484155,14.3609,0.914474,27.976536,0.928105,27.329207
0.04,800,0.15,0.85,30,4,1.0,6.008416,14.8656,0.901316,27.712999,0.921569,26.882386
0.04,800,0.15,0.85,30,5,0.8,7.541325,13.2164,0.914474,28.869423,0.941176,28.299097
0.04,800,0.15,0.85,30,5,0.9,7.424248,13.4668,0.914474,28.814235,0.934641,28.315295
0.04,800,0.15,0.85,30,5,1.0,6.669776,13.8084,0.907895,27.95018,0.908497,27.147996
0.04,800,0.2,0.8,15,4,0.8,8.710125,11.0929,0.921053,29.130237,0.928105,28.513113
0.04,800,0.2,0.8,15,4,0.9,9.320201,11.1313,0.921053,30.434124,0.934641,29.771658
0.04,800,0.2,0.8,15,4,1.0,7.983412,11.8583,0.901316,28.673719,0.921569,27.825159
0.04,800,0.2,0.8,15,5,0.8,9.339782,10.1104,0.907895,29.417971,0.921569,28.790008
0.04,800,0.2,0.8,15,5,0.9,8.796183,10.2344,0.907895,28.626384,0.915033,27.826759
0.04,800,0.2,0.8,15,5,1.0,8.714419,10.8238,0.907895,29.187941,0.921569,28.252615
0.04,800,0.2,0.8,18,4,0.8,8.17163,11.2437,0.901316,28.341724,0.921569,27.586927
0.04,800,0.2,0.8,18,4,0.9,8.772216,11.197,0.901316,29.42718,0.921569,28.741395
0.04,800,0.2,0.8,18,4,1.0,7.391859,11.8998,0.894737,27.503629,0.895425,26.683568
0.04,800,0.2,0.8,18,5,0.8,9.115751,10.5104,0.921053,29.251439,0.934641,28.741947
0.04,800,0.2,0.8,18,5,0.9,8.064855,10.6514,0.907895,27.679723,0.888889,26.781136
0.04,800,0.2,0.8,18,5,1.0,8.437932,10.8593,0.907895,28.831662,0.928105,27.735138
0.04,800,0.2,0.8,20,4,0.8,8.632565,11.1917,0.914474,29.148551,0.928105,28.456874
0.04,800,0.2,0.8,20,4,0.9,8.710708,11.3915,0.927632,29.545143,0.921569,28.812895
0.04,800,0.2,0.8,20,4,1.0,7.869008,11.803,0.888158,28.28452,0.921569,27.541032
0.04,800,0.2,0.8,20,5,0.8,8.844211,10.3337,0.907895,28.66993,0.901961,28.022126
0.04,800,0.2,0.8,20,5,0.9,8.774555,10.6711,0.914474,28.980717,0.928105,28.220243
0.04,800,0.2,0.8,20,5,1.0,8.201533,10.9308,0.894737,28.446453,0.901961,27.333915
0.04,800,0.2,0.8,22,4,0.8,8.59191,11.2554,0.914474,29.145401,0.928105,28.439255
0.04,800,0.2,0.8,22,4,0.9,8.393055,11.4128,0.894737,28.913195,0.928105,28.198867
0.04,800,0.2,0.8,22,4,1.0,8.026942,11.9624,0.914474,29.059883,0.928105,28.016293
0.04,800,0.2,0.8,22,5,0.8,8.819678,10.6564,0.914474,28.865118,0.915033,28.295714
0.04,800,0.2,0.8,22,5,0.9,8.887404,10.7737,0.914474,29.180658,0.921569,28.548458
0.04,800,0.2,0.8,22,5,1.0,8.39489,11.1104,0.907895,28.794658,0.921569,27.900179
0.04,800,0.2,0.8,25,4,0.8,8.718889,11.5194,0.914474,29.504494,0.915033,28.957173
0.04,800,0.2,0.8,25,4,0.9,9.027529,11.4074,0.914474,30.014007,0.941176,29.462442
0.04,800,0.2,0.8,25,4,1.0,8.533144,12.1429,0.927632,29.892473,0.934641,29.209152
0.04,800,0.2,0.8,25,5,0.8,9.074321,10.7999,0.914474,29.606874,0.921569,28.948531
0.04,800,0.2,0.8,25,5,0.9,9.005292,10.6091,0.921053,29.416433,0.921569,28.619665
0.04,800,0.2,0.8,25,5,1.0,8.823305,11.0965,0.907895,29.351786,0.928105,28.743121
0.04,800,0.2,0.8,30,4,0.8,8.736713,11.6842,0.907895,29.684392,0.947712,29.157598
0.04,800,0.2,0.8,30,4,0.9,8.88687,11.7219,0.914474,29.971416,0.928105,29.495638
0.04,800,0.2,0.8,30,4,1.0,9.018732,11.9278,0.921053,30.78333,0.947712,29.965312
0.04,800,0.2,0.8,30,5,0.8,9.168931,10.9486,0.934211,29.695282,0.934641,29.286418
0.04,800,0.2,0.8,30,5,0.9,9.073647,11.0453,0.914474,29.727902,0.934641,29.192567
0.04,800,0.2,0.8,30,5,1.0,8.670399,11.1578,0.901316,29.478663,0.928105,28.498549
